data,RPAD5,BMIN4,spread_observado,rho,var_mr,var_rw,mr_filtrado,rw_filtrado,std_mr,zscore_mr,sinal
2022-01-03 00:00:00+00:00,7.760000228881836,18.690000534057617,3.6334709822568243,0.999,15.951067526533809,1e-06,-1.3923975765383831,5.025870627808939,3.9939092354639554,-0.348630250325815,0
2022-01-04 00:00:00+00:00,7.760000228881836,18.0,3.785814872177381,0.999,15.765551216472687,1e-06,-1.2400567240311184,5.025870638757037,3.9706165353828253,-0.3123083563927079,0
2022-01-05 00:00:00+00:00,8.220000267028809,17.510000228881836,4.354001016722484,0.999,17.3461942517437,1e-06,-0.6718729278254089,5.025870676162482,4.1649057259901525,-0.16131767968545788,0
2022-01-06 00:00:00+00:00,8.220000267028809,17.510000228881836,4.354001016722484,0.999,14.595395824431217,1e-06,-0.671869654806661,5.02587067611001,3.8204243584923696,-0.17586257225932797,0
2022-01-07 00:00:00+00:00,8.220000267028809,17.510000228881836,4.354001016722484,0.999,14.60224766304054,1e-06,-0.6718696547336696,5.02587067605726,3.821321122016754,-0.1758213019216457,0
2022-01-10 00:00:00+00:00,7.5,17.510000228881836,3.6340007496936755,0.999,18.681486180676693,1e-06,-1.391866024459069,5.025870631792271,4.322237225715453,-0.3220244405323393,0
2022-01-11 00:00:00+00:00,7.400000095367432,17.299999237060547,3.5803665598716394,0.999,13.899934289104888,1e-06,-1.4455036714791225,5.025870627245572,3.7282950183160324,-0.3877117192651821,0
2022-01-12 00:00:00+00:00,7.400000095367432,17.299999237060547,3.5803665598716394,0.999,13.884658871214762,1e-06,-1.4455040568407356,5.025870627125873,3.726246009821292,-0.3879250197197959,0
2022-01-13 00:00:00+00:00,7.400000095367432,17.299999237060547,3.5803665598716394,0.999,13.884617584429458,1e-06,-1.4455040567237063,5.0258706270061015,3.726240604003408,-0.38792558246793885,0
2022-01-14 00:00:00+00:00,7.849999904632568,17.299999237060547,4.030366369136776,0.999,15.570940286979486,1e-06,-0.9955071717163667,5.0258706601760474,3.9460350659305354,-0.2522803662621814,0
2022-01-17 00:00:00+00:00,7.849999904632568,17.299999237060547,4.030366369136776,0.999,13.836626621223873,1e-06,-0.9955042837827944,5.025870660093372,3.7197957034917026,-0.26762337588817936,0
2022-01-18 00:00:00+00:00,8.369999885559082,17.299999237060547,4.55036635006329,0.999,16.088969642500967,1e-06,-0.4755075730385683,5.025870697301801,4.011137506630237,-0.11854681427714078,0
2022-01-19 00:00:00+00:00,7.800000190734863,17.299999237060547,3.980366655239071,0.999,21.21438113220711,1e-06,-1.0455013219626454,5.025870666257661,4.605934930820835,-0.2269900330042926,0
2022-01-20 00:00:00+00:00,7.800000190734863,17.350000381469727,3.9693269987985476,0.999,18.707725617918552,1e-06,-1.0565436020990258,5.025870665511078,4.325272485358845,-0.24427214832717528,0
2022-01-21 00:00:00+00:00,7.849999904632568,17.700000762939453,3.9420508020919214,0.999,17.35129289055658,1e-06,-1.0838196982433888,5.0258706636227215,4.165519216760074,-0.26018838033026287,0
2022-01-24 00:00:00+00:00,8.350000381469727,18.799999237060547,4.19918473291523,0.999,19.397703915470764,1e-06,-0.8266872659735021,5.025870678901075,4.404311793024396,-0.18769953282663132,0
2022-01-25 00:00:00+00:00,8.0,18.799999237060547,3.849184351445503,0.999,21.356449724174034,1e-06,-1.1766846657252905,5.02587065987103,4.621331970214361,-0.2546202422395355,0
2022-01-26 00:00:00+00:00,8.479999542236328,18.209999084472656,4.459448891841175,0.999,27.061504944339184,1e-06,-0.5664240448572427,5.025870685967371,5.202092405868185,-0.10888388760997247,0
2022-01-27 00:00:00+00:00,8.479999542236328,18.209999084472656,4.459448891841175,0.999,23.919182040662346,1e-06,-0.5664217917401796,5.02587068594,4.890750811017146,-0.11581489501861965,0
2022-01-28 00:00:00+00:00,8.479999542236328,18.209999084472656,4.459448891841175,0.999,23.919836035074677,1e-06,-0.566421791703331,5.025870685912497,4.890817773121091,-0.11581330934394374,0
2022-01-31 00:00:00+00:00,8.180000305175781,18.299999237060547,4.139578694307519,0.999,24.772050908396224,1e-06,-0.8862906830377417,5.0258706708757215,4.977179358151898,-0.1780708749396636,0
2022-02-01 00:00:00+00:00,8.180000305175781,18.700000762939453,4.051263127262665,0.999,22.100260071947723,1e-06,-0.9746071352912816,5.0258706661796975,4.701119497174565,-0.20731384000705225,0
2022-02-02 00:00:00+00:00,8.180000305175781,18.700000762939453,4.051263127262665,0.999,23.44532453777248,1e-06,-0.9746075347099851,5.025870666131272,4.842064641510488,-0.20127933162122244,0
2022-02-03 00:00:00+00:00,8.180000305175781,18.700000762939453,4.051263127262665,0.999,23.419521478137984,1e-06,-0.9746075346586064,5.025870666082771,4.839399542601442,-0.20139017786795538,0
2022-02-04 00:00:00+00:00,8.210000038146973,18.799999237060547,4.059184389592476,0.999,23.447289479321405,1e-06,-0.9666863064622906,5.025870666428352,4.842267747049405,-0.1996350381598235,0
2022-02-07 00:00:00+00:00,7.610000133514404,18.09000015258789,3.615943816336841,0.999,25.142389601370517,1e-06,-1.40992506271334,5.025870645802225,5.014245512157676,-0.2811838908355798,0
2022-02-08 00:00:00+00:00,7.610000133514404,18.489999771118164,3.5276286704118194,0.999,22.89844588942676,1e-06,-1.4982415789684644,5.025870641223692,4.785260216979812,-0.31309511103537657,0
2022-02-09 00:00:00+00:00,8.300000190734863,17.510000228881836,4.434000940428539,0.999,31.035225175181278,1e-06,-0.591872650507445,5.025870675320657,5.57095105256556,-0.10624265855555724,0
2022-02-10 00:00:00+00:00,8.300000190734863,17.520000457763672,4.431793009140434,0.999,24.173214181828246,1e-06,-0.5940776544746993,5.025870675185233,4.916653906533855,-0.1208296670394505,0
2022-02-11 00:00:00+00:00,7.710000038146973,18.100000381469727,3.7137357896813046,0.999,28.474357540979383,1e-06,-1.3121323321016494,5.025870645619496,5.336162478396778,-0.24589437398388075,0
2022-02-14 00:00:00+00:00,8.5,17.399999618530273,4.658287572742994,0.9716009163214174,1.4853313247181068,1e-06,-0.367647749846569,5.025874247564592,1.218853876557299,-0.3016339832999544,0
2022-02-15 00:00:00+00:00,8.5,17.299999237060547,4.680366464504208,0.999,35.39116158454708,1e-06,-0.34550784530125983,5.025874248286731,5.949070182765045,-0.058077621323450686,0
2022-02-16 00:00:00+00:00,8.5,17.06999969482422,4.731147620771116,0.999,21.41320663322141,1e-06,-0.294726865815178,5.025874251052972,4.627470376777102,-0.06369070827427893,0
2022-02-17 00:00:00+00:00,8.5,17.100000381469727,4.724523826906801,0.999,31.279824975493675,1e-06,-0.3013504017689294,5.0258742507929925,5.592861649493271,-0.053881254473053634,0
2022-02-18 00:00:00+00:00,8.5,17.100000381469727,4.724523826906801,0.999,23.612954350673643,1e-06,-0.30135042259488576,5.025874250777978,4.859344791784819,-0.062014620387577164,0
2022-02-21 00:00:00+00:00,8.5,16.899999618530273,4.768681610429229,0.6281419051230692,0.06917310850404831,0.034905943159695266,-0.2343474936277659,5.003094242034467,0.3042314438129488,-0.770293467008789,0
2022-02-22 00:00:00+00:00,8.5,17.030000686645508,4.739978924803701,0.8830263491846827,0.2545488065784226,1e-06,-0.2624848967689682,5.0024858483882735,0.5272272243269395,-0.4978591481197837,0
2022-02-23 00:00:00+00:00,8.5,17.0,4.746602718668015,0.8843208206389466,0.2574822918483767,1e-06,-0.25562523487764766,5.002237164664392,0.5299762726834452,-0.48233335727151055,0
2022-02-24 00:00:00+00:00,8.5,17.1299991607666,4.71790045416232,0.8968247683376984,0.28621314996359404,1e-06,-0.2838552394245699,5.001774911123289,0.5564053752461309,-0.5101590531885211,0
2022-02-25 00:00:00+00:00,8.5,18.450000762939453,4.426459840930001,0.8431999020263231,0.1903598060390996,1e-06,-0.5687201335839602,4.9953557781224305,0.462236599635282,-1.2303658646517752,0
2022-03-02 00:00:00+00:00,8.5,18.700000762939453,4.371262822086884,0.9144826178899846,0.3506058608901207,1e-06,-0.6234743698467915,4.994766827260533,0.6114746014160527,-1.0196243121185242,0
2022-03-03 00:00:00+00:00,7.760000228881836,19.06999969482422,3.5495716989080126,0.6775897935627698,0.0938799324329174,0.013828964313375228,-1.2466316877032657,4.797130900675945,0.35615868494152947,-3.5002142034186954,1
2022-03-04 00:00:00+00:00,8.0,17.329999923706055,4.173742670639894,0.49698855117798585,0.06312882085253918,0.04468762021462919,-0.6213692607594645,4.795115222290372,0.32932445852223197,-1.886799612600038,1
2022-03-07 00:00:00+00:00,8.0,16.6200008392334,4.330502002016827,0.8276416370591704,0.19993969173933412,1e-06,-0.46657463474186706,4.797051989095751,0.49503291386573056,-0.9425123495291823,1
2022-03-08 00:00:00+00:00,8.0,16.0,4.467390794040485,0.6901242352389231,0.10102919816881925,0.009576408821615104,-0.328086822233187,4.7954842784561995,0.3884309414367719,-0.8446464666785367,1
2022-03-09 00:00:00+00:00,8.0,16.290000915527344,4.403362050044949,0.6550274302577861,0.09008408285590831,0.020201542378703363,-0.33502454294874534,4.738538889014405,0.3848332454626146,-0.8705706871712879,1
2022-03-10 00:00:00+00:00,8.0,16.200000762939453,4.423233010518057,0.6651537502325047,0.0936027237201671,0.01664067958585487,-0.28669322862103364,4.71000533335861,0.3963910166049797,-0.723258642631489,1
2022-03-11 00:00:00+00:00,7.710000038146973,16.1299991607666,4.148688567681763,0.6449199024602403,0.08885601535259051,0.02165757570031522,-0.4207383825665476,4.56974414182586,0.39692180391582493,-1.0600032006701587,1
2022-03-14 00:00:00+00:00,8.1899995803833,16.149999618530273,4.624272247341882,0.5525916580789354,0.07256628437260053,0.03811932399275553,-0.10435528500972285,4.728397137803392,0.3758687235141674,-0.27763758589450566,1
2022-03-15 00:00:00+00:00,8.1899995803833,16.0,4.657390374423786,0.6796456874073128,0.1040104162277351,0.007753686559364162,-0.07098611708612573,4.728376560545986,0.4160155713635804,-0.1706333175305277,1
2022-03-16 00:00:00+00:00,8.1899995803833,16.1200008392334,4.6308956200863625,0.6392107485104536,0.08858582325515453,0.02272367305906295,-0.07682919775127833,4.707768079074618,0.4018680403090102,-0.19118016374778576,1
2022-03-17 00:00:00+00:00,8.1899995803833,16.450000762939453,4.558035572058241,0.6107025170003635,0.0823502340811945,0.028596428216349418,-0.10167425789784505,4.659793999474018,0.3965461262876262,-0.2563995741168779,1
2022-03-18 00:00:00+00:00,8.1899995803833,16.450000762939453,4.558035572058241,0.6078973366271582,0.08050959132774733,0.030214152967216273,-0.08226953979947782,4.6403377522568645,0.39571328608345707,-0.207901889304083,1
2022-03-21 00:00:00+00:00,7.989999771118164,15.920000076293944,4.475053594343654,0.5297620473861882,0.06400824386739006,0.0438978948158026,-0.08751819921618884,4.56266924715382,0.3648187820973288,-0.23989499310602966,1
2022-03-22 00:00:00+00:00,7.989999771118164,16.0,4.457390565158649,0.5214712197421784,0.06544616257892227,0.04148972194545124,-0.06903703919381655,4.526476123733811,0.3616049956554256,-0.19091837785228538,1
2022-03-23 00:00:00+00:00,7.989999771118164,16.489999771118164,4.349204458760519,0.5460432521494515,0.07040934695654046,0.03651747969648905,-0.10049823829550614,4.449818478043451,0.3686281147906717,-0.27262770869382774,1
2022-03-24 00:00:00+00:00,7.989999771118164,16.489999771118164,4.349204458760519,0.5859390504924185,0.07543731310310745,0.030129070939697092,-0.08014256847746436,4.429382706099981,0.3781600842449089,-0.2119276248774088,1
2022-03-25 00:00:00+00:00,8.289999961853027,16.3700008392334,4.675698982712971,0.541312702917267,0.06996734362867894,0.03528382009273849,0.08550291459877801,4.589953886209334,0.36885884008425324,0.2318038916438814,0
2022-03-28 00:00:00+00:00,8.0,15.699999809265137,4.533627258764209,0.6005902083167798,0.08328384076290471,0.022109410470596516,-0.011211381636870223,4.544931386421658,0.3888610288787279,-0.028831332543654452,0
2022-03-29 00:00:00+00:00,8.0,15.699999809265137,4.533627258764209,0.6338818535053656,0.09046936871605171,0.014899368364446122,-0.009843485315144621,4.543474405757648,0.3993750354736483,-0.024647222387024034,0
2022-03-30 00:00:00+00:00,7.800000190734863,16.389999389648438,4.181283770138432,0.5707486090980652,0.07686644536961824,0.028807290406184308,-0.18607885801456042,4.367663438995556,0.381914227188272,-0.4872268293970344,0
2022-03-31 00:00:00+00:00,7.800000190734863,16.389999389648438,4.181283770138432,0.6566596120701054,0.09749982603457039,0.008506219581859875,-0.1682265814263152,4.349566508044529,0.40737552234422514,-0.4129521097837751,0
2022-04-01 00:00:00+00:00,7.800000190734863,16.389999389648438,4.181283770138432,0.6549140957379779,0.09489500927358302,0.011110409791517908,-0.1505733657682655,4.331907971287847,0.40484560523944874,-0.3719278752679255,0
2022-04-04 00:00:00+00:00,7.800000190734863,16.3700008392334,4.185699211594807,0.618011701883554,0.08497420523711308,0.020746653334113768,-0.12456489678275343,4.310309954723701,0.3944145686868172,-0.3158222506777216,0
2022-04-05 00:00:00+00:00,7.800000190734863,15.720000267028809,4.329211586922863,0.6360061980279839,0.09053762441309417,0.015216432058861473,-0.016027376890206974,4.345153831984331,0.4022675486096211,-0.03984257975967302,0
2022-04-06 00:00:00+00:00,7.800000190734863,15.6899995803833,4.335835380787177,0.6395275955272736,0.0914279987958909,0.014250317874311122,-0.009642652221645799,4.345477223672626,0.40384306222275296,-0.023877226387331314,0
2022-04-07 00:00:00+00:00,7.800000190734863,15.779999732971191,4.315964420314068,0.6411775436144638,0.09171819183420765,0.013954917829227212,-0.021446329345361406,4.337431027424635,0.40453655660345506,-0.053014564432514476,0
2022-04-08 00:00:00+00:00,7.809999942779541,15.329999923706056,4.425318764164373,0.6346430840185826,0.09014060336582666,0.01554079851336733,0.05101821956176887,4.374212617896922,0.40305109569636693,0.12658002944669514,0
2022-04-11 00:00:00+00:00,7.809999942779541,15.479999542236328,4.39220063708247,0.6362856635039661,0.08990546127997448,0.015653422985799248,0.02326982550561465,4.368943367415984,0.403224992980359,0.05770928367713585,0
2022-04-12 00:00:00+00:00,7.809999942779541,15.68000030517578,4.3480428535600435,0.6259217042041594,0.08748287840306894,0.01794734148345066,-0.007036488098127581,4.355109980494101,0.4006235383667587,-0.01756384092361016,0
2022-04-13 00:00:00+00:00,7.809999942779541,14.899999618530272,4.5202577039537095,0.6268226775771671,0.08853309621463447,0.016971129553731257,0.10024538238978664,4.419865932287254,0.4020301680280253,0.24934791058465688,0
2022-04-14 00:00:00+00:00,7.809999942779541,14.899999618530272,4.5202577039537095,0.6468483881637098,0.09307861986281832,0.01234147002692075,0.0885297583438218,4.431696951261994,0.40721120078258094,0.21740501777378612,0
2022-04-18 00:00:00+00:00,7.809999942779541,14.899999618530272,4.5202577039537095,0.67315238906293,0.09931441633154088,0.006101397123323957,0.08089667772340259,4.4393354695692056,0.4126625426972526,0.19603591155776875,0
2022-04-19 00:00:00+00:00,7.809999942779541,14.899999618530272,4.5202577039537095,0.6525264480765233,0.0929085583941884,0.012341787253423817,0.0717622929430603,4.448470724383102,0.4052145914354934,0.17709701096606298,0
2022-04-20 00:00:00+00:00,7.809999942779541,14.899999618530272,4.5202577039537095,0.999,29.21080485403914,1e-06,0.07178697889475456,4.448470724728775,5.411299399013129,0.013266125860240984,0
2022-04-22 00:00:00+00:00,7.800000190734863,14.899999618530272,4.510257951909032,0.09081169700690439,0.028095774935402874,0.056999531539207574,0.015038900229010143,4.49518069721156,0.2309886056552493,0.06510667565765436,0
2022-04-25 00:00:00+00:00,7.800000190734863,14.899999618530272,4.510257951909032,0.999,14.128294449736165,1e-06,0.015077253900984232,4.495180697630135,3.7621436053670005,0.00400762317511626,0
2022-04-26 00:00:00+00:00,7.800000190734863,14.899999618530272,4.510257951909032,-0.6075252410787016,0.004489187572049848,0.06777636924637519,-0.004014931424902446,4.514255302255865,0.11023777795877183,-0.036420649066457075,0
2022-04-27 00:00:00+00:00,8.300000190734863,14.899999618530272,5.010257951909032,0.009556047931088642,0.020052412010855353,0.0530382929046886,0.12267343215940776,4.88697034919197,0.18751747432284985,0.65419733602107,0
2022-04-28 00:00:00+00:00,8.300000190734863,14.899999618530272,5.010257951909032,0.10413703123964634,0.02268898649509476,0.051206526870013425,0.04006618385663647,4.9700635305963585,0.2007143188656496,0.1996179648919578,0
2022-04-29 00:00:00+00:00,8.300000190734863,14.890000343322754,5.012465672637219,0.03489859354301372,0.01999243480269683,0.053668088434912234,0.010217237163663016,5.002202978222173,0.18929786380784028,0.05397439230500097,0
2022-05-02 00:00:00+00:00,8.300000190734863,14.890000343322754,5.012465672637219,0.023862041898099727,0.019316857042898823,0.05412692985666424,0.0023841702932192086,5.010070206573574,0.18599659267002966,0.012818354675178837,0
2022-05-03 00:00:00+00:00,8.300000190734863,14.890000343322754,5.012465672637219,0.011462110341258677,0.019069068084672767,0.054154303428524286,0.0005340481044891364,5.011928942933316,0.18465330684853845,0.002892166480003461,0
2022-05-04 00:00:00+00:00,8.489999771118164,14.890000343322754,5.20246525302052,0.023008878493031893,0.019672204299967612,0.05369870033320156,0.041933607195241945,5.160314828762455,0.18734481149967935,0.22383116382870158,0
2022-05-05 00:00:00+00:00,8.489999771118164,14.890000343322754,5.20246525302052,0.03104345859613016,0.01983681368706416,0.05367909606603889,0.010278802164892412,5.192140114145451,0.18823100259622355,0.05460738147871202,0
2022-05-06 00:00:00+00:00,8.489999771118164,14.5,5.288572678217354,0.01607670832001892,0.019283399861790406,0.05425980570869848,0.02080398298626938,5.2676602819048854,0.1857134172525072,0.11202197070114232,0
2022-05-09 00:00:00+00:00,8.489999771118164,14.5,5.288572678217354,0.017632290514440863,0.019315766414433794,0.054254215751545015,0.004794870916372068,5.283754566308994,0.18582235824066787,0.025803519887321578,0
2022-05-10 00:00:00+00:00,8.489999771118164,14.5,5.288572678217354,0.01633378235982025,0.019250097762513838,0.0543016187111023,0.0010970234694972292,5.287470294835753,0.18552457868537972,0.005913089668607237,0
2022-05-11 00:00:00+00:00,8.489999771118164,14.5,5.288572678217354,0.015410876013944842,0.019233683653834134,0.05429951826918184,0.0002502675613371926,5.28832118268631,0.1854330763871883,0.001349638188683385,0
2022-05-12 00:00:00+00:00,7.800000190734863,14.56999969482422,4.583117999937153,0.01379123403881048,0.021292337827179254,0.05435065147048189,-0.16424265675499106,4.748139570596318,0.1941040821167269,-0.846157664300031,0
2022-05-13 00:00:00+00:00,7.800000190734863,14.1899995803833,4.667017493845882,0.09535698537170394,0.023218998405107803,0.05401619246021863,-0.03138338927806454,4.698472975027478,0.20334540580007263,-0.15433537411177317,0
2022-05-16 00:00:00+00:00,7.800000190734863,14.1899995803833,4.667017493845882,0.015975747466180697,0.019769298552821994,0.05749462949935762,-0.006851969539962112,4.673902056180761,0.18853572166094215,-0.036343083844262256,0
2022-05-17 00:00:00+00:00,7.800000190734863,14.1899995803833,4.667017493845882,0.014422822536800647,0.01970797917516701,0.05755594887701261,-0.00152433707796714,4.668549147240525,0.18795249310403941,-0.008110225370212871,0
2022-05-18 00:00:00+00:00,7.800000190734863,14.1899995803833,4.667017493845882,0.014461540335570964,0.019656737505667585,0.05755210380414537,-0.00033908941004687817,4.667358214612772,0.18771030161976715,-0.001806450722847114,0
2022-05-19 00:00:00+00:00,7.800000190734863,14.029999732971191,4.70234355221589,0.011609671274654353,0.019607490681730046,0.057552388262529085,0.007342371271362047,4.6949633698484545,0.187450782794363,0.03916959514336499,0
2022-05-20 00:00:00+00:00,7.800000190734863,14.029999732971191,4.70234355221589,0.014977670445382797,0.019732942489077938,0.05743382077555628,0.001644696423033269,4.700690987077036,0.1880215178220157,0.008747384033938956,0
2022-05-23 00:00:00+00:00,7.800000190734863,14.640000343322754,4.567662691480336,0.016598698897984057,0.019875167911018978,0.05736108483205665,-0.028195815649341698,4.596002351696681,0.18866059233411792,-0.14945259791937315,0
2022-05-24 00:00:00+00:00,7.800000190734863,14.640000343322754,4.567662691480336,0.020377622226213497,0.01995494502164326,0.057349526966382985,-0.006467297653750613,4.574159990403272,0.18907081293918124,-0.034205690202596,0
2022-05-25 00:00:00+00:00,7.800000190734863,14.640000343322754,4.567662691480336,0.01766708119103202,0.019144768713845434,0.057507464003329636,-0.0014228355205410381,4.569092461308,0.18554174762056913,-0.0076685465065830976,0
2022-05-26 00:00:00+00:00,7.800000190734863,14.539999961853027,4.589741583241551,0.05871094516399836,0.019259851058615107,0.05739520909749819,0.004142256880716869,4.585576380755522,0.18659757469629334,0.0221988784551933,0
2022-05-27 00:00:00+00:00,7.800000190734863,14.5,4.598573097834053,-0.025063452504772116,0.01697453065889312,0.05895647653412028,0.002358441208002084,4.596200484323874,0.1751953740335093,0.013461777863786457,0
2022-05-30 00:00:00+00:00,7.800000190734863,14.5,4.598573097834053,0.01612256178579201,0.018432533850020257,0.057498153871033415,0.0005138359703973219,4.598056649697156,0.1820884296442827,0.0028219034641636578,0
2022-05-31 00:00:00+00:00,7.800000190734863,14.5,4.598573097834053,0.01626089409592473,0.018435501952773582,0.057491767183762414,0.00011072288460428239,4.598461812500395,0.18223064815526438,0.0006075974910100969,0
2022-06-01 00:00:00+00:00,7.800000190734863,14.5,4.598573097834053,0.01610221733813133,0.01843321651210881,0.057490599902832375,2.383186898566075e-05,4.598549144813476,0.18222426541015466,0.00013078318045085498,0
2022-06-02 00:00:00+00:00,7.800000190734863,14.5,4.598573097834053,-0.008048405465666372,0.004502790524558165,0.05826185527721696,1.2402665857811262e-06,4.5985718265868005,0.09344715077417966,1.3272385252047981e-05,0
2022-06-03 00:00:00+00:00,7.800000190734863,14.34000015258789,4.633899156204061,-0.739253715191157,0.0025746466662175563,0.047582964681119284,0.004480600941382363,4.6293625953475805,0.08027976980212587,0.05581232921352639,0
2022-06-06 00:00:00+00:00,7.800000190734863,14.34000015258789,4.633899156204061,0.2859509046253676,0.029974991408257986,0.01985979308708764,0.003108856352297131,4.630784038374496,0.2094739499885112,0.01484125521320259,0
2022-06-07 00:00:00+00:00,7.800000190734863,14.34000015258789,4.633899156204061,0.3201040979476166,0.0309669316697375,0.01886639118479842,0.0020463661101258164,4.631849030245268,0.2224744473186459,0.009198207411185723,0
2022-06-08 00:00:00+00:00,7.800000190734863,14.34000015258789,4.633899156204061,0.25689020079228003,0.027714390287342506,0.021670265555130536,0.001142950119708623,4.632753654393813,0.2164639464480624,0.005280094622976203,0
2022-06-09 00:00:00+00:00,7.800000190734863,14.34000015258789,4.633899156204061,0.27781906950765245,0.02895790485013519,0.020428372882857884,0.0006671422199624458,4.633230622701801,0.22086822810506754,0.003020544084978509,0
2022-06-10 00:00:00+00:00,7.800000190734863,14.34000015258789,4.633899156204061,0.27816381464001944,0.028965101302277835,0.020421985120395718,0.0003872625177233585,4.633511086814111,0.22141705160855676,0.0017490184920716946,0
2022-06-13 00:00:00+00:00,7.800000190734863,14.34000015258789,4.633899156204061,0.27798143866478586,0.028955028585425608,0.02043162432131884,0.00022424501675799991,4.633674443699117,0.22156351372837083,0.0010121026381307372,0
2022-06-14 00:00:00+00:00,7.800000190734863,13.90999984741211,4.728838095993396,0.27718826293019416,0.028971020827816187,0.020437030678234606,0.03956135194765658,4.689118420026156,0.22164642782727348,0.1784885609728224,0
2022-06-15 00:00:00+00:00,7.800000190734863,13.90999984741211,4.728838095993396,0.27935294656233933,0.029052268981071466,0.020356228688303668,0.02299633325234559,4.705793995470353,0.22194257275931475,0.10361388969426755,0
2022-06-17 00:00:00+00:00,7.800000190734863,13.68000030517578,4.779619252260305,0.2747209015343242,0.028816477671594676,0.02057276457902399,0.034149664200352196,4.745357370236013,0.22120723013807486,0.1543786076930505,0
2022-06-20 00:00:00+00:00,7.800000190734863,13.68000030517578,4.779619252260305,0.27551855348341253,0.028846382557401663,0.02054303594544918,0.019683944244079585,4.759893946952464,0.2212444484874439,0.08896921201255222,0
2022-06-21 00:00:00+00:00,7.800000190734863,13.68000030517578,4.779619252260305,0.2750612470978717,0.02882632280120167,0.020559392205177385,0.011327564124256857,4.768267872292898,0.22116565606973437,0.05121755486613723,0
2022-06-22 00:00:00+00:00,7.800000190734863,13.68000030517578,4.779619252260305,0.27554905952366715,0.02885419681481213,0.02053344730856579,0.006526699905603957,4.773078851615573,0.22124419756821856,0.029499982270005116,0
2022-06-23 00:00:00+00:00,8.289999961853027,13.68000030517578,5.269619023378469,0.2596638975542985,0.029584726371619408,0.02071246863633642,0.2089146969111941,5.059899040758138,0.22304416366323807,0.9366517082537194,0
2022-06-24 00:00:00+00:00,8.289999961853027,13.520000457763672,5.3049450817484765,0.37192961360473714,0.03322455420991898,0.01701022996790627,0.1595430188801224,5.145115200473518,0.235128929356539,0.678534195331611,0
2022-06-27 00:00:00+00:00,8.289999961853027,14.0,5.198966906638452,0.37543169940782684,0.031801399414863825,0.0183424715193796,0.057161796084190065,5.141815377108943,0.23378335522258797,0.24450755285706985,0
2022-06-28 00:00:00+00:00,7.710000038146973,13.970000267028809,4.625590566236794,0.41795921395203933,0.037100547627592066,0.014944934790855083,-0.2605191253464878,4.887010866328464,0.24814252297940909,-1.0498769909263224,0
2022-06-29 00:00:00+00:00,7.710000038146973,13.970000267028809,4.625590566236794,0.3698328115356125,0.028695732009874592,0.022709058059612184,-0.1583579300463484,4.784217969510531,0.22824265918858921,-0.693813902314828,0
2022-06-30 00:00:00+00:00,7.710000038146973,13.899999618530272,4.641045874693611,0.20145579553879794,0.021854438815665442,0.02822722327441564,-0.0628150096741051,4.70403169473958,0.19907438005776126,-0.3155353775602836,0
2022-07-01 00:00:00+00:00,7.710000038146973,13.899999618530272,4.641045874693611,0.2918426038603885,0.026497137023726875,0.023584915731144653,-0.0355660232276918,4.676687381250343,0.21376764558619665,-0.16637701711202435,0
2022-07-04 00:00:00+00:00,7.710000038146973,13.899999618530272,4.641045874693611,0.3438261967984603,0.025249041235854367,0.022607761658209668,-0.020937043307406034,4.66202452436358,0.21209088278261704,-0.09871731888100771,0
2022-07-05 00:00:00+00:00,7.710000038146973,13.899999618530272,4.641045874693611,0.11170278496903507,0.01865067272153481,0.026600316159425617,-0.007444491403254497,4.648520945464843,0.18158762723485364,-0.040996688577390104,0
2022-07-06 00:00:00+00:00,8.289999961853027,13.899999618530272,5.221045798399666,0.26254505507229964,0.02794767677120106,0.01859886324936088,0.2635042011321499,4.956487421719906,0.21271244970122977,1.2387812819713226,0
2022-07-07 00:00:00+00:00,8.289999961853027,13.899999618530272,5.221045798399666,0.3756570405076857,0.033121778168937945,0.014716709119085236,0.186976715422985,5.033766525043842,0.23071576717577716,0.8104201880599328,0
2022-07-08 00:00:00+00:00,8.289999961853027,13.729999542236328,5.258579788057778,0.29889418797644646,0.02627310135890674,0.020809288065667637,0.12120395053484764,5.137079950659274,0.21402557757565377,0.5663059149647872,0
2022-07-11 00:00:00+00:00,8.289999961853027,13.56999969482422,5.293905846427787,0.22990003017360688,0.023865803418976574,0.022458839632186887,0.07322103486080914,5.220462654586037,0.20392041775410194,0.359066716649742,0
2022-07-12 00:00:00+00:00,8.289999961853027,13.56999969482422,5.293905846427787,0.4439222942176811,0.03583048842897175,0.009439610522669908,0.057812870608946625,5.236012561129285,0.23600054958072103,0.24496922024824547,0
2022-07-13 00:00:00+00:00,8.289999961853027,13.56999969482422,5.293905846427787,0.6835077449025496,0.058534083310403585,1e-06,0.05595308801574994,5.2379224749129,0.2789276482612106,0.2006007233938706,0
2022-07-14 00:00:00+00:00,8.289999961853027,13.56999969482422,5.293905846427787,0.3615514101990142,0.026689688536682934,0.017048754088866035,0.035640844002864144,5.258195816610717,0.21516681372648147,0.16564284884643285,0
2022-07-15 00:00:00+00:00,8.289999961853027,13.56999969482422,5.293905846427787,0.496584753184307,0.03721152419824174,0.006513619962895123,0.02961938010131287,5.264249596026863,0.2405405652285715,0.12313673609757805,0
2022-07-18 00:00:00+00:00,8.289999961853027,13.56999969482422,5.293905846427787,0.5130163397775683,0.037861692642055966,0.00568268870850374,0.024940919792413592,5.268935157051769,0.24309516564939498,0.10259734999578206,0
2022-07-19 00:00:00+00:00,8.289999961853027,13.56999969482422,5.293905846427787,0.6087313949223603,0.04583202088472933,1e-06,0.023297553823294247,5.270588409972522,0.256306850452619,0.09089711719430241,0
2022-07-20 00:00:00+00:00,8.289999961853027,13.56999969482422,5.293905846427787,0.999,16.702767552313126,1e-06,0.023317436099367775,5.270588410069901,4.089335363473672,0.005702011213763808,0
2022-07-21 00:00:00+00:00,8.279999732971191,13.56999969482422,5.283905617545951,0.6178701445223955,0.04164565161823917,0.00012672729975208435,0.013506760093563816,5.270401290286335,0.24558812369414992,0.05499761100168198,0
2022-07-22 00:00:00+00:00,7.409999847412109,13.529999732971191,4.422737246579372,0.5909811285951899,0.04999307486452883,1e-06,-0.7236156173303849,5.147959731204454,0.25995635664564926,-2.783604242910502,1
2022-07-25 00:00:00+00:00,7.409999847412109,13.520000457763672,4.4249449673075585,0.999,18.585556341601443,1e-06,-0.7230147630196714,5.147959730987747,4.3131392721092645,-0.16763074814092285,1
2022-07-26 00:00:00+00:00,7.409999847412109,13.5,4.429360829883768,0.6867566954858512,0.05352971867243692,1e-06,-0.6962020537920892,5.1259637467964225,0.26567132039099745,-2.6205389906876855,1
2022-07-27 00:00:00+00:00,7.409999847412109,13.5,4.429360829883768,0.7492830433511154,0.0696189007582771,1e-06,-0.6858276254718587,5.115435398509863,0.2939773379818578,-2.3329268513690096,1
2022-07-28 00:00:00+00:00,7.409999847412109,13.5,4.429360829883768,0.7532671860181415,0.07090420233630357,1e-06,-0.676130116215691,5.105726044715672,0.29575823564014664,-2.2860905791930284,1
2022-07-29 00:00:00+00:00,7.409999847412109,13.6899995803833,4.387411188209363,0.7527358531947635,0.07078032488588545,1e-06,-0.7061501712183494,5.093852359210149,0.2951588888165964,-2.3924408106073733,1
2022-08-01 00:00:00+00:00,7.409999847412109,13.6899995803833,4.387411188209363,0.8290098520001004,0.09748698366092473,1e-06,-0.702883758233838,5.090418284478093,0.3372730893127278,-2.0840196876250245,1
2022-08-02 00:00:00+00:00,7.409999847412109,13.6899995803833,4.387411188209363,0.6150010688943116,0.04310694741985144,0.0018261046019744653,-0.6565019948391569,5.044483516116947,0.24454922775775945,-2.684539226962766,1
2022-08-03 00:00:00+00:00,7.409999847412109,13.199999809265137,4.495597294607492,0.7723219718564891,0.048432980973956014,1e-06,-0.5455853479864969,5.041267264408794,0.2546720937613434,-2.142305189110245,1
2022-08-04 00:00:00+00:00,7.409999847412109,12.869999885559082,4.5684573426356145,0.0884817497389355,0.011385229528257339,0.02757974927842844,-0.12947124466828944,4.698735018738564,0.14482165325005655,-0.8940047414369569,1
2022-08-05 00:00:00+00:00,7.409999847412109,12.869999885559082,4.5684573426356145,-0.18231943736347664,0.005077690259944223,0.03169680063464606,0.0017725496903180857,4.566990528127112,0.0972673656491547,0.01822347792076232,0
2022-08-08 00:00:00+00:00,7.409999847412109,12.869999885559082,4.5684573426356145,0.999,0.19383638089246363,1e-06,0.0014671136860956956,4.566990385601283,0.4454120214005725,0.003293834956412808,0
2022-08-09 00:00:00+00:00,7.409999847412109,13.0,4.539754867570004,-0.999,2.002416776324212e-06,0.03266701384641259,-0.006042344172415717,4.545848066680371,0.054333079697740476,-0.1112093075899579,0
2022-08-10 00:00:00+00:00,7.690000057220459,13.300000190734863,4.753518612654629,-0.2709599812867484,0.00243415205335975,0.03035782685137168,0.020459981301757673,4.732512298071365,0.06906622371704534,0.29623715038452597,0
2022-08-11 00:00:00+00:00,7.889999866485596,13.5,4.909360848957254,-0.15261865035529443,0.002852587274147062,0.030504170718062995,0.012901047814358019,4.895968598377138,0.07395366529772664,0.17444771347600269,0
2022-08-12 00:00:00+00:00,7.5,13.289999961853027,4.565726486722275,-0.16606415710277578,0.003378175075665506,0.030128054136644385,-0.03635379151150634,4.602961249794604,0.08014726182922978,-0.4535874424377163,0
2022-08-15 00:00:00+00:00,7.5,13.289999961853027,4.565726486722275,0.011816116484618529,0.004323665201478096,0.02966596642775978,-0.0046788335530262215,4.570504411839799,0.09029211768676614,-0.05181884834352473,0
2022-08-16 00:00:00+00:00,7.5,13.75,4.4641639636285415,-0.17122559559935568,0.003015211180700158,0.031013313108779073,-0.00946696716581113,4.473902493503497,0.0760283617400507,-0.12451888938735425,0
2022-08-17 00:00:00+00:00,7.5,13.75,4.4641639636285415,-0.16288712943808809,0.003039287371754139,0.031027642723705545,0.00048433780439683174,4.463709324330727,0.0762758173690365,0.006349821229099596,0
2022-08-18 00:00:00+00:00,7.5,13.050000190734863,4.618715574277287,-0.13550671539004042,0.0032863804955300022,0.030884676336327636,0.015112204531092618,4.603194557561591,0.07912270485408307,0.19099706663166185,0
2022-08-19 00:00:00+00:00,7.409999847412109,13.949999809265137,4.33000623807814,-0.20421797048171522,0.003075905375357825,0.03074389733051322,-0.029916006625331164,4.360627311737667,0.07679749341891033,-0.38954405011823934,0
2022-08-22 00:00:00+00:00,7.409999847412109,13.6899995803833,4.387411188209363,-0.1923542298016705,0.0033436165648889926,0.030197233550298883,0.007977829639066143,4.379377620367244,0.07981172232000369,0.09995811902265654,0
2022-08-23 00:00:00+00:00,7.409999847412109,13.5,4.429360829883768,0.4419392010918389,0.00630549230965763,0.024018143781987886,0.011743412089988851,4.417469718256948,0.11053457354969465,0.10624198124498299,0
2022-08-24 00:00:00+00:00,7.409999847412109,13.5,4.429360829883768,-0.999,1e-06,0.030149072427398282,-0.0065647637578557455,4.435881770648224,0.05765171307965009,-0.1138693615016442,0
2022-08-25 00:00:00+00:00,6.550000190734863,13.5,3.5693611732065222,-0.434128766680023,0.0018864506341731565,0.028844968750010875,-0.08813223230742426,3.6597992801676593,0.06313636885020513,-1.3959027722440507,1
2022-08-26 00:00:00+00:00,6.989999771118164,13.5,4.009360753589823,0.11349700640262438,0.007461592811068163,0.02360559957053249,0.0692525875982519,3.939015217126722,0.11555021147318256,0.5993289559173535,0
2022-08-29 00:00:00+00:00,6.809999942779541,13.5,3.8293609252512,-0.016717500289640173,0.005699645078613232,0.025644026414268058,-0.017897764128525753,3.8475473408556353,0.1024994763274482,-0.17461322506028193,0
2022-08-30 00:00:00+00:00,6.809999942779541,13.34000015258789,3.8646869836212088,-0.05365420308060375,0.005235993173962043,0.026179810533897934,0.003373616801672797,3.861269543062155,0.09830773336734168,0.03431690149000556,0
2022-08-31 00:00:00+00:00,6.809999942779541,13.34000015258789,3.8646869836212088,-0.03262402293362035,0.00511474760622552,0.02605383965582874,0.00040483172787683273,3.8642723694698637,0.09729300114328554,0.004160954263098824,0
2022-09-01 00:00:00+00:00,6.809999942779541,13.5,3.8293609252512,0.17621016731444353,0.00529918110207015,0.025688928992496047,-0.00471736547660272,3.8341808295358737,0.10046981588904245,-0.04695306182119928,0
2022-09-02 00:00:00+00:00,6.809999942779541,13.5,3.8293609252512,-0.2789733983997566,0.002724040009562014,0.027130546435778505,0.0005979337884126371,3.828779197135551,0.07281956389645454,0.008211169587102532,0
2022-09-05 00:00:00+00:00,7.25,13.989999771118164,4.161174876073529,-0.03761646171221203,0.004904742679241071,0.02544552222024417,0.04993655093751983,4.110240132661404,0.09518897696598783,0.5246043452632416,0
2022-09-06 00:00:00+00:00,6.619999885559082,13.989999771118164,3.5311747616326112,-0.1838531030803695,0.005658445433036863,0.02500448167181548,-0.11118398097528029,3.6439135951459507,0.10140590473286551,-1.0964251171386248,0
2022-09-08 00:00:00+00:00,7.099999904632568,13.5,4.119360887104227,-0.30269309341885536,0.0059882703071929624,0.024662918031197596,0.12288135928346716,3.9953365406649963,0.10403672312134618,1.1811344647999054,0
2022-09-09 00:00:00+00:00,7.150000095367432,13.5,4.16936107783909,0.019687660240477592,0.009797417550089147,0.022591908170155158,0.047190941009164725,4.121708786629285,0.1306323634826182,0.3612499977116613,0
2022-09-12 00:00:00+00:00,8.0,13.359999656677246,5.050271388825375,-0.4548832664466622,0.0046101934712379335,0.031394237248409194,0.15204558811796048,4.896381479568323,0.09489942857251275,1.6021760131230114,-1
2022-09-13 00:00:00+00:00,8.399999618530273,13.520000457763672,5.4149447384257225,-0.024262064654015564,0.006582399712197085,0.03578086613457039,0.0704454273032501,5.343391371680114,0.11053308798126507,0.637324339614852,-1
2022-09-14 00:00:00+00:00,9.0,13.3100004196167,6.061310624146065,-0.999,3.113015997552156e-06,0.04643207598556573,0.057884877183260686,6.002284884542201,0.061651688102367895,0.9389017391891572,-1
2022-09-15 00:00:00+00:00,9.0,13.3100004196167,6.061310624146065,-0.999,2.0791604257269396e-06,0.04767482543454974,-0.04378326461128023,6.104908372285161,0.053708372795167804,-0.8152037072182432,0
2022-09-16 00:00:00+00:00,9.489999771118164,13.3100004196167,6.551310395264229,-0.999,2.5299012713213602e-06,0.04847073327386286,0.08221510081483213,6.468425792205345,0.04829776669694552,1.7022547094301077,-1
2022-09-19 00:00:00+00:00,9.489999771118164,13.359999656677246,6.540271159943539,-0.999,2.1730112168108988e-06,0.049188648485065316,-0.06993843305618194,6.60994711685002,0.044293270363864476,-1.5789855316991768,0
2022-09-20 00:00:00+00:00,9.489999771118164,13.359999656677246,6.540271159943539,-0.999,1.908085145602557e-06,0.04856754027479592,0.06022926309124608,6.480288578402835,0.0411059503710579,1.4652200605402526,-1
2022-09-21 00:00:00+00:00,9.489999771118164,14.359999656677246,6.319483084571069,-0.999,2.3266942937065183e-06,0.04820949635563427,-0.06631353755909308,6.385979171195773,0.03851698155385586,-1.7216701538870862,0
2022-09-22 00:00:00+00:00,9.489999771118164,14.359999656677246,6.319483084571069,-0.999,2.1903027798996596e-06,0.04848227938324799,0.05906242164453972,6.26066387662502,0.03636973979282241,1.623944025472399,-1
2022-09-23 00:00:00+00:00,9.489999771118164,14.359999656677246,6.319483084571069,-0.999,2.1902614596787293e-06,0.048483519107504695,-0.05325002848822784,6.372514683966488,0.034549833290478976,-1.5412528344355902,0
2022-09-26 00:00:00+00:00,9.489999771118164,14.359999656677246,6.319483084571069,-0.999,2.1486549165436925e-06,0.04843510451573182,0.048466943444676544,6.271215149741867,0.03297868014151449,1.4696447291614012,-1
2022-09-27 00:00:00+00:00,9.489999771118164,14.359999656677246,6.319483084571069,-0.999,2.1754754059886067e-06,0.048382938149181265,-0.04446114231157611,6.363761470603222,0.031606937494600605,-1.4066893484752003,0
2022-09-28 00:00:00+00:00,9.489999771118164,14.359999656677246,6.319483084571069,-0.999,2.1732561144499323e-06,0.04837851038535988,0.041059875885206945,6.278591999159106,0.030395885150203958,1.3508366570772963,-1
2022-09-29 00:00:00+00:00,8.3100004196167,14.359999656677246,5.139483733069604,-0.999,5.040149988605995e-06,0.05449044162011557,-0.07567486876689697,5.217040070463799,0.02952695760247511,-2.562907759943188,0
2022-09-30 00:00:00+00:00,8.3100004196167,14.359999656677246,5.139483733069604,-0.999,2.02743231557832e-06,0.060503270687199885,0.0714695842369684,5.068252871542624,0.028678906113925786,2.492061027469402,-1
2022-10-03 00:00:00+00:00,7.769999980926514,14.359999656677246,4.599483294379419,-0.999,2.642107723513776e-06,0.06174263677630561,-0.08138157897530389,4.681474218499253,0.02798095392076595,-2.908463349954159,0
2022-10-04 00:00:00+00:00,7.769999980926514,13.8100004196167,4.720916567386343,-0.999,2.2325545392771314e-06,0.06243804066070694,0.08030833480250048,4.640671896529556,0.027318115897844483,2.939746470906405,-1
2022-10-05 00:00:00+00:00,8.489999771118164,14.100000381469728,5.376887824142374,-0.999,2.825182288532364e-06,0.06482016916636106,-0.06237895597691158,5.438065890259998,0.026752869572006097,-2.3316734606363205,0
2022-10-06 00:00:00+00:00,8.489999771118164,14.100000381469728,5.376887824142374,-0.999,1.9525752198292513e-06,0.06656538330376728,0.05979120762135808,5.317274033099294,0.02619662679116717,2.282401016665174,-1
2022-10-07 00:00:00+00:00,8.489999771118164,14.09000015258789,5.3790957554304795,-0.999,1.9525853810777406e-06,0.0665651387067198,-0.057341260214904564,5.43626210212582,0.025690040906772967,-2.2320423865026626,0
2022-10-10 00:00:00+00:00,8.489999771118164,14.09000015258789,5.3790957554304795,-0.999,1.9527079064754528e-06,0.06656489365592438,0.05511647584255846,5.32414422129395,0.025213687519851345,2.185974415648799,-1
2022-10-11 00:00:00+00:00,8.489999771118164,13.140000343322754,5.588844384922343,-0.999,2.04412353292915e-06,0.06672110954651246,-0.04923317078840594,5.637617122778282,0.024769481657814982,-1.9876544640114604,0
2022-10-13 00:00:00+00:00,8.489999771118164,13.699999809265137,5.465203180627313,-0.999,2.108505691328683e-06,0.06673841567730245,0.045282562172454195,5.420240031546435,0.024351054542406506,1.859572943487774,-1
2022-10-14 00:00:00+00:00,8.489999771118164,13.699999809265137,5.465203180627313,-0.999,2.0678336195119467e-06,0.06681975982093591,-0.04370272805290179,5.508775891437317,0.02395287780148644,-1.8245293285882223,0
2022-10-17 00:00:00+00:00,8.489999771118164,13.699999809265137,5.465203180627313,-0.999,1.5379818588977475e-06,0.06582798891840509,0.042201307296044516,5.42312957877174,0.023548477099700406,1.7921034603372046,-1
2022-10-18 00:00:00+00:00,8.489999771118164,13.699999809265137,5.465203180627313,-0.999,2.0431383156724206e-06,0.06481767600485575,-0.04077487099508117,5.505852747567915,0.023190937369534387,-1.758224359169136,0
2022-10-19 00:00:00+00:00,8.489999771118164,13.5,5.509360753589823,-0.999,2.047195706345909e-06,0.06482310971832343,0.040140806079324916,5.46927537696552,0.022841652871080958,1.7573511998400881,-1
2022-10-20 00:00:00+00:00,8.489999771118164,13.5,5.509360753589823,-0.999,2.0445371089185204e-06,0.06482842691317821,-0.038859906837911795,5.548101159284108,0.02250951507628143,-1.7263768991122774,0
2022-10-21 00:00:00+00:00,8.010000228881836,13.130000114440918,5.111052773974119,-0.999,2.3752217150247904e-06,0.06551685426258963,0.03173470078246512,5.0800206770160194,0.022211623670026114,1.4287429525149977,-1
2022-10-24 00:00:00+00:00,7.599999904632568,13.130000114440918,4.701052449724852,-0.999,1.6208684180392962e-06,0.06811788268134228,-0.03654870733222647,4.738095306424343,0.021898804872496305,-1.6689818254935744,0
2022-10-25 00:00:00+00:00,7.599999904632568,13.130000114440918,4.701052449724852,-0.999,1.3581905036345337e-06,0.0686432385101518,0.03551989698917809,4.6656365193151315,0.021606082430092884,1.643976741461751,-1
2022-10-26 00:00:00+00:00,7.599999904632568,13.130000114440918,4.701052449724852,-0.999,1.3424761841225823e-06,0.06860579432981559,-0.03455170886364781,4.735503820769467,0.02133052943014093,-1.61982425128299,0
2022-10-27 00:00:00+00:00,7.599999904632568,13.130000114440918,4.701052449724852,-0.999,1.3614752419273237e-06,0.06856779621420611,0.033631814194432785,4.667518357137816,0.021067393465826572,1.5963918008645428,-1
2022-10-28 00:00:00+00:00,7.599999904632568,12.760000228881836,4.782744012345475,-0.999,1.375385345736307e-06,0.06860231065281208,-0.031734443661869956,4.814267557408982,0.020815211079478535,-1.52457947895405,0
2022-10-31 00:00:00+00:00,7.599999904632568,12.760000228881836,4.782744012345475,-0.999,1.3583463182333272e-06,0.06863638870781805,0.030929741303437105,4.751903879364746,0.020571952130438845,1.5034908261172055,-1
2022-11-01 00:00:00+00:00,7.300000190734863,13.130000114440918,4.401052735827147,-0.999,1e-06,0.06717711413374053,-0.034800794316135905,4.43631683445873,0.02031581764018282,-1.7129900913908152,0
2022-11-03 00:00:00+00:00,7.300000190734863,13.130000114440918,4.401052735827147,-0.999,1.086815006217361e-06,0.06617546405403942,0.03391956104388126,4.367236134755192,0.020078510078912475,1.6893465157808396,-1
2022-11-04 00:00:00+00:00,7.300000190734863,13.130000114440918,4.401052735827147,-0.999,1.10305059457667e-06,0.0661429928773208,-0.03308570928972728,4.434038803498772,0.019848843431712213,-1.666883483844037,0
2022-11-07 00:00:00+00:00,7.300000190734863,13.130000114440918,4.401052735827147,-0.999,1.10305059457667e-06,0.0661429928773208,0.032289739705892107,4.368860241769626,0.019627322218214824,1.6451423860523433,-1
2022-11-08 00:00:00+00:00,7.300000190734863,13.130000114440918,4.401052735827147,-0.999,1.10305059457667e-06,0.0661429928773208,-0.03152909461130225,4.43248687559465,0.01941387118998354,-1.624049850890609,0
2022-11-09 00:00:00+00:00,7.300000190734863,13.0,4.429755210892758,-0.999,1.1021584175556753e-06,0.06614096357937921,0.031118921284364786,4.3986867461163905,0.019207995802155854,1.6201024617504385,-1
2022-11-10 00:00:00+00:00,7.0,13.0,4.129755020157894,-0.999,1.3269673050279627e-06,0.06642989345917522,-0.03365430147993761,4.1637585961480585,0.01902194700908905,-1.7692353713243414,0
2022-11-11 00:00:00+00:00,7.0,13.0,4.129755020157894,-0.999,1.1098118397585631e-06,0.06672130679788103,0.03290841552824561,4.096945530410151,0.01882614271724201,1.7480168945126655,-1
2022-11-14 00:00:00+00:00,7.0,13.0,4.129755020157894,-0.999,1.1434880274179136e-06,0.06665395442256233,-0.03219649331312385,4.161855289458264,0.018644029539952724,-1.7269063666805096,0
2022-11-16 00:00:00+00:00,7.0,13.0,4.129755020157894,-0.999,1.1434880274179136e-06,0.06665395442256233,0.03151257977770005,4.098336621259106,0.018467085216700537,1.7064187124236552,-1
2022-11-17 00:00:00+00:00,7.0,12.25,4.295346076687246,-0.999,1.199737348217941e-06,0.06677514239715668,-0.029210730070987373,4.324222415740215,0.018299278776038222,-1.5962776691088516,0
2022-11-18 00:00:00+00:00,7.0,13.300000190734863,4.06351855543417,-0.999,1.4137889322585763e-06,0.06678403543539042,0.02635224977094966,4.037590644181001,0.018147093828122948,1.4521471052357156,-1
2022-11-21 00:00:00+00:00,7.0,13.300000190734863,4.06351855543417,-0.999,1.3089960875592564e-06,0.06699362112478906,-0.025826133147759032,4.089268406967163,0.017988877256571317,-1.4356723201457597,0
2022-11-22 00:00:00+00:00,7.0,13.300000190734863,4.06351855543417,-0.999,1.3089960875592564e-06,0.06699362112478906,0.025315534258321636,4.038278300141994,0.01783840308695405,1.4191592226568708,-1
2022-11-23 00:00:00+00:00,7.0,13.300000190734863,4.06351855543417,-0.999,1.3089960875592564e-06,0.06699362112478906,-0.024822820784387696,4.088267563151222,0.01769256849976969,-1.403008318702331,0
2022-11-24 00:00:00+00:00,7.0,13.300000190734863,4.06351855543417,-0.999,1.3089960875592564e-06,0.06699362112478906,0.024347039132058865,4.039243914587636,0.017551170031188477,1.3872031943622054,-1
2022-11-25 00:00:00+00:00,7.0,13.300000190734863,4.06351855543417,-0.999,1.306351215081078e-06,0.06698568941915808,-0.023887258283347954,4.087334774251935,0.017413847725231642,-1.3717392422546983,0
2022-11-28 00:00:00+00:00,7.0,13.0,4.129755020157894,-0.999,1.3195088084613069e-06,0.06700122612531895,0.02402705762723896,4.105700834719552,0.01728145826283342,1.3903373929336185,-1
2022-11-29 00:00:00+00:00,7.210000038146973,13.0,4.339755058304867,-0.999,1.3413186103618255e-06,0.06733993442643307,-0.02177177615702017,4.361151345907799,0.017154581593846044,-1.269152269200811,0
2022-11-30 00:00:00+00:00,7.5,13.0,4.629755020157894,-0.999,1.162810476899566e-06,0.06840973086992878,0.02382061444387257,4.6055806350154125,0.017022600026184553,1.3993522967837555,-1
2022-12-01 00:00:00+00:00,7.5,13.0,4.629755020157894,-0.999,1e-06,0.06876636792830577,-0.023402370982025533,4.653088975374472,0.01689050257165208,-1.3855343192275726,0
2022-12-02 00:00:00+00:00,7.5,13.0,4.629755020157894,-0.999,1e-06,0.06876636792830577,0.02300053093596768,4.6068211268140935,0.016766633339454075,1.3718037766022133,-1
2022-12-05 00:00:00+00:00,7.5,13.0,4.629755020157894,-0.999,1e-06,0.06876636792830577,-0.022610944022133598,4.652300454431587,0.016646077675511003,-1.358334645728456,0
2022-12-06 00:00:00+00:00,7.099999904632568,13.0,4.229754924790463,-0.999,1.2975510214037336e-06,0.06939160370548356,0.019113445238714444,4.211271152835193,0.016547721789917362,1.1550499507648475,0
2022-12-07 00:00:00+00:00,7.099999904632568,13.0,4.229754924790463,-0.999,1e-06,0.07000028019755276,-0.018807325282327494,4.2485095362828185,0.016426392687491808,-1.1449455543972653,0
2022-12-08 00:00:00+00:00,7.099999904632568,13.0,4.229754924790463,-0.999,1e-06,0.0699858053408414,0.01850554844020147,4.211302062662932,0.016316889859147816,1.1341345440183022,0
2022-12-09 00:00:00+00:00,7.099999904632568,13.0,4.229754924790463,-0.999,1e-06,0.06997114990108859,-0.018212214998858972,4.247915278949836,0.016210121702542064,-1.1235088380615268,0
2022-12-12 00:00:00+00:00,6.900000095367432,13.0,4.029755115525326,-0.999,1.0784502577584536e-06,0.07012233545218105,0.01646162246247546,4.013624677508897,0.01611110366728332,1.021756349064027,0
2022-12-13 00:00:00+00:00,6.900000095367432,13.0,4.029755115525326,-0.999,1.0041816803473819e-06,0.0702708726070032,-0.01620985900841662,4.045919415357606,0.016007817562501907,-1.0126214235716926,0
2022-12-14 00:00:00+00:00,6.900000095367432,12.800000190734863,4.073912688487836,-0.999,1e-06,0.06921646342386122,0.01627908846974855,4.057616847374317,0.0159073232931202,1.0233706934710465,0
2022-12-15 00:00:00+00:00,6.900000095367432,12.989999771118164,4.031963046813431,-0.999,1.1160934049941175e-06,0.0679759880844032,-0.016331187112984546,4.048307808404675,0.015814663414984182,-1.0326610617277485,0
2022-12-16 00:00:00+00:00,6.900000095367432,12.989999771118164,4.031963046813431,-0.999,1.0822631782531128e-06,0.06796737545808566,0.01607988208385539,4.015930387761991,0.015718599165601015,1.022984422113455,0
2022-12-19 00:00:00+00:00,6.900000095367432,12.989999771118164,4.031963046813431,-0.999,1e-06,0.06612820706942571,-0.015829416601300952,4.047744778291136,0.015617648956298474,-1.0135595085787272,0
2022-12-20 00:00:00+00:00,6.900000095367432,12.989999771118164,4.031963046813431,-0.999,1.3170883589867586e-06,0.06480572601042384,0.015580994115433872,4.016429942788967,0.01553976037474617,1.002653434782348,0
2022-12-21 00:00:00+00:00,6.900000095367432,12.989999771118164,4.031963046813431,-0.999,1.316582103518351e-06,0.06480342954051041,-0.015339017647955753,4.047254917893268,0.015453942583155621,-0.992563390566422,0
2022-12-22 00:00:00+00:00,6.900000095367432,12.989999771118164,4.031963046813431,-0.999,1.3177395339930867e-06,0.06480111467956094,0.015103216564565206,4.016906253703847,0.015370385766690843,0.9826179247430068,0
2022-12-23 00:00:00+00:00,6.900000095367432,12.989999771118164,4.031963046813431,-0.999,1.3177395339930867e-06,0.06480111467956094,-0.014873355456348783,4.04679068535202,0.015288892814914455,-0.9728209646312445,0
2022-12-26 00:00:00+00:00,6.900000095367432,12.989999771118164,4.031963046813431,-0.999,1.3177395339930867e-06,0.06480111467956094,0.014649203985939442,4.017358870760555,0.015209432448142228,0.9631657220535396,0
2022-12-27 00:00:00+00:00,6.900000095367432,12.989999771118164,4.031963046813431,-0.999,1e-06,0.0633267313943685,-0.014426019438150046,4.046343695408264,0.015108646341013155,-0.9548187913426708,0
2022-12-28 00:00:00+00:00,6.900000095367432,13.109999656677246,4.0054685030359245,-0.999,1.3557383152280682e-06,0.06182662969778625,0.014012311554157345,3.9915440414966223,0.015041473394475488,0.9315783890761566,0
2022-12-29 00:00:00+00:00,6.900000095367432,13.270000457763672,3.9701422341059986,-0.999,1.3521414075319779e-06,0.0618196956573096,-0.014051220492828946,3.9842052217647934,0.014964295326961462,-0.9389831051725228,0
2023-01-02 00:00:00+00:00,6.900000095367432,13.270000457763672,3.9701422341059986,-0.999,1.3618927938765512e-06,0.06178324397573605,0.013838215910015614,3.956348713130086,0.014889768744743884,0.929377490493298,0
2023-01-03 00:00:00+00:00,6.900000095367432,13.270000457763672,3.9701422341059986,-0.999,1.3677703320879438e-06,0.06177148889931327,-0.0136307299631629,3.9837290217606904,0.01481716726468722,-0.9199281967780794,0
2023-01-04 00:00:00+00:00,6.900000095367432,13.270000457763672,3.9701422341059986,-0.999,1.3677703320879438e-06,0.06177148889931327,0.013428194898397583,3.956757328723365,0.014746181906751228,0.9106218127046003,0
2023-01-05 00:00:00+00:00,6.900000095367432,13.270000457763672,3.9701422341059986,-0.999,1.3677703320879438e-06,0.06177148889931327,-0.013230429078651006,3.983330011222148,0.014676952870805183,-0.9014424993466086,0
2023-01-06 00:00:00+00:00,6.900000095367432,13.270000457763672,3.9701422341059986,-0.999,1.3677703320879438e-06,0.06177148889931327,0.0130372593222024,3.9571470040099412,0.01460942544025573,0.8923868618596537,0
2023-01-09 00:00:00+00:00,6.900000095367432,13.270000457763672,3.9701422341059986,-0.999,1.3677703320879438e-06,0.06177148889931327,-0.012848520897661435,3.9829493342282434,0.014543547159804536,-0.8834516611719172,0
2023-01-10 00:00:00+00:00,6.900000095367432,13.289999961853027,3.9657265820897063,-0.999,1.3678109732058501e-06,0.06177075143367528,0.01263450269113768,3.9531399362673643,0.014479269361957654,0.8725925580425452,0
2023-01-11 00:00:00+00:00,6.900000095367432,13.289999961853027,3.9657265820897063,-0.999,1.3681805531967594e-06,0.06177001227369346,-0.012454628062310858,3.978141069741986,0.014416565070989436,-0.8639109247578954,0
2023-01-12 00:00:00+00:00,6.900000095367432,14.0,3.808967040152856,-0.999,1.41924403369925e-06,0.0618447370129968,0.01124886757680393,3.798007055728176,0.01435899782395273,0.7834019974596913,0
2023-01-13 00:00:00+00:00,6.900000095367432,14.0,3.808967040152856,0.999,1e-06,0.058881970830076534,0.011237611886955762,3.7977298981729364,0.014364965033423147,0.7822930206101489,0
2023-01-16 00:00:00+00:00,6.900000095367432,14.0,3.808967040152856,-0.999,1.3477795339022957e-06,0.05588137151246852,-0.01106395345986432,3.8199915168438903,0.014306028012508697,-0.7733770303113052,0
2023-01-17 00:00:00+00:00,6.900000095367432,13.510000228881836,3.917153146550986,-0.999,1.3722973808172326e-06,0.05593872518480897,0.011667781951040443,3.9053341626129447,0.014238990378438468,0.8194248075838647,0
2023-01-18 00:00:00+00:00,6.900000095367432,13.510000228881836,3.917153146550986,-0.999,1.3438247414638363e-06,0.05599567046351576,-0.011490228040561093,3.928602189258506,0.014170935620929796,-0.8108305864850994,0
2023-01-19 00:00:00+00:00,6.900000095367432,13.510000228881836,3.917153146550986,-0.999,1.3438247414638363e-06,0.05599567046351576,0.01131822519059086,3.905875151816685,0.014105576962746077,0.8023936362534599,0
2023-01-20 00:00:00+00:00,6.900000095367432,13.510000228881836,3.917153146550986,-0.999,1.3400950673685638e-06,0.055991227948451926,-0.011150223765233216,3.9282637332852604,0.014041590034412603,-0.7940855514159483,0
2023-01-23 00:00:00+00:00,8.399999618530273,13.510000228881836,5.417152669713827,-0.999,6.032222890099087e-06,0.0654557540568889,0.019955663900197054,5.3949728642661805,0.01432250354262688,1.3933083584727115,-1
2023-01-24 00:00:00+00:00,8.399999618530273,13.510000228881836,5.417152669713827,-0.999,1.3717802741274422e-06,0.07477663928883219,-0.019714277069020254,5.436811364217548,0.01411923728132416,-1.3962706820641637,0
2023-01-25 00:00:00+00:00,7.989999771118164,13.510000228881836,5.007152822301718,-0.999,1.6958036350466528e-06,0.07549877151741814,0.017365009950109707,4.990375283694011,0.014103941730064153,1.2312167961594889,0
2023-01-26 00:00:00+00:00,7.989999771118164,13.510000228881836,5.007152822301718,-0.999,1.3656863812055524e-06,0.07611924446643058,-0.01717295867163587,5.024281523777262,0.014054963141909736,-1.2218430242928744,0
2023-01-27 00:00:00+00:00,7.989999771118164,13.489999771118164,5.011568684877927,-0.999,1.3745526629388714e-06,0.0761014030824689,0.017003650871137213,4.994603781895223,0.014019037652148632,1.2128971540732787,0
2023-01-30 00:00:00+00:00,7.989999771118164,13.489999771118164,5.011568684877927,-0.999,1.3746484285082105e-06,0.07610121155133023,-0.016814600398478624,5.028339238274563,0.013983515732292591,-1.20245871784934,0
2023-01-31 00:00:00+00:00,7.989999771118164,13.0,5.119754791276058,-0.999,1.397189630856377e-06,0.07613775351184736,0.017173847631244455,5.1024841793011255,0.013950327620635127,1.2310712764796392,0
2023-02-01 00:00:00+00:00,7.989999771118164,13.0,5.119754791276058,-0.999,1.2569159849116196e-06,0.07604847435607968,-0.016983864840405996,5.136693956775435,0.013906886096543855,-1.221255766567818,0
2023-02-02 00:00:00+00:00,7.010000228881836,13.0,4.13975524903973,-0.999,3.4317272338552044e-06,0.07953325747298384,0.012097214383977633,4.1289175077421865,0.014027363322725417,0.8624011587679636,0
2023-02-03 00:00:00+00:00,7.010000228881836,13.0,4.13975524903973,-0.999,1.0273754649758805e-06,0.08337842405661466,-0.011980044802895374,4.151708117950088,0.01390076331195545,-0.861826400036022,0
2023-02-06 00:00:00+00:00,7.010000228881836,13.0,4.13975524903973,-0.999,1.2632523494223396e-06,0.08290667028772175,0.011858366119808561,4.127925402992114,0.01387740016552008,0.8545092004532643,0
2023-02-07 00:00:00+00:00,6.400000095367432,13.0,3.5297551155253255,-0.999,2.019157564129854e-06,0.08438663560163798,-0.014481837539481304,3.544923907308915,0.013901459781875984,-1.0417494109763916,0
2023-02-08 00:00:00+00:00,6.400000095367432,13.0,3.5297551155253255,-0.999,1.2874825457558298e-06,0.08584998563838603,0.014336701191135738,3.5154525520439597,0.013846906459347679,1.0353721412956762,0
2023-02-09 00:00:00+00:00,6.400000095367432,13.0,3.5297551155253255,-0.999,1.2368579645077748e-06,0.08572861161966322,-0.014196516402672242,3.5439186116764794,0.01381545333882893,-1.0275823785508593,0
2023-02-10 00:00:00+00:00,6.400000095367432,13.0,3.5297551155253255,-0.999,1e-06,0.08567160434296402,0.014058224410027052,3.515729612238811,0.013769186309938664,1.020991661640874,0
2023-02-13 00:00:00+00:00,7.0,13.0,4.129755020157894,-0.999,1.766681886360274e-06,0.08704442773631584,-0.01134665310293742,4.140387941099398,0.013788532116590584,-0.8229050784372431,0
2023-02-14 00:00:00+00:00,7.0,13.0,4.129755020157894,-0.999,1.0083693921134292e-06,0.08854462768050424,0.011242832948249685,4.118536733680567,0.013726301089146643,0.8190722959690407,0
2023-02-15 00:00:00+00:00,7.0,12.25,4.295346076687246,-0.999,1.0700724023668192e-06,0.08865667344203161,-0.01044485425062738,4.305581075093795,0.013696714890473149,-0.7625809790267574,0
2023-02-16 00:00:00+00:00,7.0,12.0600004196167,4.337295718361652,0.999,1e-06,0.08572267559850483,-0.010433805234166284,4.347680469470242,0.013717034497720909,-0.7606458404620813,0
2023-02-17 00:00:00+00:00,7.0,12.800000190734863,4.173912593120404,0.999,1e-06,0.0850270819943845,-0.010424932394331685,4.184529181508628,0.013739828991463176,-0.758738147382249,0
2023-02-22 00:00:00+00:00,7.0,12.800000190734863,4.173912593120404,0.999,1e-06,0.08487657938312448,-0.010414509393876174,4.184327340040084,0.013762540278604974,-0.7567287130898649,0
2023-02-23 00:00:00+00:00,7.0,12.800000190734863,4.173912593120404,0.999,1e-06,0.08478274540857306,-0.010404094986352414,4.184316700640976,0.013785168860965973,-0.7547310512686287,0
2023-02-24 00:00:00+00:00,7.0,13.399999618530272,4.041439874232873,0.999,1e-06,0.08485793380240263,-0.01039495579667026,4.051990584766382,0.013807715236105625,-0.7528367741455602,0
2023-02-27 00:00:00+00:00,7.0,13.65999984741211,3.9840349241016506,0.999,1e-06,0.08500859917966297,-0.010385109117868026,3.994487597413792,0.013830179896374833,-0.7509019546875287,0
2023-02-28 00:00:00+00:00,7.0,13.65999984741211,3.9840349241016506,0.999,1e-06,0.08501769705597004,-0.010374724750449676,3.9944097403219456,0.013852563328586648,-0.748938987273209,0
2023-03-01 00:00:00+00:00,6.409999847412109,13.65999984741211,3.39403477151376,0.999,1e-06,0.0860079121576594,-0.010369895340330582,3.4050890641000713,0.013874866018423995,-0.7473870613641045,0
2023-03-02 00:00:00+00:00,6.409999847412109,13.65999984741211,3.39403477151376,0.999,1e-06,0.08708142809836775,-0.010359531889553167,3.4043950994032395,0.013897088443884825,-0.7454462084906498,0
2023-03-03 00:00:00+00:00,6.949999809265137,13.65999984741211,3.9340347333667873,0.6317862424666713,1e-06,0.08832428257914603,-0.006809585555410638,3.9402388109854365,0.008869469950346162,-0.7677556374318479,0
2023-03-06 00:00:00+00:00,6.949999809265137,13.65999984741211,3.9340347333667873,0.999,1e-06,0.08783566976551341,-0.0068027700321773065,3.9408368233424382,0.008916963116103047,-0.7629021162925141,0
2023-03-07 00:00:00+00:00,6.949999809265137,13.65999984741211,3.9340347333667873,0.2345569063207657,1e-06,0.08413675178637131,-0.0015948286818399842,3.935635732028321,0.002513457876073038,-0.6345157788487402,0
2023-03-08 00:00:00+00:00,6.949999809265137,13.989999771118164,3.861174685338666,0.999,1e-06,0.07745458716622057,-0.001594152667940701,3.8628626727539337,0.002703114596981503,-0.5897466092339738,0
2023-03-09 00:00:00+00:00,6.949999809265137,14.890000343322754,3.662465291167493,-0.2293726233157273,1e-06,0.07317208445694,0.00035805442647636134,3.662380821150244,0.0015269932636898821,0.23448330453740548,0
2023-03-10 00:00:00+00:00,6.949999809265137,15.1899995803833,3.5962290370036856,-0.999,1e-06,0.07143028697471722,-0.000361053874299129,3.5966819352969597,0.0018245163175984371,-0.19789018646562434,0
2023-03-13 00:00:00+00:00,6.949999809265137,13.609999656677246,3.9450741792473942,-0.999,1e-06,0.07068489768111588,0.0003884078740237437,3.944194860397907,0.002079364042019449,0.1867916661896911,0
2023-03-14 00:00:00+00:00,6.949999809265137,13.600000381469728,3.947281899975582,-0.999,1e-06,0.0701928286629238,-0.000387642894411622,3.9476646071929604,0.002305706802675831,-0.16812323837608176,0
2023-03-15 00:00:00+00:00,6.949999809265137,13.600000381469728,3.947281899975582,-0.999,1e-06,0.07019715406413578,0.00038715018312590854,3.946895843252799,0.0025112435964127476,0.15416671790779019,0
2023-03-16 00:00:00+00:00,6.949999809265137,13.579999923706056,3.9516977625517913,-0.999,1e-06,0.07007242520663645,-0.00038590803993615146,3.9520762892357286,0.002700708859444561,-0.14289138889836459,0
2023-03-17 00:00:00+00:00,6.949999809265137,13.579999923706056,3.9516977625517913,-0.999,1e-06,0.06994414475154136,0.0003853745671078882,3.951313476837286,0.00287726077188105,0.13393800481141102,0
2023-03-20 00:00:00+00:00,6.949999809265137,13.68000030517578,3.9296188707905784,-0.999,1e-06,0.0699388540482694,-0.0003897013052927853,3.9300389412075427,0.003043131371799098,-0.12805931051947786,0
2023-03-21 00:00:00+00:00,6.949999809265137,12.640000343322754,4.1592384607555495,-0.999,1e-06,0.07018747154269638,0.0004460889065359335,4.158467455424851,0.0031999686526626397,0.1394041489015058,0
2023-03-22 00:00:00+00:00,6.949999809265137,13.600000381469728,3.947281899975582,-0.999,1e-06,0.07019439953078412,-0.0005037706646075094,3.948084880759967,0.003349025304822988,-0.15042306902907565,0
2023-03-23 00:00:00+00:00,6.949999809265137,12.0,4.300542904795501,0.999,0.7733262775017026,1e-06,0.3523663802353606,3.948130894449089,0.8795096612199127,0.4006395788155588,0
2023-03-24 00:00:00+00:00,6.949999809265137,12.0,4.300542904795501,-0.999,1e-06,0.06538554094592992,-0.34857427146455083,4.648050346678933,0.014524824686824181,-23.998518328469117,1
2023-03-27 00:00:00+00:00,6.949999809265137,12.100000381469728,4.278464013034286,-0.2607102937028002,1e-06,0.05972196597885939,0.09034284218441127,4.1888853578502125,0.0040237558933829175,22.45236653967514,0
2023-03-28 00:00:00+00:00,6.949999809265137,12.079999923706056,4.2828798756104955,-0.999,1e-06,0.0585506932430922,-0.09015469314827886,4.37272128617625,0.004140491837071543,-21.773909162454192,1
2023-03-29 00:00:00+00:00,6.949999809265137,12.079999923706056,4.2828798756104955,-0.999,1e-06,0.05784326459740259,0.08996179355988011,4.193227686122232,0.004253521937413407,21.149954057739368,0
2023-03-30 00:00:00+00:00,6.949999809265137,11.800000190734863,4.3447004777580105,-0.999,1e-06,0.05526425903187491,-0.08971939050400743,4.433985272746183,0.004363040858587283,-20.563499956096635,1
2023-03-31 00:00:00+00:00,6.949999809265137,11.800000190734863,4.3447004777580105,-0.999,1e-06,0.05339880859452952,0.08950648094194165,4.255527348107179,0.004469298177307344,20.026965619883384,0
2023-04-03 00:00:00+00:00,6.949999809265137,11.869999885559082,4.329245379861112,-0.999,1e-06,0.05339722736229413,-0.0892989744867547,4.4182404152763235,0.004572593769900294,-19.52917293344033,1
2023-04-04 00:00:00+00:00,6.949999809265137,11.779999732971191,4.34911634033422,-0.999,1e-06,0.053397610559188534,0.08908966569040762,4.260321645889301,0.004673112333083943,19.064310750607266,0
2023-04-05 00:00:00+00:00,6.949999809265137,12.970000267028809,4.086378412727428,-0.999,1e-06,0.05338749842531766,-0.08906789823582925,4.175604575608344,0.004771017712528011,-18.668532292795657,1
2023-04-06 00:00:00+00:00,6.949999809265137,13.5,3.9693607917367957,-0.999,1e-06,0.053872071295536075,0.08873691153435558,3.8811689783706003,0.004866491439800844,18.234268493439913,0
2023-04-10 00:00:00+00:00,6.949999809265137,13.5,3.9693607917367957,-0.999,1e-06,0.05386676290496471,-0.08849726837076546,4.057531533381621,0.00495963285986624,-17.843511983899592,1
2023-04-11 00:00:00+00:00,6.949999809265137,13.5,3.9693607917367957,-0.999,1e-06,0.05386676290496471,0.08825214958935457,3.8814346659837273,0.005050561911968522,17.473728889496407,0
2023-04-12 00:00:00+00:00,6.949999809265137,13.5,3.9693607917367957,-0.999,1e-06,0.05386676290496471,-0.08800182213189418,4.05703751554249,0.00513938686598145,-17.123019618233936,1
2023-04-13 00:00:00+00:00,6.949999809265137,13.5,3.9693607917367957,-0.999,1e-06,0.0538492507229285,0.08774631296541587,3.881938738220869,0.005226204723212661,16.78968153996775,0
2023-04-14 00:00:00+00:00,6.949999809265137,13.5,3.9693607917367957,-0.999,1e-06,0.05383160199388601,-0.08748570122603581,4.056523091173835,0.0053111053250126114,-16.472221105091354,1
2023-04-17 00:00:00+00:00,6.949999809265137,13.520000457763672,3.9649449291605863,-0.999,1e-06,0.05324461511597999,0.08721361895150624,3.8780655096817385,0.005394115437887254,16.168289306330777,0
2023-04-18 00:00:00+00:00,6.949999809265137,12.850000381469728,4.112872956504934,0.999,0.013347520958465402,0.03738672979683169,0.12582716311548112,3.9867558478592304,0.15239835853641936,0.8256464460895857,0
2023-04-19 00:00:00+00:00,6.949999809265137,12.850000381469728,4.112872956504934,0.999,1.1277883164453455,1e-06,0.12611704065826174,3.9867558789870343,1.0666838413530562,0.11823282191871032,0
2023-04-20 00:00:00+00:00,6.949999809265137,12.229999542236328,4.249761748528592,0.999,1.2838647507037027,1e-06,0.26299403248095266,3.9867570456464505,1.137493677308602,0.23120483016944487,0
2023-04-24 00:00:00+00:00,6.949999809265137,12.229999542236328,4.249761748528592,0.999,1.107869454631786,1e-06,0.26300467548582673,3.986757048345375,1.0573067521920754,0.24874964142671818,0
2023-04-25 00:00:00+00:00,6.949999809265137,12.229999542236328,4.249761748528592,0.999,1.0513504677710377,1e-06,0.2630046724360066,3.986757051079124,1.030232779844111,0.2552866474271989,0
2023-04-26 00:00:00+00:00,6.559999942779541,12.229999542236328,3.8597618820429966,0.999,2.3859906625946032,1e-06,-0.1269770508040351,3.98675526585479,1.5479085185889867,-0.08203136637543829,0
2023-04-27 00:00:00+00:00,6.559999942779541,12.229999542236328,3.8597618820429966,-0.999,1e-06,0.05091653310747329,0.07112842423293769,3.7889130268951203,0.07507942801388522,0.9473756808560552,0
2023-04-28 00:00:00+00:00,6.559999942779541,12.380000114440918,3.8266435444011764,0.999,1.1295103845731143,1e-06,0.03773596185768978,3.788910532569762,1.0655061062370996,0.035415997746795325,0
2023-05-02 00:00:00+00:00,6.559999942779541,12.380000114440918,3.8266435444011764,0.999,1.1255472530767685,1e-06,0.03773300853434224,3.788910532776806,1.0636452155863183,0.03547518287246043,0
2023-05-03 00:00:00+00:00,6.559999942779541,12.380000114440918,3.8266435444011764,0.999,1.1255472530767685,1e-06,0.037733008047874175,3.788910533001211,1.0636456856495495,0.035475166737343834,0
2023-05-04 00:00:00+00:00,6.559999942779541,12.380000114440918,3.8266435444011764,0.999,1.1255472530767685,1e-06,0.03773300782341038,3.7889105332256516,1.0636461557119927,0.03547515084859432,0
2023-05-05 00:00:00+00:00,7.25,12.100000381469728,4.578464203769149,0.999,5.829521589665751,1e-06,0.7895399099129252,3.7889113968716703,2.415640389062413,0.3268449697594975,0
2023-05-08 00:00:00+00:00,7.25,12.100000381469728,4.578464203769149,0.999,0.17558434362284828,1e-06,0.7895523198391379,3.7889114274427,0.42588986887395425,1.8538884757383431,-1
2023-05-09 00:00:00+00:00,7.25,12.229999542236328,4.549761939263456,0.999,0.9697598555211759,1e-06,0.7608535823427156,3.7889112345897473,0.9877037739510385,0.7703256810482045,-1
2023-05-10 00:00:00+00:00,7.25,13.079999923706056,4.362091990972889,0.999,1.1622759942052734,1e-06,0.5731979123653272,3.7889101573778246,1.080775594496469,0.5303579348795149,-1
2023-05-11 00:00:00+00:00,7.25,12.699999809265137,4.445991484881619,0.999,1.174911364583428,1e-06,0.6570736588222956,3.788910638948527,1.086605842108298,0.6047028585336903,-1
2023-05-12 00:00:00+00:00,7.25,12.449999809265137,4.501188503724736,0.999,0.8393596458489352,1e-06,0.712270765250803,3.788911084839871,0.9193266739623649,0.7747743924157712,-1
2023-05-15 00:00:00+00:00,7.25,13.0,4.379755020157894,0.999,0.17619231438770552,1e-06,0.5909169572707459,3.788906497850582,0.42660889695236565,1.385149164708411,-1
2023-05-16 00:00:00+00:00,7.25,13.0,4.379755020157894,0.999,0.5126629780026928,1e-06,0.5908484135994335,3.7889065046830566,0.7200464267418702,0.8205698850183267,-1
2023-05-17 00:00:00+00:00,6.409999847412109,12.989999771118164,3.541962798858108,0.999,6.358870129397631,1e-06,-0.24692965758799013,3.788905621911338,2.522830756983494,-0.09787801139829123,0
2023-05-18 00:00:00+00:00,6.409999847412109,12.989999771118164,3.541962798858108,0.999,0.5367426556138668,1e-06,-0.24694277136538284,3.7889056186634367,0.7365789402205666,-0.3352563559466369,0
2023-05-19 00:00:00+00:00,6.900000095367432,12.93000030517578,4.045210213422226,0.999,2.6461704163249995,1e-06,0.25628431274369085,3.7889068935028716,1.6284892731321077,0.15737549947183493,0
2023-05-22 00:00:00+00:00,6.900000095367432,12.920000076293944,4.04741814471033,0.999,0.4800859229205351,1e-06,0.2585106995002783,3.788906928180818,0.697060829397255,0.37085816416310635,0
2023-05-23 00:00:00+00:00,6.900000095367432,12.920000076293944,4.04741814471033,0.999,0.44287823040232527,1e-06,0.25851115414635856,3.788906932103129,0.6698411044988463,0.3859290694615828,0
2023-05-24 00:00:00+00:00,6.900000095367432,12.6899995803833,4.098199511537155,0.999,0.3640881943305857,1e-06,0.30927762841150824,3.7889078722882137,0.6081924560070276,0.5085193434361418,0
2023-05-25 00:00:00+00:00,6.900000095367432,12.6899995803833,4.098199511537155,0.999,1.0325875095161114,1e-06,0.3092916058455081,3.7889078743891558,1.0190183505896055,0.30351917182507215,0
2023-05-26 00:00:00+00:00,6.900000095367432,12.6899995803833,4.098199511537155,0.999,1.7762282255629729,1e-06,0.3092916185667186,3.7889078755578125,1.3349307545551679,0.23169113267585348,0
2023-05-29 00:00:00+00:00,6.900000095367432,12.6899995803833,4.098199511537155,0.999,1.7762282255629729,1e-06,0.30929161739876826,3.788907876726544,1.334931129096848,0.23169106679534884,0
2023-05-30 00:00:00+00:00,6.900000095367432,12.6899995803833,4.098199511537155,0.999,1.7762282255629729,1e-06,0.3092916162298632,3.7889078778954492,1.3349315036384086,0.2316910009141867,0
2023-05-31 00:00:00+00:00,6.900000095367432,13.600000381469728,3.897282186077877,0.999,0.7686432991672152,1e-06,0.1084021522402848,3.7889061259954944,0.8800330588016959,0.12317963644217123,0
2023-06-01 00:00:00+00:00,6.900000095367432,13.600000381469728,3.897282186077877,0.999,1.7521487955644286,1e-06,0.10837605506981282,3.7889061263109425,1.3258826076374037,0.0817388013430002,0
2023-06-02 00:00:00+00:00,6.900000095367432,13.600000381469728,3.897282186077877,0.999,1.7521487955644286,1e-06,0.10837605316665809,3.788906126726337,1.325882984734913,0.08173877666008814,0
2023-06-05 00:00:00+00:00,6.900000095367432,13.600000381469728,3.897282186077877,0.999,1.7521487955644286,1e-06,0.1083760527511114,3.7889061271417988,1.325883361832291,0.08173875309917324,0
2023-06-06 00:00:00+00:00,6.78000020980835,13.600000381469728,3.7772823005187948,0.999,1.536682763956839,1e-06,-0.011615501584149576,3.7889056030519637,1.2419749017750226,-0.00935244469719056,0
2023-06-07 00:00:00+00:00,7.099999904632568,13.010000228881836,4.227546993502358,0.999,4.341881051123709,1e-06,0.4386303243583799,3.78890629980291,2.085114133222437,0.21036274099801877,0
2023-06-09 00:00:00+00:00,7.099999904632568,13.010000228881836,4.227546993502358,0.999,2.633279505601432,1e-06,0.4386406755040323,3.788906300948657,1.624530824985928,0.27001068170425874,0
2023-06-12 00:00:00+00:00,7.099999904632568,13.109999656677246,4.205468312301061,0.999,2.605790075935733,1e-06,0.41656289755976544,3.788906245136508,1.6160482578193334,0.2577663727207429,0
2023-06-13 00:00:00+00:00,6.949999809265137,13.109999656677246,4.05546821693363,0.999,2.749187731913564,1e-06,0.2665677781667064,3.788905879408034,1.659822468756604,0.16060017452733724,0
2023-06-14 00:00:00+00:00,6.949999809265137,14.100000381469728,3.836887862289347,0.999,2.4048223857319377,1e-06,0.04799167081884598,3.788905269105536,1.5526256087666326,0.030910008535135123,0
2023-06-15 00:00:00+00:00,7.099999904632568,15.1899995803833,3.746229132371117,0.999,1.7477047461178696,1e-06,-0.04267060364054758,3.7889049204917984,1.3242090618873386,-0.03222346445789383,0
2023-06-16 00:00:00+00:00,6.920000076293945,14.989999771118164,3.6103868769950047,0.999,1.6321721921117216,1e-06,-0.17850915893993247,3.78890436063224,1.2798429923592898,-0.13947738902790324,0
2023-06-19 00:00:00+00:00,6.920000076293945,15.300000190734863,3.5419424809831757,0.999,1.3747576757906368,1e-06,-0.2469565523914427,3.7889040248875325,1.174982794527597,-0.21017886690905277,0
2023-06-20 00:00:00+00:00,6.920000076293945,14.300000190734863,3.7627305563556455,0.999,2.0043490849722607,1e-06,-0.026185210442205703,3.7889047650198897,1.4178071022485443,-0.01846881032030222,0
2023-06-21 00:00:00+00:00,6.920000076293945,14.600000381469728,3.6964940916319207,0.999,1.8570623060015177,1e-06,-0.09240686621522264,3.788904525012609,1.3648777233665883,-0.06770340275412595,0
2023-06-22 00:00:00+00:00,6.920000076293945,14.600000381469728,3.6964940916319207,0.999,1.8261269081967129,1e-06,-0.09241042777203591,3.7889045246589843,1.3534979873679807,-0.06827526057259806,0
2023-06-23 00:00:00+00:00,6.920000076293945,14.600000381469728,3.6964940916319207,0.999,1.8201818945961643,1e-06,-0.09241042760866963,3.788904524317308,1.351300406335817,-0.06838629454663567,0
2023-06-26 00:00:00+00:00,6.920000076293945,14.600000381469728,3.6964940916319207,0.999,1.8288901593845035,1e-06,-0.09241042729274973,3.788904523977208,1.3545191224033999,-0.06822378936133489,0
2023-06-27 00:00:00+00:00,7.0,14.600000381469728,3.7764940153379754,0.999,1.8898845883546456,1e-06,-0.012415020980096766,3.788904808598589,1.3768505663661237,-0.009016970529244377,0
2023-06-28 00:00:00+00:00,7.0,14.010000228881836,3.9067590134973194,0.999,1.7976237339044439,1e-06,0.11784647181175843,3.7889052964395225,1.3429287499041476,0.08775333153018713,0
2023-06-29 00:00:00+00:00,7.0,13.68000030517578,3.9796190615254416,0.999,1.5363806560971072,1e-06,0.19070869538013702,3.788905616306665,1.241859713658958,0.15356701991583394,0
2023-06-30 00:00:00+00:00,7.0,15.0,3.6881788694129547,0.999,2.5557737135932004,1e-06,-0.1007145847595487,3.7889048488375168,1.6005029237188242,-0.06292683585078049,0
2023-07-03 00:00:00+00:00,7.139999866485596,15.0,3.8281787358985504,0.999,2.708082313999572,1e-06,0.03926837394375274,3.788905196772605,1.6473977083484503,0.023836608333709583,0
2023-07-04 00:00:00+00:00,7.139999866485596,15.0,3.8281787358985504,0.999,2.5365228313501365,1e-06,0.03927353725632452,3.788905196890614,1.5944781988227246,0.024630965343597645,0
2023-07-05 00:00:00+00:00,7.099999904632568,15.0,3.788178774045523,0.999,2.549709066359875,1e-06,-0.0007247501073962548,3.7889050912940587,1.5986081325753183,-0.00045336320554600223,0
2023-07-06 00:00:00+00:00,7.099999904632568,15.0,3.788178774045523,0.999,2.53811441461673,1e-06,-0.0007263171521591232,3.788905091287974,1.5949778398944927,-0.0004553775820529073,0
2023-07-07 00:00:00+00:00,7.099999904632568,15.0,3.788178774045523,0.999,2.329997234465317,1e-06,-0.000726317209176148,3.788905091285873,1.5283448986351944,-0.0004752312189642182,0
2023-07-10 00:00:00+00:00,6.679999828338623,15.0,3.3681786977515777,0.999,4.003027633757854,1e-06,-0.42071519472673485,3.788904384030554,2.0022161547896427,-0.21012476286354614,0
2023-07-11 00:00:00+00:00,6.679999828338623,15.0,3.3681786977515777,0.999,2.5609000943206786,1e-06,-0.42072566830705665,3.7889043828954074,1.6021057984569564,-0.26260791809896206,0
2023-07-12 00:00:00+00:00,6.960000038146973,14.300000190734863,3.802730518208673,0.999,4.041196798824275,1e-06,0.013814668853194378,3.7889051072528486,2.011725800293052,0.006867073460598839,0
2023-07-13 00:00:00+00:00,7.559999942779541,14.300000190734863,4.402730422841241,0.999,1.1541899729415073,1e-06,0.6137698325993006,3.788908612655692,1.0770491458701643,0.5698624198837525,0
2023-07-14 00:00:00+00:00,7.429999828338623,14.300000190734863,4.272730308400323,-0.999,1e-06,0.07065577793132036,-0.4778262856713482,4.749387272631843,0.06638860175151294,-7.197414511903904,1
2023-07-17 00:00:00+00:00,7.510000228881836,14.1899995803833,4.377017531992855,-0.999,1e-06,0.07066004733616794,0.3928919747720436,3.9850865618369338,0.05938124729649438,6.616431830916396,0
2023-07-18 00:00:00+00:00,7.050000190734863,14.1899995803833,3.917017493845882,-0.999,1e-06,0.061723308751909324,-0.3624745463129542,4.27906499499785,0.05356696998152191,-6.7667547079476575,1
2023-07-19 00:00:00+00:00,7.050000190734863,14.1899995803833,3.917017493845882,0.999,0.8127450817929491,1e-06,-0.3620475165985556,4.279065002501644,0.9032141577807778,-0.40084349152377813,1
2023-07-20 00:00:00+00:00,7.050000190734863,14.020000457763672,3.954551272944078,-0.999,1e-06,0.052267949633048205,0.29768458985514856,3.6579345317824346,0.04987619091508765,5.968470815302344,0
2023-07-21 00:00:00+00:00,7.050000190734863,14.020000457763672,3.954551272944078,0.999,0.6528201089072098,1e-06,0.2966169699565275,3.6579344209262046,0.8096226752920576,0.36636445471284257,0
2023-07-24 00:00:00+00:00,7.050000190734863,14.020000457763672,3.954551272944078,0.999,0.6526549617660022,1e-06,0.2966168049748386,3.657934422553536,0.8095213134144852,0.36641012418034635,0
2023-07-25 00:00:00+00:00,7.050000190734863,14.020000457763672,3.954551272944078,0.999,0.6541241886730066,1e-06,0.29661680343312136,3.6579344241722898,0.8104288887993912,0.3659997903980742,0
2023-07-26 00:00:00+00:00,7.050000190734863,14.020000457763672,3.954551272944078,0.999,0.5549992473848792,1e-06,0.296616793430112,3.6579344260805864,0.7467737539346937,0.3971976677906271,0
2023-07-27 00:00:00+00:00,7.070000171661377,14.020000457763672,3.9745512538705916,0.999,0.6911103620504037,1e-06,0.3166137869393265,3.657934530966577,0.8329364669721329,0.38011757138005015,0
2023-07-28 00:00:00+00:00,7.070000171661377,14.510000228881836,3.866365147472462,-0.999,1e-06,0.04762581912570871,-0.2689903021346697,4.13445242117053,0.046873856986445625,-5.7385997105476685,1
2023-07-31 00:00:00+00:00,7.070000171661377,14.510000228881836,3.866365147472462,0.999,0.5445295380942503,1e-06,-0.26808749950356464,4.134452530581165,0.7395325715365718,-0.36250938744529254,1
2023-08-01 00:00:00+00:00,7.070000171661377,14.510000228881836,3.866365147472462,0.999,0.5445295380942503,1e-06,-0.2680873322938511,4.134452528959665,0.7395332701411501,-0.362508818896928,1
2023-08-02 00:00:00+00:00,7.070000171661377,14.510000228881836,3.866365147472462,-0.999,1e-06,0.042146582686861604,0.21935227610598224,3.648054316069957,0.044229789217631224,4.95937873514763,0
2023-08-03 00:00:00+00:00,7.070000171661377,14.510000228881836,3.866365147472462,0.999,0.549927981216032,1e-06,0.21831112087266022,3.648054176036165,0.7430113761503987,0.29381935173556506,0
2023-08-04 00:00:00+00:00,7.070000171661377,14.510000228881836,3.866365147472462,0.999,0.549927981216032,1e-06,0.2183109305683181,3.6480541772476673,0.7430120712538587,0.29381882073586074,0
2023-08-07 00:00:00+00:00,7.070000171661377,14.510000228881836,3.866365147472462,0.999,0.549927981216032,1e-06,0.2183109293275654,3.648054178454082,0.7430127441826126,0.2938185529613344,0
2023-08-08 00:00:00+00:00,7.789999961853027,14.510000228881836,4.586364937664112,0.999,1.8793453983550061,1e-06,0.9382712753930147,3.6480553435456744,1.371672835916221,0.6840343052840936,0
2023-08-09 00:00:00+00:00,7.789999961853027,14.300000190734863,4.6327304419147275,0.999,0.02037756987291482,0.021795119821781794,0.9602097543930513,3.6724089591381595,0.1816526872945558,5.285965039625534,-1
2023-08-10 00:00:00+00:00,7.789999961853027,15.399999618530272,4.389863685340961,0.999,0.4512923421539401,1e-06,0.7175430983992446,3.672374141439037,0.6811875882112709,1.0533707760052404,-1
2023-08-11 00:00:00+00:00,7.480000019073486,15.399999618530272,4.07986374256142,-0.999,1e-06,0.04335334087582067,-0.4140832540543735,4.492750923450958,0.07671512525772199,-5.397674222172931,0
2023-08-14 00:00:00+00:00,7.480000019073486,14.229999542236328,4.338185807592003,0.999,0.5775853291994896,1e-06,-0.15464575667566477,4.492786719986822,0.7639479849158064,-0.20242969381313056,0
2023-08-15 00:00:00+00:00,6.900000095367432,14.229999542236328,3.758185883885948,0.999,5.567031315616783,1e-06,-0.7345896923480664,4.492785996308376,2.360733689546172,-0.3111700805563054,0
2023-08-16 00:00:00+00:00,7.329999923706055,14.229999542236328,4.188185712224572,0.999,8.515076668344292,1e-06,-0.3046056745402704,4.492786345768586,2.9190940215054204,-0.1043493879594809,0
2023-08-17 00:00:00+00:00,7.329999923706055,14.229999542236328,4.188185712224572,0.999,6.80222456252708,1e-06,-0.30460062883489347,4.492786345463257,2.609264034211118,-0.11673813950644749,0
2023-08-18 00:00:00+00:00,7.010000228881836,14.25,3.863770154824143,0.999,7.932885473920777,1e-06,-0.6290118135612118,4.492786061624115,2.8176090416972084,-0.22324311295591306,0
2023-08-21 00:00:00+00:00,7.03000020980835,14.079999923706056,3.9213041254087693,0.999,7.421700476452766,1e-06,-0.5714827560474097,4.4927861147946,2.7253874429666842,-0.20968862886714182,0
2023-08-22 00:00:00+00:00,7.03000020980835,14.079999923706056,3.9213041254087693,0.999,4.444542217294096,1e-06,-0.5714819756549391,4.492786113903958,2.1096396502917925,-0.27089080145791494,0
2023-08-23 00:00:00+00:00,7.5,14.079999923706056,4.391303915600419,0.999,9.270934113461621,1e-06,-0.101487612898366,4.492786465167278,3.045812264664272,-0.03332037698966735,0
2023-08-24 00:00:00+00:00,7.5,14.079999923706056,4.391303915600419,0.999,5.0617228253371715,1e-06,-0.10148254752979662,4.492786465035111,2.251169043502496,-0.045079932056947776,0
2023-08-25 00:00:00+00:00,7.409999847412109,14.079999923706056,4.301303763012529,0.9827186916785126,0.4298197263587596,1e-06,-0.1914392514421727,4.492764351625936,0.6601968412990891,-0.28997298906409785,0
2023-08-28 00:00:00+00:00,7.699999809265137,14.039999961853027,4.600135239458059,0.999,8.606572577176014,1e-06,0.10736717662279924,4.492764593257434,2.9347255050865577,0.0365850831489034,0
2023-08-29 00:00:00+00:00,7.510000228881836,14.039999961853027,4.410135659074758,0.999,9.117436822352634,1e-06,-0.08262670696670027,4.4927644486943485,3.0205097310638744,-0.027355219589906023,0
2023-08-30 00:00:00+00:00,7.510000228881836,14.199999809265137,4.374809600704749,0.999,8.647277341801253,1e-06,-0.11795441006902421,4.492764420266195,2.9416526910610425,-0.04009800695624558,0
2023-08-31 00:00:00+00:00,7.510000228881836,14.699999809265137,4.264415563018515,0.9575951835887835,0.21292726482535904,1e-06,-0.22815771951174463,4.492627425978205,0.4679432598489426,-0.48757560817394086,0
2023-09-01 00:00:00+00:00,7.510000228881836,14.989999771118164,4.200387029582895,0.999,7.63971029542413,1e-06,-0.2922394951702267,4.492627366527772,2.7650958767986387,-0.10568873854333562,0
2023-09-04 00:00:00+00:00,7.510000228881836,14.699999809265137,4.264415563018515,0.826729915049347,0.04589349171137666,1e-06,-0.22853935923032365,4.492925962588098,0.2278414783005398,-1.0030630108924385,0
2023-09-05 00:00:00+00:00,7.510000228881836,15.0,4.198179098294791,0.9217353057220412,0.10785340042753265,1e-06,-0.29430598264102037,4.492562891218242,0.33745274212438187,-0.8721398462737695,0
2023-09-06 00:00:00+00:00,7.510000228881836,14.579999923706056,4.290910106796021,0.8946627936913298,0.08020097955648027,1e-06,-0.2022085352135869,4.493042006134354,0.2936279129411126,-0.6886556975737522,0
2023-09-08 00:00:00+00:00,7.510000228881836,14.579999923706056,4.290910106796021,0.9153427261405889,0.10015471656261521,1e-06,-0.20202957633398186,4.492956660077096,0.3258376098126642,-0.6200314827074013,0
2023-09-11 00:00:00+00:00,7.510000228881836,14.579999923706056,4.290910106796021,0.9087984077117229,0.0926070750175247,1e-06,-0.20191920993504323,4.492849181466057,0.3140385027896498,-0.6429759667727538,0
2023-09-12 00:00:00+00:00,7.510000228881836,15.800000190734863,4.021548595884831,0.9107731812553063,0.09550729493281414,1e-06,-0.46941162684373283,4.49126041384372,0.3186197397924102,-1.4732659914591852,1
2023-09-13 00:00:00+00:00,7.510000228881836,15.800000190734863,4.021548595884831,0.999,7.552496511847029,1e-06,-0.46971180700847776,4.491260413083083,2.749274443202033,-0.17084937015651752,1
2023-09-14 00:00:00+00:00,7.510000228881836,16.0,3.977391022922321,0.999,5.630469042496433,1e-06,-0.5138685427904188,4.491260358287978,2.374127943937502,-0.21644517689226364,1
2023-09-15 00:00:00+00:00,7.510000228881836,16.0,3.977391022922321,0.999,6.687151800428988,1e-06,-0.5138693271374724,4.49126035775583,2.587115624093696,-0.1986263475632204,1
2023-09-18 00:00:00+00:00,7.510000228881836,16.0,3.977391022922321,0.999,6.683023279389528,1e-06,-0.5138693266127092,4.491260357224089,2.586317793965393,-0.19868761983222283,1
2023-09-19 00:00:00+00:00,7.510000228881836,16.0,3.977391022922321,0.999,6.683419547591978,1e-06,-0.5138693260813787,4.491260356692303,2.5863945947162397,-0.19868171976973864,1
2023-09-20 00:00:00+00:00,7.510000228881836,16.0,3.977391022922321,0.999,6.683959646343149,1e-06,-0.5138693255501801,4.491260356160482,2.5864991974329903,-0.19867368451541656,1
2023-09-21 00:00:00+00:00,7.510000228881836,16.0,3.977391022922321,0.999,6.65159235007346,1e-06,-0.5138693249782849,4.491260355625997,2.5802348346684063,-0.19915602954966063,1
2023-09-22 00:00:00+00:00,7.510000228881836,16.0,3.977391022922321,0.999,6.689782055320284,1e-06,-0.5138693244908736,4.491260355094485,2.5876248776215043,-0.1985872561880811,1
2023-09-25 00:00:00+00:00,7.510000228881836,15.899999618530272,3.999469914683535,0.999,6.691771626484442,1e-06,-0.49179078496457956,4.491260377396118,2.588009481907511,-0.19002665500363689,1
2023-09-26 00:00:00+00:00,7.510000228881836,15.899999618530272,3.999469914683535,0.999,6.67761642876036,1e-06,-0.49179045484345785,4.491260376886712,2.585273463428635,-0.19022763425236908,1
2023-09-27 00:00:00+00:00,7.510000228881836,16.489999771118164,3.8692049165241906,0.999,6.156641392580451,1e-06,-0.6220531895797806,4.491260229867937,2.482471519348472,-0.2505781777279118,1
2023-09-28 00:00:00+00:00,7.510000228881836,16.399999618530273,3.8890758769972997,0.999,7.0315777619812625,1e-06,-0.6021846455326867,4.49126024881853,2.6528479440028883,-0.22699553771787195,1
2023-09-29 00:00:00+00:00,7.510000228881836,16.399999618530273,3.8890758769972997,0.999,7.138883563344383,1e-06,-0.6021843628062007,4.491260248234706,2.67299626175965,-0.22528440141168735,1
2023-10-02 00:00:00+00:00,7.849999904632568,16.399999618530273,4.229075552748032,0.999,8.101733393518098,1e-06,-0.26218917469643144,4.491260538352394,2.8474128337384363,-0.09207978962158325,1
2023-10-03 00:00:00+00:00,7.989999771118164,16.399999618530273,4.369075419233628,0.999,6.511076441858905,1e-06,-0.1221874139241576,4.491260687006407,2.552861902596471,-0.04786291565551702,1
2023-10-04 00:00:00+00:00,7.989999771118164,16.399999618530273,4.369075419233628,0.999,6.360748597261059,1e-06,-0.1221852657548851,4.491260686875672,2.5232473222182814,-0.04842381667424795,1
2023-10-05 00:00:00+00:00,7.989999771118164,16.399999618530273,4.369075419233628,0.999,6.360748597261059,1e-06,-0.12218526558805959,4.491260686742582,2.5232475203741207,-0.04842381280531021,1
2023-10-06 00:00:00+00:00,7.989999771118164,16.399999618530273,4.369075419233628,0.999,6.360583450119811,1e-06,-0.1221852654548965,4.491260686609469,2.52321499320317,-0.04842443699170667,1
2023-10-09 00:00:00+00:00,7.989999771118164,16.399999618530273,4.369075419233628,0.999,6.164944400114514,1e-06,-0.12218526525658167,4.4912606864721125,2.484144893490585,-0.04918604610252568,1
2023-10-10 00:00:00+00:00,7.989999771118164,16.0,4.457390565158649,0.999,6.401562137588867,1e-06,-0.033871594440671726,4.491260781963825,2.531322695625832,-0.013380986351207774,1
2023-10-11 00:00:00+00:00,8.0,16.0,4.467390794040485,0.999,6.171514109977102,1e-06,-0.023870160626623435,4.491260793160379,2.4854672723060642,-0.009603892552757792,1
2023-10-13 00:00:00+00:00,7.920000076293945,16.0,4.38739087033443,0.999,6.385949410139445,1e-06,-0.1038685828617967,4.491260706277186,2.528237303324449,-0.04108339938075316,1
2023-10-16 00:00:00+00:00,7.900000095367432,16.0,4.3673908894079165,0.999,6.305118756167744,1e-06,-0.12386947589839245,4.491260684165685,2.512201068369939,-0.049307150394122756,1
2023-10-17 00:00:00+00:00,7.900000095367432,16.0,4.3673908894079165,0.999,5.0129152071426315,1e-06,-0.12386979210868727,4.491260683993872,2.240301689152337,-0.05529156751899602,1
2023-10-18 00:00:00+00:00,7.800000190734863,15.989999771118164,4.269598916063453,0.999,6.414862182964864,1e-06,-0.22166013571155718,4.49126057811771,2.533949414398385,-0.0874761486760714,1
2023-10-19 00:00:00+00:00,7.800000190734863,15.989999771118164,4.269598916063453,0.999,6.313359283037405,1e-06,-0.2216616582739782,4.491260577872465,2.5138412310180347,-0.08817647492567042,1
2023-10-20 00:00:00+00:00,7.800000190734863,15.989999771118164,4.269598916063453,0.999,6.326602089171191,1e-06,-0.22166165806232435,4.491260577629366,2.5164740294499737,-0.08808422239540178,1
2023-10-23 00:00:00+00:00,7.809999942779541,15.989999771118164,4.279598668108131,0.999,6.327434964533138,1e-06,-0.21166207477479548,4.491260588353064,2.5166397072784834,-0.084105036633825,1
2023-10-24 00:00:00+00:00,7.900000095367432,15.989999771118164,4.369598820696021,0.999,6.380204547901766,1e-06,-0.12166327258466483,4.491260686024563,2.5271022930674296,-0.0481433905221891,1
2023-10-25 00:00:00+00:00,7.900000095367432,15.989999771118164,4.369598820696021,0.999,1.5382296975005356,1e-06,-0.12166185696913472,4.491260685481955,1.24268746818193,-0.09790221603113758,1
2023-10-26 00:00:00+00:00,7.900000095367432,15.989999771118164,4.369598820696021,0.7891249889114996,0.026696971125333112,0.008519502798361875,-0.11455565752086644,4.484226457171151,0.19627620370077556,-0.5836451661532406,1
2023-10-27 00:00:00+00:00,7.900000095367432,15.989999771118164,4.369598820696021,0.999,6.283147170989557,1e-06,-0.11462763231379068,4.484226455978526,2.5089899684060506,-0.045686763899902345,1
2023-10-30 00:00:00+00:00,7.900000095367432,15.989999771118164,4.369598820696021,0.999,6.0807625365541105,1e-06,-0.11462763315644096,4.484226455737535,2.468328792504183,-0.046439369627150964,1
2023-10-31 00:00:00+00:00,7.900000095367432,15.989999771118164,4.369598820696021,0.999,6.050398380034912,1e-06,-0.11462763290479072,4.484226455495327,2.462170560978375,-0.04655552085686621,1
2023-11-01 00:00:00+00:00,7.900000095367432,15.989999771118164,4.369598820696021,0.999,6.162812841972959,1e-06,-0.11462763270153843,4.484226455257518,2.48489422980092,-0.0461297834438297,1
2023-11-03 00:00:00+00:00,7.739999771118164,15.800000190734863,4.2515481381211595,0.999,6.070822543954472,1e-06,-0.23267612187620335,4.484226206379466,2.466315072171758,-0.09434160481017383,1
2023-11-06 00:00:00+00:00,7.739999771118164,15.699999809265137,4.273627029882373,0.999,6.125348602886511,1e-06,-0.2105995787083567,4.484226251981586,2.477344766911805,-0.08501020185853451,1
2023-11-07 00:00:00+00:00,7.739999771118164,15.699999809265137,4.273627029882373,0.999,0.176101320956414,1e-06,-0.21059908759697257,4.484226236730865,0.4335789917754772,-0.4857225363585613,1
2023-11-08 00:00:00+00:00,7.739999771118164,15.699999809265137,4.273627029882373,0.7529416484323718,0.021984731642783858,0.00695679224705003,-0.19320300256303935,4.467004526866169,0.19364334933220603,-0.9977259907418187,1
2023-11-09 00:00:00+00:00,7.599999904632568,15.899999618530272,4.089469590434268,0.8532604930773777,0.02728439568704173,0.0007894108712433803,-0.35380926725811496,4.444022815558731,0.2080807435304388,-1.7003460351743624,1
2023-11-10 00:00:00+00:00,7.599999904632568,15.899999618530272,4.089469590434268,0.29242133635982315,0.0056083535007473715,0.021555301467544946,-0.11999215722057341,4.210173966631559,0.11150423102860088,-1.076122010023058,1
2023-11-13 00:00:00+00:00,7.599999904632568,15.899999618530272,4.089469590434268,0.5881739578848605,0.0118410792438142,0.01532256841588227,-0.08849272565154195,4.17813810897517,0.14966801560085197,-0.5912600985339597,1
2023-11-14 00:00:00+00:00,7.599999904632568,15.899999618530272,4.089469590434268,0.5905824811855218,0.011886356146402561,0.01526666522850157,-0.06396776577945835,4.153562492011095,0.15635885606009903,-0.40910868364802644,1
2023-11-16 00:00:00+00:00,7.510000228881836,15.850000381469728,4.010509150004224,0.5799370981299469,0.011645946872882333,0.015522149219298835,-0.06794216446511862,4.078809791333861,0.1581515375796879,-0.42960166878481704,1
2023-11-17 00:00:00+00:00,7.510000228881836,15.850000381469728,4.010509150004224,0.596664587065509,0.012156624634040937,0.015036916437525008,-0.04895576006833791,4.0595588779710505,0.16234493306684836,-0.30155397611442253,1
2023-11-20 00:00:00+00:00,7.510000228881836,15.850000381469728,4.010509150004224,0.5885366438280057,0.011855823958374302,0.015337717113191644,-0.034546002779128074,4.0451231271304735,0.16198778817866508,-0.21326300684484575,1
2023-11-21 00:00:00+00:00,7.510000228881836,15.550000190734863,4.076745614727949,0.5850539659578733,0.011800371621769737,0.015412263225706078,-0.005762696747767457,4.082334753940317,0.16187564450672492,-0.03559952928884279,1
2023-11-22 00:00:00+00:00,7.510000228881836,15.0,4.198179098294791,0.6542645608667655,0.013835211833795541,0.013353476676455823,0.03979548525791122,4.157972435420409,0.1731384619442887,0.22984774619700812,0
2023-11-23 00:00:00+00:00,7.510000228881836,15.0,4.198179098294791,0.5612110282548566,0.01070641521317661,0.016364672838500162,0.026310277157168525,4.171809925001498,0.15809661532167507,0.16641897806373457,0
2023-11-24 00:00:00+00:00,7.510000228881836,14.899999618530272,4.220257990056004,0.5946609563406678,0.011846256958998531,0.015225931790734356,0.024971211518581483,4.195175964799878,0.16233493586413833,0.15382524646130663,0
2023-11-27 00:00:00+00:00,7.510000228881836,15.0,4.198179098294791,0.5928241675979844,0.011799032768090766,0.015273155981642122,0.01149495304478683,4.186723939229384,0.16237315910999425,0.07079343105592938,0
2023-11-28 00:00:00+00:00,7.510000228881836,15.0,4.198179098294791,0.6077690208334223,0.012101170590610381,0.01490794853718597,0.008299237624498376,4.18986467469535,0.1644463856911013,0.05046774114019019,0
2023-11-29 00:00:00+00:00,7.510000228881836,15.0,4.198179098294791,0.999,3.4108626391641286,1e-06,0.00831442231750518,4.189864675288784,1.8509311095238818,0.004492021488386952,0
2023-11-30 00:00:00+00:00,7.510000228881836,14.8100004196167,4.2401287399691965,0.36642691569478647,0.005521608041175521,0.02020299780457964,0.006095174018946593,4.233885328499259,0.11373503273549783,0.05359099894156208,0
2023-12-01 00:00:00+00:00,7.510000228881836,15.0,4.198179098294791,0.6581373595891413,0.012479587073793102,0.01324297947169102,-0.012026871876382923,4.2103542572806845,0.15428236931879083,-0.07795363740838085,0
2023-12-04 00:00:00+00:00,7.75,15.0,4.438178869412955,0.5348899045193187,0.009313414726375502,0.016444607581213334,0.04738767001759007,4.389965466356856,0.14272020888184989,0.33203195531208674,0
2023-12-05 00:00:00+00:00,7.75,15.0,4.438178869412955,0.5453030795714509,0.009391515836223318,0.016008750274974615,0.03119025682919151,4.406908322083166,0.1430989893017693,0.21796280310140434,0
2023-12-06 00:00:00+00:00,7.75,15.890000343322754,4.241677406529886,0.5499684993470163,0.011278563817148634,0.013873925817658847,-0.039381888496480486,4.2817206886455645,0.1525139643388884,-0.25821824688114015,0
2023-12-07 00:00:00+00:00,7.699999809265137,15.890000343322754,4.191677215795023,0.8253673364420003,0.03232902406174387,1e-06,-0.08609489052926357,4.277947080545976,0.21046317588305272,-0.40907341708605405,0
2023-12-08 00:00:00+00:00,7.579999923706055,15.890000343322754,4.071677330235941,0.6768768326073753,0.016788910635577945,0.008348303899468536,-0.13769485241650514,4.209930102665899,0.17725996279927733,-0.7767961261078777,0
2023-12-11 00:00:00+00:00,7.579999923706055,15.890000343322754,4.071677330235941,0.7740060199252518,0.022425738763159495,0.0026930568366864693,-0.13079194225547647,4.202590909708619,0.19595555939870218,-0.6674571655778331,0
2023-12-12 00:00:00+00:00,7.579999923706055,15.890000343322754,4.071677330235941,0.6870699960972568,0.01568268129228609,0.009343992772143372,-0.10874542782204744,4.180576259876643,0.18233877037708793,-0.5963922406472036,0
2023-12-13 00:00:00+00:00,7.579999923706055,15.890000343322754,4.071677330235941,0.6971659412803376,0.016424446093261765,0.008580467176796988,-0.09155887320954129,4.163359713670074,0.18793413651253268,-0.48718596263875424,0
2023-12-14 00:00:00+00:00,7.579999923706055,15.399999618530272,4.179863647193988,0.6936424167217922,0.01647143999446066,0.008576556274582016,-0.026486677009115257,4.206053889914601,0.19040765506533083,-0.1391051058321547,0
2023-12-15 00:00:00+00:00,7.579999923706055,15.399999618530272,4.179863647193988,0.7189799420481211,0.01796666402417286,0.0071235956164603965,-0.02277388534384281,4.202664173814097,0.19710666282594017,-0.11554092092743634,0
2023-12-18 00:00:00+00:00,8.100000381469727,15.989999771118164,4.569599106798316,0.48484919526704784,0.010218427345821344,0.015458822696285608,0.049542515073187424,4.518851515962508,0.15665407368402437,0.3162542403660441,0
2023-12-19 00:00:00+00:00,7.909999847412109,15.989999771118164,4.379598572740699,0.42828753490375426,0.009372288203877775,0.016287759318613496,-0.00965484538459541,4.389779163487935,0.14227403178570525,-0.06786091083113219,0
2023-12-20 00:00:00+00:00,7.909999847412109,16.280000686645508,4.315569828745163,0.5837373168292113,0.013765748644783629,0.012025286441881682,-0.0330469217918753,4.34886290298884,0.1636580940245864,-0.20192659574118377,0
2023-12-21 00:00:00+00:00,7.909999847412109,16.280000686645508,4.315569828745163,0.5967000571707992,0.012185356074286188,0.013412569859382927,-0.024137696198990862,4.33975620728126,0.16140421602215765,-0.14954811462717446,0
2023-12-22 00:00:00+00:00,7.909999847412109,16.200000762939453,4.333232857930167,0.5664529523788455,0.010958188608228118,0.014532276984568875,-0.011757936331821539,4.344965502494407,0.1560051715656998,-0.07536888818374729,0
2023-12-26 00:00:00+00:00,7.909999847412109,16.200000762939453,4.333232857930167,0.5435864057006468,0.010500272682089612,0.014918328610835578,-0.0077456027915473675,4.340997280378848,0.15208463788567006,-0.050929554090598815,0
2023-12-27 00:00:00+00:00,7.909999847412109,16.200000762939453,4.333232857930167,0.5513861828136514,0.01071337323546298,0.014695619926748015,-0.005215193832453169,4.338460472305396,0.15235203161433877,-0.03423120635276343,0
2023-12-28 00:00:00+00:00,8.079999923706055,16.43000030517578,4.452451777957204,0.5366548948015294,0.010502904723496681,0.014946488778775765,0.02777257917210214,4.424266616809268,0.15055080565210524,0.18447313550934677,0
2024-01-02 00:00:00+00:00,8.079999923706055,16.43000030517578,4.452451777957204,0.5660409555921686,0.01125129413130452,0.014247224567657845,0.01941024204838571,4.432996964717571,0.15475438198869598,0.1254261223427168,0
2024-01-03 00:00:00+00:00,8.079999923706055,16.43000030517578,4.452451777957204,0.7261176516240682,0.014939510547057515,0.00977258004953059,0.016673222198477083,4.4357578164493745,0.17490214995898665,0.09532885789218051,0
2024-01-04 00:00:00+00:00,7.900000095367432,16.270000457763672,4.30777800798859,0.2905733913752891,0.005924039432837899,0.018098450541589397,-0.006399832533188502,4.314592517014862,0.11375410409909183,-0.0562602341592315,0
2024-01-05 00:00:00+00:00,7.900000095367432,16.299999237060547,4.301154635244109,0.1449406638499718,0.003134126455173236,0.02026213148014622,-0.0019148955966920064,4.303113103955982,0.07897356736631818,-0.024247297678852222,0
2024-01-08 00:00:00+00:00,7.900000095367432,16.200000762939453,4.323233105885489,-0.7300343012175331,0.0005877080751998886,0.01837876702725402,0.004362226919898223,4.318805014776291,0.04600448608903056,0.09482177263009063,0
2024-01-09 00:00:00+00:00,7.900000095367432,16.200000762939453,4.323233105885489,-0.25054993439723444,0.0027234856084250385,0.015323002719237049,-0.0002356043777516926,4.323441905473347,0.07103694769693805,-0.003316645568118181,0
2024-01-10 00:00:00+00:00,7.900000095367432,15.699999809265137,4.433627354131641,0.056866780275953835,0.0050509395695411755,0.013043603941723256,0.026693623516090222,4.406391703257332,0.09442064221711488,0.2827096161314997,0
2024-01-11 00:00:00+00:00,7.900000095367432,15.699999809265137,4.433627354131641,0.3513645944410902,0.00667169080159862,0.010931309514353301,0.014718115899355969,4.41881717990761,0.10993843909295012,0.13387597659916,0
2024-01-12 00:00:00+00:00,7.900000095367432,15.699999809265137,4.433627354131641,-0.047680669517975144,0.003742505521662509,0.012945544990434897,0.002031292547302251,4.4315279320936645,0.08240460798964512,0.024650230088558895,0
2024-01-15 00:00:00+00:00,7.900000095367432,15.699999809265137,4.433627354131641,0.14355297955406154,0.005489522081004674,0.011195275572133461,0.0007762102653643371,4.43284167381253,0.09833661538716211,0.007893400258980967,0
2024-01-16 00:00:00+00:00,7.900000095367432,15.699999809265137,4.433627354131641,0.14229151096418916,0.005479865274109293,0.011201580865687679,0.0002791156410004267,4.4333448471416865,0.099005268487101,0.002819199879618442,0
2024-01-17 00:00:00+00:00,7.800000190734863,16.68000030517578,4.117255026142896,0.12965825935905945,0.005881904469782437,0.011237817167230267,-0.08299434559413069,4.201787715370578,0.10207273316970046,-0.8130902643328742,0
2024-01-18 00:00:00+00:00,7.800000190734863,16.600000381469727,4.1349180553278995,0.2317977990907825,0.006652342735333535,0.010852583852185425,-0.03293758697861302,4.168089802890397,0.10892998393732593,-0.30237392670106356,0
2024-01-19 00:00:00+00:00,7.800000190734863,16.600000381469727,4.1349180553278995,0.13848987230813226,0.005481354070935863,0.01202444809780277,-0.011025630250576894,4.146076600996911,0.09981930361700554,-0.1104558923079737,0
2024-01-22 00:00:00+00:00,8.0,16.600000381469727,4.334917864593036,0.12614970770758313,0.005558338372968632,0.012108168524012766,0.04397097253967055,4.290051660335464,0.09989867731338839,0.44015570298023926,0
2024-01-23 00:00:00+00:00,8.0,16.299999237060547,4.401154539876678,0.20837502017066029,0.00609559069860013,0.01181824452786271,0.03542817748680678,4.365237354458719,0.10487717665361791,0.3378063618533216,0
2024-01-24 00:00:00+00:00,8.260000228881836,16.299999237060547,4.6611547687585135,0.0520332989725748,0.004631112927920853,0.013646891696263085,0.058385548123014386,4.601481415143806,0.09182221066023032,0.6358543069612906,0
2024-01-25 00:00:00+00:00,7.670000076293945,16.299999237060547,4.071154616170623,-0.08382688814485709,0.00562559360883813,0.013136886363876343,-0.13901944466389457,4.2124209976536635,0.09876307262093718,-1.407605504513468,1
2024-01-26 00:00:00+00:00,7.679999828338623,18.799999237060547,3.529184179784126,0.999,7.396552992915023,1e-06,-0.6832236336020237,4.212415172782286,2.720446849067983,-0.2511439008029486,1
2024-01-29 00:00:00+00:00,7.989999771118164,25.5,2.3599038491201867,0.8115529361358219,0.02742283234517653,0.008943587886503266,-1.504618483758656,3.868061089757746,0.194960663463012,-7.717549053397188,1
2024-01-30 00:00:00+00:00,8.010000228881836,19.950000762939453,3.605277956753132,-0.3162280598649721,0.008315071900312661,0.0280852986356781,0.3044941259866307,3.3021328797118654,0.12142294761669302,2.50771482626048,0
2024-01-31 00:00:00+00:00,8.010000228881836,17.559999465942383,4.132961743254821,0.999,10.049909750157974,1e-06,0.8308192202038143,3.302137282917277,3.171197350560621,0.26198912535573915,0
2024-02-01 00:00:00+00:00,8.010000228881836,18.479999542236328,3.9298366970673557,0.999,5.464380451740581,1e-06,0.62770339300456,3.3021370058832518,2.3390092642694675,0.2683629357922222,0
2024-02-02 00:00:00+00:00,8.010000228881836,15.5,4.587785060608556,0.3063666916695328,0.015055186228711022,0.03131222693879025,0.4940276919758628,4.091552891667313,0.16416860633902136,3.0092701826051687,-1
2024-02-05 00:00:00+00:00,8.010000228881836,14.520000457763672,4.804157273404815,0.999,9.630184253248501,1e-06,0.7126001717729509,4.091554826845163,3.105193391848194,0.22948656713094934,-1
2024-02-06 00:00:00+00:00,8.25,14.899999618530272,4.9602577611741685,0.6830084422492716,0.02616287748428918,0.022511384970956567,0.6671200959541861,4.292374001864644,0.21630067852156093,3.084225627557092,-1
2024-02-07 00:00:00+00:00,8.199999809265137,15.279999732971191,4.8263580765305765,0.8098061219174608,0.0434982668266748,0.00515995623882147,0.5351476620373644,4.291223026629639,0.2601347816122608,2.057193808227533,-1
2024-02-08 00:00:00+00:00,8.199999809265137,15.0,4.888178678678091,0.999,4.2834790804333505,1e-06,0.5969535636784926,4.291223659635485,2.0754972713858937,0.2876195367290859,-1
2024-02-09 00:00:00+00:00,8.199999809265137,15.350000381469728,4.81090276807376,0.999,1.6209663822712501,1e-06,0.5196850258959502,4.291222471949142,1.282644619556846,0.4051668076816956,-1
2024-02-14 00:00:00+00:00,8.199999809265137,15.350000381469728,4.81090276807376,0.999,3.0173622767470953,1e-06,0.5196802747738511,4.29122247623464,1.7440109284728997,0.2979799416904437,-1
2024-02-15 00:00:00+00:00,8.3100004196167,14.90999984741211,5.018050249502762,0.999,2.4740203411270385,1e-06,0.7268172722679225,4.291224584000559,1.580580014319012,0.45984212484242337,-1
2024-02-16 00:00:00+00:00,8.3100004196167,15.890000343322754,4.801677826146586,0.999,3.949139321486402,1e-06,0.5104600734654912,4.291223212763161,1.9933271593323825,0.2560844420724482,-1
2024-02-19 00:00:00+00:00,8.3100004196167,15.449999809265137,4.8988246972240255,0.999,3.9426602362546865,1e-06,0.6075983857812358,4.29122383476736,1.9917015536304978,0.3050649755600673,-1
2024-02-20 00:00:00+00:00,8.289999961853027,14.90999984741211,4.99804979173909,0.999,1.9450936455088121,1e-06,0.7068195358742394,4.291225123728238,1.4033208769741023,0.5036763490601753,-1
2024-02-21 00:00:00+00:00,8.1899995803833,15.699999809265137,4.72362683914751,0.999,4.729829807273397,1e-06,0.4324089555280934,4.2912236702838715,2.1803776392930607,0.198318377392777,-1
2024-02-22 00:00:00+00:00,8.1899995803833,15.800000190734863,4.701547947386296,0.999,3.900460430789121,1e-06,0.41032497161932086,4.291223530859255,1.9810800772830532,0.20712185051199944,-1
2024-02-23 00:00:00+00:00,8.300000190734863,15.5,4.877785022461583,0.999,3.095037861077441,1e-06,0.5865543510265654,4.291224964384187,1.7661417558310595,0.33211057328213256,-1
2024-02-26 00:00:00+00:00,8.300000190734863,15.5,4.877785022461583,0.999,2.3141218478690204,1e-06,0.5865600260578574,4.291224970812592,1.5291637213101281,0.38358222725511404,-1
2024-02-27 00:00:00+00:00,8.0,15.279999732971191,4.62635826726544,0.999,3.2696352309261973,1e-06,0.33514289490203214,4.291223043701226,1.814898363912469,0.18466207340643997,-1
2024-02-28 00:00:00+00:00,7.449999809265137,15.850000381469728,3.950508730387525,0.999,3.6534673680764915,1e-06,-0.340691179737878,4.291218398998238,1.91773022315246,-0.177653340196012,0
2024-02-29 00:00:00+00:00,8.079999923706055,16.65999984741211,4.401670621690297,0.999,6.844088310642364,1e-06,0.11044398143055684,4.291220053707031,2.62074629698927,0.04214218734466422,0
2024-03-01 00:00:00+00:00,8.989999771118164,16.299999237060547,5.391154310994842,0.999,5.740476724448726,1e-06,1.09991268805333,4.291224384545666,2.400979084968745,0.45811006640553403,0
2024-03-04 00:00:00+00:00,8.050000190734863,16.440000534057617,4.420244113697908,0.999,21.673844503311432,1e-06,0.12902532776831066,4.291223260373716,4.658118648898388,0.027699021320297244,0
2024-03-05 00:00:00+00:00,7.900000095367432,16.440000534057617,4.270244018330477,0.999,11.242560512323244,1e-06,-0.020977574021388556,4.291222925436683,3.3566033956259127,-0.006249643329541119,0
2024-03-06 00:00:00+00:00,7.900000095367432,16.440000534057617,4.270244018330477,0.999,11.123084438533201,1e-06,-0.02097890685523361,4.291222925386286,3.3387589433300264,-0.006283444600618449,0
2024-03-07 00:00:00+00:00,7.849999904632568,16.440000534057617,4.220243827595613,0.999,11.143907514066415,1e-06,-0.07097853614839136,4.291222812601538,3.3418760236049,-0.02123912905417312,0
2024-03-08 00:00:00+00:00,7.849999904632568,16.440000534057617,4.220243827595613,0.999,10.509239051235827,1e-06,-0.0709789841554926,4.291222812430756,3.2455304488131347,-0.0218697637489271,0
2024-03-11 00:00:00+00:00,7.860000133514404,16.43000030517578,4.232451987765554,0.999,11.129792642807642,1e-06,-0.05877096111759711,4.291222839833846,3.339763836825586,-0.017597340407595512,0
2024-03-12 00:00:00+00:00,7.860000133514404,16.399999618530273,4.239075781629868,0.999,11.111703446053655,1e-06,-0.05214713213328839,4.291222854681187,3.3370547326879323,-0.015626693689643173,0
2024-03-13 00:00:00+00:00,7.860000133514404,16.299999237060547,4.261154673391082,0.999,11.13285594962997,1e-06,-0.03006842886249936,4.291222904403123,3.340222715999199,-0.009001923350343017,0
2024-03-14 00:00:00+00:00,8.149999618530273,16.139999389648438,4.586480216776959,0.999,11.891353666298016,1e-06,0.2952538893629215,4.291223591895539,3.4518960745042815,0.08553382923190184,0
2024-03-15 00:00:00+00:00,8.149999618530273,16.299999237060547,4.551154158406951,0.999,11.253931891740919,1e-06,0.2599309559833864,4.2912235136698405,3.358298041343748,0.07739960920186251,0
2024-03-18 00:00:00+00:00,8.149999618530273,16.299999237060547,4.551154158406951,0.999,11.237688285222381,1e-06,0.25993064184624093,4.291223514250492,3.355878890531742,0.07745531061314752,0
2024-03-19 00:00:00+00:00,8.239999771118164,16.299999237060547,4.641154310994842,0.999,11.305154763989991,1e-06,0.3499297976867073,4.291223714924706,3.3659160130098678,0.10396272406505866,0
2024-03-20 00:00:00+00:00,8.239999771118164,16.149999618530273,4.674272438076745,0.999,11.212345417248802,1e-06,0.3830483496275254,4.291223789954529,3.352101170881882,0.11427111835253818,0
2024-03-21 00:00:00+00:00,8.239999771118164,15.890000343322754,4.73167717764805,0.999,11.201078075547779,1e-06,0.4404527421036956,4.291223919638207,3.350420259917983,0.13146193848364496,0
2024-03-22 00:00:00+00:00,8.239999771118164,16.0,4.707390565158649,0.999,11.212981585784998,1e-06,0.4161669116355995,4.291223866180286,3.352196358844624,0.12414753406003835,0
2024-03-25 00:00:00+00:00,8.239999771118164,15.550000190734863,4.806745156964277,0.999,11.180402145118594,1e-06,0.5155201741006455,4.291224090509736,3.34733356382723,0.1540092029284398,0
2024-03-26 00:00:00+00:00,8.239999771118164,15.550000190734863,4.806745156964277,0.999,11.249771240951048,1e-06,0.51552106071018,4.291224091663752,3.357679568289513,0.1535349190491097,0
2024-03-27 00:00:00+00:00,8.25,15.550000190734863,4.816745385846113,0.999,11.248787728620643,1e-06,0.5255211771982671,4.291224115166068,3.357533256860179,0.15652002139502616,0
2024-03-28 00:00:00+00:00,7.920000076293945,16.0,4.38739087033443,0.999,11.858639378833637,1e-06,0.09617128044520884,4.29122320600086,3.447155671151289,0.027898734382682908,0
2024-04-01 00:00:00+00:00,7.920000076293945,15.550000190734863,4.486745462140059,0.999,12.640063774886892,1e-06,0.1955212715775444,4.29122340381358,3.558694650743734,0.054941851090450335,0
2024-04-02 00:00:00+00:00,7.920000076293945,15.989999771118164,4.389598801622535,0.999,12.961064521794118,1e-06,0.09837633388723721,4.291223215735974,3.6035134749463538,0.02730011544877094,0
2024-04-03 00:00:00+00:00,8.010000228881836,15.989999771118164,4.4795989542104255,0.999,13.09491669873637,1e-06,0.18837487744436623,4.291223388740306,3.6220384510694736,0.05200797285538067,0
2024-04-04 00:00:00+00:00,8.300000190734863,15.989999771118164,4.769598916063453,0.999,13.291147161008384,1e-06,0.47837279501894603,4.291223937751848,3.649026445953375,0.1310960065936059,0
2024-04-05 00:00:00+00:00,8.300000190734863,15.970000267028809,4.774014568079746,0.999,12.590062360028176,1e-06,0.48279058165966093,4.291223947531239,3.55166301923109,0.13593366798750567,0
2024-04-08 00:00:00+00:00,8.300000190734863,15.300000190734863,4.921942595424094,0.999,12.69746297436392,1e-06,0.6307171851569876,4.291224241462678,3.566750876704136,0.17683241890440166,0
2024-04-09 00:00:00+00:00,8.350000381469727,15.300000190734863,4.971942786158957,0.999,12.497315404664624,1e-06,0.680718037671064,4.291224343350778,3.5385823781142705,0.19237026722374123,0
2024-04-10 00:00:00+00:00,8.350000381469727,15.300000190734863,4.971942786158957,0.999,12.415054298855448,1e-06,0.6807184359422229,4.291224344730554,3.5269399117128066,0.19300539645758863,0
2024-04-11 00:00:00+00:00,8.350000381469727,15.300000190734863,4.971942786158957,0.999,12.504943109412874,1e-06,0.6807184346157417,4.291224346099664,3.539660287562673,0.19231179811452145,0
2024-04-12 00:00:00+00:00,8.350000381469727,15.369999885559082,4.956487688262057,0.999,12.51364942360862,1e-06,0.6652634899221215,4.291224316404111,3.540890038605305,0.18788030203393644,0
2024-04-15 00:00:00+00:00,8.350000381469727,15.100000381469728,5.016100359121467,0.999,12.472344336732613,1e-06,0.7248754378727084,4.2912244379647495,3.5350527829954044,0.20505363918738712,0
2024-04-16 00:00:00+00:00,8.399999618530273,15.100000381469728,5.066099596182013,0.999,12.52473666270085,1e-06,0.7748746513573836,4.291224539835816,3.5424555755134453,0.218739412489336,0
2024-04-17 00:00:00+00:00,8.399999618530273,15.100000381469728,5.066099596182013,0.999,12.514714151028931,1e-06,0.7748750485930361,4.291224541394132,3.54104080642441,0.21882691868085855,0
2024-04-18 00:00:00+00:00,8.300000190734863,15.100000381469728,4.966100168386603,0.999,12.597018009511286,1e-06,0.6748766128094091,4.291224343247456,3.5526433611049097,0.18996463878083034,0
2024-04-19 00:00:00+00:00,8.300000190734863,14.899999618530272,5.010257951909032,0.999,12.529370829278514,1e-06,0.7190331608390391,4.291224433261492,3.5431100280562906,0.2029384227826231,0
2024-04-22 00:00:00+00:00,8.300000190734863,14.899999618530272,5.010257951909032,0.999,12.572656966858487,1e-06,0.7190335114862748,4.29122443470098,3.5492134070025707,0.20258953999994117,0
2024-04-23 00:00:00+00:00,8.300000190734863,16.0,4.767390984775348,0.999,13.06394756304893,1e-06,0.47616886993494717,4.291223968370541,3.6177627623482627,0.13161970566192394,0
2024-04-24 00:00:00+00:00,8.300000190734863,15.800000190734863,4.811548557737859,0.999,12.733744857597852,1e-06,0.5203241506872073,4.291224056555295,3.5718350604560523,0.14567418200457785,0
2024-04-25 00:00:00+00:00,8.300000190734863,15.779999732971191,4.815964420314068,0.999,12.719581553807076,1e-06,0.5247403151838751,4.291224066320274,3.569852013075782,0.1469921759394612,0
2024-04-26 00:00:00+00:00,8.300000190734863,15.779999732971191,4.815964420314068,0.999,12.719968256414324,1e-06,0.5247403488301497,4.2912240673583515,3.5699063149918526,0.146989949463519,0
2024-04-29 00:00:00+00:00,8.300000190734863,15.199999809265137,4.944021487185307,0.999,12.856555031993304,1e-06,0.6527961680578005,4.291224319016649,3.5889857722427623,0.18188875896542417,0
2024-04-30 00:00:00+00:00,9.029999732971191,15.199999809265137,5.6740210294216356,0.999,15.476451316504022,1e-06,1.38279080140597,4.291225507011847,3.937094888115944,0.3512211010153454,0
2024-05-02 00:00:00+00:00,8.300000190734863,15.329999923706056,4.915319012119696,0.999,25.453030684039877,1e-06,0.624097229164411,4.291224758272998,5.047503989688407,0.12364472231015272,0
2024-05-03 00:00:00+00:00,8.199999809265137,15.199999809265137,4.844021105715581,0.999,19.5730408350343,1e-06,0.5527967994027851,4.291224667401601,4.42688464687132,0.12487264600252723,0
2024-05-06 00:00:00+00:00,8.199999809265137,15.199999809265137,4.844021105715581,0.999,19.51860294293981,1e-06,0.5527964347714108,4.2912246681138955,4.4207319286036695,0.12504635967510858,0
2024-05-07 00:00:00+00:00,8.989999771118164,15.199999809265137,5.634021067568608,0.999,24.40924705757728,1e-06,1.3427923456192583,4.291225483233076,4.943026997634319,0.27165385628318534,0
2024-05-08 00:00:00+00:00,8.430000305175781,15.220000267028809,5.069605739050016,0.999,29.950563327698966,1e-06,0.7783826089719309,4.2912250100611615,5.474927686239903,0.14217221734786276,0
2024-05-09 00:00:00+00:00,8.430000305175781,15.229999542236328,5.067398018321828,0.999,27.0768176681002,1e-06,0.7761730148768115,4.2912250087307475,5.205870581361084,0.14909571852511933,0
2024-05-10 00:00:00+00:00,8.430000305175781,15.229999542236328,5.067398018321828,0.999,27.076171931664092,1e-06,0.7761730060029474,4.291225009452294,5.205808657012017,0.14909749035002914,0
2024-05-13 00:00:00+00:00,8.430000305175781,15.229999542236328,5.067398018321828,0.999,27.023368872346403,1e-06,0.7761730052743238,4.291225010175287,5.200734728293591,0.1492429523566554,0
2024-05-14 00:00:00+00:00,8.430000305175781,15.229999542236328,5.067398018321828,0.999,27.098663491169425,1e-06,0.7761730045612913,4.2912250108963,5.207968637854898,0.1490356525804633,0
2024-05-15 00:00:00+00:00,8.430000305175781,15.890000343322754,4.921677711705668,0.999,27.27552841247298,1e-06,0.6304533659878149,4.291224877121173,5.224921363443101,0.12066274727096771,0
2024-05-16 00:00:00+00:00,8.430000305175781,15.890000343322754,4.921677711705668,0.999,27.021361024158953,1e-06,0.6304528316664387,4.291224877708046,5.20054197808473,0.12122829395920455,0
2024-05-17 00:00:00+00:00,8.430000305175781,15.890000343322754,4.921677711705668,0.999,27.05246204116201,1e-06,0.630452831080429,4.291224878294765,5.203531385780401,0.12115864868294182,0
2024-05-20 00:00:00+00:00,8.430000305175781,15.399999618530272,5.029864028663715,0.999,27.248174095211787,1e-06,0.738638650473082,4.291224978839213,5.222303317199432,0.1414392473222318,0
2024-05-21 00:00:00+00:00,8.430000305175781,15.5,5.007785136902501,0.999,27.21422834432352,1e-06,0.7165602562199971,4.291224959096251,5.219052326420951,0.13729700554878127,0
2024-05-22 00:00:00+00:00,8.300000190734863,15.5,4.877785022461583,0.999,27.284987830765584,1e-06,0.5865606564925263,4.2912248397925445,5.225826984539403,0.112242647570971,0
2024-05-23 00:00:00+00:00,8.880000114440918,15.199999809265137,5.524021410891362,0.999,32.01546588274293,1e-06,1.2327940420496586,4.291225348510592,5.660366306554653,0.21779403934019154,0
2024-05-24 00:00:00+00:00,8.880000114440918,16.200000762939453,5.303233124958975,0.999,31.521281924163237,1e-06,1.0120086483586905,4.291225173120411,5.616543756241197,0.18018352429536932,0
2024-05-27 00:00:00+00:00,8.880000114440918,15.600000381469728,5.435706054406424,0.999,31.66349227242007,1e-06,1.1444803535581247,4.29122527927953,5.629189561030159,0.20331174517219158,0
2024-05-28 00:00:00+00:00,8.850000381469727,15.720000267028809,5.379211777657726,0.999,31.668770659476973,1e-06,1.0879867171663702,4.291225235266134,5.629658471084002,0.19325980834444406,0
2024-05-29 00:00:00+00:00,8.850000381469727,15.720000267028809,5.379211777657726,0.999,30.99497426887933,1e-06,1.0879865379981155,4.291225236149994,5.569493613464283,0.19534747923364193,0
2024-05-31 00:00:00+00:00,8.789999961853027,15.720000267028809,5.319211358041027,0.999,31.441487748358018,1e-06,1.0279863564505727,4.291225188960893,5.609436120492401,0.18326019485187314,0
2024-06-03 00:00:00+00:00,8.789999961853027,15.399999618530272,5.389863685340961,0.999,31.180025077611365,1e-06,1.0986382085905333,4.291225246860733,5.586081982849323,0.19667420062283886,0
2024-06-04 00:00:00+00:00,8.600000381469727,15.399999618530272,5.19986410495766,0.999,32.21468054792217,1e-06,0.908639592164472,4.291225099170366,5.677936983572503,0.16002988317647102,0
2024-06-05 00:00:00+00:00,8.649999618530273,15.789999961853027,5.163755916821374,0.999,31.766636852983584,1e-06,0.8725309563689918,4.291225071260185,5.638344233412436,0.15474950096136983,0
2024-06-06 00:00:00+00:00,8.649999618530273,15.789999961853027,5.163755916821374,0.999,31.90179109377616,1e-06,0.8725308421376615,4.2912250719490235,5.650316888036454,0.15442157659955164,0
2024-06-07 00:00:00+00:00,8.649999618530273,15.789999961853027,5.163755916821374,0.999,31.90179109377616,1e-06,0.8725308414483507,4.291225072637979,5.650316976525304,0.15442157405918114,0
2024-06-10 00:00:00+00:00,8.649999618530273,15.789999961853027,5.163755916821374,0.999,31.90179109377616,1e-06,0.8725308407593679,4.291225073326962,5.650317065014154,0.15442157151886876,0
2024-06-11 00:00:00+00:00,8.649999618530273,15.789999961853027,5.163755916821374,0.999,31.802665766638885,1e-06,0.8725308400596843,4.2912250740181195,5.641538673804466,0.15466185565848092,0
2024-06-12 00:00:00+00:00,8.649999618530273,15.789999961853027,5.163755916821374,0.999,31.870351409570933,1e-06,0.8725308393757941,4.291225074707837,5.647534439996323,0.15449765710085023,0
2024-06-13 00:00:00+00:00,8.649999618530273,15.789999961853027,5.163755916821374,0.999,30.58394023487483,1e-06,0.8725308385418844,4.291225075426594,5.532470973824252,0.15771087506289405,0
2024-06-14 00:00:00+00:00,8.649999618530273,15.75,5.172587431413875,0.999,30.23501897102203,1e-06,0.8813623158057448,4.29122508351295,5.500846735942422,0.16022302712906744,0
2024-06-17 00:00:00+00:00,8.649999618530273,15.75,5.172587431413875,0.999,30.74859081958376,1e-06,0.8813623443122643,4.291225084235175,5.547331580217446,0.158880415127036,0
2024-06-18 00:00:00+00:00,8.640000343322754,15.25,5.272982193892592,0.999,30.88205142713271,1e-06,0.9817566990830998,4.291225166866676,5.559347917553666,0.17659565719626913,0
2024-06-19 00:00:00+00:00,8.609999656677246,15.25,5.242981507247084,0.999,30.878975842175755,1e-06,0.9517564580347339,4.291225143187012,5.559071386790308,0.17120781364605903,0
2024-06-20 00:00:00+00:00,8.899999618530273,15.75,5.422587431413875,0.999,31.220936545026763,1e-06,1.1313615641784345,4.291225288917026,5.589743856946104,0.20239953620997253,0
2024-06-21 00:00:00+00:00,8.800000190734863,15.300000190734863,5.421942595424094,0.999,31.004462952306344,1e-06,1.1307173045400933,4.2912252893129335,5.570346828835924,0.2029886718519442,0
2024-06-24 00:00:00+00:00,8.75,15.300000190734863,5.37194240468923,0.999,30.903336547986054,1e-06,1.080717313363437,4.291225249461321,5.561262301778258,0.19432949836188612,0
2024-06-25 00:00:00+00:00,8.75,15.300000190734863,5.37194240468923,0.999,30.956150405577027,1e-06,1.0807171508576248,4.291225250341016,5.566008735777486,0.19416375398603558,0
2024-06-26 00:00:00+00:00,8.75,15.300000190734863,5.37194240468923,0.999,30.956150405577027,1e-06,1.0807171499772408,4.291225251220879,5.566008825606618,0.19416375069427913,0
2024-06-27 00:00:00+00:00,8.75,15.300000190734863,5.37194240468923,0.999,30.778886808201968,1e-06,1.0807171490721699,4.291225252105843,5.550062310400872,0.1947216244846288,0
2024-06-28 00:00:00+00:00,8.600000381469727,15.510000228881836,5.175577281908342,0.999,31.333397657337336,1e-06,0.8843528101331917,4.291225095017968,5.5997949514652765,0.15792592725235172,0
2024-07-01 00:00:00+00:00,8.600000381469727,15.510000228881836,5.175577281908342,0.999,30.95434458830244,1e-06,0.8843521833158371,4.291225095737578,5.565846874411358,0.15888906095882593,0
2024-07-02 00:00:00+00:00,8.600000381469727,15.510000228881836,5.175577281908342,0.999,30.95313607392427,1e-06,0.8843521825935283,4.2912250964577545,5.565738398002188,0.1588921575816364,0
2024-07-03 00:00:00+00:00,8.600000381469727,15.359999656677246,5.208695619550162,0.999,30.859570873115327,1e-06,0.9174703851326527,4.291225124232985,5.5573266697365336,0.16509203789097193,0
2024-07-04 00:00:00+00:00,8.600000381469727,15.609999656677246,5.153498600707045,0.999,30.991615919669144,1e-06,0.8622736957664651,4.291225080081776,5.5691943547249565,0.15482916214531173,0
2024-07-05 00:00:00+00:00,8.600000381469727,15.609999656677246,5.153498600707045,0.999,30.95468824395946,1e-06,0.8622735171381529,4.291225080783876,5.565878105471726,0.15492138002276146,0
2024-07-08 00:00:00+00:00,8.600000381469727,15.609999656677246,5.153498600707045,0.999,30.95468824395946,1e-06,0.8622735164353059,4.291225081486149,5.5658781953029655,0.1549213773961092,0
2024-07-09 00:00:00+00:00,8.600000381469727,15.609999656677246,5.153498600707045,0.999,30.95468824395946,1e-06,0.8622735157330051,4.29122508218845,5.565878285134203,0.1549213747695552,0
2024-07-10 00:00:00+00:00,8.600000381469727,15.609999656677246,5.153498600707045,0.999,30.106998474544937,1e-06,0.8622735149324715,4.291225082910553,5.489199606088225,0.15708547271192322,0
2024-07-11 00:00:00+00:00,8.600000381469727,15.609999656677246,5.153498600707045,0.999,30.93594971138172,1e-06,0.8622735143064326,4.291225083613335,5.5641948700875625,0.15496824508104678,0
2024-07-12 00:00:00+00:00,8.600000381469727,15.609999656677246,5.153498600707045,0.999,30.933511229397748,1e-06,0.8622735136033479,4.2912250843162,5.563975833008638,0.15497434559076548,0
2024-07-15 00:00:00+00:00,8.600000381469727,15.399999618530272,5.19986410495766,0.999,30.613949581309154,1e-06,0.908638827473593,4.291225123216253,5.5351844072433325,0.16415692064108106,0
2024-07-16 00:00:00+00:00,8.600000381469727,15.399999618530272,5.19986410495766,0.999,31.078378939186265,1e-06,0.9086389780798413,4.291225123953641,5.576979180528981,0.1629267294474024,0
2024-07-17 00:00:00+00:00,8.600000381469727,15.600000381469728,5.1557063214352326,0.999,30.831521188605883,1e-06,0.8644813731308029,4.291225088579247,5.554803329502208,0.15562771926405414,0
2024-07-18 00:00:00+00:00,8.5600004196167,15.600000381469728,5.115706359582205,0.999,25.79631927195717,1e-06,0.8244814609712283,4.291225050319892,5.081401294198304,0.1622547429805595,0
2024-07-19 00:00:00+00:00,8.5600004196167,15.600000381469728,5.115706359582205,0.7879609914444511,0.13384468752279183,1e-06,0.8177049432348068,4.297872011215102,0.3974450304755285,2.05740386854618,-1
2024-07-22 00:00:00+00:00,8.5600004196167,15.600000381469728,5.115706359582205,0.9494910508184299,0.6465051655131323,1e-06,0.8177499109159185,4.297950042741916,0.8189194234812783,0.9985718832258391,-1
2024-07-23 00:00:00+00:00,8.5600004196167,15.600000381469728,5.115706359582205,0.999,8.176651224756647,1e-06,0.817756304219964,4.297950045283107,2.863699787272792,0.2855593689863503,-1
2024-07-24 00:00:00+00:00,8.5600004196167,17.5,4.696209100598479,0.008656899525835527,0.015617735442918458,0.02712623707454591,0.0977975469443417,4.597822915534061,0.16632255417786904,0.5879993091000444,-1
2024-07-25 00:00:00+00:00,8.5600004196167,17.5,4.696209100598479,0.6965640312608593,0.08162307402410336,1e-06,0.09698989207603564,4.5991827102984875,0.3060171459743071,0.3169426725003795,-1
2024-07-26 00:00:00+00:00,8.5600004196167,17.5,4.696209100598479,0.999,23.65845874059901,1e-06,0.09702638963747187,4.599182710396782,4.865233012555736,0.0199428042576944,-1
2024-07-29 00:00:00+00:00,8.4399995803833,16.6299991607666,4.768294072231857,0.6195943057442493,0.062371331692657385,1e-06,0.16123751240360418,4.606886886059768,0.2721591784371581,0.5924382684041433,-1
2024-07-30 00:00:00+00:00,8.4399995803833,16.6299991607666,4.768294072231857,0.8310673847073647,0.16264051686897651,1e-06,0.16105963287582734,4.607217639494248,0.41752707975220577,0.385746555580091,-1
2024-07-31 00:00:00+00:00,8.4399995803833,16.0,4.907390374423786,0.8485749019603803,0.18236696745008088,1e-06,0.2985116877041031,4.6087892467886,0.4404996259092603,0.6776661548529767,-1
2024-08-01 00:00:00+00:00,8.510000228881836,16.0,4.977391022922321,0.8683623184818309,0.20986337943040181,1e-06,0.3677560327190175,4.609582961476907,0.47066627381635556,0.7813519964732134,-1
2024-08-02 00:00:00+00:00,8.510000228881836,16.0,4.977391022922321,0.8708804053836111,0.21323202789183884,1e-06,0.36745312450385825,4.609915643672844,0.47422144636450686,0.7748555602468854,-1
2024-08-05 00:00:00+00:00,8.510000228881836,15.369999885559082,5.116487535674167,0.8542379587122612,0.188570880441132,1e-06,0.5047510952590314,4.611634488476035,0.4474487706714847,1.1280645480410043,-1
2024-08-06 00:00:00+00:00,8.510000228881836,15.550000190734863,5.076745614727949,0.8612726289311078,0.19612950584934016,1e-06,0.46484786457957894,4.611882290274021,0.45580380623549144,1.0198419982904112,-1
2024-08-07 00:00:00+00:00,8.510000228881836,15.550000190734863,5.076745614727949,0.8982722323669856,0.26521417908372547,1e-06,0.46463624895469424,4.612091550077652,0.5261542992188308,0.8830798297087545,-1
2024-08-08 00:00:00+00:00,8.510000228881836,15.550000190734863,5.076745614727949,0.8943750464188011,0.2546673066022685,1e-06,0.4644001468521728,4.612326213193576,0.5160296271329465,0.8999486123158734,-1
2024-08-09 00:00:00+00:00,8.510000228881836,15.550000190734863,5.076745614727949,0.87058999154454,0.20635197901663896,1e-06,0.46395635423158094,4.612760179244307,0.4668629129567459,0.9937742779636165,-1
2024-08-12 00:00:00+00:00,8.5600004196167,15.550000190734863,5.1267458054628126,0.9081325953626515,0.28615993598816863,1e-06,0.5136107068796731,4.613102752704789,0.5456800694950911,0.9412304674328839,-1
2024-08-13 00:00:00+00:00,8.5600004196167,15.550000190734863,5.1267458054628126,0.84340052589088,0.16652603710955438,1e-06,0.512725857768417,4.613971760308506,0.4220342606916335,1.214891551525123,-1
2024-08-14 00:00:00+00:00,8.5600004196167,15.550000190734863,5.1267458054628126,0.853460364208909,0.17689345647458943,1e-06,0.5120169640991612,4.614686440455094,0.43412622174544363,1.1794195753496548,-1
2024-08-15 00:00:00+00:00,8.5600004196167,16.0,5.027391213657184,0.832328343438794,0.154633123053027,1e-06,0.41288055559666303,4.614519335806647,0.4076539573905124,1.012821163909722,-1
2024-08-16 00:00:00+00:00,8.5600004196167,16.0,5.027391213657184,0.8361181764516354,0.15504372768719457,1e-06,0.4120111194639269,4.615336592481509,0.40813077135806064,1.0095076097618279,-1
2024-08-19 00:00:00+00:00,8.5600004196167,16.0,5.027391213657184,0.7207977936119724,0.08387356143483318,1e-06,0.40759205041602253,4.619663646631224,0.30866866063050913,1.3204840737101242,-1
2024-08-20 00:00:00+00:00,8.5600004196167,16.0,5.027391213657184,0.9170328947453704,0.2816400120754587,1e-06,0.40760196801830134,4.619777201710063,0.5413386859526693,0.7529518554562329,-1
2024-08-21 00:00:00+00:00,8.399999618530273,16.0,4.867390412570758,0.031521507911242724,0.01352306464100723,0.011682045624579309,0.09899597363684258,4.767740712790841,0.14906968711132532,0.6640919126831757,-1
2024-08-22 00:00:00+00:00,8.699999809265137,16.889999389648438,4.97088935098247,0.999,9.69655994839394,1e-06,0.2031467815885442,4.767741494275495,3.1153468479781266,0.06520839941799332,-1
2024-08-23 00:00:00+00:00,8.699999809265137,16.75,5.001799546776269,-0.5170691263069204,0.003156003927815275,0.0168006177666297,-0.02038335591667459,5.02133866558145,0.07853840148027218,-0.2595336234567318,0
2024-08-26 00:00:00+00:00,8.699999809265137,16.700000762939453,5.01283878209696,-0.002388229490694696,0.009972014664264223,0.009878937802550532,-0.0036559403480450527,5.016531845992148,0.12497782834984053,-0.02925271143143301,0
2024-08-27 00:00:00+00:00,8.800000190734863,16.700000762939453,5.1128391635666866,0.013609966787553327,0.010318949424966226,0.009555772149431253,0.0386832627880948,5.0737777861323226,0.12853496137996956,0.30095518272060623,0
2024-08-28 00:00:00+00:00,8.75,16.0,5.217390794040485,0.022744386430496706,0.01045080032556344,0.00955780435369167,0.05738499194786466,5.159457945252332,0.12969874037870718,0.4424483366631495,0
2024-08-29 00:00:00+00:00,8.720000267028809,16.0,5.1873910610692935,0.016874405114522772,0.010326440163163472,0.009696504838659543,0.011447127277467512,5.175841415808081,0.12916093524057237,0.0886268534378939,0
2024-08-30 00:00:00+00:00,8.619999885559082,16.0,5.087390679599567,0.028833517770868494,0.010585062074332272,0.009526971215064146,-0.03489723542498975,5.122626372234778,0.1305585838339904,-0.267291773548668,0
2024-09-02 00:00:00+00:00,8.850000381469727,16.0,5.3173911755102115,0.0161601520948839,0.010690088500275292,0.009476340836755482,0.07735766245839501,5.239297571416821,0.1309886857366539,0.5905675137005242,0
2024-09-03 00:00:00+00:00,8.75,16.0,5.217390794040485,0.018886756290230344,0.010388878736433484,0.009368799667526028,-0.007731942070070941,5.225212250945942,0.12938275687586698,-0.05976022042480635,0
2024-09-04 00:00:00+00:00,8.930000305175781,16.5,5.286997061530031,-0.02217901657606107,0.009890459752492491,0.009551999544112016,0.023769209857933595,5.262992663983788,0.12625852589152198,0.18825825575023328,0
2024-09-05 00:00:00+00:00,8.930000305175781,16.5,5.286997061530031,0.007621877258962502,0.010493192760602722,0.00895395169751111,0.00993056398320505,5.276973181495213,0.1292715058520066,0.07681943455175512,0
2024-09-06 00:00:00+00:00,8.930000305175781,16.5,5.286997061530031,0.005123490382984733,0.010406218478922272,0.009015883982373636,0.004077678111429355,5.282880569902882,0.12893251519045787,0.0316264528416734,0
2024-09-09 00:00:00+00:00,8.930000305175781,16.5,5.286997061530031,-0.00026390296616568635,0.01034068013066334,0.009029114561584773,0.0016553356181728063,5.2853257100351465,0.12853351524117257,0.012878630255049307,0
2024-09-10 00:00:00+00:00,8.949999809265137,16.5,5.306996565619387,0.00658750452257049,0.010488916345267519,0.008854170159130136,0.008864707507108827,5.298047122488108,0.1292556987636219,0.06858272085411321,0
2024-09-11 00:00:00+00:00,8.949999809265137,16.5,5.306996565619387,0.007623250634087401,0.010505476710690626,0.008835767331640798,0.0036985724827582876,5.303263275837729,0.12936643738607542,0.028589892073169126,0
2024-09-12 00:00:00+00:00,8.949999809265137,16.5,5.306996565619387,0.013562692514623635,0.0105718429704525,0.008751702863397158,0.0015648740282714938,5.305417250701595,0.1297348830137873,0.012062091489342848,0
2024-09-13 00:00:00+00:00,8.949999809265137,16.5,5.306996565619387,0.008357475722507486,0.010497088473957713,0.008792287900627164,0.0006530859858237895,5.306337352554258,0.129330082656859,0.005049760832184493,0
2024-09-16 00:00:00+00:00,8.949999809265137,16.5,5.306996565619387,0.012139617401518763,0.010576366894906639,0.008713286439077386,0.00027629224582076774,5.306717718051569,0.12971585220091694,0.002129980577800303,0
2024-09-17 00:00:00+00:00,8.949999809265137,16.5,5.306996565619387,0.017002575606634953,0.009834114726282357,0.008681394239485806,0.0001128139480876505,5.306882640548156,0.12582798786239716,0.0008965727737061286,0
2024-09-18 00:00:00+00:00,8.850000381469727,16.5,5.2069971378239766,-0.031218422610597388,0.009365762300632494,0.008709640100732198,-0.038853137780888475,5.246256752551719,0.12255560268985354,-0.3170245743820666,0
2024-09-19 00:00:00+00:00,8.850000381469727,16.5,5.2069971378239766,0.0628454714953579,0.011144133558555177,0.006984635996518556,-0.01958694630223403,5.226742636727929,0.13143430103702208,-0.14902461646383183,0
2024-09-20 00:00:00+00:00,8.699999809265137,16.299999237060547,5.101154349141814,0.05282093119520436,0.01090959325525057,0.007276318264793802,-0.05654168110251082,5.158219419185807,0.13080540246338734,-0.43225799575317186,0
2024-09-23 00:00:00+00:00,8.699999809265137,16.299999237060547,5.101154349141814,0.0061992857283527875,0.009766848955808398,0.007900101803128846,-0.023435482547681716,5.124827113447662,0.12479541767825224,-0.18779121047619807,0
2024-09-24 00:00:00+00:00,8.699999809265137,16.299999237060547,5.101154349141814,-0.011399615408414429,0.009768838105013958,0.007550524223339676,-0.009805090058878831,5.111061848055163,0.12409839850982528,-0.07901060913451297,0
2024-09-25 00:00:00+00:00,8.699999809265137,16.399999618530273,5.0790754573806005,0.0587482065777228,0.011145477012135613,0.006085398799789001,-0.015811975644454575,5.09502803088805,0.1305909878231037,-0.1210801442582945,0
2024-09-26 00:00:00+00:00,8.699999809265137,16.5,5.056996565619387,0.043943657473804215,0.010966387352957832,0.006114235842143519,-0.018414772489734214,5.07557663161161,0.1298319857117978,-0.14183540665095803,0
2024-09-27 00:00:00+00:00,8.699999809265137,16.5,5.056996565619387,0.05724179443933303,0.011271054782993449,0.005802152893698396,-0.009619137870524269,5.066693880804899,0.131176171590647,-0.0733299177272995,0
2024-09-30 00:00:00+00:00,8.699999809265137,16.5,5.056996565619387,0.057936899985932815,0.01128678703860614,0.0057864206380857045,-0.005021928383704268,5.06205920874723,0.13129020370224423,-0.03825059480518138,0
2024-10-01 00:00:00+00:00,8.699999809265137,16.5,5.056996565619387,0.05794273415639052,0.011285782717423518,0.005786228876490891,-0.0026202322477682956,5.059638042740559,0.13129982359175055,-0.019956098767621822,0
2024-10-02 00:00:00+00:00,8.699999809265137,16.5,5.056996565619387,0.05873418531760546,0.011279443275302536,0.00578488103401357,-0.0013677277051348795,5.0583753753423,0.13128124042638353,-0.010418302726975208,0
2024-10-03 00:00:00+00:00,8.699999809265137,16.65999984741211,5.021670507249379,0.05324184078442853,0.011193655256745498,0.005826129911167764,-0.017840238233219726,5.039673808221114,0.130840901586686,-0.13635062137966114,0
2024-10-04 00:00:00+00:00,8.699999809265137,16.1200008392334,5.140895848968198,0.05264196220931533,0.011291484142282001,0.0057473413001898985,0.04907804732207317,5.091363038659308,0.1312044744166435,0.3740577258533459,0
2024-10-07 00:00:00+00:00,8.699999809265137,16.1200008392334,5.140895848968198,0.058761748067557316,0.011316977966688381,0.005737407756500099,0.02576627026310105,5.1149214106702,0.13138666119705245,0.1961102445891143,0
2024-10-08 00:00:00+00:00,8.699999809265137,17.0,4.946602527933152,0.07082091351423896,0.011773555695798911,0.00542808971297115,-0.08449170767195467,5.031852343134575,0.13341944241104642,-0.6332788246232336,0
2024-10-09 00:00:00+00:00,8.699999809265137,17.0,4.946602527933152,0.087170215041073,0.011988417211393727,0.0053635132910394255,-0.047252277645901335,4.9942012510212885,0.13463412201549893,-0.3509680676675836,0
2024-10-10 00:00:00+00:00,8.699999809265137,17.0,4.946602527933152,0.0650064815424759,0.011180977866354426,0.005923219134270607,-0.02439693047861961,4.971196708927234,0.1311872349694109,-0.18597030789091845,0
2024-10-11 00:00:00+00:00,8.699999809265137,17.0,4.946602527933152,0.04774869173378258,0.010969319801383211,0.0059659815271120055,-0.012298886971891815,4.959005495263023,0.12987984278292083,-0.09469434754743264,0
2024-10-14 00:00:00+00:00,7.260000228881836,17.0,3.506602947549851,0.033146054812031034,0.019894445391963545,0.005698716379318056,-0.9170754901912229,4.428329930937998,0.16539060146061574,-5.54490691787952,1
2024-10-15 00:00:00+00:00,7.260000228881836,17.489999771118164,3.398416841151721,0.999,17.66486613716699,1e-06,-1.0299121564122047,4.4283296415166316,4.203855392143531,-0.2449922893011446,1
2024-10-16 00:00:00+00:00,7.260000228881836,17.489999771118164,3.398416841151721,0.09047415600291628,0.010477926542346349,0.02490720063717925,-0.3151716488568653,3.715838322695503,0.13667184496902518,-2.3060466398788626,1
2024-10-17 00:00:00+00:00,7.260000228881836,17.489999771118164,3.398416841151721,-0.013739139710214381,0.007163558897110393,0.024924204725774564,-0.05324715009535409,3.4524551648072013,0.11413311208248762,-0.466535513873228,1
2024-10-18 00:00:00+00:00,7.260000228881836,17.489999771118164,3.398416841151721,0.8458133615994773,0.03260063135404983,1e-06,-0.05374204922504734,3.4521862202847977,0.19645030352791287,-0.2735656207189893,1
2024-10-21 00:00:00+00:00,7.260000228881836,17.5,3.396208909863616,-0.5699454588325275,0.0014774570804278915,0.027915833363975465,0.017294478074571067,3.3791110066090826,0.06210311045649728,0.27848006239052564,0
2024-10-22 00:00:00+00:00,7.260000228881836,17.5,3.396208909863616,-0.08769653389042771,0.004529849209777087,0.024856279773819313,0.001218212224753783,3.3949331873352198,0.09153861936337779,0.013308177829489506,0
2024-10-23 00:00:00+00:00,7.260000228881836,16.209999084472656,3.681025729231622,-0.30269958326587926,0.0016648954028693184,0.025328433526010316,0.026658794426838352,3.653516583151241,0.05816034255772226,0.45836721818445897,0
2024-10-24 00:00:00+00:00,7.260000228881836,16.479999542236328,3.6214128478122953,0.5497220676784624,0.002010842900254588,0.024981674296696267,0.011953135422378473,3.609629546305064,0.06669971934177714,0.17920818168857972,0
2024-10-25 00:00:00+00:00,7.260000228881836,16.479999542236328,3.6214128478122953,-0.999,1e-06,0.025769208254482576,-0.008707854130070955,3.6300542263844355,0.04209806514292193,-0.20684689665684153,0
2024-10-28 00:00:00+00:00,7.260000228881836,16.399999618530273,3.6390758769972997,-0.5238478303438129,0.0005648925375783373,0.025210619538981887,0.004854261153202419,3.6342067720988243,0.03855466894467205,0.125905922319513,0
2024-10-29 00:00:00+00:00,7.260000228881836,16.399999618530273,3.6390758769972997,-0.5239168068766459,0.000563268346629406,0.02521709890770638,-0.0022014684391288954,3.6412509672277125,0.03632850554876498,-0.06059892654196275,0
2024-10-30 00:00:00+00:00,7.260000228881836,16.399999618530273,3.6390758769972997,-0.5275895241345392,0.0005575792499230937,0.02522278800441269,0.0010213213220337213,3.6380665874638054,0.035732343767124156,0.0285825449539472,0
2024-10-31 00:00:00+00:00,7.260000228881836,16.399999618530273,3.6390758769972997,-0.5552971294995497,0.0004898025620072959,0.025229751625890272,-0.0005039205745570089,3.639574095362603,0.034013577826950074,-0.014815276920316688,0
2024-11-01 00:00:00+00:00,7.260000228881836,16.399999618530273,3.6390758769972997,-0.5791126348519626,0.00047318549941670427,0.025184068618698093,0.0002607814511367401,3.6388179676273165,0.033580177128783785,0.007765934352776451,0
2024-11-04 00:00:00+00:00,7.260000228881836,16.399999618530273,3.6390758769972997,-0.5513928275087684,0.0005133612466225442,0.02514389287149225,-0.00012810246543015018,3.639202514455535,0.03440728247518,-0.0037231206946540473,0
2024-11-05 00:00:00+00:00,7.260000228881836,16.399999618530273,3.6390758769972997,-0.5672365564641987,0.00047653144354850807,0.025111701047994383,6.4885033167029e-05,3.639011718745667,0.03357112797418724,0.001932762974688219,0
2024-11-06 00:00:00+00:00,7.260000228881836,16.399999618530273,3.6390758769972997,-0.5744683758423472,0.0004793088085928618,0.025061390399122828,-3.332171660054725e-05,3.639108827717111,0.033641791529799854,-0.0009904857941655965,0
2024-11-07 00:00:00+00:00,7.260000228881836,16.049999237060547,3.716351787601631,-0.6300132512438272,0.00039675432056113626,0.025114338094035862,0.0030171665839647268,3.7130531134288445,0.03179914961709895,0.0948819896222113,0
2024-11-08 00:00:00+00:00,7.260000228881836,16.049999237060547,3.716351787601631,0.7202948715106618,1e-06,0.024330913505454244,0.0021677549358667726,3.714179453571415,0.017894033533285007,0.12114400768471197,0
2024-11-11 00:00:00+00:00,7.260000228881836,16.0,3.727391022922321,0.999,1e-06,0.023478718596581398,0.0021656773888954284,3.725178697295941,0.017904143677800854,0.12095956265032812,0
2024-11-12 00:00:00+00:00,7.260000228881836,16.0,3.727391022922321,0.21342694628287637,1e-06,0.023469654696749966,0.0004583536572721914,3.7269253367862314,0.004054639356128084,0.11304424808570132,0
2024-11-13 00:00:00+00:00,7.46999979019165,16.100000381469727,3.9153116924709215,0.6715049501022353,1e-06,0.023619084319177874,0.0002876221720948027,3.9142345366616835,0.00299365315195504,0.09607732008197666,0
2024-11-14 00:00:00+00:00,8.199999809265137,16.100000381469727,4.645311711544408,0.999,1.335768541153013,1e-06,0.7309674450699276,3.91428956537184,1.1558447450437557,0.6324097143706408,0
2024-11-18 00:00:00+00:00,8.199999809265137,16.100000381469727,4.645311711544408,-0.999,1e-06,0.029652818930179084,-0.7149154944406492,5.355402559439355,0.014380094612043481,-49.715632179631136,1
2024-11-19 00:00:00+00:00,8.199999809265137,16.100000381469727,4.645311711544408,0.11676117865242468,1e-06,0.029651288098779826,-0.0830546917443559,4.730454384146225,0.00218907952656582,-37.94046343974094,1
2024-11-21 00:00:00+00:00,8.199999809265137,16.100000381469727,4.645311711544408,0.023603334121846346,1e-06,0.02960279653099213,-0.0019629100200969163,4.647553689303414,0.0014149504525176615,-1.3872641381924398,1
2024-11-22 00:00:00+00:00,8.199999809265137,16.100000381469727,4.645311711544408,0.1988749626808766,1e-06,0.029406766548426087,-0.00039042624772758853,4.645708391506564,0.0014281490892661727,-0.27337919455468174,1
2024-11-25 00:00:00+00:00,8.199999809265137,16.100000381469727,4.645311711544408,0.0964973856509311,1e-06,0.029403955903286084,-3.7686142706803004e-05,4.645350610317588,0.0014176221757756192,-0.0265840527545246,1
2024-11-26 00:00:00+00:00,7.449999809265137,16.100000381469727,3.895311711544408,-0.2979815156062132,0.0003080304680138465,0.03138621701034819,-0.007241509977110301,3.9049047999962774,0.024762234649853304,-0.2924416992047687,1
2024-11-27 00:00:00+00:00,9.039999961853027,16.149999618530273,5.474272628811608,-0.4159420839462828,0.007696618187111284,0.02696459320554188,0.3508138151214477,5.1190428030725705,0.11703510552165679,2.9975092820036915,0
2024-11-28 00:00:00+00:00,9.039999961853027,16.149999618530273,5.474272628811608,0.999,16.322115193380974,1e-06,0.3552297718593849,5.119042827747885,4.040825670338439,0.08791019480670462,0
2024-11-29 00:00:00+00:00,9.039999961853027,16.149999618530273,5.474272628811608,-0.022262758534811678,0.0078095005967746415,0.03734562017821631,0.04803841178033209,5.425530252998418,0.11999016204457132,0.40035292028764685,0
2024-12-02 00:00:00+00:00,9.039999961853027,16.0,5.507390755893512,-0.02225030500057662,0.007814066307295274,0.03734418421219544,0.011580044313288981,5.495651876930663,0.12006972793397233,0.09644432874585154,0
2024-12-03 00:00:00+00:00,9.09000015258789,16.0,5.5573909466283755,-0.02011374911329209,0.007840962411392413,0.037342392131507425,0.009232197570295649,5.54804008105626,0.12027628293642378,0.07675825478557272,0
2024-12-04 00:00:00+00:00,9.09000015258789,16.0,5.5573909466283755,-0.021000233233431167,0.007819379715461814,0.03737199199359814,0.0012599527425830228,5.556112732237571,0.12012104054839429,0.01048902620915454,0
2024-12-05 00:00:00+00:00,9.09000015258789,16.0,5.5573909466283755,-0.021043847998375255,0.007777755450209535,0.03737632483454131,0.0001713794647283571,5.557217068333684,0.11982178705894869,0.001430286335522968,0
2024-12-06 00:00:00+00:00,9.09000015258789,17.200000762939453,5.292445087733478,-0.02231442618570142,0.008046741856283521,0.037393238015045085,-0.041352085769606764,5.334301636071614,0.12172399460866615,-0.33972008479142285,0
2024-12-09 00:00:00+00:00,9.09000015258789,17.200000762939453,5.292445087733478,0.03886372122081292,0.008579284857486756,0.037065271743473203,-0.008043973978220025,5.3005663629031385,0.12584554489073363,-0.06391941792778018,0
2024-12-10 00:00:00+00:00,9.09000015258789,17.200000762939453,5.292445087733478,-0.020627071109079447,0.0077477358183329105,0.03776012077144464,-0.0010639086839627646,5.293524563518018,0.11969193089468409,-0.008888725213221673,0
2024-12-11 00:00:00+00:00,9.09000015258789,17.200000762939453,5.292445087733478,-0.012889792392566168,0.007858527959012087,0.0376393826842619,-0.00015196895021347213,5.2925991422556615,0.12047460928283218,-0.0012614189090806866,0
2024-12-12 00:00:00+00:00,9.09000015258789,16.049999237060547,5.546351711307686,-0.01377151830561743,0.008115592706981686,0.037643903968557955,0.0394735743111912,5.506397264438987,0.12229319992010877,0.32277816212985144,0
2024-12-13 00:00:00+00:00,9.09000015258789,16.049999237060547,5.546351711307686,0.019950110379703692,0.008404076199539867,0.03762235194239416,0.006926656353783941,5.539350826754438,0.12455724107812034,0.05561022622072732,0
2024-12-16 00:00:00+00:00,9.09000015258789,16.049999237060547,5.546351711307686,-0.01272112433894224,0.007872437329121526,0.038153990812812504,0.0009673881620951377,5.545371069453252,0.1206659205984213,0.008017078536321998,0
2024-12-17 00:00:00+00:00,7.28000020980835,16.049999237060547,3.7363517685281447,-0.004758689541296366,0.021382771016318566,0.038195014904260985,-0.5825590176482096,4.321631137348642,0.18939259680060103,-3.07593341814489,1
2024-12-18 00:00:00+00:00,7.28000020980835,16.200000762939453,3.703233220326407,0.999,15.430418251745893,1e-06,-0.6183974848413819,4.321630941201471,3.930017999728304,-0.15735232889114856,1
2024-12-19 00:00:00+00:00,7.0,16.299999237060547,3.4011545398766776,-0.5575276788753384,0.002277632357250107,0.07157061254279713,0.17191811227547008,3.2303949636061158,0.08403776346964027,2.0457245073826567,0
2024-12-20 00:00:00+00:00,7.0,16.200000762939453,3.4232330105180573,-0.5483902907729196,0.0022631211776663494,0.07183530250910625,-0.07311667070650082,3.4960147636198786,0.07415838315796291,-0.9859528699642337,0
2024-12-23 00:00:00+00:00,7.0,16.950000762939453,3.2576419539887054,-0.6232686145624423,0.0018292712951295848,0.07232285265590489,0.028097255969116924,3.229887394563512,0.06783767809382563,0.4141836330284755,0
2024-12-26 00:00:00+00:00,7.0,16.950000762939453,3.2576419539887054,-0.6151178125964634,0.0018607590038946433,0.07236488960458853,-0.014739032838401653,3.2723258196013267,0.06715740072001523,-0.21946997174369362,0
2024-12-27 00:00:00+00:00,8.390000343322754,16.920000076293945,4.654266091175773,-0.18314546843430485,0.011002229675303107,0.07172158823647358,0.18701344683613313,4.465660336546298,0.14334039607570567,1.304680689854948,-1
2024-12-30 00:00:00+00:00,8.890000343322754,16.899999618530273,5.158681953751983,0.999,5.426058781448787,1e-06,0.693003234973258,4.46566939015797,2.3314753207855428,0.29723807444797007,-1
2025-01-02 00:00:00+00:00,8.890000343322754,16.899999618530273,5.158681953751983,-0.999,1e-06,0.09917740326793932,-0.4982155198174851,5.655892256602489,0.08364003558204175,-5.956663173926917,0
2025-01-03 00:00:00+00:00,8.890000343322754,16.889999389648438,5.1608898850400875,-0.999,1e-06,0.09917742197740566,0.38886672624790886,4.772803151244674,0.07384095369405551,5.266274428944898,-1
2025-01-06 00:00:00+00:00,8.890000343322754,16.889999389648438,5.1608898850400875,-0.999,1e-06,0.09917744034548821,-0.31874099054447463,5.478989715475283,0.06682697652610546,-4.769645540075584,0
2025-01-07 00:00:00+00:00,8.890000343322754,16.889999389648438,5.1608898850400875,-0.999,1e-06,0.09916838046608999,0.27003008766012415,4.8914030212056705,0.06148703862219967,4.391658692806695,-1
2025-01-08 00:00:00+00:00,8.890000343322754,16.899999618530273,5.158681953751983,-0.999,1e-06,0.09915917830345439,-0.2343680930300198,5.392580743329011,0.057246030054084955,-4.094049715038637,0
2025-01-09 00:00:00+00:00,8.890000343322754,17.889999389648438,4.940101809667618,-0.999,1e-06,0.09935372246939551,0.1942805032576584,4.746430980523641,0.0537786347974366,3.6125964147181904,-1
2025-01-10 00:00:00+00:00,8.890000343322754,17.889999389648438,4.940101809667618,-0.999,1e-06,0.09952165892787206,-0.1739796995772666,5.113732971002209,0.050874645163907994,-3.419772246405623,0
2025-01-13 00:00:00+00:00,8.890000343322754,17.979999542236328,4.920230849194509,-0.999,1e-06,0.09951713256559663,0.15657285055827355,4.763991805963628,0.048392657416691943,3.2354670918375175,-1
2025-01-14 00:00:00+00:00,8.890000343322754,18.0,4.915814986618299,-0.999,1e-06,0.09951895915563733,-0.14321393103060195,5.058746272155701,0.04623964254901214,-3.0972110322609225,0
2025-01-15 00:00:00+00:00,8.890000343322754,18.0,4.915814986618299,-0.999,1e-06,0.09951891814406817,0.1318028627709174,4.784276347055702,0.04434884051209435,2.9719573555699506,-1
2025-01-16 00:00:00+00:00,8.890000343322754,18.0,4.915814986618299,-0.999,1e-06,0.0987850975399552,-0.1220055825343334,5.037574177347667,0.042659562286491925,-2.8599820531437157,0
2025-01-17 00:00:00+00:00,8.890000343322754,18.0,4.915814986618299,-0.999,1e-06,0.09803895354996722,0.11350091408211757,4.802545028307187,0.04113788553908945,2.759036168114872,-1
2025-01-20 00:00:00+00:00,7.159999847412109,16.56999969482422,3.50154150586946,-0.3235051273608727,0.005103339310152356,0.10131415272184706,-0.10394594237604819,3.606641299385908,0.1003686694360638,-1.035641330706921,0
2025-01-21 00:00:00+00:00,7.0,18.0,3.0258146432955453,-0.999,1e-06,0.12113471749600972,0.05572372627702947,2.9705758901620563,0.06530919421929705,0.8532294257056483,0
2025-01-22 00:00:00+00:00,6.900000095367432,16.700000762939453,3.2128390681992545,0.2755758258407727,1e-06,0.12138432546660581,0.013801356392589111,3.1988544457582035,0.017889270827419517,0.7714879228858945,0
2025-01-23 00:00:00+00:00,6.900000095367432,16.700000762939453,3.2128390681992545,0.17207385048327425,1e-06,0.12146098768700854,0.002370607260664747,3.210458935498884,0.0033808098332002274,0.7011950915975547,0
2025-01-24 00:00:00+00:00,6.900000095367432,17.5,3.036208776349212,0.23082781654945114,1e-06,0.1213153710754921,0.0005484394434667103,3.035804176390967,0.0015986597833933984,0.34306201304605544,0
2025-01-27 00:00:00+00:00,7.889999866485596,16.799999237060547,4.180760368676038,-0.4835382292832192,0.001477292662572391,0.12395530829254926,0.013211091922714543,4.166637737156643,0.054199188448402866,0.24375073319209165,0
2025-01-28 00:00:00+00:00,8.449999809265137,16.799999237060547,4.740760311455579,-0.999,1e-06,0.13777260123528776,-0.0012885804080427481,4.741640474577455,0.037419410709042825,-0.034436149143614064,0
2025-01-29 00:00:00+00:00,8.920000076293945,16.799999237060547,5.210760578484388,0.08869638199606832,1e-06,0.14223476824696238,-0.0004800149229613749,5.210913814882773,0.003594501597643287,-0.133541440981997,0
2025-01-30 00:00:00+00:00,7.5,16.299999237060547,3.9011545398766776,-0.7199535037872329,0.000520501669760551,0.14463461376866635,-0.004478132976037601,3.9065337662293027,0.032329724551119515,-0.13851441786820085,0
2025-01-31 00:00:00+00:00,7.610000133514404,17.440000534057617,3.7594559811049795,-0.999,1e-06,0.153824445644781,0.0034558633640114304,3.756097191027304,0.022773211126796516,0.15175125478659554,0
2025-02-03 00:00:00+00:00,6.739999771118164,17.440000534057617,2.8894556187087392,0.999,1e-06,0.1579125598148533,0.003446058126341082,2.8865598576839644,0.02277244861526767,0.15132576143044582,0
2025-02-04 00:00:00+00:00,6.699999809265137,17.440000534057617,2.849455656855712,0.5727027906682045,1e-06,0.16111359871681202,0.0020039898640146795,2.8474758773882654,0.013102057115534338,0.15295230713340935,0
2025-02-05 00:00:00+00:00,6.349999904632568,20.0,1.934238397183174,0.999,1e-06,0.16458721850328006,0.0019978107227075588,1.9327959901274738,0.013127175632711046,0.15218892308634158,0
2025-02-06 00:00:00+00:00,6.360000133514404,22.88999938964844,1.306161222996919,0.5841616011399534,1e-06,0.17392006693437984,0.001313465654065406,1.305208250903438,0.007775185983839055,0.16893044832567114,0
2025-02-07 00:00:00+00:00,6.360000133514404,23.96999931335449,1.0677101184394466,0.999,1e-06,0.1766361354220998,0.0013109134086008618,1.0665342503998425,0.00783164508544005,0.16738672326175813,0
2025-02-10 00:00:00+00:00,6.360000133514404,18.90999984741211,2.184897661910589,0.999,1e-06,0.18033850661912204,0.0013154200769328263,2.182963510687518,0.007887588405381734,0.16677088221734665,0
2025-02-11 00:00:00+00:00,6.360000133514404,18.059999465942383,2.372567610201155,0.11218811647512282,1e-06,0.18805445384880407,0.00014244631486944121,2.372324551642193,0.001664425636341314,0.08558286519941019,0
2025-02-12 00:00:00+00:00,6.360000133514404,18.96999931335449,2.1716504953017948,0.6197027770437364,1e-06,0.18805008533517814,8.765464591582289e-05,2.1716694865813198,0.0016370259936351373,0.0535450544198014,0
2025-02-13 00:00:00+00:00,6.230000019073486,18.299999237060547,2.1895784082052243,0.5999289212073489,1e-06,0.1880743251255684,5.264317719216029e-05,2.1895162808778306,0.0016138780345712777,0.03261905550758971,0
2025-02-14 00:00:00+00:00,6.230000019073486,18.11000061035156,2.231527839319714,0.5827860788581835,1e-06,0.18812059883471705,3.0815699592381905e-05,2.231474731525839,0.0015953007656275158,0.019316545353916675,0
2025-02-17 00:00:00+00:00,6.230000019073486,16.90999984741211,2.4964736982146105,0.6141204953623411,1e-06,0.18850481773656963,1.981491617356641e-05,2.496313463783453,0.0016070717126329213,0.012329826987684915,0
2025-02-18 00:00:00+00:00,6.230000019073486,16.610000610351562,2.562709952378418,0.551284473356626,1e-06,0.18906156965907356,1.1137154651935301e-05,2.5626637393648797,0.0015751182177441013,0.0070706785855642225,0
2025-02-19 00:00:00+00:00,6.230000019073486,16.790000915527344,2.5229680314322,0.5857632305629885,1e-06,0.18898312392505717,6.3892505985554144e-06,2.5229826281864827,0.0015837157345508996,0.004034341807159754,0
2025-02-20 00:00:00+00:00,6.230000019073486,16.360000610351562,2.6179069712215353,0.6149793104843233,1e-06,0.18876662592095567,4.252296312863905e-06,2.6178524879252314,0.0016032409540698382,0.002652312680804106,0
2025-02-21 00:00:00+00:00,6.230000019073486,16.299999237060547,2.631154558950164,0.5941100509321462,1e-06,0.1888046340966328,2.5700653855548187e-06,2.6311449523060566,0.0015982147648941837,0.001608085122230103,0
2025-02-24 00:00:00+00:00,6.230000019073486,16.25,2.6421937942708538,0.6040908017013931,1e-06,0.18879097494194805,1.5892890514875233e-06,2.642186359612822,0.0016022479302187703,0.000991912063990323,0
2025-02-25 00:00:00+00:00,5.809999942779541,16.030000686645508,2.270766942955712,0.6029370934295868,1e-06,0.18908550369612004,-2.6815406592131705e-07,2.270963432175284,0.0016030366497259243,-0.00016727881172720792,0
2025-02-26 00:00:00+00:00,6.300000190734863,15.550000190734863,2.866745576580976,0.9761087864566337,1e-06,0.18926240840399305,2.768731909438695e-06,2.8664283499943646,0.0018696556476113482,0.0014808779964246342,0
2025-02-27 00:00:00+00:00,6.300000190734863,16.010000228881836,2.7651830534872435,0.6086296541935352,1e-06,0.1904743298743884,1.4696267584864745e-06,2.7652346829200063,0.0017101020197919227,0.0008593795817312068,0
2025-02-28 00:00:00+00:00,6.480000019073486,16.0,2.947390813113971,0.8748688817639148,1e-06,0.19048506119786424,2.039918835302217e-06,2.9472932471432136,0.0018635883099629848,0.0010946188191869129,0
2025-03-05 00:00:00+00:00,6.480000019073486,16.450000762939453,2.848036010748426,0.8588979437934429,1e-06,0.19054186984562957,1.3874761065659169e-06,2.848086661385349,0.0019555856115517885,0.0007094939226234807,0
2025-03-06 00:00:00+00:00,6.449999809265137,16.450000762939453,2.8180358009400766,0.8548207254503729,1e-06,0.1905683029800639,1.0836782063099349e-06,2.8180504703442146,0.002015881194700148,0.0005375704724856696,0
2025-03-07 00:00:00+00:00,6.300000190734863,16.450000762939453,2.668036182409803,0.870642442687356,1e-06,0.19063261785610855,4.284079611738049e-07,2.6681143644867715,0.002079037436713295,0.0002060607248376757,0
2025-03-10 00:00:00+00:00,6.300000190734863,16.450000762939453,2.668036182409803,0.8644305850619992,1e-06,0.19066365442998973,3.700775039513455e-07,2.6680358534883752,0.002117221413184478,0.00017479395477807777,0
2025-03-11 00:00:00+00:00,6.300000190734863,15.800000190734863,2.8115485577378587,0.8535615841557597,1e-06,0.19080251277434432,7.403760230364003e-07,2.8114726813763222,0.0021301000904752746,0.0003475780440304123,0
2025-03-12 00:00:00+00:00,6.300000190734863,16.299999237060547,2.701154730611541,0.8597630313913313,1e-06,0.19081899078742343,3.0518972179500145e-07,2.7012121777947335,0.002148200016897992,0.00014206764705071385,0
2025-03-13 00:00:00+00:00,6.300000190734863,15.84000015258789,2.8027170431453565,0.8932265192745461,1e-06,0.19081616085923625,6.209391302233657e-07,2.802663283211675,0.002209988625720917,0.0002809693783020309,0
2025-03-14 00:00:00+00:00,6.300000190734863,15.84000015258789,2.8027170431453565,0.8692641741026634,1e-06,0.19089548386276312,5.399157931180791e-07,2.8027164753796687,0.0022214555617938387,0.00024304595707604155,0
2025-03-17 00:00:00+00:00,5.659999847412109,16.8700008392334,1.9353048305858187,0.999,1e-06,0.19372504620315756,-3.917251460275657e-06,1.9357560381498504,0.0024345418252961284,-0.001609030257592382,0
2025-03-18 00:00:00+00:00,5.659999847412109,16.1299991607666,2.0986883769469,0.7487167158713033,1e-06,0.19550852709324332,-2.8717868612398173e-06,2.098607995221136,0.0021821911132994557,-0.001316010703067019,0
2025-03-19 00:00:00+00:00,5.659999847412109,16.049999237060547,2.1163514061319044,0.8501492654488534,1e-06,0.19572447329020484,-2.394278525982357e-06,2.1163447429616777,0.002172318576061202,-0.0011021765188435702,0
2025-03-20 00:00:00+00:00,5.659999847412109,16.780000686645508,1.9551757910589278,0.8708404265316728,1e-06,0.19574781742147135,-2.5636702563232365e-06,1.9552606041961607,0.002195524123836573,-0.0011676802948734383,0
2025-03-21 00:00:00+00:00,5.659999847412109,16.5,2.0169966037663594,0.8808150771585457,1e-06,0.19574629251477818,-2.0693246470977556e-06,2.016967165507564,0.0022279905055583127,-0.0009287852178612417,0
2025-03-24 00:00:00+00:00,5.659999847412109,16.5,2.0169966037663594,0.8628655865050446,1e-06,0.19579665996154283,-1.7854643987948315e-06,2.0169983733000554,0.002225151657117686,-0.0008024012175006551,0
2025-03-25 00:00:00+00:00,5.659999847412109,16.299999237060547,2.061154387288787,0.8729048742472004,1e-06,0.19583439865557226,-1.4319772786277458e-06,2.0611332939619813,0.0022384687612265683,-0.0006397128713304421,0
2025-03-26 00:00:00+00:00,5.659999847412109,16.979999542236328,1.9110184286563339,0.8905839441459692,1e-06,0.19584370250643063,-1.741944584072703e-06,1.9110967417045652,0.002276198008166106,-0.0007652869292668251,0
2025-03-27 00:00:00+00:00,5.710000038146973,16.649999618530273,2.033878667419319,0.928218347205057,1e-06,0.19583507108771975,-1.164876896561764e-06,2.0338171991489475,0.002366932375441772,-0.0004921462516834042,0
2025-03-28 00:00:00+00:00,5.710000038146973,16.780000686645508,2.005175981793791,0.8961546375328948,1e-06,0.1959126882343657,-1.1274478053207696e-06,2.0051917131042414,0.002386656484033898,-0.0004723963473013807,0
2025-03-31 00:00:00+00:00,5.710000038146973,16.780000686645508,2.005175981793791,0.9114953985617373,1e-06,0.19590391034068239,-1.027710079938292e-06,2.005177017001719,0.002429332049087161,-0.00042304224337074933,0
2025-04-01 00:00:00+00:00,5.710000038146973,16.780000686645508,2.005175981793791,0.9090393453165747,1e-06,0.1959137225111978,-9.342292045992623e-07,2.0051769160744857,0.002459774899190189,-0.00037980272296738647,0
2025-04-02 00:00:00+00:00,5.71999979019165,16.780000686645508,2.015175733838469,0.8926798075114692,1e-06,0.1958529716782094,-8.076277249839604e-07,2.015171441007742,0.0024545103790692144,-0.00032903821954512343,0
2025-04-03 00:00:00+00:00,5.71999979019165,16.780000686645508,2.015175733838469,0.9215317369999002,1e-06,0.1957462676617694,-7.442382077001537e-07,2.0151764755060433,0.0025033997834623426,-0.00029729099307935163,0
2025-04-04 00:00:00+00:00,5.71999979019165,16.739999771118164,2.0240074589908876,0.9114719998956058,1e-06,0.19567546097266125,-6.524133417158166e-07,2.02400360261219,0.0025250211144837898,-0.000258379360859006,0
2025-04-07 00:00:00+00:00,5.71999979019165,15.369999885559082,2.326487096983981,0.975164653283554,1e-06,0.19612925163467917,7.043353113560507e-07,2.3263323235728985,0.002666838423345093,0.00026410873084413655,0
2025-04-08 00:00:00+00:00,5.71999979019165,15.43000030517578,2.31323971981527,0.8692476036117838,1e-06,0.19659007944145246,5.919014452032128e-07,2.3132457812705116,0.0025725852121747063,0.0002300804041016995,0
2025-04-09 00:00:00+00:00,5.510000228881836,15.43000030517578,2.1032401585054554,0.8827090985770772,1e-06,0.1967156122986931,7.61961014576762e-08,2.1033467295416997,0.0025253827288871976,3.017210048444886e-05,0
2025-04-10 00:00:00+00:00,5.510000228881836,16.899999618530273,1.7786818393110648,0.37746937823815807,1e-06,0.1895222049586995,4.797958483771263e-07,1.7788524832531514,0.001663192991565177,0.0002884787579134794,0
2025-04-11 00:00:00+00:00,5.510000228881836,16.93000030517578,1.7720580454467507,0.999,1e-06,0.18024985760260015,4.4173248594611477e-07,1.7720613692375753,0.0019397615190908306,0.0002277251515707743,0
2025-04-14 00:00:00+00:00,5.510000228881836,15.760000228881836,2.0303801104773336,0.9033213091082254,1e-06,0.1805468647257255,1.484090652993537e-06,2.030235709962714,0.002062597897971301,0.0007195249517384056,0
2025-04-15 00:00:00+00:00,5.510000228881836,15.760000228881836,2.0303801104773336,0.822828226436192,1e-06,0.180879075555428,1.2215675275602813e-06,2.030378809840187,0.0020501992696565843,0.0005958286814553876,0
2025-04-16 00:00:00+00:00,5.510000228881836,15.920000076293944,1.9950540521073257,0.8590344075110642,1e-06,0.1808775067296575,9.2990864728089e-07,1.9950726307566573,0.002088983980924548,0.00044514876886194625,0
2025-04-17 00:00:00+00:00,5.510000228881836,16.040000915527344,1.968559297769902,0.8574613098168662,1e-06,0.18088185044931043,7.110966892974126e-07,1.968573228660775,0.002115003027849227,0.0003362154474173664,0
2025-04-22 00:00:00+00:00,5.510000228881836,16.8700008392334,1.7853052120555453,0.8706983191170465,1e-06,0.18102402793920477,3.02374224944152e-09,1.785406336693389,0.0021524668609652635,1.4047799314715289e-06,0
2025-04-23 00:00:00+00:00,6.610000133514404,16.8700008392334,2.8853051166881136,0.999,1e-06,0.18433485562670593,5.943743960495734e-06,2.884703137500465,0.0023718865086945077,0.002505914148382751,0
2025-04-24 00:00:00+00:00,6.599999904632568,16.8700008392334,2.8753048878062777,0.2696864407725518,1e-06,0.1892333326141127,1.598528037108048e-06,2.875308251278959,0.0015285422141925282,0.0010457859928667333,0
2025-04-25 00:00:00+00:00,6.599999904632568,16.8700008392334,2.8753048878062777,0.999,1e-06,0.18922409186021852,1.5969033561794016e-06,2.8753032935215836,0.001825859931338487,0.000874603428647868,0
2025-04-28 00:00:00+00:00,6.260000228881836,16.5,2.616996985236086,0.999,1e-06,0.18947162485744545,2.359020532550597e-07,2.617132935552618,0.0020806475050866463,0.00011337915369054107,0
2025-04-29 00:00:00+00:00,6.400000095367432,16.299999237060547,2.8011546352441092,0.999,1e-06,0.1894817522218955,1.203103882898811e-06,2.8010564167221053,0.002307040081783635,0.0005214924059614339,0
2025-04-30 00:00:00+00:00,6.400000095367432,16.399999618530273,2.7790757434828954,0.999,1e-06,0.1896123196716526,1.0865321324535256e-06,2.7790862377403953,0.002512725246632738,0.00043241183408714083,0
2025-05-02 00:00:00+00:00,6.400000095367432,16.399999618530273,2.7790757434828954,0.999,1e-06,0.18961172560209305,1.0853848862300394e-06,2.779074664198604,0.0027024360648237717,0.00040163203132090314,0
2025-05-05 00:00:00+00:00,6.400000095367432,16.399999618530273,2.7790757434828954,0.999,1e-06,0.18961172560209305,1.0842994750744523e-06,2.7790746591860627,0.0028793324675266906,0.0003765801578328506,0
2025-05-06 00:00:00+00:00,6.400000095367432,16.399999618530273,2.7790757434828954,0.999,1e-06,0.18961172560209305,1.0832151812594055e-06,2.779074660267144,0.0030456487717441874,0.0003556599143370915,0
2025-05-07 00:00:00+00:00,6.400000095367432,16.399999618530273,2.7790757434828954,0.999,1e-06,0.18961172560209305,1.0821319717436856e-06,2.7790746613503527,0.0032030341204644956,0.00033784590829983343,0
2025-05-08 00:00:00+00:00,6.400000095367432,16.399999618530273,2.7790757434828954,0.999,1e-06,0.18961172560209305,1.081049845426217e-06,2.7790746624324796,0.0033527470534389925,0.0003224370428772306,0
2025-05-09 00:00:00+00:00,6.599999904632568,16.399999618530273,2.979075552748032,0.999,1e-06,0.1897689564145299,2.1225445766321944e-06,2.978968150468924,0.003495774028362786,0.0006071744224343553,0
2025-05-12 00:00:00+00:00,6.300000190734863,16.399999618530273,2.679075838850327,0.999,1e-06,0.18976495312645655,5.586205452355697e-07,2.6792331477371905,0.003632905346072649,0.0001537668868360323,0
2025-05-13 00:00:00+00:00,6.300000190734863,16.399999618530273,2.679075838850327,0.999,1e-06,0.19010055189094166,5.572420396860441e-07,2.679075364564517,0.0037647858260575202,0.0001480142737016165,0
2025-05-14 00:00:00+00:00,6.949999809265137,16.399999618530273,3.3290754573806005,0.999,1e-06,0.1919542727093012,3.896601857500979e-06,3.3287332928224806,0.0038919497930578434,0.001001195304330861,0
2025-05-15 00:00:00+00:00,7.5,16.399999618530273,3.879075648115464,0.038783367238135046,1e-06,0.19792297540983328,1.4638670461287234e-06,3.878796425817628,0.001421716739578051,0.0010296474715231825,0
2025-05-16 00:00:00+00:00,7.5,16.399999618530273,3.879075648115464,0.536182780574427,1e-06,0.1956378035583923,7.859611480210117e-07,3.8790747199776114,0.0015144657558961215,0.0005189692437488969,0
2025-05-19 00:00:00+00:00,7.5,16.5,3.85699675635425,0.999,1e-06,0.19333870784998808,6.712005106204e-07,3.857007493021855,0.0018141156106638349,0.0003699877266227753,0
2025-05-20 00:00:00+00:00,7.5,16.799999237060547,3.7907605021904427,0.6844002793572143,1e-06,0.19336159186381358,2.8636024441519397e-07,3.7907944411364722,0.0017530313431173908,0.00016335146860863513,0
2025-05-21 00:00:00+00:00,7.5,18.3700008392334,3.444122870115005,0.6948156110898318,1e-06,0.19402436229766526,-8.016133073504387e-07,3.444302161042864,0.001732291939234548,-0.00046274723630281944,0
2025-05-22 00:00:00+00:00,7.5,17.049999237060547,3.7355634833473252,0.8442507458928025,1e-06,0.19402911079735613,4.286482161795084e-07,3.7354130975156266,0.0018509757585635773,0.0002315795948144424,0
2025-05-23 00:00:00+00:00,7.5,16.5,3.85699675635425,0.555735068280454,1e-06,0.19480041395736117,4.883747783000953e-07,3.856933918095997,0.0016580961771293264,0.0002945394754757966,0
2025-05-26 00:00:00+00:00,7.5,16.989999771118164,3.74881064995612,0.47022800209077875,1e-06,0.19250806788174243,-8.697911650822525e-08,3.7488668439220083,0.0015449239295007506,-5.6299934804125246e-05,0
2025-05-27 00:00:00+00:00,7.5,16.989999771118164,3.74881064995612,-0.1254918660186777,1e-06,0.18957785076380723,1.0561016893660524e-08,3.7488106690108247,0.0014219113622323256,7.427338422192707e-06,0
2025-05-28 00:00:00+00:00,7.5,16.989999771118164,3.74881064995612,0.9072926658128915,1e-06,0.1788082870408384,9.581786856250829e-09,3.7488106403903303,0.0016855702030723653,5.684596725064118e-06,0
2025-05-29 00:00:00+00:00,7.5,16.989999771118164,3.74881064995612,0.24702897558001308,1e-06,0.1788082870408384,2.367005438899487e-09,3.748810647585093,0.0014533927450048937,1.628606890349874e-06,0
2025-05-30 00:00:00+00:00,7.5,16.989999771118164,3.74881064995612,0.24695984375649477,1e-06,0.17879563681928118,5.845632101096267e-10,3.7488106493705584,0.0014379978479156551,4.0651188105527255e-07,0
2025-06-02 00:00:00+00:00,7.5,16.989999771118164,3.74881064995612,0.24857061393556681,1e-06,0.17874608770653114,1.4530720583643552e-10,3.748810649810567,0.0014373500917782443,1.0109381609087736e-07,0
2025-06-03 00:00:00+00:00,7.5,16.989999771118164,3.74881064995612,0.24807712843109148,1e-06,0.17872300578394987,3.604788475667475e-11,3.7488106499200105,0.0014372191696805788,2.5081689360354394e-08,0
2025-06-04 00:00:00+00:00,7.5,17.170000076293945,3.709068729009902,0.2463993631839714,1e-06,0.1787195199713686,-1.7818516263688996e-07,3.7090911191800675,0.0014369035230083992,-0.00012400635100666283,0
2025-06-05 00:00:00+00:00,6.21999979019165,16.6299991607666,2.548294282040206,0.3182770368267522,1e-06,0.1842099722300449,-4.898076777293061e-06,2.5489286405050535,0.0014518437776322164,-0.0033736940935072497,0
2025-06-06 00:00:00+00:00,7.199999809265137,16.6299991607666,3.5282943011136925,0.999,1e-06,0.18407915974751238,4.177293874121038e-07,3.527762425823535,0.0017622798707230514,0.00023703918676703278,0
2025-06-09 00:00:00+00:00,6.599999904632568,16.6299991607666,2.928294396481124,0.999,1e-06,0.18480079562258467,-2.817967095883206e-06,2.9286212483963614,0.002025195249652938,-0.001391454525861705,0
2025-06-10 00:00:00+00:00,6.599999904632568,16.6299991607666,2.928294396481124,0.999,1e-06,0.1861273371280292,-2.81688374200828e-06,2.9282973872712432,0.0022572573467809737,-0.0012479231692502308,0
2025-06-11 00:00:00+00:00,6.599999904632568,16.6299991607666,2.928294396481124,0.999,1e-06,0.1857701315442959,-2.814067805159603e-06,2.9282972106439566,0.002467188493882486,-0.0011405970042974913,0
2025-06-12 00:00:00+00:00,6.599999904632568,16.6299991607666,2.928294396481124,0.999,1e-06,0.18540841135457553,-2.8112537529563964e-06,2.928297207736444,0.002660233969871346,-0.0010567693611898182,0
2025-06-13 00:00:00+00:00,7.150000095367432,16.6299991607666,3.4782945872159874,0.999,1e-06,0.18687050004705577,1.1533851988286461e-07,3.478000466459128,0.002839840114375005,4.061444139021483e-05,0
2025-06-16 00:00:00+00:00,7.150000095367432,17.0,3.3966028140354467,0.5337896632115606,1e-06,0.17459275831573243,4.1446555120871907e-07,3.396648967035944,0.002003234707465123,0.00020689814811225012,0
2025-06-17 00:00:00+00:00,7.150000095367432,16.469999313354492,3.5136206455859957,0.999,1e-06,0.16051771509149498,1.1393466294407562e-06,3.5135467260991895,0.002237614852532663,0.000509179060976994,0
2025-06-18 00:00:00+00:00,7.150000095367432,16.469999313354492,3.5136206455859957,0.999,1e-06,0.16011276379414094,1.1386597396226064e-06,3.513619461526968,0.002449266053148912,0.0004648983470614319,0
2025-06-20 00:00:00+00:00,7.150000095367432,16.469999313354492,3.5136206455859957,0.999,1e-06,0.15978211911061185,1.1375213695039268e-06,3.513619508035537,0.002643653758247993,0.00043028379414473207,0
2025-06-23 00:00:00+00:00,7.150000095367432,16.469999313354492,3.5136206455859957,0.999,1e-06,0.1596928220703776,1.1363838553914663e-06,3.5136195092014106,0.0028243454435929044,0.0004023529975659955,0
2025-06-24 00:00:00+00:00,7.150000095367432,16.469999313354492,3.5136206455859957,0.999,1e-06,0.15957263374788946,1.1352474786079236e-06,3.513619510337805,0.002993822661358029,0.00037919663487781996,0
2025-06-25 00:00:00+00:00,7.150000095367432,16.469999313354492,3.5136206455859957,0.7318456860529544,1e-06,0.1513587817670689,8.308248404743963e-07,3.5136198145602964,0.002502988572187837,0.00033193313373707526,0
2025-06-26 00:00:00+00:00,7.150000095367432,16.469999313354492,3.5136206455859957,-0.999,1.6059932588719906e-06,0.13592918779985008,-8.298461486397905e-07,3.513621474212168,0.0029095248211080714,-0.0002852170713992224,0
2025-06-27 00:00:00+00:00,7.150000095367432,16.469999313354492,3.5136206455859957,-0.999,2.1944700638500927e-06,0.13475223418989388,8.288212429320101e-07,3.5136198179928027,0.0033515221393630897,0.0002472969619378722,0
2025-06-30 00:00:00+00:00,7.150000095367432,17.489999771118164,3.2884167076373165,-0.999,2.300155197848701e-06,0.1349109972238837,-3.4717247674179796e-05,3.288618057116146,0.003690177917183529,-0.009408014587187492,0
2025-07-01 00:00:00+00:00,7.150000095367432,17.100000381469727,3.374523922274233,-0.999,2.319465722381637e-06,0.1349567449939122,5.0500257900908834e-05,3.3744099097794384,0.0039911124429613575,0.012653178436495828,0
2025-07-02 00:00:00+00:00,7.150000095367432,17.100000381469727,3.374523922274233,-0.999,2.2929744527373714e-06,0.13500972753320073,-5.041394774332652e-05,3.374574214637882,0.004261671417440159,-0.011829618664877844,0
2025-07-03 00:00:00+00:00,7.150000095367432,17.100000381469727,3.374523922274233,-0.999,2.2929641207116023e-06,0.1350102592950375,5.033826385837932e-05,3.3744736584182844,0.004518246241464254,0.01114110678528798,0
2025-07-04 00:00:00+00:00,7.150000095367432,17.100000381469727,3.374523922274233,-0.999,2.1934675675748106e-06,0.13485903617114567,-5.025938428720789e-05,3.3745741072492845,0.004739346736714533,-0.010604707163090858,0
2025-07-07 00:00:00+00:00,7.150000095367432,17.100000381469727,3.374523922274233,-0.999,2.269077488893278e-06,0.13470781632850873,5.017735671401957e-05,3.374473819288538,0.0049751444719842814,0.010085607965070185,0
2025-07-08 00:00:00+00:00,7.150000095367432,17.100000381469727,3.374523922274233,-0.999,2.2682406302769264e-06,0.1347105013629089,-5.009218467779967e-05,3.37457394021567,0.005192115741900021,-0.009647740375577368,0
2025-07-09 00:00:00+00:00,7.150000095367432,17.100000381469727,3.374523922274233,-0.999,2.2672392355110008e-06,0.13471329489318495,5.000389726718023e-05,3.374473992487819,0.00539956253094574,0.009260731213056622,0
2025-07-10 00:00:00+00:00,7.150000095367432,17.100000381469727,3.374523922274233,-0.999,2.266803022360885e-06,0.13471416731948518,-4.991252354147793e-05,3.3745737608228237,0.005598636485916642,-0.008915121327671974,0
2025-07-11 00:00:00+00:00,7.150000095367432,17.100000381469727,3.374523922274233,-0.999,2.266803022360885e-06,0.13471416731948518,4.981809288885789e-05,3.37447417801634,0.005790205911478878,0.008603855139261159,0
2025-07-14 00:00:00+00:00,7.150000095367432,17.100000381469727,3.374523922274233,-0.999,2.266803022360885e-06,0.13471416731948518,-4.972063546499483e-05,3.3745735692191428,0.0059749352102837616,-0.008321535500404782,0
2025-07-15 00:00:00+00:00,7.150000095367432,17.100000381469727,3.374523922274233,0.999,1e-06,0.12654662184776616,-4.967091463768635e-05,3.374573593169959,0.005946949382946203,-0.008352335195608926,0
2025-07-16 00:00:00+00:00,7.150000095367432,17.100000381469727,3.374523922274233,-0.999,4.532830319249509e-06,0.11162999205686469,4.955636710301472e-05,3.374474454583177,0.006581441068995265,0.007529713718241967,0
2025-07-17 00:00:00+00:00,7.150000095367432,17.100000381469727,3.374523922274233,-0.999,4.568026602284957e-06,0.11127235018462718,-4.9434151070803404e-05,3.3745732677635334,0.006912372998878442,-0.00715154565282057,0
2025-07-18 00:00:00+00:00,7.150000095367432,16.799999237060547,3.4407605975578743,-0.999,4.647960308975908e-06,0.11114754365547551,0.00010327428305953186,3.4405980197561647,0.007235217339087895,0.014273832867687025,0
2025-07-21 00:00:00+00:00,7.150000095367432,16.799999237060547,3.4407605975578743,-0.999,4.573597753783225e-06,0.11102627540785096,-0.00010293309649950855,3.4408632921457407,0.007527479699228696,-0.01367431074042692,0
2025-07-22 00:00:00+00:00,7.150000095367432,16.799999237060547,3.4407605975578743,-0.999,1.0173662362038426e-06,0.10710346258972145,0.00010262953582067095,3.440658159186207,0.0073428542832235325,0.013976790477124423,0
2025-07-23 00:00:00+00:00,7.150000095367432,16.799999237060547,3.4407605975578743,-0.999,5.836999460779779e-06,0.0947489025898378,-0.00010228701654618741,3.440862669197036,0.008021099347718493,-0.01275224406431043,0
2025-07-24 00:00:00+00:00,6.599999904632568,16.75,2.901799642143701,-0.6219064282262662,0.0036238601263166455,0.08758348515046728,-0.021621369802791193,2.924009830437943,0.08439321990822687,-0.2561979484406837,0
2025-07-25 00:00:00+00:00,6.599999904632568,16.75,2.901799642143701,-0.999,1.5532426199191867e-06,0.08953718455839611,0.018649391679922182,2.883192496462303,0.05499228594212886,0.3391274132438843,0
2025-07-28 00:00:00+00:00,6.599999904632568,16.75,2.901799642143701,-0.999,5.7739309973360065e-06,0.08094550794564269,-0.016219464472591046,2.9179791529012475,0.051354707620189066,-0.31583208675916385,0
2025-07-29 00:00:00+00:00,6.599999904632568,16.75,2.901799642143701,-0.45289312494645106,0.0035539779604186407,0.07319246403426562,0.005839006842807471,2.8959891567675795,0.08549496631792833,0.06829649854582175,0
2025-07-30 00:00:00+00:00,6.599999904632568,16.75,2.901799642143701,-0.5145195474402784,0.004128320361533339,0.06916358023105904,-0.002247072537048018,2.904035976281239,0.092978904977681,-0.024167552173123715,0
2025-07-31 00:00:00+00:00,6.599999904632568,16.75,2.901799642143701,0.3316267634953201,0.01921547768627789,0.05020636635953232,-0.0011244331077581945,2.9029261570424048,0.18518775385102265,-0.006071854560441201,0
2025-08-01 00:00:00+00:00,6.599999904632568,16.75,2.901799642143701,-0.2895995364412422,0.009044156932616298,0.05017668182646648,7.335578316689081e-05,2.901728006254695,0.12963278490575939,0.000565873696381815,0
2025-08-04 00:00:00+00:00,6.599999904632568,16.549999237060547,2.9459574256661285,0.13593804495250975,0.025276807191580264,0.03060480007997255,0.0174327983605356,2.9284531274209393,0.20272142321444542,0.08599386332294348,0
2025-08-05 00:00:00+00:00,6.599999904632568,16.549999237060547,2.9459574256661285,0.15266694641945594,0.01632802031387649,0.036495974979996945,0.005958791196945485,2.939975555977924,0.17277356289282497,0.03448902191501281,0
2025-08-06 00:00:00+00:00,6.599999904632568,16.549999237060547,2.9459574256661285,-0.39952012384576063,0.008022096952434993,0.03782944796604124,-0.0005836352056761667,2.9465295224532975,0.1218847325911196,-0.00478841929804332,0
2025-08-07 00:00:00+00:00,6.599999904632568,16.549999237060547,2.9459574256661285,-0.1297560128917551,0.014127689369096254,0.03172187413026176,-0.00010334340217168192,2.9460619528940057,0.1555284198737774,-0.0006644663544807603,0
2025-08-08 00:00:00+00:00,6.599999904632568,16.549999237060547,2.9459574256661285,-0.1458613454114617,0.01378938059738158,0.03190104709252952,-1.6259952651916572e-05,2.9459738882036484,0.15408015911110148,-0.00010552917874514995,0
2025-08-11 00:00:00+00:00,6.599999904632568,16.549999237060547,2.9459574256661285,-0.1408605165752783,0.013929636044606748,0.031752020145396756,-2.6631992076642584e-06,2.9459601207721873,0.15477647175786993,-1.7206744522710977e-05,0
2025-08-12 00:00:00+00:00,6.599999904632568,16.549999237060547,2.9459574256661285,-0.1453995883338403,0.013651261644601901,0.03166297218767765,-4.183494050923032e-07,2.9459578492748415,0.15333393186992425,-2.7283550352520538e-06,0
2025-08-13 00:00:00+00:00,6.599999904632568,16.530000686645508,2.9503728671225042,-0.15931635101212224,0.013561288079023506,0.03131507559201948,0.0011652804655182707,2.949200009633755,0.15268969407445473,0.0076316903546224625,0
2025-08-14 00:00:00+00:00,6.599999904632568,16.530000686645508,2.9503728671225042,-0.14161107251137842,0.014051158848322568,0.03082361464885537,0.00019709853924339564,2.9501734509148974,0.15514188298489856,0.0012704405506189526,0
2025-08-15 00:00:00+00:00,6.599999904632568,16.530000686645508,2.9503728671225042,-0.13843304983517343,0.014096436201043675,0.030768579824228415,3.398330108798445e-05,2.950338492867306,0.1554010307742337,0.00021868131066231678,0
2025-08-18 00:00:00+00:00,6.599999904632568,16.530000686645508,2.9503728671225042,-0.1420181855981266,0.014025985284465218,0.030795199937533865,5.740056128592632e-06,2.9503670595613807,0.15503433228651622,3.702441932658203e-05,0
2025-08-19 00:00:00+00:00,6.599999904632568,16.799999237060547,2.890760406823011,-0.13929597070086513,0.014115901563116446,0.030721318955224796,-0.01614505289002662,2.907008284943315,0.15547827754314097,-0.10384121270925971,0
2025-08-20 00:00:00+00:00,6.599999904632568,16.799999237060547,2.890760406823011,-0.14356409663157252,0.013517170644509057,0.030774143449082456,-0.002571528586850719,2.8933641777083072,0.15247291851292588,-0.016865477567629284,0
2025-08-21 00:00:00+00:00,6.599999904632568,16.799999237060547,2.890760406823011,-0.08602388219820375,0.01286858797312239,0.03122275516706681,-0.0004773089347782411,2.891242786543896,0.1496763056488617,-0.0031889411801624802,0
2025-08-22 00:00:00+00:00,6.599999904632568,16.8799991607666,2.8730973776380067,-0.1999355941263664,0.010813461550481733,0.03226601549904662,-0.004099279560428348,2.8772286878753257,0.13782773008782154,-0.029742052327324516,0
2025-08-25 00:00:00+00:00,6.599999904632568,17.030000686645508,2.8399788294362693,-0.07807738174424053,0.013651799190459217,0.029411796163712124,-0.009897330002723794,2.8499474164005076,0.15314682801257484,-0.06462641199405793,0
2025-08-26 00:00:00+00:00,6.349999904632568,17.030000686645508,2.5899788294362693,-0.07673946762906657,0.013804468250067703,0.02956239785056232,-0.06867140130720681,2.6591253840999873,0.1541929162493093,-0.4453602861766642,0
2025-08-27 00:00:00+00:00,6.349999904632568,17.5,2.4862085856143485,-0.06241045325901718,0.01388287978624262,0.029932028473276716,-0.042387307731127255,2.5289168395701087,0.15483639880049324,-0.27375544806969654,0
2025-08-28 00:00:00+00:00,6.989999771118164,16.549999237060547,3.335957292151724,-0.010909648896557163,0.01895786468352906,0.027067305338299052,0.27275869038703615,3.061770639721564,0.17742430797773956,1.537324245453772,-1
2025-08-29 00:00:00+00:00,6.989999771118164,16.549999237060547,3.335957292151724,0.20511244628045022,0.025008057111724036,0.023897968726449812,0.1439623223148994,3.1916118489031318,0.2031692406162116,0.7085832573782437,-1
2025-09-01 00:00:00+00:00,6.5,16.549999237060547,2.84595752103356,0.2222172029029393,0.02734799267982506,0.022525529088414924,-0.12287689528344761,2.969465372020042,0.2131520510537382,-0.5764753126981118,0
2025-09-02 00:00:00+00:00,6.510000228881836,16.549999237060547,2.855957749915396,0.29866180163701833,0.03022110539712316,0.020631890917145713,-0.07061371850403182,2.9266997158102375,0.22445179308981994,-0.31460527684790646,0
2025-09-03 00:00:00+00:00,6.510000228881836,16.549999237060547,2.855957749915396,0.2464400773005308,0.02685510244096432,0.02399772440739851,-0.037157063252877265,2.8932002491648596,0.2153386287233779,-0.17255177797481427,0
2025-09-04 00:00:00+00:00,6.510000228881836,17.3700008392334,2.6749111743693104,0.23947437999573395,0.026751824985272964,0.024196704850882007,-0.08679519962489657,2.762042044707551,0.21445198951947797,-0.40473021406506116,0
2025-09-05 00:00:00+00:00,7.0,16.610000610351562,3.3327099333049315,0.15056547393777714,0.0214756820872356,0.027210253963655607,0.1640058764707249,3.1677731088164345,0.19395252012895117,0.8455980688556356,0
2025-09-08 00:00:00+00:00,7.0,18.5,2.9154206056093104,-0.001459475539917581,0.019082943278024872,0.027648233982073507,-0.0766277300892925,2.992448138902396,0.17993554094453706,-0.42586211532779983,0
2025-09-09 00:00:00+00:00,7.099999904632568,18.5,3.0154205102418787,0.12320369139062731,0.024155643824858714,0.02292937782477609,0.0033792623132989277,3.0119848297430827,0.198810312529819,0.016997419652424125,0
2025-09-10 00:00:00+00:00,7.099999904632568,17.5,3.2362085856143485,0.14750146046200102,0.025180370452119977,0.02218715182153003,0.089170634042392,3.146656623552734,0.20366331344738636,0.43783356232897597,0
2025-09-11 00:00:00+00:00,7.099999904632568,17.579999923706055,3.2185455564293446,0.1429463771330586,0.02481619025932078,0.022633833452466837,0.03541403046482884,3.1830322168110667,0.20302035674145993,0.1744358597001556,0
2025-09-12 00:00:00+00:00,7.099999904632568,17.489999771118164,3.2384165169024532,0.1375807632185165,0.02455359599241993,0.022890629451027426,0.023980462125932626,3.214351553362457,0.2021470592167075,0.1186287953871487,0
2025-09-15 00:00:00+00:00,7.099999904632568,17.0,3.3466026233005834,0.14030889823415313,0.024723085279294805,0.022767366862717877,0.052520572090666004,3.293866086338321,0.202697875183959,0.25910765982623557,0
2025-09-16 00:00:00+00:00,8.0,16.739999771118164,4.304007668799237,0.15876172401251798,0.02947323180286857,0.02248724348968194,0.437746495995631,3.8646878948299337,0.21831123789025397,2.005148705242962,-1
2025-09-17 00:00:00+00:00,8.0,16.739999771118164,4.304007668799237,0.3487549813568892,0.03676019059394706,0.018760924939562204,0.30031377738716514,4.0032416025741835,0.24273051193837442,1.2372312610761116,-1
2025-09-18 00:00:00+00:00,8.0,16.739999771118164,4.304007668799237,0.15809156832568552,0.024402803200063307,0.031111498348322435,0.12368325021639588,4.179969339693432,0.20712863982955365,0.5971325371429801,-1
2025-09-19 00:00:00+00:00,8.0,16.739999771118164,4.304007668799237,0.15608090629809476,0.02431975793602227,0.03118186966179748,0.052611498415802524,4.251243998664203,0.2052548775752356,0.25632276824465683,-1
2025-09-22 00:00:00+00:00,8.0,16.739999771118164,4.304007668799237,0.15705508422223258,0.024368380751557492,0.031133246846262258,0.022606533041944165,4.281335983510856,0.20513395325986405,0.11020376043407192,-1
2025-09-23 00:00:00+00:00,8.0,16.899999618530273,4.268681610429229,0.1570130620402453,0.024372802304633564,0.031148169951830198,-0.001681466432095886,4.270386817858753,0.20510804943669123,-0.008197954379235069,0
2025-09-24 00:00:00+00:00,8.0,16.989999771118164,4.24881064995612,0.15822103451810338,0.02440098923441661,0.03115299950317904,-0.007151687433171627,4.255993566004613,0.20523293138193283,-0.034846685592881455,0
2025-09-25 00:00:00+00:00,7.800000190734863,17.489999771118164,3.938416803004748,0.15150286446802377,0.0245304090065271,0.031584076318885546,-0.10315067478591813,4.042026052940949,0.20564445242511342,-0.5015971671955558,0
2025-09-26 00:00:00+00:00,7.800000190734863,17.489999771118164,3.938416803004748,0.17951225196992712,0.024750244253168328,0.031528903296908925,-0.046067697206021795,3.9846089378380025,0.2071334602261701,-0.22240586892972403,0
2025-09-29 00:00:00+00:00,7.800000190734863,17.489999771118164,3.938416803004748,0.12934179788138703,0.02269323234450933,0.033302916978917296,-0.017845937760208794,3.9563202986512347,0.19896735143479138,-0.0896927944786838,0
2025-09-30 00:00:00+00:00,7.800000190734863,17.020000457763672,4.042187046826669,0.1120900320918268,0.021766632948737076,0.03398747746838679,0.02349934469634201,4.018560765203486,0.194719559161628,0.12068302125127683,0
2025-10-01 00:00:00+00:00,7.800000190734863,17.020000457763672,4.042187046826669,0.07034804152859549,0.02040995716102259,0.03401517259691848,0.00785949829010795,4.034295484011,0.18823582725625873,0.04175346640790257,0
2025-10-02 00:00:00+00:00,7.800000190734863,16.899999618530273,4.068681801164092,0.0854796287185693,0.021708731898522484,0.03214876036138539,0.011072720242833132,4.057558435705277,0.19285137672038255,0.05741582160902899,0
2025-10-03 00:00:00+00:00,7.800000190734863,16.940000534057617,4.059850076011673,0.08228537177084173,0.021230909872150493,0.032434526534231164,0.0013254794507849851,4.058522531413817,0.19116602124833731,0.006933656107552187,0
2025-10-06 00:00:00+00:00,7.800000190734863,16.940000534057617,4.059850076011673,0.06794640083240755,0.020858343780827886,0.032605475634360837,0.0004579274337692224,4.059390299130346,0.18940571257653743,0.002417706559849283,0
2025-10-07 00:00:00+00:00,7.800000190734863,16.90999984741211,4.0664738698759875,0.07277103388728887,0.021055672665911955,0.03239110226953756,0.0021583739518108297,4.064304894322148,0.1901292153553866,0.011352142529891739,0
2025-10-08 00:00:00+00:00,7.800000190734863,16.90999984741211,4.0664738698759875,0.0716320229241573,0.021032974108903153,0.03237810738017271,0.0007608056859523273,4.0657100379571345,0.19004001937338388,0.00400339722370541,0
2025-10-09 00:00:00+00:00,7.800000190734863,16.90999984741211,4.0664738698759875,0.0740639085622209,0.02103078425659635,0.03213266523708737,0.0002699515794974079,4.066202850210214,0.19001657504993683,0.0014206738513546197,0
2025-10-10 00:00:00+00:00,7.800000190734863,17.010000228881836,4.044394978114774,0.2337714090277523,0.01853134725249032,0.031359999333989516,-0.0058183513636799545,4.050250464483077,0.1833778951709891,-0.03172874984880094,0
2025-10-13 00:00:00+00:00,7.800000190734863,17.010000228881836,4.044394978114774,-0.22840468906363748,0.010220707858909656,0.034905286448527986,-0.00019688028068802618,4.044602417600792,0.13475926523094275,-0.0014609776949334353,0
2025-10-14 00:00:00+00:00,7.800000190734863,17.010000228881836,4.044394978114774,0.05860156142759944,0.018299816643070503,0.02682412356007123,-7.842237031773587e-05,4.044473774916178,0.1747228885994033,-0.00044883856343251697,0
2025-10-15 00:00:00+00:00,7.800000190734863,17.489999771118164,3.938416803004748,0.06098880665341163,0.01812334968482317,0.026741677881173338,-0.03313273351717563,3.971739652478202,0.17563890839917365,-0.18864119470541824,0
2025-10-16 00:00:00+00:00,7.800000190734863,17.489999771118164,3.938416803004748,0.0718344516325767,0.01819587074317254,0.026698761029183157,-0.011966689515195682,3.9504387479489504,0.1763014019418412,-0.06787631512506796,0
2025-10-17 00:00:00+00:00,7.800000190734863,16.81999969482422,4.086344830349097,0.06856647160113775,0.018267979131448307,0.026610650026727356,0.04162546526980285,4.044476081461217,0.1765791181969022,0.23573266020836375,0
2025-10-20 00:00:00+00:00,7.800000190734863,16.81999969482422,4.086344830349097,0.07728874898491717,0.018521391804471786,0.026417018517935452,0.015350747312045922,4.070925153886213,0.17774691393402695,0.08636294702558689,0
2025-10-21 00:00:00+00:00,7.800000190734863,16.8700008392334,4.075305173908573,0.07536406812929596,0.018450407706623376,0.026490531684904377,0.0021618780843445018,4.073137566753278,0.1774977598760353,0.012179748554879568,0
2025-10-22 00:00:00+00:00,7.800000190734863,16.8700008392334,4.075305173908573,0.0754712352180607,0.018451453262103644,0.026492006663949783,0.0007883551669830559,4.074513254929188,0.17749807714460777,0.004441485675029496,0
2025-10-23 00:00:00+00:00,7.800000190734863,16.8700008392334,4.075305173908573,0.07524915245122493,0.018443212793757637,0.02650024713229579,0.00028772988615183726,4.075016141606647,0.17746169143257753,0.0016213633704779242,0
2025-10-24 00:00:00+00:00,7.800000190734863,16.8700008392334,4.075305173908573,0.07524915245122493,0.018443212793757637,0.02650024713229579,0.00010502216715032887,4.075199676355657,0.1774599583521412,0.0005918076851000326,0
2025-10-27 00:00:00+00:00,7.800000190734863,16.8700008392334,4.075305173908573,0.0760617971497304,0.018276015805578086,0.026534285569598557,3.816898666799933e-05,4.075266831082951,0.17678768882893134,0.00021590296768308093,0
2025-10-28 00:00:00+00:00,7.800000190734863,16.8700008392334,4.075305173908573,0.10358678535201134,0.018396264525806765,0.02635491608445036,1.4641725481214944e-05,4.075290470023732,0.17772974079301992,8.238196610136493e-05,0
2025-10-29 00:00:00+00:00,7.800000190734863,17.489999771118164,3.938416803004748,0.04867960415958742,0.01703615439733344,0.02738620722708246,-0.039792923984460896,3.978451975750516,0.17125360592881497,-0.23236254657902872,0
2025-10-30 00:00:00+00:00,7.800000190734863,17.489999771118164,3.938416803004748,-0.025241082751050622,0.012893252993193756,0.029957286176008048,-0.008692430200597314,3.947182635194973,0.15057533472578186,-0.0577281147435429,0
2025-10-31 00:00:00+00:00,7.800000190734863,17.489999771118164,3.938416803004748,-0.3086299904269333,0.008975309685387515,0.02793142318899716,-6.654186620658198e-05,3.938504627706881,0.12561860920472243,-0.0005297134447503535,0
2025-11-03 00:00:00+00:00,7.800000190734863,17.399999618530273,3.9582877634778573,-0.09948894983006745,0.014943982111021072,0.020708384401641047,0.007052847252077537,3.9511899955744276,0.15609782878973766,0.045182225190189274,0
2025-11-04 00:00:00+00:00,7.800000190734863,17.079999923706055,4.028939880217875,-0.03568623427271408,0.016993632513068867,0.018689579659961403,0.029206193616470956,3.999563808650788,0.16568177386270064,0.17627885636155688,0
2025-11-05 00:00:00+00:00,7.800000190734863,17.079999923706055,4.028939880217875,-0.03618292266464785,0.016955073164170473,0.018712660622292706,0.010170799503598707,4.018704352687532,0.16590503112386845,0.06130494919111258,0
2025-11-06 00:00:00+00:00,7.800000190734863,17.079999923706055,4.028939880217875,-0.045316162713324934,0.01637765966556104,0.018556008851262303,0.0034124714208324464,4.025504457729851,0.1632962864342166,0.02089742207461129,0
2025-11-07 00:00:00+00:00,7.800000190734863,17.079999923706055,4.028939880217875,-0.024689116172989207,0.016421330956243995,0.018496248418006653,0.0011963703312715913,4.027735832628084,0.16364508295770108,0.0073107624723489474,0
2025-11-10 00:00:00+00:00,7.800000190734863,17.079999923706055,4.028939880217875,-0.09793833235455232,0.014648702619592557,0.01957206022423371,0.00032746379741829774,4.028609594953887,0.1552202817240638,0.0021096714538917823,0
2025-11-11 00:00:00+00:00,7.800000190734863,17.110000610351562,4.02231608635356,-0.07474378219199203,0.015262477381163504,0.01895836614554711,-0.0022433647436382416,4.024573303003584,0.1578227050940824,-0.01421446136220331,0
2025-11-12 00:00:00+00:00,7.800000190734863,18.200000762939453,3.781657050507981,-0.07859952325986386,0.015384116292601595,0.019048139022696062,-0.08584645325206498,3.868034539482359,0.15841555225000573,-0.5419067259039391,0
2025-11-13 00:00:00+00:00,7.800000190734863,18.200000762939453,3.781657050507981,-0.06385703918140576,0.015629968071208835,0.019048770034284204,-0.027189180174283786,3.8090468212256257,0.15970809941578212,-0.17024296371782502,0
2025-11-14 00:00:00+00:00,7.800000190734863,18.100000381469727,3.803735942269195,-0.07524252366866085,0.015278132268379777,0.019402535422877162,-0.0005125780215539007,3.804264435916156,0.15818371625416916,-0.0032403968859240333,0
2025-11-17 00:00:00+00:00,7.800000190734863,17.209999084472656,4.00023761571218,-0.07259698188812937,0.015465577340300006,0.019412819615041065,0.06881411264986019,3.9309995245224547,0.1590232098203699,0.4327299941158999,0
2025-11-18 00:00:00+00:00,7.800000190734863,18.0,3.8258148340304086,-0.07893798808584045,0.01548990614539441,0.01939004830228607,-0.04049617790845297,3.8665258165106073,0.15906932770421048,-0.254581939164008,0
2025-11-19 00:00:00+00:00,7.800000190734863,18.0,3.8258148340304086,-0.06507174927589723,0.015813005222101918,0.019197724619663716,-0.012814445749379259,3.8387229658118973,0.16059214210821937,-0.07979497365907166,0
2025-11-21 00:00:00+00:00,6.03000020980835,18.0,2.055814853103895,-0.12548329183349555,0.02413887254419502,0.023942502148774525,-0.7476296090842747,2.8063776542529393,0.1941914350516778,-3.8499618115768963,1
2025-11-24 00:00:00+00:00,6.110000133514404,17.5,2.2462088144961845,0.372041088228079,0.03463496882710407,0.017827746426815227,-0.43131910812343144,2.678014486988698,0.23248890439615136,-1.8552244858467815,1
2025-11-25 00:00:00+00:00,6.230000019073486,17.670000076293945,2.3286747103971535,0.18950145988208328,0.011027025880632965,0.04166611678291328,-0.11461564887066258,2.443698544253725,0.14751804735262475,-0.7769601816697532,1
2025-11-26 00:00:00+00:00,6.230000019073486,17.899999618530273,2.2778935541302454,0.7217965028899251,0.03233467386875774,0.019715086538811842,-0.12998225454016904,2.408032338137126,0.23041523808236888,-0.5641217812760411,1
2025-11-27 00:00:00+00:00,6.230000019073486,18.0,2.2558146623690316,0.23632412723212667,0.010779270351977512,0.039838753595785786,-0.04434337216745116,2.3003513940715283,0.14807947869530122,-0.2994565658803757,1
2025-11-28 00:00:00+00:00,6.5,18.0,2.5258146432955453,0.4343787116631038,0.017782484540824754,0.0331146101035282,0.048124016326517145,2.4772428298842164,0.1830980079938873,0.26283200376556665,0
2025-12-01 00:00:00+00:00,6.5,17.510000228881836,2.6340007496936755,0.5655970481226603,0.023395243735894633,0.028126256045920936,0.07352695133720297,2.5602368426694855,0.21175501751410977,0.3472264893666743,0
2025-12-02 00:00:00+00:00,6.5,18.200000762939453,2.4816568597731177,0.6239237314605215,0.02325331408039988,0.02696401740178002,0.0033745522208231613,2.478515268103726,0.22050991119695587,0.015303403835708164,0
2025-12-03 00:00:00+00:00,6.5,18.299999237060547,2.459578389131738,0.42301859117198565,0.015309478925439445,0.034041630596059996,-0.0017809789444151473,2.4613945046274313,0.1836309560045218,-0.009698685794410893,0
2025-12-04 00:00:00+00:00,6.5,18.299999237060547,2.459578389131738,0.6768093099234362,0.03158182201224981,0.017758203692923025,-0.0015325773918832908,2.461112153501348,0.23838885772428423,-0.00642889691453549,0
2025-12-05 00:00:00+00:00,6.25,18.5,2.1654206056093104,0.6024997508066391,0.026293045913087294,0.023289761792210754,-0.11217597802592864,2.2781452010401733,0.23258843412945301,-0.48229387865217,0
2025-12-08 00:00:00+00:00,6.25,18.5,2.1654206056093104,0.6999972317888327,0.035194949642051915,0.014698910263960724,-0.09763764308600303,2.263123303798222,0.25998570767014534,-0.37555004065792713,0
2025-12-09 00:00:00+00:00,6.25,18.5,2.1654206056093104,0.6543873556899436,0.029730689094821527,0.020163170811191112,-0.07796233135279636,2.2434456350413106,0.25297561486706943,-0.30818121103792184,0
2025-12-10 00:00:00+00:00,6.25,17.1200008392334,2.470107964330592,0.6160222305447088,0.027767524235493137,0.022570677758685296,0.04931381063792403,2.420299737258578,0.24811627950097823,0.19875282160890861,0
2025-12-11 00:00:00+00:00,6.25,17.1200008392334,2.470107964330592,0.7262178137563412,0.03883870639305797,0.011937336681823764,0.0442234553935902,2.4258583437191525,0.2760109178074803,0.16022357283865266,0
2025-12-12 00:00:00+00:00,6.53000020980835,18.09000015258789,2.5359438926307862,0.6223345377296304,0.02653865523470415,0.024265069649330815,0.05363130207610213,2.4821659004138477,0.24882061628995097,0.21554203536577335,0
2025-12-15 00:00:00+00:00,7.400000095367432,17.850000381469727,3.458932865744881,0.4759430008888563,0.025881319385963608,0.02913642484258208,0.2757768859070398,3.18169025662014,0.2351248723738192,1.17289541987965,0
2025-12-16 00:00:00+00:00,7.400000095367432,17.850000381469727,3.458932865744881,0.999,10.71135253866263,1e-06,0.277242575972084,3.1816902735146497,3.2773317121044836,0.08459399301819752,0
2025-12-17 00:00:00+00:00,7.400000095367432,17.850000381469727,3.458932865744881,0.6905199831991298,0.02939174156892242,0.028946102855965956,0.2238351540711252,3.234957756836959,0.25324931215223545,0.8838529596343837,0
2025-12-18 00:00:00+00:00,7.400000095367432,17.850000381469727,3.458932865744881,0.6911743886985248,0.02962902793426151,0.028678940896752915,0.17963561732290784,3.2791851640697556,0.26048549920538594,0.6896184926642304,0
2025-12-19 00:00:00+00:00,7.400000095367432,18.5,3.315420700976742,0.6857259044966144,0.029481859946159532,0.028913621072241068,0.09352068004143037,3.222039472534427,0.26397273340751404,0.3542815912621386,0
2025-12-22 00:00:00+00:00,6.900000095367432,18.399999618530277,2.837499592737955,0.7649610164244023,0.04344571189280813,0.016559950843334892,-0.1933235913926006,3.0315539610024502,0.29894242103314816,-0.6466917298805309,0
2025-12-23 00:00:00+00:00,7.380000114440918,18.71999931335449,3.2468474950714263,0.4955265617627502,0.021333002955893323,0.038689390001154095,-0.05300868469431555,3.2994232087772986,0.2293086348512194,-0.2311674164765264,0
2025-12-26 00:00:00+00:00,7.389999866485596,18.809999465942383,3.236976286642994,0.7539926571308487,0.04643806770221293,0.014267843419025643,-0.05452150739627077,3.2915335938294636,0.2903831665059323,-0.18775712122815816,0
2025-12-29 00:00:00+00:00,7.389999866485596,18.450000762939453,3.3164597074155964,0.6025198655248475,0.02639106925905179,0.0343363258614987,-0.017851513666163638,3.3342248085334076,0.2490569395533946,-0.07167643550978632,0
2025-12-30 00:00:00+00:00,6.900000095367432,18.40999984741211,2.835291661449851,0.46363593708515277,0.02129712676385542,0.04009705986545471,-0.09331087572549746,2.929285723564455,0.21931232187250893,-0.4254702833329224,0
