data,RPAD5,BMIN4,spread_observado,rho,var_mr,var_rw,mr_filtrado,rw_filtrado,std_mr,zscore_mr,sinal,prob_quebra
2022-01-03 00:00:00+00:00,7.760000228881836,18.690000534057617,3.633470982256824,0.999,15.951067526533809,1e-06,-1.3923975765383831,5.025870627808939,3.9939092354639554,-0.348630250325815,0,0.5
2022-01-04 00:00:00+00:00,7.760000228881836,18.0,3.785814872177381,0.999,15.765551216472687,1e-06,-1.2400567240311184,5.025870638757037,3.970616535382825,-0.3123083563927079,0,0.5
2022-01-05 00:00:00+00:00,8.220000267028809,17.510000228881836,4.354001016722484,0.999,17.3461942517437,1e-06,-0.6718729278254089,5.025870676162482,4.1649057259901525,-0.1613176796854578,0,0.5
2022-01-06 00:00:00+00:00,8.220000267028809,17.510000228881836,4.354001016722484,0.999,14.595395824431217,1e-06,-0.671869654806661,5.02587067611001,3.8204243584923696,-0.1758625722593279,0,0.5
2022-01-07 00:00:00+00:00,8.220000267028809,17.510000228881836,4.354001016722484,0.999,14.60224766304054,1e-06,-0.6718696547336696,5.02587067605726,3.821321122016754,-0.1758213019216457,0,0.5
2022-01-10 00:00:00+00:00,7.5,17.510000228881836,3.634000749693676,0.999,18.681486180676693,1e-06,-1.391866024459069,5.025870631792271,4.322237225715453,-0.3220244405323393,0,0.5
2022-01-11 00:00:00+00:00,7.400000095367432,17.299999237060547,3.5803665598716394,0.999,13.899934289104888,1e-06,-1.4455036714791225,5.025870627245572,3.728295018316032,-0.3877117192651821,0,0.5
2022-01-12 00:00:00+00:00,7.400000095367432,17.299999237060547,3.5803665598716394,0.999,13.884658871214762,1e-06,-1.4455040568407356,5.025870627125873,3.726246009821292,-0.3879250197197959,0,0.5
2022-01-13 00:00:00+00:00,7.400000095367432,17.299999237060547,3.5803665598716394,0.999,13.884617584429458,1e-06,-1.4455040567237063,5.0258706270061015,3.726240604003408,-0.3879255824679388,0,0.5
2022-01-14 00:00:00+00:00,7.849999904632568,17.299999237060547,4.030366369136776,0.999,15.570940286979486,1e-06,-0.9955071717163668,5.025870660176048,3.946035065930536,-0.2522803662621814,0,0.5
2022-01-17 00:00:00+00:00,7.849999904632568,17.299999237060547,4.030366369136776,0.999,13.836626621223871,1e-06,-0.9955042837827944,5.025870660093372,3.719795703491703,-0.2676233758881793,0,0.5
2022-01-18 00:00:00+00:00,8.369999885559082,17.299999237060547,4.55036635006329,0.999,16.088969642500967,1e-06,-0.4755075730385683,5.025870697301801,4.011137506630237,-0.1185468142771407,0,0.5
2022-01-19 00:00:00+00:00,7.800000190734863,17.299999237060547,3.980366655239071,0.999,21.21438113220711,1e-06,-1.0455013219626454,5.025870666257661,4.605934930820835,-0.2269900330042926,0,0.5
2022-01-20 00:00:00+00:00,7.800000190734863,17.350000381469727,3.969326998798548,0.999,18.707725617918552,1e-06,-1.0565436020990258,5.025870665511078,4.325272485358845,-0.2442721483271752,0,0.5
2022-01-21 00:00:00+00:00,7.849999904632568,17.700000762939453,3.9420508020919214,0.999,17.35129289055658,1e-06,-1.0838196982433888,5.0258706636227215,4.165519216760074,-0.2601883803302628,0,0.5
2022-01-24 00:00:00+00:00,8.350000381469727,18.799999237060547,4.19918473291523,0.999,19.397703915470764,1e-06,-0.8266872659735021,5.025870678901075,4.404311793024396,-0.1876995328266313,0,0.5
2022-01-25 00:00:00+00:00,8.0,18.799999237060547,3.849184351445503,0.999,21.356449724174038,1e-06,-1.1766846657252903,5.02587065987103,4.621331970214361,-0.2546202422395355,0,0.5
2022-01-26 00:00:00+00:00,8.479999542236328,18.209999084472656,4.459448891841175,0.999,27.061504944339184,1e-06,-0.5664240448572427,5.025870685967371,5.202092405868185,-0.1088838876099724,0,0.5
2022-01-27 00:00:00+00:00,8.479999542236328,18.209999084472656,4.459448891841175,0.999,23.919182040662346,1e-06,-0.5664217917401796,5.02587068594,4.890750811017146,-0.1158148950186196,0,0.5
2022-01-28 00:00:00+00:00,8.479999542236328,18.209999084472656,4.459448891841175,0.999,23.91983603507468,1e-06,-0.566421791703331,5.025870685912497,4.890817773121091,-0.1158133093439437,0,0.5
2022-01-31 00:00:00+00:00,8.180000305175781,18.299999237060547,4.139578694307519,0.999,24.772050908396224,1e-06,-0.8862906830377417,5.0258706708757215,4.977179358151898,-0.1780708749396636,0,0.5
2022-02-01 00:00:00+00:00,8.180000305175781,18.700000762939453,4.051263127262665,0.999,22.100260071947723,1e-06,-0.9746071352912816,5.0258706661796975,4.701119497174565,-0.2073138400070522,0,0.5
2022-02-02 00:00:00+00:00,8.180000305175781,18.700000762939453,4.051263127262665,0.999,23.44532453777248,1e-06,-0.9746075347099852,5.025870666131272,4.842064641510488,-0.2012793316212224,0,0.5
2022-02-03 00:00:00+00:00,8.180000305175781,18.700000762939453,4.051263127262665,0.999,23.419521478137984,1e-06,-0.9746075346586064,5.025870666082771,4.839399542601442,-0.2013901778679553,0,0.5
2022-02-04 00:00:00+00:00,8.210000038146973,18.799999237060547,4.059184389592476,0.999,23.447289479321405,1e-06,-0.9666863064622906,5.025870666428352,4.842267747049405,-0.1996350381598235,0,0.9116082191467285
2022-02-07 00:00:00+00:00,7.610000133514404,18.09000015258789,3.615943816336841,0.999,25.14238960137052,1e-06,-1.40992506271334,5.025870645802225,5.014245512157676,-0.2811838908355798,0,0.9097352027893066
2022-02-08 00:00:00+00:00,7.610000133514404,18.489999771118164,3.5276286704118194,0.999,22.89844588942676,1e-06,-1.4982415789684644,5.025870641223692,4.785260216979812,-0.3130951110353765,0,0.9111849069595337
2022-02-09 00:00:00+00:00,8.300000190734863,17.510000228881836,4.434000940428539,0.999,31.03522517518128,1e-06,-0.591872650507445,5.025870675320657,5.57095105256556,-0.1062426585555572,0,0.9159042835235596
2022-02-10 00:00:00+00:00,8.300000190734863,17.520000457763672,4.431793009140434,0.999,24.173214181828246,1e-06,-0.5940776544746993,5.025870675185233,4.916653906533855,-0.1208296670394505,0,0.915703535079956
2022-02-11 00:00:00+00:00,7.710000038146973,18.100000381469727,3.713735789681305,0.999,28.474357540979383,1e-06,-1.3121323321016494,5.025870645619496,5.336162478396778,-0.2458943739838807,0,0.9132723212242126
2022-02-14 00:00:00+00:00,8.5,17.399999618530273,4.658287572742994,0.9716009163214174,1.4853313247181068,1e-06,-0.367647749846569,5.025874247564592,1.218853876557299,-0.3016339832999544,0,0.9099836945533752
2022-02-15 00:00:00+00:00,8.5,17.299999237060547,4.680366464504208,0.999,35.39116158454708,1e-06,-0.3455078453012598,5.025874248286731,5.949070182765045,-0.0580776213234506,0,0.9042431712150574
2022-02-16 00:00:00+00:00,8.5,17.06999969482422,4.731147620771116,0.999,21.41320663322141,1e-06,-0.294726865815178,5.025874251052972,4.627470376777102,-0.0636907082742789,0,0.8980186581611633
2022-02-17 00:00:00+00:00,8.5,17.100000381469727,4.724523826906801,0.999,31.279824975493675,1e-06,-0.3013504017689294,5.0258742507929925,5.592861649493271,-0.0538812544730536,0,0.8904491662979126
2022-02-18 00:00:00+00:00,8.5,17.100000381469727,4.724523826906801,0.999,23.612954350673643,1e-06,-0.3013504225948857,5.025874250777978,4.859344791784819,-0.0620146203875771,0,0.8850273489952087
2022-02-21 00:00:00+00:00,8.5,16.899999618530273,4.768681610429229,0.6281419051230692,0.0691731085040483,0.0349059431596952,-0.2343474936277659,5.003094242034467,0.3042314438129488,-0.770293467008789,0,0.881074845790863
2022-02-22 00:00:00+00:00,8.5,17.030000686645508,4.739978924803701,0.8830263491846827,0.2545488065784226,1e-06,-0.2624848967689682,5.0024858483882735,0.5272272243269395,-0.4978591481197837,0,0.8785099983215332
2022-02-23 00:00:00+00:00,8.5,17.0,4.746602718668015,0.8843208206389466,0.2574822918483767,1e-06,-0.2556252348776476,5.002237164664392,0.5299762726834452,-0.4823333572715105,0,0.871529221534729
2022-02-24 00:00:00+00:00,8.5,17.1299991607666,4.71790045416232,0.8968247683376984,0.286213149963594,1e-06,-0.2838552394245699,5.001774911123289,0.5564053752461309,-0.5101590531885211,0,0.8649128675460815
2022-02-25 00:00:00+00:00,8.5,18.450000762939453,4.426459840930001,0.8431999020263231,0.1903598060390996,1e-06,-0.5687201335839602,4.995355778122431,0.462236599635282,-1.2303658646517752,0,0.8592905402183533
2022-03-02 00:00:00+00:00,8.5,18.700000762939453,4.371262822086884,0.9144826178899846,0.3506058608901207,1e-06,-0.6234743698467915,4.994766827260533,0.6114746014160527,-1.0196243121185242,0,0.8567062616348267
2022-03-03 00:00:00+00:00,7.760000228881836,19.06999969482422,3.5495716989080126,0.6775897935627698,0.0938799324329174,0.0138289643133752,-1.2466316877032655,4.797130900675945,0.3561586849415294,-3.5002142034186954,1,0.8530991673469543
2022-03-04 00:00:00+00:00,8.0,17.329999923706055,4.173742670639894,0.4969885511779858,0.0631288208525391,0.0446876202146291,-0.6213692607594645,4.795115222290372,0.3293244585222319,-1.886799612600038,1,0.858752965927124
2022-03-07 00:00:00+00:00,8.0,16.6200008392334,4.330502002016827,0.8276416370591704,0.1999396917393341,1e-06,-0.466574634741867,4.797051989095751,0.4950329138657305,-0.9425123495291824,1,0.859517514705658
2022-03-08 00:00:00+00:00,8.0,16.0,4.467390794040485,0.6901242352389231,0.1010291981688192,0.0095764088216151,-0.328086822233187,4.7954842784562,0.3884309414367719,-0.8446464666785367,1,0.8579168319702148
2022-03-09 00:00:00+00:00,8.0,16.290000915527344,4.403362050044949,0.6550274302577861,0.0900840828559083,0.0202015423787033,-0.3350245429487453,4.738538889014405,0.3848332454626146,-0.8705706871712879,1,0.8512552380561829
2022-03-10 00:00:00+00:00,8.0,16.200000762939453,4.423233010518057,0.6651537502325047,0.0936027237201671,0.0166406795858548,-0.2866932286210336,4.71000533335861,0.3963910166049797,-0.723258642631489,1,0.8420854210853577
2022-03-11 00:00:00+00:00,7.710000038146973,16.1299991607666,4.148688567681763,0.6449199024602403,0.0888560153525905,0.0216575757003152,-0.4207383825665476,4.56974414182586,0.3969218039158249,-1.0600032006701587,1,0.8322763442993164
2022-03-14 00:00:00+00:00,8.1899995803833,16.149999618530273,4.624272247341882,0.5525916580789354,0.0725662843726005,0.0381193239927555,-0.1043552850097228,4.728397137803392,0.3758687235141674,-0.2776375858945056,1,0.8202958703041077
2022-03-15 00:00:00+00:00,8.1899995803833,16.0,4.657390374423786,0.6796456874073128,0.1040104162277351,0.0077536865593641,-0.0709861170861257,4.728376560545986,0.4160155713635804,-0.1706333175305277,1,0.8055561184883118
2022-03-16 00:00:00+00:00,8.1899995803833,16.1200008392334,4.6308956200863625,0.6392107485104536,0.0885858232551545,0.0227236730590629,-0.0768291977512783,4.707768079074618,0.4018680403090102,-0.1911801637477857,1,0.7870385646820068
2022-03-17 00:00:00+00:00,8.1899995803833,16.450000762939453,4.558035572058241,0.6107025170003635,0.0823502340811945,0.0285964282163494,-0.101674257897845,4.659793999474018,0.3965461262876262,-0.2563995741168779,1,0.7686975002288818
2022-03-18 00:00:00+00:00,8.1899995803833,16.450000762939453,4.558035572058241,0.6078973366271582,0.0805095913277473,0.0302141529672162,-0.0822695397994778,4.6403377522568645,0.395713286083457,-0.207901889304083,1,0.7627552151679993
2022-03-21 00:00:00+00:00,7.989999771118164,15.920000076293944,4.475053594343654,0.5297620473861882,0.06400824386739,0.0438978948158026,-0.0875181992161888,4.56266924715382,0.3648187820973288,-0.2398949931060296,1,0.7549294829368591
2022-03-22 00:00:00+00:00,7.989999771118164,16.0,4.457390565158649,0.5214712197421784,0.0654461625789222,0.0414897219454512,-0.0690370391938165,4.526476123733811,0.3616049956554256,-0.1909183778522853,1,0.7400116324424744
2022-03-23 00:00:00+00:00,7.989999771118164,16.489999771118164,4.349204458760519,0.5460432521494515,0.0704093469565404,0.036517479696489,-0.1004982382955061,4.449818478043451,0.3686281147906717,-0.2726277086938277,1,0.7359008193016052
2022-03-24 00:00:00+00:00,7.989999771118164,16.489999771118164,4.349204458760519,0.5859390504924185,0.0754373131031074,0.030129070939697,-0.0801425684774643,4.429382706099981,0.3781600842449089,-0.2119276248774088,1,0.7331201434135437
2022-03-25 00:00:00+00:00,8.289999961853027,16.3700008392334,4.675698982712971,0.541312702917267,0.0699673436286789,0.0352838200927384,0.085502914598778,4.589953886209334,0.3688588400842532,0.2318038916438814,0,0.7305533289909363
2022-03-28 00:00:00+00:00,8.0,15.699999809265137,4.533627258764209,0.6005902083167798,0.0832838407629047,0.0221094104705965,-0.0112113816368702,4.544931386421658,0.3888610288787279,-0.0288313325436544,0,0.7277870774269104
2022-03-29 00:00:00+00:00,8.0,15.699999809265137,4.533627258764209,0.6338818535053656,0.0904693687160517,0.0148993683644461,-0.0098434853151446,4.543474405757648,0.3993750354736483,-0.024647222387024,0,0.722928524017334
2022-03-30 00:00:00+00:00,7.800000190734863,16.389999389648438,4.181283770138432,0.5707486090980652,0.0768664453696182,0.0288072904061843,-0.1860788580145604,4.367663438995556,0.381914227188272,-0.4872268293970344,0,0.7178051471710205
2022-03-31 00:00:00+00:00,7.800000190734863,16.389999389648438,4.181283770138432,0.6566596120701054,0.0974998260345703,0.0085062195818598,-0.1682265814263152,4.349566508044529,0.4073755223442251,-0.4129521097837751,0,0.7119916081428528
2022-04-01 00:00:00+00:00,7.800000190734863,16.389999389648438,4.181283770138432,0.6549140957379779,0.094895009273583,0.0111104097915179,-0.1505733657682655,4.331907971287847,0.4048456052394487,-0.3719278752679255,0,0.7062433958053589
2022-04-04 00:00:00+00:00,7.800000190734863,16.3700008392334,4.185699211594807,0.618011701883554,0.084974205237113,0.0207466533341137,-0.1245648967827534,4.310309954723701,0.3944145686868172,-0.3158222506777216,0,0.6978407502174377
2022-04-05 00:00:00+00:00,7.800000190734863,15.720000267028809,4.329211586922863,0.6360061980279839,0.0905376244130941,0.0152164320588614,-0.0160273768902069,4.345153831984331,0.4022675486096211,-0.039842579759673,0,0.6860796213150024
2022-04-06 00:00:00+00:00,7.800000190734863,15.6899995803833,4.335835380787177,0.6395275955272736,0.0914279987958909,0.0142503178743111,-0.0096426522216457,4.345477223672626,0.4038430622227529,-0.0238772263873313,0,0.6708205938339233
2022-04-07 00:00:00+00:00,7.800000190734863,15.779999732971191,4.315964420314068,0.6411775436144638,0.0917181918342076,0.0139549178292272,-0.0214463293453614,4.337431027424635,0.404536556603455,-0.0530145644325144,0,0.6449593901634216
2022-04-08 00:00:00+00:00,7.809999942779541,15.329999923706056,4.425318764164373,0.6346430840185826,0.0901406033658266,0.0155407985133673,0.0510182195617688,4.374212617896922,0.4030510956963669,0.1265800294466951,0,0.6329188942909241
2022-04-11 00:00:00+00:00,7.809999942779541,15.479999542236328,4.39220063708247,0.6362856635039661,0.0899054612799744,0.0156534229857992,0.0232698255056146,4.368943367415984,0.403224992980359,0.0577092836771358,0,0.623232901096344
2022-04-12 00:00:00+00:00,7.809999942779541,15.68000030517578,4.348042853560044,0.6259217042041594,0.0874828784030689,0.0179473414834506,-0.0070364880981275,4.355109980494101,0.4006235383667587,-0.0175638409236101,0,0.6160433888435364
2022-04-13 00:00:00+00:00,7.809999942779541,14.899999618530272,4.5202577039537095,0.6268226775771671,0.0885330962146344,0.0169711295537312,0.1002453823897866,4.419865932287254,0.4020301680280253,0.2493479105846568,0,0.6088890433311462
2022-04-14 00:00:00+00:00,7.809999942779541,14.899999618530272,4.5202577039537095,0.6468483881637098,0.0930786198628183,0.0123414700269207,0.0885297583438218,4.431696951261994,0.4072112007825809,0.2174050177737861,0,0.6030069589614868
2022-04-18 00:00:00+00:00,7.809999942779541,14.899999618530272,4.5202577039537095,0.67315238906293,0.0993144163315408,0.0061013971233239,0.0808966777234025,4.4393354695692056,0.4126625426972526,0.1960359115577687,0,0.5964808464050293
2022-04-19 00:00:00+00:00,7.809999942779541,14.899999618530272,4.5202577039537095,0.6525264480765233,0.0929085583941884,0.0123417872534238,0.0717622929430603,4.448470724383102,0.4052145914354934,0.1770970109660629,0,0.5953431129455566
2022-04-20 00:00:00+00:00,7.809999942779541,14.899999618530272,4.5202577039537095,0.999,29.21080485403914,1e-06,0.0717869788947545,4.448470724728775,5.411299399013129,0.0132661258602409,0,0.5945600271224976
2022-04-22 00:00:00+00:00,7.800000190734863,14.899999618530272,4.510257951909032,0.0908116970069043,0.0280957749354028,0.0569995315392075,0.0150389002290101,4.49518069721156,0.2309886056552493,0.0651066756576543,0,0.5941895842552185
2022-04-25 00:00:00+00:00,7.800000190734863,14.899999618530272,4.510257951909032,0.999,14.128294449736163,1e-06,0.0150772539009842,4.495180697630135,3.762143605367001,0.0040076231751162,0,0.593733549118042
2022-04-26 00:00:00+00:00,7.800000190734863,14.899999618530272,4.510257951909032,-0.6075252410787016,0.0044891875720498,0.0677763692463751,-0.0040149314249024,4.514255302255865,0.1102377779587718,-0.036420649066457,0,0.593292236328125
2022-04-27 00:00:00+00:00,8.300000190734863,14.899999618530272,5.010257951909032,0.0095560479310886,0.0200524120108553,0.0530382929046886,0.1226734321594077,4.88697034919197,0.1875174743228498,0.65419733602107,0,0.5927797555923462
2022-04-28 00:00:00+00:00,8.300000190734863,14.899999618530272,5.010257951909032,0.1041370312396463,0.0226889864950947,0.0512065268700134,0.0400661838566364,4.970063530596359,0.2007143188656496,0.1996179648919578,0,0.5922534465789795
2022-04-29 00:00:00+00:00,8.300000190734863,14.890000343322754,5.012465672637219,0.0348985935430137,0.0199924348026968,0.0536680884349122,0.010217237163663,5.002202978222173,0.1892978638078402,0.0539743923050009,0,0.5912326574325562
2022-05-02 00:00:00+00:00,8.300000190734863,14.890000343322754,5.012465672637219,0.0238620418980997,0.0193168570428988,0.0541269298566642,0.0023841702932192,5.010070206573574,0.1859965926700296,0.0128183546751788,0,0.5909063220024109
2022-05-03 00:00:00+00:00,8.300000190734863,14.890000343322754,5.012465672637219,0.0114621103412586,0.0190690680846727,0.0541543034285242,0.0005340481044891,5.011928942933316,0.1846533068485384,0.0028921664800034,0,0.5913287997245789
2022-05-04 00:00:00+00:00,8.489999771118164,14.890000343322754,5.20246525302052,0.0230088784930318,0.0196722042999676,0.0536987003332015,0.0419336071952419,5.160314828762455,0.1873448114996793,0.2238311638287015,0,0.5910638570785522
2022-05-05 00:00:00+00:00,8.489999771118164,14.890000343322754,5.20246525302052,0.0310434585961301,0.0198368136870641,0.0536790960660388,0.0102788021648924,5.192140114145451,0.1882310025962235,0.054607381478712,0,0.5900839567184448
2022-05-06 00:00:00+00:00,8.489999771118164,14.5,5.288572678217354,0.0160767083200189,0.0192833998617904,0.0542598057086984,0.0208039829862693,5.267660281904885,0.1857134172525072,0.1120219707011423,0,0.5873417258262634
2022-05-09 00:00:00+00:00,8.489999771118164,14.5,5.288572678217354,0.0176322905144408,0.0193157664144337,0.054254215751545,0.004794870916372,5.283754566308994,0.1858223582406678,0.0258035198873215,0,0.5858497023582458
2022-05-10 00:00:00+00:00,8.489999771118164,14.5,5.288572678217354,0.0163337823598202,0.0192500977625138,0.0543016187111023,0.0010970234694972,5.287470294835753,0.1855245786853797,0.0059130896686072,0,0.5851317644119263
2022-05-11 00:00:00+00:00,8.489999771118164,14.5,5.288572678217354,0.0154108760139448,0.0192336836538341,0.0542995182691818,0.0002502675613371,5.28832118268631,0.1854330763871883,0.0013496381886833,0,0.584364116191864
2022-05-12 00:00:00+00:00,7.800000190734863,14.56999969482422,4.583117999937153,0.0137912340388104,0.0212923378271792,0.0543506514704818,-0.164242656754991,4.748139570596318,0.1941040821167269,-0.846157664300031,0,0.584392249584198
2022-05-13 00:00:00+00:00,7.800000190734863,14.1899995803833,4.667017493845882,0.0953569853717039,0.0232189984051078,0.0540161924602186,-0.0313833892780645,4.698472975027478,0.2033454058000726,-0.1543353741117731,0,0.5846481919288635
2022-05-16 00:00:00+00:00,7.800000190734863,14.1899995803833,4.667017493845882,0.0159757474661806,0.0197692985528219,0.0574946294993576,-0.0068519695399621,4.673902056180761,0.1885357216609421,-0.0363430838442622,0,0.5844464898109436
2022-05-17 00:00:00+00:00,7.800000190734863,14.1899995803833,4.667017493845882,0.0144228225368006,0.019707979175167,0.0575559488770126,-0.0015243370779671,4.668549147240525,0.1879524931040394,-0.0081102253702128,0,0.5844351053237915
2022-05-18 00:00:00+00:00,7.800000190734863,14.1899995803833,4.667017493845882,0.0144615403355709,0.0196567375056675,0.0575521038041453,-0.0003390894100468,4.667358214612772,0.1877103016197671,-0.0018064507228471,0,0.5844032764434814
2022-05-19 00:00:00+00:00,7.800000190734863,14.029999732971191,4.70234355221589,0.0116096712746543,0.01960749068173,0.057552388262529,0.007342371271362,4.694963369848455,0.187450782794363,0.0391695951433649,0,0.5842119455337524
2022-05-20 00:00:00+00:00,7.800000190734863,14.029999732971191,4.70234355221589,0.0149776704453827,0.0197329424890779,0.0574338207755562,0.0016446964230332,4.700690987077036,0.1880215178220157,0.0087473840339389,0,0.5841236710548401
2022-05-23 00:00:00+00:00,7.800000190734863,14.640000343322754,4.567662691480336,0.016598698897984,0.0198751679110189,0.0573610848320566,-0.0281958156493416,4.596002351696681,0.1886605923341179,-0.1494525979193731,0,0.5839623808860779
2022-05-24 00:00:00+00:00,7.800000190734863,14.640000343322754,4.567662691480336,0.0203776222262134,0.0199549450216432,0.0573495269663829,-0.0064672976537506,4.574159990403272,0.1890708129391812,-0.034205690202596,0,0.5840266346931458
2022-05-25 00:00:00+00:00,7.800000190734863,14.640000343322754,4.567662691480336,0.017667081191032,0.0191447687138454,0.0575074640033296,-0.001422835520541,4.569092461308,0.1855417476205691,-0.007668546506583,0,0.5836629271507263
2022-05-26 00:00:00+00:00,7.800000190734863,14.539999961853027,4.589741583241551,0.0587109451639983,0.0192598510586151,0.0573952090974981,0.0041422568807168,4.585576380755522,0.1865975746962933,0.0221988784551933,0,0.5838174223899841
2022-05-27 00:00:00+00:00,7.800000190734863,14.5,4.598573097834053,-0.0250634525047721,0.0169745306588931,0.0589564765341202,0.002358441208002,4.596200484323874,0.1751953740335093,0.0134617778637864,0,0.5839329957962036
2022-05-30 00:00:00+00:00,7.800000190734863,14.5,4.598573097834053,0.016122561785792,0.0184325338500202,0.0574981538710334,0.0005138359703973,4.598056649697156,0.1820884296442827,0.0028219034641636,0,0.5840069055557251
2022-05-31 00:00:00+00:00,7.800000190734863,14.5,4.598573097834053,0.0162608940959247,0.0184355019527735,0.0574917671837624,0.0001107228846042,4.598461812500395,0.1822306481552643,0.00060759749101,0,0.5836761593818665
2022-06-01 00:00:00+00:00,7.800000190734863,14.5,4.598573097834053,0.0161022173381313,0.0184332165121088,0.0574905999028323,2.383186898566075e-05,4.598549144813476,0.1822242654101546,0.0001307831804508,0,0.5831802487373352
2022-06-02 00:00:00+00:00,7.800000190734863,14.5,4.598573097834053,-0.0080484054656663,0.0045027905245581,0.0582618552772169,1.2402665857811262e-06,4.5985718265868005,0.0934471507741796,1.327238525204798e-05,0,0.5832050442695618
2022-06-03 00:00:00+00:00,7.800000190734863,14.34000015258789,4.633899156204061,-0.739253715191157,0.0025746466662175,0.0475829646811192,0.0044806009413823,4.6293625953475805,0.0802797698021258,0.0558123292135263,0,0.5831291079521179
2022-06-06 00:00:00+00:00,7.800000190734863,14.34000015258789,4.633899156204061,0.2859509046253676,0.0299749914082579,0.0198597930870876,0.0031088563522971,4.630784038374496,0.2094739499885112,0.0148412552132025,0,0.5829976797103882
2022-06-07 00:00:00+00:00,7.800000190734863,14.34000015258789,4.633899156204061,0.3201040979476166,0.0309669316697375,0.0188663911847984,0.0020463661101258,4.631849030245268,0.2224744473186459,0.0091982074111857,0,0.5827301144599915
2022-06-08 00:00:00+00:00,7.800000190734863,14.34000015258789,4.633899156204061,0.25689020079228,0.0277143902873425,0.0216702655551305,0.0011429501197086,4.632753654393813,0.2164639464480624,0.0052800946229762,0,0.5825238823890686
2022-06-09 00:00:00+00:00,7.800000190734863,14.34000015258789,4.633899156204061,0.2778190695076524,0.0289579048501351,0.0204283728828578,0.0006671422199624,4.633230622701801,0.2208682281050675,0.0030205440849785,0,0.5823542475700378
2022-06-10 00:00:00+00:00,7.800000190734863,14.34000015258789,4.633899156204061,0.2781638146400194,0.0289651013022778,0.0204219851203957,0.0003872625177233,4.633511086814111,0.2214170516085567,0.0017490184920716,0,0.5822466015815735
2022-06-13 00:00:00+00:00,7.800000190734863,14.34000015258789,4.633899156204061,0.2779814386647858,0.0289550285854256,0.0204316243213188,0.0002242450167579,4.633674443699117,0.2215635137283708,0.0010121026381307,0,0.5822798013687134
2022-06-14 00:00:00+00:00,7.800000190734863,13.90999984741211,4.728838095993396,0.2771882629301941,0.0289710208278161,0.0204370306782346,0.0395613519476565,4.689118420026156,0.2216464278272734,0.1784885609728224,0,0.5823941826820374
2022-06-15 00:00:00+00:00,7.800000190734863,13.90999984741211,4.728838095993396,0.2793529465623393,0.0290522689810714,0.0203562286883036,0.0229963332523455,4.705793995470353,0.2219425727593147,0.1036138896942675,0,0.5824241042137146
2022-06-17 00:00:00+00:00,7.800000190734863,13.68000030517578,4.779619252260305,0.2747209015343242,0.0288164776715946,0.0205727645790239,0.0341496642003521,4.745357370236013,0.2212072301380748,0.1543786076930505,0,0.581012487411499
2022-06-20 00:00:00+00:00,7.800000190734863,13.68000030517578,4.779619252260305,0.2755185534834125,0.0288463825574016,0.0205430359454491,0.0196839442440795,4.759893946952464,0.2212444484874439,0.0889692120125522,0,0.5809465646743774
2022-06-21 00:00:00+00:00,7.800000190734863,13.68000030517578,4.779619252260305,0.2750612470978717,0.0288263228012016,0.0205593922051773,0.0113275641242568,4.768267872292898,0.2211656560697343,0.0512175548661372,0,0.5810563564300537
2022-06-22 00:00:00+00:00,7.800000190734863,13.68000030517578,4.779619252260305,0.2755490595236671,0.0288541968148121,0.0205334473085657,0.0065266999056039,4.773078851615573,0.2212441975682185,0.0294999822700051,0,0.581180989742279
2022-06-23 00:00:00+00:00,8.289999961853027,13.68000030517578,5.269619023378469,0.2596638975542985,0.0295847263716194,0.0207124686363364,0.2089146969111941,5.059899040758138,0.223044163663238,0.9366517082537194,0,0.581282377243042
2022-06-24 00:00:00+00:00,8.289999961853027,13.520000457763672,5.3049450817484765,0.3719296136047371,0.0332245542099189,0.0170102299679062,0.1595430188801224,5.145115200473518,0.235128929356539,0.678534195331611,0,0.5814368724822998
2022-06-27 00:00:00+00:00,8.289999961853027,14.0,5.198966906638452,0.3754316994078268,0.0318013994148638,0.0183424715193796,0.05716179608419,5.141815377108943,0.2337833552225879,0.2445075528570698,0,0.5822409391403198
2022-06-28 00:00:00+00:00,7.710000038146973,13.970000267028809,4.625590566236794,0.4179592139520393,0.037100547627592,0.014944934790855,-0.2605191253464878,4.887010866328464,0.248142522979409,-1.0498769909263224,0,0.5828548669815063
2022-06-29 00:00:00+00:00,7.710000038146973,13.970000267028809,4.625590566236794,0.3698328115356125,0.0286957320098745,0.0227090580596121,-0.1583579300463484,4.784217969510531,0.2282426591885892,-0.693813902314828,0,0.5834619998931885
2022-06-30 00:00:00+00:00,7.710000038146973,13.899999618530272,4.641045874693611,0.2014557955387979,0.0218544388156654,0.0282272232744156,-0.0628150096741051,4.70403169473958,0.1990743800577612,-0.3155353775602836,0,0.5845943093299866
2022-07-01 00:00:00+00:00,7.710000038146973,13.899999618530272,4.641045874693611,0.2918426038603885,0.0264971370237268,0.0235849157311446,-0.0355660232276918,4.676687381250343,0.2137676455861966,-0.1663770171120243,0,0.5849692225456238
2022-07-04 00:00:00+00:00,7.710000038146973,13.899999618530272,4.641045874693611,0.3438261967984603,0.0252490412358543,0.0226077616582096,-0.020937043307406,4.66202452436358,0.212090882782617,-0.0987173188810077,0,0.5861603617668152
2022-07-05 00:00:00+00:00,7.710000038146973,13.899999618530272,4.641045874693611,0.111702784969035,0.0186506727215348,0.0266003161594256,-0.0074444914032544,4.648520945464843,0.1815876272348536,-0.0409966885773901,0,0.5858017206192017
2022-07-06 00:00:00+00:00,8.289999961853027,13.899999618530272,5.221045798399666,0.2625450550722996,0.027947676771201,0.0185988632493608,0.2635042011321499,4.956487421719906,0.2127124497012297,1.2387812819713226,0,0.5861027836799622
2022-07-07 00:00:00+00:00,8.289999961853027,13.899999618530272,5.221045798399666,0.3756570405076857,0.0331217781689379,0.0147167091190852,0.186976715422985,5.033766525043842,0.2307157671757771,0.8104201880599328,0,0.5864167809486389
2022-07-08 00:00:00+00:00,8.289999961853027,13.729999542236328,5.258579788057778,0.2988941879764464,0.0262731013589067,0.0208092880656676,0.1212039505348476,5.137079950659274,0.2140255775756537,0.5663059149647872,0,0.5873151421546936
2022-07-11 00:00:00+00:00,8.289999961853027,13.56999969482422,5.293905846427787,0.2299000301736068,0.0238658034189765,0.0224588396321868,0.0732210348608091,5.220462654586037,0.2039204177541019,0.359066716649742,0,0.5877346396446228
2022-07-12 00:00:00+00:00,8.289999961853027,13.56999969482422,5.293905846427787,0.4439222942176811,0.0358304884289717,0.0094396105226699,0.0578128706089466,5.236012561129285,0.236000549580721,0.2449692202482454,0,0.5882300138473511
2022-07-13 00:00:00+00:00,8.289999961853027,13.56999969482422,5.293905846427787,0.6835077449025496,0.0585340833104035,1e-06,0.0559530880157499,5.2379224749129,0.2789276482612106,0.2006007233938706,0,0.5898156762123108
2022-07-14 00:00:00+00:00,8.289999961853027,13.56999969482422,5.293905846427787,0.3615514101990142,0.0266896885366829,0.017048754088866,0.0356408440028641,5.258195816610717,0.2151668137264814,0.1656428488464328,0,0.5910612940788269
2022-07-15 00:00:00+00:00,8.289999961853027,13.56999969482422,5.293905846427787,0.496584753184307,0.0372115241982417,0.0065136199628951,0.0296193801013128,5.264249596026863,0.2405405652285715,0.123136736097578,0,0.5920714139938354
2022-07-18 00:00:00+00:00,8.289999961853027,13.56999969482422,5.293905846427787,0.5130163397775683,0.0378616926420559,0.0056826887085037,0.0249409197924135,5.268935157051769,0.2430951656493949,0.102597349995782,0,0.5926785469055176
2022-07-19 00:00:00+00:00,8.289999961853027,13.56999969482422,5.293905846427787,0.6087313949223603,0.0458320208847293,1e-06,0.0232975538232942,5.270588409972522,0.256306850452619,0.0908971171943024,0,0.5928300619125366
2022-07-20 00:00:00+00:00,8.289999961853027,13.56999969482422,5.293905846427787,0.999,16.702767552313126,1e-06,0.0233174360993677,5.270588410069901,4.089335363473672,0.0057020112137638,0,0.5926163196563721
2022-07-21 00:00:00+00:00,8.279999732971191,13.56999969482422,5.283905617545951,0.6178701445223955,0.0416456516182391,0.000126727299752,0.0135067600935638,5.270401290286335,0.2455881236941499,0.0549976110016819,0,0.5924894213676453
2022-07-22 00:00:00+00:00,7.409999847412109,13.529999732971191,4.422737246579372,0.5909811285951899,0.0499930748645288,1e-06,-0.7236156173303849,5.147959731204454,0.2599563566456492,-2.783604242910502,1,0.5917037725448608
2022-07-25 00:00:00+00:00,7.409999847412109,13.520000457763672,4.424944967307559,0.999,18.585556341601443,1e-06,-0.7230147630196714,5.147959730987747,4.3131392721092645,-0.1676307481409228,1,0.5957948565483093
2022-07-26 00:00:00+00:00,7.409999847412109,13.5,4.429360829883768,0.6867566954858512,0.0535297186724369,1e-06,-0.6962020537920892,5.125963746796423,0.2656713203909974,-2.620538990687685,1,0.6097429990768433
2022-07-27 00:00:00+00:00,7.409999847412109,13.5,4.429360829883768,0.7492830433511154,0.0696189007582771,1e-06,-0.6858276254718587,5.115435398509863,0.2939773379818578,-2.3329268513690096,1,0.6267195343971252
2022-07-28 00:00:00+00:00,7.409999847412109,13.5,4.429360829883768,0.7532671860181415,0.0709042023363035,1e-06,-0.676130116215691,5.105726044715672,0.2957582356401466,-2.2860905791930284,1,0.6442333459854126
2022-07-29 00:00:00+00:00,7.409999847412109,13.6899995803833,4.387411188209363,0.7527358531947635,0.0707803248858854,1e-06,-0.7061501712183494,5.093852359210149,0.2951588888165964,-2.3924408106073733,1,0.6602550745010376
2022-08-01 00:00:00+00:00,7.409999847412109,13.6899995803833,4.387411188209363,0.8290098520001004,0.0974869836609247,1e-06,-0.702883758233838,5.090418284478093,0.3372730893127278,-2.0840196876250245,1,0.6766092777252197
2022-08-02 00:00:00+00:00,7.409999847412109,13.6899995803833,4.387411188209363,0.6150010688943116,0.0431069474198514,0.0018261046019744,-0.6565019948391569,5.044483516116947,0.2445492277577594,-2.684539226962766,1,0.6877662539482117
2022-08-03 00:00:00+00:00,7.409999847412109,13.199999809265137,4.495597294607492,0.7723219718564891,0.048432980973956,1e-06,-0.5455853479864969,5.041267264408794,0.2546720937613434,-2.142305189110245,1,0.7005704045295715
2022-08-04 00:00:00+00:00,7.409999847412109,12.869999885559082,4.568457342635615,0.0884817497389355,0.0113852295282573,0.0275797492784284,-0.1294712446682894,4.698735018738564,0.1448216532500565,-0.8940047414369569,1,0.7100549936294556
2022-08-05 00:00:00+00:00,7.409999847412109,12.869999885559082,4.568457342635615,-0.1823194373634766,0.0050776902599442,0.031696800634646,0.001772549690318,4.566990528127112,0.0972673656491547,0.0182234779207623,0,0.7153323292732239
2022-08-08 00:00:00+00:00,7.409999847412109,12.869999885559082,4.568457342635615,0.999,0.1938363808924636,1e-06,0.0014671136860956,4.566990385601283,0.4454120214005725,0.0032938349564128,0,0.7206027507781982
2022-08-09 00:00:00+00:00,7.409999847412109,13.0,4.539754867570004,-0.999,2.002416776324212e-06,0.0326670138464125,-0.0060423441724157,4.545848066680371,0.0543330796977404,-0.1112093075899579,0,0.7254927158355713
2022-08-10 00:00:00+00:00,7.690000057220459,13.300000190734863,4.753518612654629,-0.2709599812867484,0.0024341520533597,0.0303578268513716,0.0204599813017576,4.732512298071365,0.0690662237170453,0.2962371503845259,0,0.7285246849060059
2022-08-11 00:00:00+00:00,7.889999866485596,13.5,4.909360848957254,-0.1526186503552944,0.002852587274147,0.0305041707180629,0.012901047814358,4.895968598377138,0.0739536652977266,0.1744477134760026,0,0.7331989407539368
2022-08-12 00:00:00+00:00,7.5,13.289999961853027,4.565726486722275,-0.1660641571027757,0.0033781750756655,0.0301280541366443,-0.0363537915115063,4.602961249794604,0.0801472618292297,-0.4535874424377163,0,0.7348722815513611
2022-08-15 00:00:00+00:00,7.5,13.289999961853027,4.565726486722275,0.0118161164846185,0.004323665201478,0.0296659664277597,-0.0046788335530262,4.570504411839799,0.0902921176867661,-0.0518188483435247,0,0.7356276512145996
2022-08-16 00:00:00+00:00,7.5,13.75,4.4641639636285415,-0.1712255955993556,0.0030152111807001,0.031013313108779,-0.0094669671658111,4.473902493503497,0.0760283617400507,-0.1245188893873542,0,0.7368800640106201
2022-08-17 00:00:00+00:00,7.5,13.75,4.4641639636285415,-0.162887129438088,0.0030392873717541,0.0310276427237055,0.0004843378043968,4.463709324330727,0.0762758173690365,0.0063498212290995,0,0.7379102110862732
2022-08-18 00:00:00+00:00,7.5,13.050000190734863,4.618715574277287,-0.1355067153900404,0.00328638049553,0.0308846763363276,0.0151122045310926,4.603194557561591,0.079122704854083,0.1909970666316618,0,0.7367739677429199
2022-08-19 00:00:00+00:00,7.409999847412109,13.949999809265137,4.33000623807814,-0.2042179704817152,0.0030759053753578,0.0307438973305132,-0.0299160066253311,4.360627311737667,0.0767974934189103,-0.3895440501182393,0,0.7368127107620239
2022-08-22 00:00:00+00:00,7.409999847412109,13.6899995803833,4.387411188209363,-0.1923542298016705,0.0033436165648889,0.0301972335502988,0.0079778296390661,4.379377620367244,0.0798117223200036,0.0999581190226565,0,0.7358582615852356
2022-08-23 00:00:00+00:00,7.409999847412109,13.5,4.429360829883768,0.4419392010918389,0.0063054923096576,0.0240181437819878,0.0117434120899888,4.417469718256948,0.1105345735496946,0.1062419812449829,0,0.7327744960784912
2022-08-24 00:00:00+00:00,7.409999847412109,13.5,4.429360829883768,-0.999,1e-06,0.0301490724273982,-0.0065647637578557,4.435881770648224,0.05765171307965,-0.1138693615016442,0,0.7273949384689331
2022-08-25 00:00:00+00:00,6.550000190734863,13.5,3.5693611732065222,-0.434128766680023,0.0018864506341731,0.0288449687500108,-0.0881322323074242,3.6597992801676593,0.0631363688502051,-1.395902772244051,1,0.7221450209617615
2022-08-26 00:00:00+00:00,6.989999771118164,13.5,4.009360753589823,0.1134970064026243,0.0074615928110681,0.0236055995705324,0.0692525875982519,3.939015217126722,0.1155502114731825,0.5993289559173535,0,0.7086900472640991
2022-08-29 00:00:00+00:00,6.809999942779541,13.5,3.8293609252512,-0.0167175002896401,0.0056996450786132,0.025644026414268,-0.0178977641285257,3.8475473408556353,0.1024994763274482,-0.1746132250602819,0,0.6933897733688354
2022-08-30 00:00:00+00:00,6.809999942779541,13.34000015258789,3.8646869836212088,-0.0536542030806037,0.005235993173962,0.0261798105338979,0.0033736168016727,3.861269543062155,0.0983077333673416,0.0343169014900055,0,0.677272379398346
2022-08-31 00:00:00+00:00,6.809999942779541,13.34000015258789,3.8646869836212088,-0.0326240229336203,0.0051147476062255,0.0260538396558287,0.0004048317278768,3.864272369469864,0.0972930011432855,0.0041609542630988,0,0.6604270339012146
2022-09-01 00:00:00+00:00,6.809999942779541,13.5,3.8293609252512,0.1762101673144435,0.0052991811020701,0.025688928992496,-0.0047173654766027,3.8341808295358737,0.1004698158890424,-0.0469530618211992,0,0.6426912546157837
2022-09-02 00:00:00+00:00,6.809999942779541,13.5,3.8293609252512,-0.2789733983997566,0.002724040009562,0.0271305464357785,0.0005979337884126,3.828779197135551,0.0728195638964545,0.0082111695871025,0,0.6233192682266235
2022-09-05 00:00:00+00:00,7.25,13.989999771118164,4.161174876073529,-0.037616461712212,0.004904742679241,0.0254455222202441,0.0499365509375198,4.110240132661404,0.0951889769659878,0.5246043452632416,0,0.6046845316886902
2022-09-06 00:00:00+00:00,6.619999885559082,13.989999771118164,3.5311747616326112,-0.1838531030803695,0.0056584454330368,0.0250044816718154,-0.1111839809752802,3.643913595145951,0.1014059047328655,-1.0964251171386248,0,0.5893689393997192
2022-09-08 00:00:00+00:00,7.099999904632568,13.5,4.119360887104227,-0.3026930934188553,0.0059882703071929,0.0246629180311975,0.1228813592834671,3.995336540664996,0.1040367231213461,1.1811344647999054,0,0.5824084281921387
2022-09-09 00:00:00+00:00,7.150000095367432,13.5,4.16936107783909,0.0196876602404775,0.0097974175500891,0.0225919081701551,0.0471909410091647,4.121708786629285,0.1306323634826182,0.3612499977116613,0,0.5811352133750916
2022-09-12 00:00:00+00:00,8.0,13.359999656677246,5.050271388825375,-0.4548832664466622,0.0046101934712379,0.0313942372484091,0.1520455881179604,4.896381479568323,0.0948994285725127,1.6021760131230114,-1,0.5812874436378479
2022-09-13 00:00:00+00:00,8.399999618530273,13.520000457763672,5.4149447384257225,-0.0242620646540155,0.006582399712197,0.0357808661345703,0.0704454273032501,5.343391371680114,0.110533087981265,0.637324339614852,-1,0.5815040469169617
2022-09-14 00:00:00+00:00,9.0,13.3100004196167,6.061310624146065,-0.999,3.113015997552156e-06,0.0464320759855657,0.0578848771832606,6.002284884542201,0.0616516881023678,0.9389017391891572,-1,0.5819507241249084
2022-09-15 00:00:00+00:00,9.0,13.3100004196167,6.061310624146065,-0.999,2.07916042572694e-06,0.0476748254345497,-0.0437832646112802,6.104908372285161,0.0537083727951678,-0.8152037072182432,0,0.582541823387146
2022-09-16 00:00:00+00:00,9.489999771118164,13.3100004196167,6.551310395264229,-0.999,2.52990127132136e-06,0.0484707332738628,0.0822151008148321,6.468425792205345,0.0482977666969455,1.7022547094301077,-1,0.5831129550933838
2022-09-19 00:00:00+00:00,9.489999771118164,13.359999656677246,6.540271159943539,-0.999,2.1730112168108988e-06,0.0491886484850653,-0.0699384330561819,6.60994711685002,0.0442932703638644,-1.5789855316991768,0,0.5832706093788147
2022-09-20 00:00:00+00:00,9.489999771118164,13.359999656677246,6.540271159943539,-0.999,1.908085145602557e-06,0.0485675402747959,0.060229263091246,6.480288578402835,0.0411059503710579,1.4652200605402526,-1,0.5839378833770752
2022-09-21 00:00:00+00:00,9.489999771118164,14.359999656677246,6.319483084571069,-0.999,2.3266942937065183e-06,0.0482094963556342,-0.066313537559093,6.385979171195773,0.0385169815538558,-1.7216701538870862,0,0.5840395092964172
2022-09-22 00:00:00+00:00,9.489999771118164,14.359999656677246,6.319483084571069,-0.999,2.19030277989966e-06,0.0484822793832479,0.0590624216445397,6.26066387662502,0.0363697397928224,1.623944025472399,-1,0.5840508341789246
2022-09-23 00:00:00+00:00,9.489999771118164,14.359999656677246,6.319483084571069,-0.999,2.1902614596787293e-06,0.0484835191075046,-0.0532500284882278,6.372514683966488,0.0345498332904789,-1.5412528344355902,0,0.5838375687599182
2022-09-26 00:00:00+00:00,9.489999771118164,14.359999656677246,6.319483084571069,-0.999,2.1486549165436925e-06,0.0484351045157318,0.0484669434446765,6.271215149741867,0.0329786801415144,1.4696447291614012,-1,0.5839013457298279
2022-09-27 00:00:00+00:00,9.489999771118164,14.359999656677246,6.319483084571069,-0.999,2.1754754059886067e-06,0.0483829381491812,-0.0444611423115761,6.363761470603222,0.0316069374946006,-1.4066893484752003,0,0.5838490128517151
2022-09-28 00:00:00+00:00,9.489999771118164,14.359999656677246,6.319483084571069,-0.999,2.1732561144499323e-06,0.0483785103853598,0.0410598758852069,6.278591999159106,0.0303958851502039,1.3508366570772965,-1,0.5839677453041077
2022-09-29 00:00:00+00:00,8.3100004196167,14.359999656677246,5.139483733069604,-0.999,5.040149988605995e-06,0.0544904416201155,-0.0756748687668969,5.217040070463799,0.0295269576024751,-2.562907759943188,0,0.5841379165649414
2022-09-30 00:00:00+00:00,8.3100004196167,14.359999656677246,5.139483733069604,-0.999,2.02743231557832e-06,0.0605032706871998,0.0714695842369684,5.068252871542624,0.0286789061139257,2.492061027469402,-1,0.584136962890625
2022-10-03 00:00:00+00:00,7.769999980926514,14.359999656677246,4.599483294379419,-0.999,2.642107723513776e-06,0.0617426367763056,-0.0813815789753038,4.681474218499253,0.0279809539207659,-2.908463349954159,0,0.5842390060424805
2022-10-04 00:00:00+00:00,7.769999980926514,13.8100004196167,4.720916567386343,-0.999,2.2325545392771318e-06,0.0624380406607069,0.0803083348025004,4.640671896529556,0.0273181158978444,2.939746470906405,-1,0.5842183232307434
2022-10-05 00:00:00+00:00,8.489999771118164,14.100000381469728,5.376887824142374,-0.999,2.825182288532364e-06,0.064820169166361,-0.0623789559769115,5.438065890259998,0.026752869572006,-2.3316734606363205,0,0.5841782689094543
2022-10-06 00:00:00+00:00,8.489999771118164,14.100000381469728,5.376887824142374,-0.999,1.9525752198292518e-06,0.0665653833037672,0.059791207621358,5.317274033099294,0.0261966267911671,2.282401016665174,-1,0.5843924880027771
2022-10-07 00:00:00+00:00,8.489999771118164,14.09000015258789,5.37909575543048,-0.999,1.9525853810777406e-06,0.0665651387067198,-0.0573412602149045,5.43626210212582,0.0256900409067729,-2.232042386502662,0,0.5841783881187439
2022-10-10 00:00:00+00:00,8.489999771118164,14.09000015258789,5.37909575543048,-0.999,1.9527079064754528e-06,0.0665648936559243,0.0551164758425584,5.32414422129395,0.0252136875198513,2.185974415648799,-1,0.5837982892990112
2022-10-11 00:00:00+00:00,8.489999771118164,13.140000343322754,5.588844384922343,-0.999,2.04412353292915e-06,0.0667211095465124,-0.0492331707884059,5.637617122778282,0.0247694816578149,-1.9876544640114604,0,0.583588182926178
2022-10-13 00:00:00+00:00,8.489999771118164,13.699999809265137,5.465203180627313,-0.999,2.108505691328683e-06,0.0667384156773024,0.0452825621724541,5.420240031546435,0.0243510545424065,1.859572943487774,-1,0.5835593342781067
2022-10-14 00:00:00+00:00,8.489999771118164,13.699999809265137,5.465203180627313,-0.999,2.0678336195119467e-06,0.0668197598209359,-0.0437027280529017,5.508775891437317,0.0239528778014864,-1.8245293285882225,0,0.5827615857124329
2022-10-17 00:00:00+00:00,8.489999771118164,13.699999809265137,5.465203180627313,-0.999,1.5379818588977475e-06,0.065827988918405,0.0422013072960445,5.42312957877174,0.0235484770997004,1.7921034603372046,-1,0.5824795365333557
2022-10-18 00:00:00+00:00,8.489999771118164,13.699999809265137,5.465203180627313,-0.999,2.0431383156724206e-06,0.0648176760048557,-0.0407748709950811,5.505852747567915,0.0231909373695343,-1.758224359169136,0,0.5813444256782532
2022-10-19 00:00:00+00:00,8.489999771118164,13.5,5.509360753589823,-0.999,2.047195706345909e-06,0.0648231097183234,0.0401408060793249,5.46927537696552,0.0228416528710809,1.757351199840088,-1,0.5812160968780518
2022-10-20 00:00:00+00:00,8.489999771118164,13.5,5.509360753589823,-0.999,2.0445371089185204e-06,0.0648284269131782,-0.0388599068379117,5.548101159284108,0.0225095150762814,-1.7263768991122774,0,0.580890953540802
2022-10-21 00:00:00+00:00,8.010000228881836,13.130000114440918,5.111052773974119,-0.999,2.3752217150247904e-06,0.0655168542625896,0.0317347007824651,5.0800206770160194,0.0222116236700261,1.4287429525149975,-1,0.5810699462890625
2022-10-24 00:00:00+00:00,7.599999904632568,13.130000114440918,4.701052449724852,-0.999,1.6208684180392962e-06,0.0681178826813422,-0.0365487073322264,4.738095306424343,0.0218988048724963,-1.6689818254935744,0,0.5809752345085144
2022-10-25 00:00:00+00:00,7.599999904632568,13.130000114440918,4.701052449724852,-0.999,1.3581905036345337e-06,0.0686432385101518,0.035519896989178,4.665636519315132,0.0216060824300928,1.643976741461751,-1,0.5810348987579346
2022-10-26 00:00:00+00:00,7.599999904632568,13.130000114440918,4.701052449724852,-0.999,1.3424761841225825e-06,0.0686057943298155,-0.0345517088636478,4.735503820769467,0.0213305294301409,-1.61982425128299,0,0.580921471118927
2022-10-27 00:00:00+00:00,7.599999904632568,13.130000114440918,4.701052449724852,-0.999,1.3614752419273235e-06,0.0685677962142061,0.0336318141944327,4.667518357137816,0.0210673934658265,1.5963918008645428,-1,0.5809657573699951
2022-10-28 00:00:00+00:00,7.599999904632568,12.760000228881836,4.782744012345475,-0.999,1.375385345736307e-06,0.068602310652812,-0.0317344436618699,4.814267557408982,0.0208152110794785,-1.52457947895405,0,0.5809003114700317
2022-10-31 00:00:00+00:00,7.599999904632568,12.760000228881836,4.782744012345475,-0.999,1.3583463182333272e-06,0.068636388707818,0.0309297413034371,4.751903879364746,0.0205719521304388,1.5034908261172055,-1,0.5809159874916077
2022-11-01 00:00:00+00:00,7.300000190734863,13.130000114440918,4.401052735827147,-0.999,1e-06,0.0671771141337405,-0.0348007943161359,4.43631683445873,0.0203158176401828,-1.7129900913908152,0,0.580933153629303
2022-11-03 00:00:00+00:00,7.300000190734863,13.130000114440918,4.401052735827147,-0.999,1.086815006217361e-06,0.0661754640540394,0.0339195610438812,4.367236134755192,0.0200785100789124,1.6893465157808396,-1,0.5809000134468079
2022-11-04 00:00:00+00:00,7.300000190734863,13.130000114440918,4.401052735827147,-0.999,1.10305059457667e-06,0.0661429928773208,-0.0330857092897272,4.434038803498772,0.0198488434317122,-1.666883483844037,0,0.5809682011604309
2022-11-07 00:00:00+00:00,7.300000190734863,13.130000114440918,4.401052735827147,-0.999,1.10305059457667e-06,0.0661429928773208,0.0322897397058921,4.368860241769626,0.0196273222182148,1.6451423860523433,-1,0.5809334516525269
2022-11-08 00:00:00+00:00,7.300000190734863,13.130000114440918,4.401052735827147,-0.999,1.10305059457667e-06,0.0661429928773208,-0.0315290946113022,4.43248687559465,0.0194138711899835,-1.624049850890609,0,0.5809280872344971
2022-11-09 00:00:00+00:00,7.300000190734863,13.0,4.429755210892758,-0.999,1.1021584175556753e-06,0.0661409635793792,0.0311189212843647,4.398686746116391,0.0192079958021558,1.6201024617504385,-1,0.5810034275054932
2022-11-10 00:00:00+00:00,7.0,13.0,4.129755020157894,-0.999,1.3269673050279627e-06,0.0664298934591752,-0.0336543014799376,4.1637585961480585,0.019021947009089,-1.7692353713243414,0,0.5808550119400024
2022-11-11 00:00:00+00:00,7.0,13.0,4.129755020157894,-0.999,1.1098118397585631e-06,0.066721306797881,0.0329084155282456,4.096945530410151,0.018826142717242,1.7480168945126655,-1,0.5809223651885986
2022-11-14 00:00:00+00:00,7.0,13.0,4.129755020157894,-0.999,1.1434880274179136e-06,0.0666539544225623,-0.0321964933131238,4.161855289458264,0.0186440295399527,-1.7269063666805096,0,0.5808172225952148
2022-11-16 00:00:00+00:00,7.0,13.0,4.129755020157894,-0.999,1.1434880274179136e-06,0.0666539544225623,0.0315125797777,4.098336621259106,0.0184670852167005,1.7064187124236552,-1,0.5808976888656616
2022-11-17 00:00:00+00:00,7.0,12.25,4.295346076687246,-0.999,1.199737348217941e-06,0.0667751423971566,-0.0292107300709873,4.324222415740215,0.0182992787760382,-1.5962776691088516,0,0.5808084011077881
2022-11-18 00:00:00+00:00,7.0,13.300000190734863,4.06351855543417,-0.999,1.4137889322585765e-06,0.0667840354353904,0.0263522497709496,4.037590644181001,0.0181470938281229,1.4521471052357156,-1,0.5808546543121338
2022-11-21 00:00:00+00:00,7.0,13.300000190734863,4.06351855543417,-0.999,1.3089960875592564e-06,0.066993621124789,-0.025826133147759,4.089268406967163,0.0179888772565713,-1.4356723201457595,0,0.5807691216468811
2022-11-22 00:00:00+00:00,7.0,13.300000190734863,4.06351855543417,-0.999,1.3089960875592564e-06,0.066993621124789,0.0253155342583216,4.038278300141994,0.017838403086954,1.4191592226568708,-1,0.580824613571167
2022-11-23 00:00:00+00:00,7.0,13.300000190734863,4.06351855543417,-0.999,1.3089960875592564e-06,0.066993621124789,-0.0248228207843876,4.088267563151222,0.0176925684997696,-1.403008318702331,0,0.5807574391365051
2022-11-24 00:00:00+00:00,7.0,13.300000190734863,4.06351855543417,-0.999,1.3089960875592564e-06,0.066993621124789,0.0243470391320588,4.039243914587636,0.0175511700311884,1.3872031943622054,-1,0.5808020234107971
2022-11-25 00:00:00+00:00,7.0,13.300000190734863,4.06351855543417,-0.999,1.306351215081078e-06,0.066985689419158,-0.0238872582833479,4.087334774251935,0.0174138477252316,-1.3717392422546983,0,0.58078932762146
2022-11-28 00:00:00+00:00,7.0,13.0,4.129755020157894,-0.999,1.3195088084613069e-06,0.0670012261253189,0.0240270576272389,4.105700834719552,0.0172814582628334,1.3903373929336185,-1,0.580778956413269
2022-11-29 00:00:00+00:00,7.210000038146973,13.0,4.339755058304867,-0.999,1.3413186103618255e-06,0.067339934426433,-0.0217717761570201,4.361151345907799,0.017154581593846,-1.269152269200811,0,0.5807446837425232
2022-11-30 00:00:00+00:00,7.5,13.0,4.629755020157894,-0.999,1.162810476899566e-06,0.0684097308699287,0.0238206144438725,4.6055806350154125,0.0170226000261845,1.3993522967837555,-1,0.5807812213897705
2022-12-01 00:00:00+00:00,7.5,13.0,4.629755020157894,-0.999,1e-06,0.0687663679283057,-0.0234023709820255,4.653088975374472,0.016890502571652,-1.3855343192275726,0,0.5807322859764099
2022-12-02 00:00:00+00:00,7.5,13.0,4.629755020157894,-0.999,1e-06,0.0687663679283057,0.0230005309359676,4.6068211268140935,0.016766633339454,1.3718037766022133,-1,0.5807825922966003
2022-12-05 00:00:00+00:00,7.5,13.0,4.629755020157894,-0.999,1e-06,0.0687663679283057,-0.0226109440221335,4.652300454431587,0.016646077675511,-1.358334645728456,0,0.5807396173477173
2022-12-06 00:00:00+00:00,7.099999904632568,13.0,4.229754924790463,-0.999,1.2975510214037336e-06,0.0693916037054835,0.0191134452387144,4.211271152835193,0.0165477217899173,1.1550499507648475,0,0.5807743072509766
2022-12-07 00:00:00+00:00,7.099999904632568,13.0,4.229754924790463,-0.999,1e-06,0.0700002801975527,-0.0188073252823274,4.2485095362828185,0.0164263926874918,-1.1449455543972653,0,0.5807340145111084
2022-12-08 00:00:00+00:00,7.099999904632568,13.0,4.229754924790463,-0.999,1e-06,0.0699858053408414,0.0185055484402014,4.211302062662932,0.0163168898591478,1.1341345440183022,0,0.5807812213897705
2022-12-09 00:00:00+00:00,7.099999904632568,13.0,4.229754924790463,-0.999,1e-06,0.0699711499010885,-0.0182122149988589,4.247915278949836,0.016210121702542,-1.1235088380615268,0,0.5807288289070129
2022-12-12 00:00:00+00:00,6.900000095367432,13.0,4.029755115525326,-0.999,1.0784502577584536e-06,0.070122335452181,0.0164616224624754,4.013624677508897,0.0161111036672833,1.021756349064027,0,0.5807673931121826
2022-12-13 00:00:00+00:00,6.900000095367432,13.0,4.029755115525326,-0.999,1.004181680347382e-06,0.0702708726070032,-0.0162098590084166,4.045919415357606,0.0160078175625019,-1.0126214235716926,0,0.5807312726974487
2022-12-14 00:00:00+00:00,6.900000095367432,12.800000190734863,4.073912688487836,-0.999,1e-06,0.0692164634238612,0.0162790884697485,4.057616847374317,0.0159073232931202,1.0233706934710465,0,0.5807493925094604
2022-12-15 00:00:00+00:00,6.900000095367432,12.989999771118164,4.031963046813431,-0.999,1.1160934049941177e-06,0.0679759880844032,-0.0163311871129845,4.048307808404675,0.0158146634149841,-1.0326610617277483,0,0.5807334780693054
2022-12-16 00:00:00+00:00,6.900000095367432,12.989999771118164,4.031963046813431,-0.999,1.0822631782531128e-06,0.0679673754580856,0.0160798820838553,4.015930387761991,0.015718599165601,1.022984422113455,0,0.5807570219039917
2022-12-19 00:00:00+00:00,6.900000095367432,12.989999771118164,4.031963046813431,-0.999,1e-06,0.0661282070694257,-0.0158294166013009,4.047744778291136,0.0156176489562984,-1.0135595085787272,0,0.5807397365570068
2022-12-20 00:00:00+00:00,6.900000095367432,12.989999771118164,4.031963046813431,-0.999,1.3170883589867586e-06,0.0648057260104238,0.0155809941154338,4.016429942788967,0.0155397603747461,1.002653434782348,0,0.580755889415741
2022-12-21 00:00:00+00:00,6.900000095367432,12.989999771118164,4.031963046813431,-0.999,1.316582103518351e-06,0.0648034295405104,-0.0153390176479557,4.047254917893268,0.0154539425831556,-0.992563390566422,0,0.5807351469993591
2022-12-22 00:00:00+00:00,6.900000095367432,12.989999771118164,4.031963046813431,-0.999,1.3177395339930869e-06,0.0648011146795609,0.0151032165645652,4.016906253703847,0.0153703857666908,0.9826179247430068,0,0.5807439684867859
2022-12-23 00:00:00+00:00,6.900000095367432,12.989999771118164,4.031963046813431,-0.999,1.3177395339930869e-06,0.0648011146795609,-0.0148733554563487,4.04679068535202,0.0152888928149144,-0.9728209646312443,0,0.5807143449783325
2022-12-26 00:00:00+00:00,6.900000095367432,12.989999771118164,4.031963046813431,-0.999,1.3177395339930869e-06,0.0648011146795609,0.0146492039859394,4.017358870760555,0.0152094324481422,0.9631657220535396,0,0.5807357430458069
2022-12-27 00:00:00+00:00,6.900000095367432,12.989999771118164,4.031963046813431,-0.999,1e-06,0.0633267313943685,-0.01442601943815,4.046343695408264,0.0151086463410131,-0.9548187913426708,0,0.5807083249092102
2022-12-28 00:00:00+00:00,6.900000095367432,13.109999656677246,4.0054685030359245,-0.999,1.3557383152280682e-06,0.0618266296977862,0.0140123115541573,3.9915440414966223,0.0150414733944754,0.9315783890761566,0,0.5807369947433472
2022-12-29 00:00:00+00:00,6.900000095367432,13.270000457763672,3.970142234105999,-0.999,1.352141407531978e-06,0.0618196956573096,-0.0140512204928289,3.9842052217647934,0.0149642953269614,-0.9389831051725228,0,0.580690324306488
2023-01-02 00:00:00+00:00,6.900000095367432,13.270000457763672,3.970142234105999,-0.999,1.3618927938765512e-06,0.061783243975736,0.0138382159100156,3.956348713130086,0.0148897687447438,0.929377490493298,0,0.5807388424873352
2023-01-03 00:00:00+00:00,6.900000095367432,13.270000457763672,3.970142234105999,-0.999,1.3677703320879438e-06,0.0617714888993132,-0.0136307299631629,3.9837290217606895,0.0148171672646872,-0.9199281967780794,0,0.5806776881217957
2023-01-04 00:00:00+00:00,6.900000095367432,13.270000457763672,3.970142234105999,-0.999,1.3677703320879438e-06,0.0617714888993132,0.0134281948983975,3.956757328723365,0.0147461819067512,0.9106218127046004,0,0.5807235240936279
2023-01-05 00:00:00+00:00,6.900000095367432,13.270000457763672,3.970142234105999,-0.999,1.3677703320879438e-06,0.0617714888993132,-0.013230429078651,3.983330011222148,0.0146769528708051,-0.9014424993466086,0,0.5806940197944641
2023-01-06 00:00:00+00:00,6.900000095367432,13.270000457763672,3.970142234105999,-0.999,1.3677703320879438e-06,0.0617714888993132,0.0130372593222024,3.957147004009941,0.0146094254402557,0.8923868618596537,0,0.5807164311408997
2023-01-09 00:00:00+00:00,6.900000095367432,13.270000457763672,3.970142234105999,-0.999,1.3677703320879438e-06,0.0617714888993132,-0.0128485208976614,3.9829493342282434,0.0145435471598045,-0.8834516611719172,0,0.5806962251663208
2023-01-10 00:00:00+00:00,6.900000095367432,13.289999961853027,3.9657265820897054,-0.999,1.36781097320585e-06,0.0617707514336752,0.0126345026911376,3.953139936267364,0.0144792693619576,0.8725925580425452,0,0.5807089805603027
2023-01-11 00:00:00+00:00,6.900000095367432,13.289999961853027,3.9657265820897054,-0.999,1.3681805531967594e-06,0.0617700122736934,-0.0124546280623108,3.978141069741986,0.0144165650709894,-0.8639109247578954,0,0.5806794762611389
2023-01-12 00:00:00+00:00,6.900000095367432,14.0,3.808967040152856,-0.999,1.41924403369925e-06,0.0618447370129968,0.0112488675768039,3.798007055728176,0.0143589978239527,0.7834019974596913,0,0.5807051062583923
2023-01-13 00:00:00+00:00,6.900000095367432,14.0,3.808967040152856,0.999,1e-06,0.0588819708300765,0.0112376118869557,3.797729898172936,0.0143649650334231,0.7822930206101489,0,0.5806791186332703
2023-01-16 00:00:00+00:00,6.900000095367432,14.0,3.808967040152856,-0.999,1.3477795339022955e-06,0.0558813715124685,-0.0110639534598643,3.8199915168438894,0.0143060280125086,-0.7733770303113052,0,0.5806688666343689
2023-01-17 00:00:00+00:00,6.900000095367432,13.510000228881836,3.917153146550986,-0.999,1.3722973808172326e-06,0.0559387251848089,0.0116677819510404,3.9053341626129447,0.0142389903784384,0.8194248075838647,0,0.5807074308395386
2023-01-18 00:00:00+00:00,6.900000095367432,13.510000228881836,3.917153146550986,-0.999,1.3438247414638363e-06,0.0559956704635157,-0.011490228040561,3.928602189258506,0.0141709356209297,-0.8108305864850994,0,0.5806931257247925
2023-01-19 00:00:00+00:00,6.900000095367432,13.510000228881836,3.917153146550986,-0.999,1.3438247414638363e-06,0.0559956704635157,0.0113182251905908,3.905875151816685,0.014105576962746,0.8023936362534599,0,0.5807441473007202
2023-01-20 00:00:00+00:00,6.900000095367432,13.510000228881836,3.917153146550986,-0.999,1.3400950673685638e-06,0.0559912279484519,-0.0111502237652332,3.928263733285261,0.0140415900344126,-0.7940855514159483,0,0.580715537071228
2023-01-23 00:00:00+00:00,8.399999618530273,13.510000228881836,5.417152669713827,-0.999,6.032222890099087e-06,0.0654557540568889,0.019955663900197,5.3949728642661805,0.0143225035426268,1.3933083584727115,-1,0.5807715654373169
2023-01-24 00:00:00+00:00,8.399999618530273,13.510000228881836,5.417152669713827,-0.999,1.3717802741274422e-06,0.0747766392888321,-0.0197142770690202,5.436811364217548,0.0141192372813241,-1.3962706820641635,0,0.5807051062583923
2023-01-25 00:00:00+00:00,7.989999771118164,13.510000228881836,5.007152822301718,-0.999,1.6958036350466528e-06,0.0754987715174181,0.0173650099501097,4.990375283694011,0.0141039417300641,1.2312167961594889,0,0.5807701349258423
2023-01-26 00:00:00+00:00,7.989999771118164,13.510000228881836,5.007152822301718,-0.999,1.3656863812055524e-06,0.0761192444664305,-0.0171729586716358,5.024281523777262,0.0140549631419097,-1.2218430242928744,0,0.5806952118873596
2023-01-27 00:00:00+00:00,7.989999771118164,13.489999771118164,5.011568684877927,-0.999,1.3745526629388714e-06,0.0761014030824689,0.0170036508711372,4.994603781895223,0.0140190376521486,1.2128971540732787,0,0.5807719826698303
2023-01-30 00:00:00+00:00,7.989999771118164,13.489999771118164,5.011568684877927,-0.999,1.3746484285082103e-06,0.0761012115513302,-0.0168146003984786,5.028339238274563,0.0139835157322925,-1.20245871784934,0,0.5807009935379028
2023-01-31 00:00:00+00:00,7.989999771118164,13.0,5.119754791276058,-0.999,1.397189630856377e-06,0.0761377535118473,0.0171738476312444,5.1024841793011255,0.0139503276206351,1.2310712764796392,0,0.5807682871818542
2023-02-01 00:00:00+00:00,7.989999771118164,13.0,5.119754791276058,-0.999,1.2569159849116196e-06,0.0760484743560796,-0.0169838648404059,5.136693956775435,0.0139068860965438,-1.221255766567818,0,0.5807105898857117
2023-02-02 00:00:00+00:00,7.010000228881836,13.0,4.13975524903973,-0.999,3.4317272338552044e-06,0.0795332574729838,0.0120972143839776,4.1289175077421865,0.0140273633227254,0.8624011587679636,0,0.5807970762252808
2023-02-03 00:00:00+00:00,7.010000228881836,13.0,4.13975524903973,-0.999,1.0273754649758805e-06,0.0833784240566146,-0.0119800448028953,4.151708117950088,0.0139007633119554,-0.861826400036022,0,0.5807107090950012
2023-02-06 00:00:00+00:00,7.010000228881836,13.0,4.13975524903973,-0.999,1.2632523494223396e-06,0.0829066702877217,0.0118583661198085,4.127925402992114,0.01387740016552,0.8545092004532643,0,0.5807855725288391
2023-02-07 00:00:00+00:00,6.400000095367432,13.0,3.529755115525325,-0.999,2.019157564129854e-06,0.0843866356016379,-0.0144818375394813,3.544923907308915,0.0139014597818759,-1.0417494109763916,0,0.5807230472564697
2023-02-08 00:00:00+00:00,6.400000095367432,13.0,3.529755115525325,-0.999,1.2874825457558298e-06,0.085849985638386,0.0143367011911357,3.51545255204396,0.0138469064593476,1.0353721412956762,0,0.5808043479919434
2023-02-09 00:00:00+00:00,6.400000095367432,13.0,3.529755115525325,-0.999,1.2368579645077748e-06,0.0857286116196632,-0.0141965164026722,3.54391861167648,0.0138154533388289,-1.027582378550859,0,0.5807235240936279
2023-02-10 00:00:00+00:00,6.400000095367432,13.0,3.529755115525325,-0.999,1e-06,0.085671604342964,0.014058224410027,3.515729612238811,0.0137691863099386,1.020991661640874,0,0.5807772278785706
2023-02-13 00:00:00+00:00,7.0,13.0,4.129755020157894,-0.999,1.766681886360274e-06,0.0870444277363158,-0.0113466531029374,4.140387941099398,0.0137885321165905,-0.8229050784372431,0,0.580718994140625
2023-02-14 00:00:00+00:00,7.0,13.0,4.129755020157894,-0.999,1.0083693921134292e-06,0.0885446276805042,0.0112428329482496,4.118536733680567,0.0137263010891466,0.8190722959690407,0,0.5807396173477173
2023-02-15 00:00:00+00:00,7.0,12.25,4.295346076687246,-0.999,1.0700724023668192e-06,0.0886566734420316,-0.0104448542506273,4.305581075093795,0.0136967148904731,-0.7625809790267574,0,0.5807140469551086
2023-02-16 00:00:00+00:00,7.0,12.0600004196167,4.337295718361652,0.999,1e-06,0.0857226755985048,-0.0104338052341662,4.347680469470242,0.0137170344977209,-0.7606458404620813,0,0.5807039141654968
2023-02-17 00:00:00+00:00,7.0,12.800000190734863,4.173912593120404,0.999,1e-06,0.0850270819943845,-0.0104249323943316,4.184529181508628,0.0137398289914631,-0.758738147382249,0,0.5807691216468811
2023-02-22 00:00:00+00:00,7.0,12.800000190734863,4.173912593120404,0.999,1e-06,0.0848765793831244,-0.0104145093938761,4.184327340040084,0.0137625402786049,-0.7567287130898649,0,0.5808265805244446
2023-02-23 00:00:00+00:00,7.0,12.800000190734863,4.173912593120404,0.999,1e-06,0.084782745408573,-0.0104040949863524,4.184316700640976,0.0137851688609659,-0.7547310512686287,0,0.5808923244476318
2023-02-24 00:00:00+00:00,7.0,13.399999618530272,4.041439874232873,0.999,1e-06,0.0848579338024026,-0.0103949557966702,4.051990584766382,0.0138077152361056,-0.7528367741455602,0,0.580939531326294
2023-02-27 00:00:00+00:00,7.0,13.65999984741211,3.9840349241016506,0.999,1e-06,0.0850085991796629,-0.010385109117868,3.994487597413792,0.0138301798963748,-0.7509019546875287,0,0.580989420413971
2023-02-28 00:00:00+00:00,7.0,13.65999984741211,3.9840349241016506,0.999,1e-06,0.08501769705597,-0.0103747247504496,3.9944097403219456,0.0138525633285866,-0.748938987273209,0,0.5810426473617554
2023-03-01 00:00:00+00:00,6.409999847412109,13.65999984741211,3.39403477151376,0.999,1e-06,0.0860079121576594,-0.0103698953403305,3.4050890641000717,0.0138748660184239,-0.7473870613641045,0,0.5811118483543396
2023-03-02 00:00:00+00:00,6.409999847412109,13.65999984741211,3.39403477151376,0.999,1e-06,0.0870814280983677,-0.0103595318895531,3.4043950994032395,0.0138970884438848,-0.7454462084906498,0,0.5811461210250854
2023-03-03 00:00:00+00:00,6.949999809265137,13.65999984741211,3.9340347333667873,0.6317862424666713,1e-06,0.088324282579146,-0.0068095855554106,3.940238810985437,0.0088694699503461,-0.7677556374318479,0,0.5812085270881653
2023-03-06 00:00:00+00:00,6.949999809265137,13.65999984741211,3.9340347333667873,0.999,1e-06,0.0878356697655134,-0.0068027700321773,3.9408368233424382,0.008916963116103,-0.7629021162925141,0,0.581205427646637
2023-03-07 00:00:00+00:00,6.949999809265137,13.65999984741211,3.9340347333667873,0.2345569063207657,1e-06,0.0841367517863713,-0.0015948286818399,3.935635732028321,0.002513457876073,-0.6345157788487402,0,0.5812967419624329
2023-03-08 00:00:00+00:00,6.949999809265137,13.989999771118164,3.861174685338666,0.999,1e-06,0.0774545871662205,-0.0015941526679407,3.8628626727539337,0.0027031145969815,-0.5897466092339738,0,0.5812637209892273
2023-03-09 00:00:00+00:00,6.949999809265137,14.890000343322754,3.662465291167493,-0.2293726233157273,1e-06,0.07317208445694,0.0003580544264763,3.662380821150244,0.0015269932636898,0.2344833045374054,0,0.5813374519348145
2023-03-10 00:00:00+00:00,6.949999809265137,15.1899995803833,3.5962290370036856,-0.999,1e-06,0.0714302869747172,-0.0003610538742991,3.59668193529696,0.0018245163175984,-0.1978901864656243,0,0.5813162922859192
2023-03-13 00:00:00+00:00,6.949999809265137,13.609999656677246,3.945074179247394,-0.999,1e-06,0.0706848976811158,0.0003884078740237,3.944194860397907,0.0020793640420194,0.1867916661896911,0,0.5813581943511963
2023-03-14 00:00:00+00:00,6.949999809265137,13.600000381469728,3.947281899975582,-0.999,1e-06,0.0701928286629238,-0.0003876428944116,3.94766460719296,0.0023057068026758,-0.1681232383760817,0,0.5813421607017517
2023-03-15 00:00:00+00:00,6.949999809265137,13.600000381469728,3.947281899975582,-0.999,1e-06,0.0701971540641357,0.0003871501831259,3.946895843252799,0.0025112435964127,0.1541667179077901,0,0.5813605785369873
2023-03-16 00:00:00+00:00,6.949999809265137,13.579999923706056,3.9516977625517913,-0.999,1e-06,0.0700724252066364,-0.0003859080399361,3.9520762892357286,0.0027007088594445,-0.1428913888983645,0,0.5813342332839966
2023-03-17 00:00:00+00:00,6.949999809265137,13.579999923706056,3.9516977625517913,-0.999,1e-06,0.0699441447515413,0.0003853745671078,3.951313476837286,0.002877260771881,0.133938004811411,0,0.5813044905662537
2023-03-20 00:00:00+00:00,6.949999809265137,13.68000030517578,3.9296188707905775,-0.999,1e-06,0.0699388540482694,-0.0003897013052927,3.930038941207543,0.003043131371799,-0.1280593105194778,0,0.5812496542930603
2023-03-21 00:00:00+00:00,6.949999809265137,12.640000343322754,4.1592384607555495,-0.999,1e-06,0.0701874715426963,0.0004460889065359,4.158467455424851,0.0031999686526626,0.1394041489015058,0,0.5812297463417053
2023-03-22 00:00:00+00:00,6.949999809265137,13.600000381469728,3.947281899975582,-0.999,1e-06,0.0701943995307841,-0.0005037706646075,3.948084880759967,0.0033490253048229,-0.1504230690290756,0,0.581169068813324
2023-03-23 00:00:00+00:00,6.949999809265137,12.0,4.300542904795501,0.999,0.7733262775017026,1e-06,0.3523663802353606,3.948130894449089,0.8795096612199127,0.4006395788155588,0,0.5811551809310913
2023-03-24 00:00:00+00:00,6.949999809265137,12.0,4.300542904795501,-0.999,1e-06,0.0653855409459299,-0.3485742714645508,4.648050346678933,0.0145248246868241,-23.99851832846912,1,0.5815204381942749
2023-03-27 00:00:00+00:00,6.949999809265137,12.100000381469728,4.278464013034286,-0.2607102937028002,1e-06,0.0597219659788593,0.0903428421844112,4.1888853578502125,0.0040237558933829,22.45236653967514,0,0.5824199318885803
2023-03-28 00:00:00+00:00,6.949999809265137,12.079999923706056,4.282879875610496,-0.999,1e-06,0.0585506932430922,-0.0901546931482788,4.37272128617625,0.0041404918370715,-21.773909162454192,1,0.5821271538734436
2023-03-29 00:00:00+00:00,6.949999809265137,12.079999923706056,4.282879875610496,-0.999,1e-06,0.0578432645974025,0.0899617935598801,4.193227686122232,0.0042535219374134,21.149954057739368,0,0.5825132727622986
2023-03-30 00:00:00+00:00,6.949999809265137,11.800000190734863,4.3447004777580105,-0.999,1e-06,0.0552642590318749,-0.0897193905040074,4.433985272746183,0.0043630408585872,-20.563499956096635,1,0.582217812538147
2023-03-31 00:00:00+00:00,6.949999809265137,11.800000190734863,4.3447004777580105,-0.999,1e-06,0.0533988085945295,0.0895064809419416,4.255527348107179,0.0044692981773073,20.026965619883384,0,0.5827396512031555
2023-04-03 00:00:00+00:00,6.949999809265137,11.869999885559082,4.329245379861112,-0.999,1e-06,0.0533972273622941,-0.0892989744867547,4.418240415276324,0.0045725937699002,-19.52917293344033,1,0.5822410583496094
2023-04-04 00:00:00+00:00,6.949999809265137,11.779999732971191,4.34911634033422,-0.999,1e-06,0.0533976105591885,0.0890896656904076,4.260321645889301,0.0046731123330839,19.064310750607262,0,0.5822073221206665
2023-04-05 00:00:00+00:00,6.949999809265137,12.970000267028809,4.086378412727428,-0.999,1e-06,0.0533874984253176,-0.0890678982358292,4.175604575608344,0.004771017712528,-18.668532292795657,1,0.5820459127426147
2023-04-06 00:00:00+00:00,6.949999809265137,13.5,3.969360791736796,-0.999,1e-06,0.053872071295536,0.0887369115343555,3.8811689783706,0.0048664914398008,18.234268493439917,0,0.5825483202934265
2023-04-10 00:00:00+00:00,6.949999809265137,13.5,3.969360791736796,-0.999,1e-06,0.0538667629049647,-0.0884972683707654,4.057531533381621,0.0049596328598662,-17.843511983899592,1,0.5820514559745789
2023-04-11 00:00:00+00:00,6.949999809265137,13.5,3.969360791736796,-0.999,1e-06,0.0538667629049647,0.0882521495893545,3.8814346659837273,0.0050505619119685,17.473728889496407,0,0.5824240446090698
2023-04-12 00:00:00+00:00,6.949999809265137,13.5,3.969360791736796,-0.999,1e-06,0.0538667629049647,-0.0880018221318941,4.05703751554249,0.0051393868659814,-17.123019618233936,1,0.5824491381645203
2023-04-13 00:00:00+00:00,6.949999809265137,13.5,3.969360791736796,-0.999,1e-06,0.0538492507229285,0.0877463129654158,3.881938738220869,0.0052262047232126,16.78968153996775,0,0.5828298926353455
2023-04-14 00:00:00+00:00,6.949999809265137,13.5,3.969360791736796,-0.999,1e-06,0.053831601993886,-0.0874857012260358,4.056523091173835,0.0053111053250126,-16.472221105091354,1,0.5823482871055603
2023-04-17 00:00:00+00:00,6.949999809265137,13.520000457763672,3.9649449291605854,-0.999,1e-06,0.0532446151159799,0.0872136189515062,3.8780655096817385,0.0053941154378872,16.168289306330777,0,0.5828484296798706
2023-04-18 00:00:00+00:00,6.949999809265137,12.850000381469728,4.112872956504934,0.999,0.0133475209584654,0.0373867297968316,0.1258271631154811,3.9867558478592304,0.1523983585364193,0.8256464460895857,0,0.5825665593147278
2023-04-19 00:00:00+00:00,6.949999809265137,12.850000381469728,4.112872956504934,0.999,1.1277883164453455,1e-06,0.1261170406582617,3.9867558789870334,1.0666838413530562,0.1182328219187103,0,0.5825208425521851
2023-04-20 00:00:00+00:00,6.949999809265137,12.229999542236328,4.249761748528592,0.999,1.2838647507037029,1e-06,0.2629940324809526,3.9867570456464505,1.137493677308602,0.2312048301694448,0,0.5826406478881836
2023-04-24 00:00:00+00:00,6.949999809265137,12.229999542236328,4.249761748528592,0.999,1.107869454631786,1e-06,0.2630046754858267,3.986757048345375,1.0573067521920754,0.2487496414267181,0,0.5840708017349243
2023-04-25 00:00:00+00:00,6.949999809265137,12.229999542236328,4.249761748528592,0.999,1.0513504677710377,1e-06,0.2630046724360066,3.986757051079124,1.030232779844111,0.2552866474271989,0,0.5855683088302612
2023-04-26 00:00:00+00:00,6.559999942779541,12.229999542236328,3.8597618820429966,0.999,2.3859906625946032,1e-06,-0.1269770508040351,3.98675526585479,1.5479085185889867,-0.0820313663754382,0,0.5880360007286072
2023-04-27 00:00:00+00:00,6.559999942779541,12.229999542236328,3.8597618820429966,-0.999,1e-06,0.0509165331074732,0.0711284242329376,3.78891302689512,0.0750794280138852,0.9473756808560552,0,0.5878219604492188
2023-04-28 00:00:00+00:00,6.559999942779541,12.380000114440918,3.826643544401176,0.999,1.1295103845731145,1e-06,0.0377359618576897,3.788910532569762,1.0655061062370996,0.0354159977467953,0,0.5893468856811523
2023-05-02 00:00:00+00:00,6.559999942779541,12.380000114440918,3.826643544401176,0.999,1.1255472530767685,1e-06,0.0377330085343422,3.788910532776806,1.0636452155863183,0.0354751828724604,0,0.5916964411735535
2023-05-03 00:00:00+00:00,6.559999942779541,12.380000114440918,3.826643544401176,0.999,1.1255472530767685,1e-06,0.0377330080478741,3.788910533001211,1.0636456856495495,0.0354751667373438,0,0.5913666486740112
2023-05-04 00:00:00+00:00,6.559999942779541,12.380000114440918,3.826643544401176,0.999,1.1255472530767685,1e-06,0.0377330078234103,3.788910533225652,1.0636461557119927,0.0354751508485943,0,0.5919670462608337
2023-05-05 00:00:00+00:00,7.25,12.100000381469728,4.578464203769149,0.999,5.829521589665751,1e-06,0.7895399099129252,3.7889113968716703,2.415640389062413,0.3268449697594975,0,0.5920681953430176
2023-05-08 00:00:00+00:00,7.25,12.100000381469728,4.578464203769149,0.999,0.1755843436228482,1e-06,0.7895523198391379,3.7889114274427,0.4258898688739542,1.8538884757383431,-1,0.5947225093841553
2023-05-09 00:00:00+00:00,7.25,12.229999542236328,4.549761939263456,0.999,0.969759855521176,1e-06,0.7608535823427156,3.7889112345897473,0.9877037739510384,0.7703256810482045,-1,0.6047177314758301
2023-05-10 00:00:00+00:00,7.25,13.079999923706056,4.362091990972889,0.999,1.1622759942052734,1e-06,0.5731979123653272,3.788910157377825,1.080775594496469,0.5303579348795149,-1,0.6178006529808044
2023-05-11 00:00:00+00:00,7.25,12.699999809265137,4.445991484881619,0.999,1.174911364583428,1e-06,0.6570736588222956,3.788910638948527,1.086605842108298,0.6047028585336903,-1,0.6269493103027344
2023-05-12 00:00:00+00:00,7.25,12.449999809265137,4.501188503724736,0.999,0.8393596458489352,1e-06,0.712270765250803,3.788911084839871,0.9193266739623648,0.7747743924157712,-1,0.6392728090286255
2023-05-15 00:00:00+00:00,7.25,13.0,4.379755020157894,0.999,0.1761923143877055,1e-06,0.5909169572707459,3.788906497850582,0.4266088969523656,1.385149164708411,-1,0.652414858341217
2023-05-16 00:00:00+00:00,7.25,13.0,4.379755020157894,0.999,0.5126629780026928,1e-06,0.5908484135994335,3.788906504683057,0.7200464267418702,0.8205698850183267,-1,0.6644336581230164
2023-05-17 00:00:00+00:00,6.409999847412109,12.989999771118164,3.541962798858108,0.999,6.358870129397631,1e-06,-0.2469296575879901,3.788905621911338,2.522830756983494,-0.0978780113982912,0,0.675432562828064
2023-05-18 00:00:00+00:00,6.409999847412109,12.989999771118164,3.541962798858108,0.999,0.5367426556138668,1e-06,-0.2469427713653828,3.7889056186634367,0.7365789402205666,-0.3352563559466369,0,0.6772836446762085
2023-05-19 00:00:00+00:00,6.900000095367432,12.93000030517578,4.045210213422226,0.999,2.6461704163249995,1e-06,0.2562843127436908,3.788906893502872,1.6284892731321077,0.1573754994718349,0,0.6821423768997192
2023-05-22 00:00:00+00:00,6.900000095367432,12.920000076293944,4.04741814471033,0.999,0.4800859229205351,1e-06,0.2585106995002783,3.788906928180818,0.697060829397255,0.3708581641631063,0,0.6854121088981628
2023-05-23 00:00:00+00:00,6.900000095367432,12.920000076293944,4.04741814471033,0.999,0.4428782304023252,1e-06,0.2585111541463585,3.788906932103129,0.6698411044988463,0.3859290694615828,0,0.6909014582633972
2023-05-24 00:00:00+00:00,6.900000095367432,12.6899995803833,4.098199511537155,0.999,0.3640881943305857,1e-06,0.3092776284115082,3.7889078722882137,0.6081924560070276,0.5085193434361418,0,0.6903958916664124
2023-05-25 00:00:00+00:00,6.900000095367432,12.6899995803833,4.098199511537155,0.999,1.0325875095161114,1e-06,0.3092916058455081,3.788907874389156,1.0190183505896055,0.3035191718250721,0,0.6950216889381409
2023-05-26 00:00:00+00:00,6.900000095367432,12.6899995803833,4.098199511537155,0.999,1.7762282255629729,1e-06,0.3092916185667186,3.788907875557813,1.334930754555168,0.2316911326758534,0,0.6964856386184692
2023-05-29 00:00:00+00:00,6.900000095367432,12.6899995803833,4.098199511537155,0.999,1.7762282255629729,1e-06,0.3092916173987682,3.788907876726544,1.334931129096848,0.2316910667953488,0,0.6971880793571472
2023-05-30 00:00:00+00:00,6.900000095367432,12.6899995803833,4.098199511537155,0.999,1.7762282255629729,1e-06,0.3092916162298632,3.788907877895449,1.3349315036384086,0.2316910009141867,0,0.6943751573562622
2023-05-31 00:00:00+00:00,6.900000095367432,13.600000381469728,3.897282186077877,0.999,0.7686432991672152,1e-06,0.1084021522402848,3.7889061259954944,0.8800330588016959,0.1231796364421712,0,0.6957198977470398
2023-06-01 00:00:00+00:00,6.900000095367432,13.600000381469728,3.897282186077877,0.999,1.7521487955644286,1e-06,0.1083760550698128,3.7889061263109434,1.3258826076374035,0.0817388013430002,0,0.6964046955108643
2023-06-02 00:00:00+00:00,6.900000095367432,13.600000381469728,3.897282186077877,0.999,1.7521487955644286,1e-06,0.108376053166658,3.788906126726337,1.325882984734913,0.0817387766600881,0,0.694323718547821
2023-06-05 00:00:00+00:00,6.900000095367432,13.600000381469728,3.897282186077877,0.999,1.7521487955644286,1e-06,0.1083760527511114,3.788906127141799,1.325883361832291,0.0817387530991732,0,0.6910204291343689
2023-06-06 00:00:00+00:00,6.78000020980835,13.600000381469728,3.7772823005187943,0.999,1.536682763956839,1e-06,-0.0116155015841495,3.788905603051964,1.2419749017750226,-0.0093524446971905,0,0.691520631313324
2023-06-07 00:00:00+00:00,7.099999904632568,13.010000228881836,4.227546993502358,0.999,4.341881051123709,1e-06,0.4386303243583799,3.78890629980291,2.085114133222437,0.2103627409980187,0,0.68760746717453
2023-06-09 00:00:00+00:00,7.099999904632568,13.010000228881836,4.227546993502358,0.999,2.633279505601432,1e-06,0.4386406755040323,3.788906300948657,1.624530824985928,0.2700106817042587,0,0.6874244213104248
2023-06-12 00:00:00+00:00,7.099999904632568,13.109999656677246,4.205468312301061,0.999,2.605790075935733,1e-06,0.4165628975597654,3.788906245136508,1.6160482578193334,0.2577663727207429,0,0.6765022873878479
2023-06-13 00:00:00+00:00,6.949999809265137,13.109999656677246,4.05546821693363,0.999,2.749187731913564,1e-06,0.2665677781667064,3.788905879408034,1.659822468756604,0.1606001745273372,0,0.6697239279747009
2023-06-14 00:00:00+00:00,6.949999809265137,14.100000381469728,3.836887862289347,0.999,2.4048223857319377,1e-06,0.0479916708188459,3.788905269105536,1.5526256087666326,0.0309100085351351,0,0.6604315042495728
2023-06-15 00:00:00+00:00,7.099999904632568,15.1899995803833,3.746229132371117,0.999,1.7477047461178696,1e-06,-0.0426706036405475,3.7889049204917984,1.3242090618873386,-0.0322234644578938,0,0.6528940200805664
2023-06-16 00:00:00+00:00,6.920000076293945,14.989999771118164,3.6103868769950047,0.999,1.6321721921117216,1e-06,-0.1785091589399324,3.78890436063224,1.2798429923592898,-0.1394773890279032,0,0.643287718296051
2023-06-19 00:00:00+00:00,6.920000076293945,15.300000190734863,3.541942480983176,0.999,1.3747576757906368,1e-06,-0.2469565523914427,3.788904024887533,1.174982794527597,-0.2101788669090527,0,0.6336565017700195
2023-06-20 00:00:00+00:00,6.920000076293945,14.300000190734863,3.7627305563556455,0.999,2.0043490849722607,1e-06,-0.0261852104422057,3.7889047650198897,1.4178071022485443,-0.0184688103203022,0,0.6307547092437744
2023-06-21 00:00:00+00:00,6.920000076293945,14.600000381469728,3.6964940916319207,0.999,1.8570623060015177,1e-06,-0.0924068662152226,3.788904525012609,1.3648777233665883,-0.0677034027541259,0,0.6290210485458374
2023-06-22 00:00:00+00:00,6.920000076293945,14.600000381469728,3.6964940916319207,0.999,1.8261269081967129,1e-06,-0.0924104277720359,3.788904524658984,1.3534979873679809,-0.068275260572598,0,0.6291506290435791
2023-06-23 00:00:00+00:00,6.920000076293945,14.600000381469728,3.6964940916319207,0.999,1.8201818945961643,1e-06,-0.0924104276086696,3.788904524317308,1.351300406335817,-0.0683862945466356,0,0.6305272579193115
2023-06-26 00:00:00+00:00,6.920000076293945,14.600000381469728,3.6964940916319207,0.999,1.8288901593845035,1e-06,-0.0924104272927497,3.788904523977208,1.3545191224034,-0.0682237893613348,0,0.628562867641449
2023-06-27 00:00:00+00:00,7.0,14.600000381469728,3.776494015337976,0.999,1.8898845883546456,1e-06,-0.0124150209800967,3.788904808598589,1.3768505663661237,-0.0090169705292443,0,0.627411961555481
2023-06-28 00:00:00+00:00,7.0,14.010000228881836,3.90675901349732,0.999,1.797623733904444,1e-06,0.1178464718117584,3.7889052964395225,1.3429287499041476,0.0877533315301871,0,0.6257193088531494
2023-06-29 00:00:00+00:00,7.0,13.68000030517578,3.9796190615254416,0.999,1.5363806560971072,1e-06,0.190708695380137,3.788905616306665,1.241859713658958,0.1535670199158339,0,0.6225498914718628
2023-06-30 00:00:00+00:00,7.0,15.0,3.6881788694129543,0.999,2.5557737135932004,1e-06,-0.1007145847595487,3.7889048488375168,1.6005029237188242,-0.0629268358507804,0,0.6191340088844299
2023-07-03 00:00:00+00:00,7.139999866485596,15.0,3.8281787358985504,0.999,2.708082313999572,1e-06,0.0392683739437527,3.788905196772605,1.6473977083484503,0.0238366083337095,0,0.6160567402839661
2023-07-04 00:00:00+00:00,7.139999866485596,15.0,3.8281787358985504,0.999,2.5365228313501365,1e-06,0.0392735372563245,3.788905196890614,1.5944781988227246,0.0246309653435976,0,0.6149828433990479
2023-07-05 00:00:00+00:00,7.099999904632568,15.0,3.788178774045523,0.999,2.549709066359875,1e-06,-0.0007247501073962,3.7889050912940583,1.5986081325753183,-0.000453363205546,0,0.6139578223228455
2023-07-06 00:00:00+00:00,7.099999904632568,15.0,3.788178774045523,0.999,2.53811441461673,1e-06,-0.0007263171521591,3.788905091287974,1.5949778398944927,-0.0004553775820529,0,0.6130619049072266
2023-07-07 00:00:00+00:00,7.099999904632568,15.0,3.788178774045523,0.999,2.329997234465317,1e-06,-0.0007263172091761,3.788905091285873,1.5283448986351944,-0.0004752312189642,0,0.6115202903747559
2023-07-10 00:00:00+00:00,6.679999828338623,15.0,3.3681786977515777,0.999,4.003027633757854,1e-06,-0.4207151947267348,3.788904384030554,2.0022161547896427,-0.2101247628635461,0,0.6101861596107483
2023-07-11 00:00:00+00:00,6.679999828338623,15.0,3.3681786977515777,0.999,2.5609000943206786,1e-06,-0.4207256683070566,3.788904382895408,1.6021057984569564,-0.262607918098962,0,0.609555721282959
2023-07-12 00:00:00+00:00,6.960000038146973,14.300000190734863,3.802730518208673,0.999,4.041196798824275,1e-06,0.0138146688531943,3.788905107252849,2.011725800293052,0.0068670734605988,0,0.6136074662208557
2023-07-13 00:00:00+00:00,7.559999942779541,14.300000190734863,4.402730422841241,0.999,1.1541899729415073,1e-06,0.6137698325993006,3.788908612655692,1.0770491458701643,0.5698624198837525,0,0.6066185832023621
2023-07-14 00:00:00+00:00,7.429999828338623,14.300000190734863,4.272730308400323,-0.999,1e-06,0.0706557779313203,-0.4778262856713482,4.749387272631843,0.0663886017515129,-7.197414511903904,1,0.5990999341011047
2023-07-17 00:00:00+00:00,7.510000228881836,14.1899995803833,4.377017531992855,-0.999,1e-06,0.0706600473361679,0.3928919747720436,3.9850865618369338,0.0593812472964943,6.616431830916396,0,0.5978175401687622
2023-07-18 00:00:00+00:00,7.050000190734863,14.1899995803833,3.917017493845882,-0.999,1e-06,0.0617233087519093,-0.3624745463129542,4.27906499499785,0.0535669699815219,-6.7667547079476575,1,0.59971684217453
2023-07-19 00:00:00+00:00,7.050000190734863,14.1899995803833,3.917017493845882,0.999,0.8127450817929491,1e-06,-0.3620475165985556,4.279065002501644,0.9032141577807778,-0.4008434915237781,1,0.600629985332489
2023-07-20 00:00:00+00:00,7.050000190734863,14.020000457763672,3.954551272944078,-0.999,1e-06,0.0522679496330482,0.2976845898551485,3.6579345317824346,0.0498761909150876,5.968470815302344,0,0.603347897529602
2023-07-21 00:00:00+00:00,7.050000190734863,14.020000457763672,3.954551272944078,0.999,0.6528201089072098,1e-06,0.2966169699565275,3.657934420926205,0.8096226752920576,0.3663644547128425,0,0.5980656147003174
2023-07-24 00:00:00+00:00,7.050000190734863,14.020000457763672,3.954551272944078,0.999,0.6526549617660022,1e-06,0.2966168049748386,3.657934422553536,0.8095213134144852,0.3664101241803463,0,0.5969963073730469
2023-07-25 00:00:00+00:00,7.050000190734863,14.020000457763672,3.954551272944078,0.999,0.6541241886730066,1e-06,0.2966168034331213,3.6579344241722898,0.8104288887993912,0.3659997903980742,0,0.5971289873123169
2023-07-26 00:00:00+00:00,7.050000190734863,14.020000457763672,3.954551272944078,0.999,0.5549992473848792,1e-06,0.296616793430112,3.6579344260805855,0.7467737539346937,0.3971976677906271,0,0.5996361970901489
2023-07-27 00:00:00+00:00,7.070000171661377,14.020000457763672,3.974551253870592,0.999,0.6911103620504037,1e-06,0.3166137869393265,3.657934530966577,0.8329364669721329,0.3801175713800501,0,0.6023075580596924
2023-07-28 00:00:00+00:00,7.070000171661377,14.510000228881836,3.866365147472462,-0.999,1e-06,0.0476258191257087,-0.2689903021346697,4.13445242117053,0.0468738569864456,-5.7385997105476685,1,0.6062329411506653
2023-07-31 00:00:00+00:00,7.070000171661377,14.510000228881836,3.866365147472462,0.999,0.5445295380942503,1e-06,-0.2680874995035646,4.134452530581165,0.7395325715365718,-0.3625093874452925,1,0.6029625535011292
2023-08-01 00:00:00+00:00,7.070000171661377,14.510000228881836,3.866365147472462,0.999,0.5445295380942503,1e-06,-0.2680873322938511,4.134452528959665,0.7395332701411501,-0.362508818896928,1,0.6064658761024475
2023-08-02 00:00:00+00:00,7.070000171661377,14.510000228881836,3.866365147472462,-0.999,1e-06,0.0421465826868616,0.2193522761059822,3.648054316069957,0.0442297892176312,4.95937873514763,0,0.6088382601737976
2023-08-03 00:00:00+00:00,7.070000171661377,14.510000228881836,3.866365147472462,0.999,0.549927981216032,1e-06,0.2183111208726602,3.648054176036165,0.7430113761503987,0.293819351735565,0,0.611600399017334
2023-08-04 00:00:00+00:00,7.070000171661377,14.510000228881836,3.866365147472462,0.999,0.549927981216032,1e-06,0.2183109305683181,3.6480541772476673,0.7430120712538587,0.2938188207358607,0,0.6115583181381226
2023-08-07 00:00:00+00:00,7.070000171661377,14.510000228881836,3.866365147472462,0.999,0.549927981216032,1e-06,0.2183109293275654,3.648054178454082,0.7430127441826126,0.2938185529613344,0,0.6129782795906067
2023-08-08 00:00:00+00:00,7.789999961853027,14.510000228881836,4.586364937664112,0.999,1.879345398355006,1e-06,0.9382712753930148,3.6480553435456735,1.371672835916221,0.6840343052840936,0,0.6148244142532349
2023-08-09 00:00:00+00:00,7.789999961853027,14.300000190734863,4.632730441914728,0.999,0.0203775698729148,0.0217951198217817,0.9602097543930512,3.67240895913816,0.1816526872945558,5.285965039625534,-1,0.6199752688407898
2023-08-10 00:00:00+00:00,7.789999961853027,15.399999618530272,4.389863685340961,0.999,0.4512923421539401,1e-06,0.7175430983992446,3.672374141439037,0.6811875882112709,1.0533707760052404,-1,0.6307770013809204
2023-08-11 00:00:00+00:00,7.480000019073486,15.399999618530272,4.07986374256142,-0.999,1e-06,0.0433533408758206,-0.4140832540543735,4.492750923450958,0.0767151252577219,-5.397674222172931,0,0.6434363126754761
2023-08-14 00:00:00+00:00,7.480000019073486,14.229999542236328,4.338185807592003,0.999,0.5775853291994896,1e-06,-0.1546457566756647,4.492786719986822,0.7639479849158064,-0.2024296938131305,0,0.6381255984306335
2023-08-15 00:00:00+00:00,6.900000095367432,14.229999542236328,3.758185883885948,0.999,5.567031315616783,1e-06,-0.7345896923480664,4.492785996308376,2.360733689546172,-0.3111700805563054,0,0.6421910524368286
2023-08-16 00:00:00+00:00,7.329999923706055,14.229999542236328,4.188185712224572,0.999,8.515076668344292,1e-06,-0.3046056745402704,4.492786345768586,2.9190940215054204,-0.1043493879594809,0,0.6455238461494446
2023-08-17 00:00:00+00:00,7.329999923706055,14.229999542236328,4.188185712224572,0.999,6.80222456252708,1e-06,-0.3046006288348934,4.492786345463257,2.609264034211118,-0.1167381395064474,0,0.6512454748153687
2023-08-18 00:00:00+00:00,7.010000228881836,14.25,3.863770154824143,0.999,7.932885473920777,1e-06,-0.6290118135612118,4.492786061624115,2.8176090416972084,-0.223243112955913,0,0.6542216539382935
2023-08-21 00:00:00+00:00,7.03000020980835,14.079999923706056,3.921304125408769,0.999,7.421700476452766,1e-06,-0.5714827560474097,4.4927861147946,2.725387442966684,-0.2096886288671418,0,0.6606340408325195
2023-08-22 00:00:00+00:00,7.03000020980835,14.079999923706056,3.921304125408769,0.999,4.444542217294096,1e-06,-0.5714819756549391,4.492786113903958,2.1096396502917925,-0.2708908014579149,0,0.6661725640296936
2023-08-23 00:00:00+00:00,7.5,14.079999923706056,4.391303915600419,0.999,9.27093411346162,1e-06,-0.101487612898366,4.492786465167278,3.045812264664272,-0.0333203769896673,0,0.6831387281417847
2023-08-24 00:00:00+00:00,7.5,14.079999923706056,4.391303915600419,0.999,5.061722825337172,1e-06,-0.1014825475297966,4.492786465035111,2.251169043502496,-0.0450799320569477,0,0.686972439289093
2023-08-25 00:00:00+00:00,7.409999847412109,14.079999923706056,4.301303763012529,0.9827186916785126,0.4298197263587596,1e-06,-0.1914392514421727,4.492764351625936,0.6601968412990891,-0.2899729890640978,0,0.6905034780502319
2023-08-28 00:00:00+00:00,7.699999809265137,14.039999961853027,4.600135239458059,0.999,8.606572577176014,1e-06,0.1073671766227992,4.492764593257434,2.9347255050865577,0.0365850831489034,0,0.692195475101471
2023-08-29 00:00:00+00:00,7.510000228881836,14.039999961853027,4.410135659074758,0.999,9.117436822352634,1e-06,-0.0826267069667002,4.4927644486943485,3.0205097310638744,-0.027355219589906,0,0.6939248442649841
2023-08-30 00:00:00+00:00,7.510000228881836,14.199999809265137,4.374809600704749,0.999,8.647277341801253,1e-06,-0.1179544100690242,4.492764420266195,2.9416526910610425,-0.0400980069562455,0,0.6930553913116455
2023-08-31 00:00:00+00:00,7.510000228881836,14.699999809265137,4.264415563018515,0.9575951835887836,0.212927264825359,1e-06,-0.2281577195117446,4.492627425978205,0.4679432598489426,-0.4875756081739408,0,0.6945836544036865
2023-09-01 00:00:00+00:00,7.510000228881836,14.989999771118164,4.200387029582895,0.999,7.63971029542413,1e-06,-0.2922394951702267,4.492627366527772,2.7650958767986387,-0.1056887385433356,0,0.695267379283905
2023-09-04 00:00:00+00:00,7.510000228881836,14.699999809265137,4.264415563018515,0.826729915049347,0.0458934917113766,1e-06,-0.2285393592303236,4.492925962588098,0.2278414783005398,-1.0030630108924383,0,0.702055811882019
2023-09-05 00:00:00+00:00,7.510000228881836,15.0,4.198179098294791,0.9217353057220412,0.1078534004275326,1e-06,-0.2943059826410203,4.492562891218242,0.3374527421243818,-0.8721398462737695,0,0.703368067741394
2023-09-06 00:00:00+00:00,7.510000228881836,14.579999923706056,4.290910106796021,0.8946627936913298,0.0802009795564802,1e-06,-0.2022085352135869,4.493042006134354,0.2936279129411126,-0.6886556975737522,0,0.7063895463943481
2023-09-08 00:00:00+00:00,7.510000228881836,14.579999923706056,4.290910106796021,0.9153427261405888,0.1001547165626152,1e-06,-0.2020295763339818,4.492956660077096,0.3258376098126642,-0.6200314827074013,0,0.7010601162910461
2023-09-11 00:00:00+00:00,7.510000228881836,14.579999923706056,4.290910106796021,0.9087984077117228,0.0926070750175247,1e-06,-0.2019192099350432,4.492849181466057,0.3140385027896498,-0.6429759667727538,0,0.6979188919067383
2023-09-12 00:00:00+00:00,7.510000228881836,15.800000190734863,4.021548595884831,0.9107731812553064,0.0955072949328141,1e-06,-0.4694116268437328,4.49126041384372,0.3186197397924102,-1.4732659914591852,1,0.6943252682685852
2023-09-13 00:00:00+00:00,7.510000228881836,15.800000190734863,4.021548595884831,0.999,7.552496511847029,1e-06,-0.4697118070084777,4.491260413083083,2.749274443202033,-0.1708493701565175,1,0.692350447177887
2023-09-14 00:00:00+00:00,7.510000228881836,16.0,3.977391022922321,0.999,5.630469042496433,1e-06,-0.5138685427904188,4.491260358287978,2.374127943937502,-0.2164451768922636,1,0.6993272304534912
2023-09-15 00:00:00+00:00,7.510000228881836,16.0,3.977391022922321,0.999,6.687151800428988,1e-06,-0.5138693271374724,4.49126035775583,2.587115624093696,-0.1986263475632204,1,0.7096650004386902
2023-09-18 00:00:00+00:00,7.510000228881836,16.0,3.977391022922321,0.999,6.683023279389528,1e-06,-0.5138693266127092,4.491260357224089,2.586317793965393,-0.1986876198322228,1,0.7108158469200134
2023-09-19 00:00:00+00:00,7.510000228881836,16.0,3.977391022922321,0.999,6.683419547591978,1e-06,-0.5138693260813787,4.491260356692303,2.58639459471624,-0.1986817197697386,1,0.7147478461265564
2023-09-20 00:00:00+00:00,7.510000228881836,16.0,3.977391022922321,0.999,6.683959646343149,1e-06,-0.5138693255501801,4.491260356160482,2.5864991974329903,-0.1986736845154165,1,0.7112906575202942
2023-09-21 00:00:00+00:00,7.510000228881836,16.0,3.977391022922321,0.999,6.65159235007346,1e-06,-0.5138693249782849,4.491260355625997,2.5802348346684063,-0.1991560295496606,1,0.7136014699935913
2023-09-22 00:00:00+00:00,7.510000228881836,16.0,3.977391022922321,0.999,6.689782055320284,1e-06,-0.5138693244908736,4.491260355094485,2.5876248776215043,-0.1985872561880811,1,0.7152985334396362
2023-09-25 00:00:00+00:00,7.510000228881836,15.899999618530272,3.999469914683535,0.999,6.691771626484442,1e-06,-0.4917907849645795,4.491260377396118,2.588009481907511,-0.1900266550036368,1,0.712821364402771
2023-09-26 00:00:00+00:00,7.510000228881836,15.899999618530272,3.999469914683535,0.999,6.67761642876036,1e-06,-0.4917904548434578,4.491260376886712,2.585273463428635,-0.190227634252369,1,0.7124003171920776
2023-09-27 00:00:00+00:00,7.510000228881836,16.489999771118164,3.869204916524191,0.999,6.156641392580451,1e-06,-0.6220531895797806,4.491260229867937,2.482471519348472,-0.2505781777279118,1,0.7141864895820618
2023-09-28 00:00:00+00:00,7.510000228881836,16.399999618530273,3.8890758769973,0.999,7.031577761981263,1e-06,-0.6021846455326867,4.49126024881853,2.6528479440028883,-0.2269955377178719,1,0.7226505279541016
2023-09-29 00:00:00+00:00,7.510000228881836,16.399999618530273,3.8890758769973,0.999,7.138883563344383,1e-06,-0.6021843628062007,4.491260248234706,2.67299626175965,-0.2252844014116873,1,0.731089174747467
2023-10-02 00:00:00+00:00,7.849999904632568,16.399999618530273,4.229075552748032,0.999,8.101733393518098,1e-06,-0.2621891746964314,4.491260538352394,2.8474128337384363,-0.0920797896215832,1,0.7391499280929565
2023-10-03 00:00:00+00:00,7.989999771118164,16.399999618530273,4.369075419233628,0.999,6.511076441858905,1e-06,-0.1221874139241576,4.491260687006407,2.552861902596471,-0.047862915655517,1,0.7451300024986267
2023-10-04 00:00:00+00:00,7.989999771118164,16.399999618530273,4.369075419233628,0.999,6.360748597261059,1e-06,-0.1221852657548851,4.491260686875672,2.5232473222182814,-0.0484238166742479,1,0.7480025291442871
2023-10-05 00:00:00+00:00,7.989999771118164,16.399999618530273,4.369075419233628,0.999,6.360748597261059,1e-06,-0.1221852655880595,4.491260686742582,2.5232475203741207,-0.0484238128053102,1,0.7494958639144897
2023-10-06 00:00:00+00:00,7.989999771118164,16.399999618530273,4.369075419233628,0.999,6.360583450119811,1e-06,-0.1221852654548965,4.491260686609469,2.52321499320317,-0.0484244369917066,1,0.7497991323471069
2023-10-09 00:00:00+00:00,7.989999771118164,16.399999618530273,4.369075419233628,0.999,6.164944400114514,1e-06,-0.1221852652565816,4.4912606864721125,2.484144893490585,-0.0491860461025256,1,0.7490309476852417
2023-10-10 00:00:00+00:00,7.989999771118164,16.0,4.457390565158649,0.999,6.401562137588867,1e-06,-0.0338715944406717,4.491260781963825,2.531322695625832,-0.0133809863512077,1,0.7483961582183838
2023-10-11 00:00:00+00:00,8.0,16.0,4.467390794040485,0.999,6.171514109977102,1e-06,-0.0238701606266234,4.491260793160379,2.485467272306064,-0.0096038925527577,1,0.7468163371086121
2023-10-13 00:00:00+00:00,7.920000076293945,16.0,4.38739087033443,0.999,6.385949410139445,1e-06,-0.1038685828617967,4.491260706277186,2.528237303324449,-0.0410833993807531,1,0.744559645652771
2023-10-16 00:00:00+00:00,7.900000095367432,16.0,4.3673908894079165,0.999,6.305118756167744,1e-06,-0.1238694758983924,4.491260684165685,2.512201068369939,-0.0493071503941227,1,0.7427017688751221
2023-10-17 00:00:00+00:00,7.900000095367432,16.0,4.3673908894079165,0.999,5.012915207142632,1e-06,-0.1238697921086872,4.491260683993872,2.240301689152337,-0.055291567518996,1,0.7410065531730652
2023-10-18 00:00:00+00:00,7.800000190734863,15.989999771118164,4.269598916063453,0.999,6.414862182964864,1e-06,-0.2216601357115571,4.49126057811771,2.533949414398385,-0.0874761486760714,1,0.735875129699707
2023-10-19 00:00:00+00:00,7.800000190734863,15.989999771118164,4.269598916063453,0.999,6.313359283037405,1e-06,-0.2216616582739782,4.491260577872465,2.5138412310180347,-0.0881764749256704,1,0.7310693264007568
2023-10-20 00:00:00+00:00,7.800000190734863,15.989999771118164,4.269598916063453,0.999,6.326602089171191,1e-06,-0.2216616580623243,4.491260577629366,2.5164740294499737,-0.0880842223954017,1,0.724860668182373
2023-10-23 00:00:00+00:00,7.809999942779541,15.989999771118164,4.279598668108131,0.999,6.327434964533138,1e-06,-0.2116620747747954,4.491260588353064,2.5166397072784834,-0.084105036633825,1,0.718569278717041
2023-10-24 00:00:00+00:00,7.900000095367432,15.989999771118164,4.369598820696021,0.999,6.380204547901766,1e-06,-0.1216632725846648,4.491260686024563,2.5271022930674296,-0.0481433905221891,1,0.7129576802253723
2023-10-25 00:00:00+00:00,7.900000095367432,15.989999771118164,4.369598820696021,0.999,1.5382296975005356,1e-06,-0.1216618569691347,4.491260685481955,1.24268746818193,-0.0979022160311375,1,0.7056034207344055
2023-10-26 00:00:00+00:00,7.900000095367432,15.989999771118164,4.369598820696021,0.7891249889114996,0.0266969711253331,0.0085195027983618,-0.1145556575208664,4.484226457171151,0.1962762037007755,-0.5836451661532406,1,0.6972686648368835
2023-10-27 00:00:00+00:00,7.900000095367432,15.989999771118164,4.369598820696021,0.999,6.283147170989557,1e-06,-0.1146276323137906,4.484226455978526,2.5089899684060506,-0.0456867638999023,1,0.6884512901306152
2023-10-30 00:00:00+00:00,7.900000095367432,15.989999771118164,4.369598820696021,0.999,6.080762536554111,1e-06,-0.1146276331564409,4.484226455737535,2.468328792504183,-0.0464393696271509,1,0.6792953610420227
2023-10-31 00:00:00+00:00,7.900000095367432,15.989999771118164,4.369598820696021,0.999,6.050398380034912,1e-06,-0.1146276329047907,4.484226455495327,2.462170560978375,-0.0465555208568662,1,0.6693148016929626
2023-11-01 00:00:00+00:00,7.900000095367432,15.989999771118164,4.369598820696021,0.999,6.162812841972959,1e-06,-0.1146276327015384,4.484226455257518,2.48489422980092,-0.0461297834438297,1,0.658228874206543
2023-11-03 00:00:00+00:00,7.739999771118164,15.800000190734863,4.25154813812116,0.999,6.070822543954472,1e-06,-0.2326761218762033,4.484226206379466,2.466315072171758,-0.0943416048101738,1,0.6457447409629822
2023-11-06 00:00:00+00:00,7.739999771118164,15.699999809265137,4.273627029882373,0.999,6.125348602886511,1e-06,-0.2105995787083567,4.484226251981586,2.477344766911805,-0.0850102018585345,1,0.6362690329551697
2023-11-07 00:00:00+00:00,7.739999771118164,15.699999809265137,4.273627029882373,0.999,0.176101320956414,1e-06,-0.2105990875969725,4.484226236730865,0.4335789917754772,-0.4857225363585613,1,0.6291654109954834
2023-11-08 00:00:00+00:00,7.739999771118164,15.699999809265137,4.273627029882373,0.7529416484323718,0.0219847316427838,0.00695679224705,-0.1932030025630393,4.467004526866169,0.193643349332206,-0.9977259907418188,1,0.6289387345314026
2023-11-09 00:00:00+00:00,7.599999904632568,15.899999618530272,4.089469590434268,0.8532604930773777,0.0272843956870417,0.0007894108712433,-0.3538092672581149,4.444022815558731,0.2080807435304388,-1.7003460351743624,1,0.6308363676071167
2023-11-10 00:00:00+00:00,7.599999904632568,15.899999618530272,4.089469590434268,0.2924213363598231,0.0056083535007473,0.0215553014675449,-0.1199921572205734,4.210173966631559,0.1115042310286008,-1.076122010023058,1,0.6346938014030457
2023-11-13 00:00:00+00:00,7.599999904632568,15.899999618530272,4.089469590434268,0.5881739578848605,0.0118410792438142,0.0153225684158822,-0.0884927256515419,4.17813810897517,0.1496680156008519,-0.5912600985339597,1,0.6358370780944824
2023-11-14 00:00:00+00:00,7.599999904632568,15.899999618530272,4.089469590434268,0.5905824811855218,0.0118863561464025,0.0152666652285015,-0.0639677657794583,4.153562492011095,0.156358856060099,-0.4091086836480264,1,0.6363955736160278
2023-11-16 00:00:00+00:00,7.510000228881836,15.850000381469728,4.010509150004224,0.5799370981299469,0.0116459468728823,0.0155221492192988,-0.0679421644651186,4.078809791333861,0.1581515375796879,-0.429601668784817,1,0.6371625661849976
2023-11-17 00:00:00+00:00,7.510000228881836,15.850000381469728,4.010509150004224,0.596664587065509,0.0121566246340409,0.015036916437525,-0.0489557600683379,4.0595588779710505,0.1623449330668483,-0.3015539761144225,1,0.6378992795944214
2023-11-20 00:00:00+00:00,7.510000228881836,15.850000381469728,4.010509150004224,0.5885366438280057,0.0118558239583743,0.0153377171131916,-0.034546002779128,4.0451231271304735,0.161987788178665,-0.2132630068448457,1,0.6375716328620911
2023-11-21 00:00:00+00:00,7.510000228881836,15.550000190734863,4.076745614727949,0.5850539659578733,0.0118003716217697,0.015412263225706,-0.0057626967477674,4.082334753940317,0.1618756445067249,-0.0355995292888427,1,0.636551022529602
2023-11-22 00:00:00+00:00,7.510000228881836,15.0,4.198179098294791,0.6542645608667655,0.0138352118337955,0.0133534766764558,0.0397954852579112,4.157972435420409,0.1731384619442887,0.2298477461970081,0,0.6352146863937378
2023-11-23 00:00:00+00:00,7.510000228881836,15.0,4.198179098294791,0.5612110282548566,0.0107064152131766,0.0163646728385001,0.0263102771571685,4.171809925001498,0.158096615321675,0.1664189780637345,0,0.6333656311035156
2023-11-24 00:00:00+00:00,7.510000228881836,14.899999618530272,4.220257990056004,0.5946609563406678,0.0118462569589985,0.0152259317907343,0.0249712115185814,4.195175964799878,0.1623349358641383,0.1538252464613066,0,0.6298491358757019
2023-11-27 00:00:00+00:00,7.510000228881836,15.0,4.198179098294791,0.5928241675979844,0.0117990327680907,0.0152731559816421,0.0114949530447868,4.186723939229384,0.1623731591099942,0.0707934310559293,0,0.6270340085029602
2023-11-28 00:00:00+00:00,7.510000228881836,15.0,4.198179098294791,0.6077690208334223,0.0121011705906103,0.0149079485371859,0.0082992376244983,4.18986467469535,0.1644463856911013,0.0504677411401901,0,0.6246989965438843
2023-11-29 00:00:00+00:00,7.510000228881836,15.0,4.198179098294791,0.999,3.410862639164129,1e-06,0.0083144223175051,4.189864675288784,1.8509311095238816,0.0044920214883869,0,0.6224729418754578
2023-11-30 00:00:00+00:00,7.510000228881836,14.8100004196167,4.2401287399691965,0.3664269156947864,0.0055216080411755,0.0202029978045796,0.0060951740189465,4.233885328499259,0.1137350327354978,0.053590998941562,0,0.6209961175918579
2023-12-01 00:00:00+00:00,7.510000228881836,15.0,4.198179098294791,0.6581373595891413,0.0124795870737931,0.013242979471691,-0.0120268718763829,4.2103542572806845,0.1542823693187908,-0.0779536374083808,0,0.619597315788269
2023-12-04 00:00:00+00:00,7.75,15.0,4.438178869412955,0.5348899045193187,0.0093134147263755,0.0164446075812133,0.04738767001759,4.389965466356856,0.1427202088818498,0.3320319553120867,0,0.6182059645652771
2023-12-05 00:00:00+00:00,7.75,15.0,4.438178869412955,0.5453030795714509,0.0093915158362233,0.0160087502749746,0.0311902568291915,4.406908322083166,0.1430989893017693,0.2179628031014043,0,0.6159735918045044
2023-12-06 00:00:00+00:00,7.75,15.890000343322754,4.241677406529886,0.5499684993470163,0.0112785638171486,0.0138739258176588,-0.0393818884964804,4.2817206886455645,0.1525139643388884,-0.2582182468811401,0,0.6130040287971497
2023-12-07 00:00:00+00:00,7.699999809265137,15.890000343322754,4.191677215795023,0.8253673364420003,0.0323290240617438,1e-06,-0.0860948905292635,4.277947080545976,0.2104631758830527,-0.409073417086054,0,0.6103923916816711
2023-12-08 00:00:00+00:00,7.579999923706055,15.890000343322754,4.071677330235941,0.6768768326073753,0.0167889106355779,0.0083483038994685,-0.1376948524165051,4.209930102665899,0.1772599627992773,-0.7767961261078777,0,0.6079083681106567
2023-12-11 00:00:00+00:00,7.579999923706055,15.890000343322754,4.071677330235941,0.7740060199252518,0.0224257387631594,0.0026930568366864,-0.1307919422554764,4.202590909708619,0.1959555593987021,-0.6674571655778331,0,0.6039016246795654
2023-12-12 00:00:00+00:00,7.579999923706055,15.890000343322754,4.071677330235941,0.6870699960972568,0.015682681292286,0.0093439927721433,-0.1087454278220474,4.180576259876643,0.1823387703770879,-0.5963922406472036,0,0.599845826625824
2023-12-13 00:00:00+00:00,7.579999923706055,15.890000343322754,4.071677330235941,0.6971659412803376,0.0164244460932617,0.0085804671767969,-0.0915588732095412,4.163359713670074,0.1879341365125326,-0.4871859626387542,0,0.5964243412017822
2023-12-14 00:00:00+00:00,7.579999923706055,15.399999618530272,4.179863647193988,0.6936424167217922,0.0164714399944606,0.008576556274582,-0.0264866770091152,4.206053889914601,0.1904076550653308,-0.1391051058321547,0,0.5933641791343689
2023-12-15 00:00:00+00:00,7.579999923706055,15.399999618530272,4.179863647193988,0.7189799420481211,0.0179666640241728,0.0071235956164603,-0.0227738853438428,4.202664173814097,0.1971066628259401,-0.1155409209274363,0,0.5886927247047424
2023-12-18 00:00:00+00:00,8.100000381469727,15.989999771118164,4.569599106798316,0.4848491952670478,0.0102184273458213,0.0154588226962856,0.0495425150731874,4.518851515962508,0.1566540736840243,0.3162542403660441,0,0.5882436037063599
2023-12-19 00:00:00+00:00,7.909999847412109,15.989999771118164,4.379598572740699,0.4282875349037542,0.0093722882038777,0.0162877593186134,-0.0096548453845954,4.389779163487935,0.1422740317857052,-0.0678609108311321,0,0.5880234837532043
2023-12-20 00:00:00+00:00,7.909999847412109,16.280000686645508,4.315569828745163,0.5837373168292113,0.0137657486447836,0.0120252864418816,-0.0330469217918753,4.34886290298884,0.1636580940245864,-0.2019265957411837,0,0.588060736656189
2023-12-21 00:00:00+00:00,7.909999847412109,16.280000686645508,4.315569828745163,0.5967000571707992,0.0121853560742861,0.0134125698593829,-0.0241376961989908,4.33975620728126,0.1614042160221576,-0.1495481146271744,0,0.588217556476593
2023-12-22 00:00:00+00:00,7.909999847412109,16.200000762939453,4.333232857930167,0.5664529523788455,0.0109581886082281,0.0145322769845688,-0.0117579363318215,4.344965502494407,0.1560051715656998,-0.0753688881837472,0,0.5884870290756226
2023-12-26 00:00:00+00:00,7.909999847412109,16.200000762939453,4.333232857930167,0.5435864057006468,0.0105002726820896,0.0149183286108355,-0.0077456027915473,4.340997280378848,0.15208463788567,-0.0509295540905988,0,0.5888730883598328
2023-12-27 00:00:00+00:00,7.909999847412109,16.200000762939453,4.333232857930167,0.5513861828136514,0.0107133732354629,0.014695619926748,-0.0052151938324531,4.338460472305396,0.1523520316143387,-0.0342312063527634,0,0.5889627933502197
2023-12-28 00:00:00+00:00,8.079999923706055,16.43000030517578,4.452451777957204,0.5366548948015294,0.0105029047234966,0.0149464887787757,0.0277725791721021,4.424266616809268,0.1505508056521052,0.1844731355093467,0,0.589387834072113
2024-01-02 00:00:00+00:00,8.079999923706055,16.43000030517578,4.452451777957204,0.5660409555921686,0.0112512941313045,0.0142472245676578,0.0194102420483857,4.432996964717571,0.1547543819886959,0.1254261223427168,0,0.5892851948738098
2024-01-03 00:00:00+00:00,8.079999923706055,16.43000030517578,4.452451777957204,0.7261176516240682,0.0149395105470575,0.0097725800495305,0.016673222198477,4.435757816449375,0.1749021499589866,0.0953288578921805,0,0.5889840722084045
2024-01-04 00:00:00+00:00,7.900000095367432,16.270000457763672,4.30777800798859,0.2905733913752891,0.0059240394328378,0.0180984505415893,-0.0063998325331885,4.314592517014862,0.1137541040990918,-0.0562602341592315,0,0.5885654091835022
2024-01-05 00:00:00+00:00,7.900000095367432,16.299999237060547,4.301154635244109,0.1449406638499718,0.0031341264551732,0.0202621314801462,-0.001914895596692,4.303113103955982,0.0789735673663181,-0.0242472976788522,0,0.5881091952323914
2024-01-08 00:00:00+00:00,7.900000095367432,16.200000762939453,4.323233105885489,-0.7300343012175331,0.0005877080751998,0.018378767027254,0.0043622269198982,4.318805014776291,0.0460044860890305,0.0948217726300906,0,0.5877817869186401
2024-01-09 00:00:00+00:00,7.900000095367432,16.200000762939453,4.323233105885489,-0.2505499343972344,0.002723485608425,0.015323002719237,-0.0002356043777516,4.323441905473347,0.071036947696938,-0.0033166455681181,0,0.5877155661582947
2024-01-10 00:00:00+00:00,7.900000095367432,15.699999809265137,4.433627354131641,0.0568667802759538,0.0050509395695411,0.0130436039417232,0.0266936235160902,4.406391703257332,0.0944206422171148,0.2827096161314997,0,0.5873710513114929
2024-01-11 00:00:00+00:00,7.900000095367432,15.699999809265137,4.433627354131641,0.3513645944410902,0.0066716908015986,0.0109313095143533,0.0147181158993559,4.41881717990761,0.1099384390929501,0.13387597659916,0,0.5872924327850342
2024-01-12 00:00:00+00:00,7.900000095367432,15.699999809265137,4.433627354131641,-0.0476806695179751,0.0037425055216625,0.0129455449904348,0.0020312925473022,4.4315279320936645,0.0824046079896451,0.0246502300885588,0,0.5876849293708801
2024-01-15 00:00:00+00:00,7.900000095367432,15.699999809265137,4.433627354131641,0.1435529795540615,0.0054895220810046,0.0111952755721334,0.0007762102653643,4.43284167381253,0.0983366153871621,0.0078934002589809,0,0.587031900882721
2024-01-16 00:00:00+00:00,7.900000095367432,15.699999809265137,4.433627354131641,0.1422915109641891,0.0054798652741092,0.0112015808656876,0.0002791156410004,4.433344847141687,0.099005268487101,0.0028191998796184,0,0.5858041048049927
2024-01-17 00:00:00+00:00,7.800000190734863,16.68000030517578,4.117255026142896,0.1296582593590594,0.0058819044697824,0.0112378171672302,-0.0829943455941306,4.201787715370578,0.1020727331697004,-0.8130902643328742,0,0.5842199325561523
2024-01-18 00:00:00+00:00,7.800000190734863,16.600000381469727,4.1349180553279,0.2317977990907825,0.0066523427353335,0.0108525838521854,-0.032937586978613,4.168089802890397,0.1089299839373259,-0.3023739267010635,0,0.5832955241203308
2024-01-19 00:00:00+00:00,7.800000190734863,16.600000381469727,4.1349180553279,0.1384898723081322,0.0054813540709358,0.0120244480978027,-0.0110256302505768,4.146076600996911,0.0998193036170055,-0.1104558923079737,0,0.5823720097541809
2024-01-22 00:00:00+00:00,8.0,16.600000381469727,4.334917864593036,0.1261497077075831,0.0055583383729686,0.0121081685240127,0.0439709725396705,4.290051660335464,0.0998986773133883,0.4401557029802392,0,0.5819061398506165
2024-01-23 00:00:00+00:00,8.0,16.299999237060547,4.401154539876678,0.2083750201706602,0.0060955906986001,0.0118182445278627,0.0354281774868067,4.365237354458719,0.1048771766536179,0.3378063618533216,0,0.5817402005195618
2024-01-24 00:00:00+00:00,8.260000228881836,16.299999237060547,4.6611547687585135,0.0520332989725748,0.0046311129279208,0.013646891696263,0.0583855481230143,4.601481415143806,0.0918222106602303,0.6358543069612906,0,0.5816929340362549
2024-01-25 00:00:00+00:00,7.670000076293945,16.299999237060547,4.071154616170623,-0.083826888144857,0.0056255936088381,0.0131368863638763,-0.1390194446638945,4.212420997653664,0.0987630726209371,-1.407605504513468,1,0.5819038152694702
2024-01-26 00:00:00+00:00,7.679999828338623,18.799999237060547,3.529184179784126,0.999,7.396552992915023,1e-06,-0.6832236336020237,4.212415172782286,2.720446849067983,-0.2511439008029486,1,0.5825554728507996
2024-01-29 00:00:00+00:00,7.989999771118164,25.5,2.3599038491201867,0.8115529361358219,0.0274228323451765,0.0089435878865032,-1.504618483758656,3.868061089757746,0.194960663463012,-7.717549053397188,1,0.5896478295326233
2024-01-30 00:00:00+00:00,8.010000228881836,19.950000762939453,3.605277956753132,-0.3162280598649721,0.0083150719003126,0.0280852986356781,0.3044941259866307,3.3021328797118654,0.121422947616693,2.50771482626048,0,0.6245391964912415
2024-01-31 00:00:00+00:00,8.010000228881836,17.559999465942383,4.132961743254821,0.999,10.049909750157974,1e-06,0.8308192202038143,3.302137282917277,3.171197350560621,0.2619891253557391,0,0.6225823760032654
2024-02-01 00:00:00+00:00,8.010000228881836,18.479999542236328,3.929836697067356,0.999,5.464380451740581,1e-06,0.62770339300456,3.302137005883252,2.3390092642694675,0.2683629357922222,0,0.6176807880401611
2024-02-02 00:00:00+00:00,8.010000228881836,15.5,4.587785060608556,0.3063666916695328,0.015055186228711,0.0313122269387902,0.4940276919758628,4.091552891667313,0.1641686063390213,3.0092701826051687,-1,0.6153861284255981
2024-02-05 00:00:00+00:00,8.010000228881836,14.520000457763672,4.804157273404815,0.999,9.6301842532485,1e-06,0.7126001717729509,4.091554826845163,3.105193391848194,0.2294865671309493,-1,0.6213356852531433
2024-02-06 00:00:00+00:00,8.25,14.899999618530272,4.9602577611741685,0.6830084422492716,0.0261628774842891,0.0225113849709565,0.6671200959541861,4.292374001864644,0.2163006785215609,3.084225627557092,-1,0.6280412077903748
2024-02-07 00:00:00+00:00,8.199999809265137,15.279999732971191,4.8263580765305765,0.8098061219174608,0.0434982668266748,0.0051599562388214,0.5351476620373644,4.291223026629639,0.2601347816122608,2.057193808227533,-1,0.6373991370201111
2024-02-08 00:00:00+00:00,8.199999809265137,15.0,4.888178678678091,0.999,4.283479080433351,1e-06,0.5969535636784926,4.291223659635485,2.0754972713858937,0.2876195367290859,-1,0.6458975672721863
2024-02-09 00:00:00+00:00,8.199999809265137,15.350000381469728,4.81090276807376,0.999,1.62096638227125,1e-06,0.5196850258959502,4.291222471949142,1.282644619556846,0.4051668076816956,-1,0.6599902510643005
2024-02-14 00:00:00+00:00,8.199999809265137,15.350000381469728,4.81090276807376,0.999,3.017362276747096,1e-06,0.5196802747738511,4.29122247623464,1.7440109284728995,0.2979799416904437,-1,0.6712355613708496
2024-02-15 00:00:00+00:00,8.3100004196167,14.90999984741211,5.018050249502762,0.999,2.4740203411270385,1e-06,0.7268172722679225,4.291224584000559,1.580580014319012,0.4598421248424233,-1,0.6836605668067932
2024-02-16 00:00:00+00:00,8.3100004196167,15.890000343322754,4.801677826146586,0.999,3.949139321486402,1e-06,0.5104600734654912,4.291223212763161,1.9933271593323825,0.2560844420724482,-1,0.6966277956962585
2024-02-19 00:00:00+00:00,8.3100004196167,15.449999809265137,4.8988246972240255,0.999,3.942660236254687,1e-06,0.6075983857812358,4.29122383476736,1.9917015536304976,0.3050649755600673,-1,0.7054517865180969
2024-02-20 00:00:00+00:00,8.289999961853027,14.90999984741211,4.99804979173909,0.999,1.945093645508812,1e-06,0.7068195358742394,4.291225123728238,1.4033208769741023,0.5036763490601753,-1,0.7124415040016174
2024-02-21 00:00:00+00:00,8.1899995803833,15.699999809265137,4.72362683914751,0.999,4.729829807273397,1e-06,0.4324089555280934,4.291223670283872,2.1803776392930607,0.198318377392777,-1,0.7197113037109375
2024-02-22 00:00:00+00:00,8.1899995803833,15.800000190734863,4.701547947386296,0.999,3.900460430789121,1e-06,0.4103249716193208,4.291223530859255,1.9810800772830528,0.2071218505119994,-1,0.7267847657203674
2024-02-23 00:00:00+00:00,8.300000190734863,15.5,4.877785022461583,0.999,3.095037861077441,1e-06,0.5865543510265654,4.291224964384187,1.7661417558310597,0.3321105732821325,-1,0.7341161966323853
2024-02-26 00:00:00+00:00,8.300000190734863,15.5,4.877785022461583,0.999,2.3141218478690204,1e-06,0.5865600260578574,4.291224970812592,1.529163721310128,0.383582227255114,-1,0.7365461587905884
2024-02-27 00:00:00+00:00,8.0,15.279999732971191,4.62635826726544,0.999,3.2696352309261973,1e-06,0.3351428949020321,4.291223043701226,1.814898363912469,0.1846620734064399,-1,0.7412124872207642
2024-02-28 00:00:00+00:00,7.449999809265137,15.850000381469728,3.950508730387525,0.999,3.653467368076492,1e-06,-0.340691179737878,4.291218398998238,1.91773022315246,-0.177653340196012,0,0.7402455806732178
2024-02-29 00:00:00+00:00,8.079999923706055,16.65999984741211,4.401670621690297,0.999,6.844088310642364,1e-06,0.1104439814305568,4.291220053707031,2.62074629698927,0.0421421873446642,0,0.740593433380127
2024-03-01 00:00:00+00:00,8.989999771118164,16.299999237060547,5.391154310994842,0.999,5.740476724448726,1e-06,1.09991268805333,4.291224384545666,2.400979084968745,0.458110066405534,0,0.7376652359962463
2024-03-04 00:00:00+00:00,8.050000190734863,16.440000534057617,4.420244113697908,0.999,21.673844503311432,1e-06,0.1290253277683106,4.291223260373716,4.658118648898388,0.0276990213202972,0,0.7369199991226196
2024-03-05 00:00:00+00:00,7.900000095367432,16.440000534057617,4.270244018330477,0.999,11.242560512323244,1e-06,-0.0209775740213885,4.291222925436683,3.3566033956259127,-0.0062496433295411,0,0.7328531742095947
2024-03-06 00:00:00+00:00,7.900000095367432,16.440000534057617,4.270244018330477,0.999,11.1230844385332,1e-06,-0.0209789068552336,4.291222925386286,3.3387589433300264,-0.0062834446006184,0,0.7367305159568787
2024-03-07 00:00:00+00:00,7.849999904632568,16.440000534057617,4.220243827595613,0.999,11.143907514066417,1e-06,-0.0709785361483913,4.291222812601538,3.3418760236049,-0.0212391290541731,0,0.7315959334373474
2024-03-08 00:00:00+00:00,7.849999904632568,16.440000534057617,4.220243827595613,0.999,10.509239051235827,1e-06,-0.0709789841554926,4.291222812430756,3.2455304488131347,-0.0218697637489271,0,0.7233570218086243
2024-03-11 00:00:00+00:00,7.860000133514404,16.43000030517578,4.232451987765554,0.999,11.129792642807642,1e-06,-0.0587709611175971,4.291222839833846,3.339763836825586,-0.0175973404075955,0,0.7156925797462463
2024-03-12 00:00:00+00:00,7.860000133514404,16.399999618530273,4.239075781629868,0.999,11.111703446053657,1e-06,-0.0521471321332883,4.291222854681187,3.3370547326879323,-0.0156266936896431,0,0.7114721536636353
2024-03-13 00:00:00+00:00,7.860000133514404,16.299999237060547,4.261154673391082,0.999,11.13285594962997,1e-06,-0.0300684288624993,4.291222904403123,3.340222715999199,-0.009001923350343,0,0.7026342153549194
2024-03-14 00:00:00+00:00,8.149999618530273,16.139999389648438,4.586480216776959,0.999,11.891353666298016,1e-06,0.2952538893629215,4.291223591895539,3.451896074504281,0.0855338292319018,0,0.6943082809448242
2024-03-15 00:00:00+00:00,8.149999618530273,16.299999237060547,4.551154158406951,0.999,11.25393189174092,1e-06,0.2599309559833864,4.2912235136698405,3.358298041343748,0.0773996092018625,0,0.6875357031822205
2024-03-18 00:00:00+00:00,8.149999618530273,16.299999237060547,4.551154158406951,0.999,11.23768828522238,1e-06,0.2599306418462409,4.291223514250492,3.355878890531742,0.0774553106131475,0,0.6814078688621521
2024-03-19 00:00:00+00:00,8.239999771118164,16.299999237060547,4.641154310994842,0.999,11.305154763989991,1e-06,0.3499297976867073,4.291223714924706,3.365916013009868,0.1039627240650586,0,0.6751458048820496
2024-03-20 00:00:00+00:00,8.239999771118164,16.149999618530273,4.674272438076745,0.999,11.212345417248802,1e-06,0.3830483496275254,4.291223789954529,3.352101170881882,0.1142711183525381,0,0.6685638427734375
2024-03-21 00:00:00+00:00,8.239999771118164,15.890000343322754,4.73167717764805,0.999,11.20107807554778,1e-06,0.4404527421036956,4.291223919638207,3.350420259917983,0.1314619384836449,0,0.6642807722091675
2024-03-22 00:00:00+00:00,8.239999771118164,16.0,4.707390565158649,0.999,11.212981585784998,1e-06,0.4161669116355995,4.291223866180286,3.352196358844624,0.1241475340600383,0,0.6628625392913818
2024-03-25 00:00:00+00:00,8.239999771118164,15.550000190734863,4.806745156964277,0.999,11.180402145118594,1e-06,0.5155201741006455,4.291224090509736,3.34733356382723,0.1540092029284398,0,0.660565972328186
2024-03-26 00:00:00+00:00,8.239999771118164,15.550000190734863,4.806745156964277,0.999,11.249771240951048,1e-06,0.51552106071018,4.291224091663752,3.357679568289513,0.1535349190491097,0,0.6588854789733887
2024-03-27 00:00:00+00:00,8.25,15.550000190734863,4.816745385846113,0.999,11.248787728620645,1e-06,0.5255211771982671,4.291224115166068,3.357533256860179,0.1565200213950261,0,0.6598437428474426
2024-03-28 00:00:00+00:00,7.920000076293945,16.0,4.38739087033443,0.999,11.858639378833637,1e-06,0.0961712804452088,4.29122320600086,3.447155671151289,0.0278987343826829,0,0.6611872315406799
2024-04-01 00:00:00+00:00,7.920000076293945,15.550000190734863,4.486745462140059,0.999,12.640063774886892,1e-06,0.1955212715775444,4.29122340381358,3.558694650743734,0.0549418510904503,0,0.6544424295425415
2024-04-02 00:00:00+00:00,7.920000076293945,15.989999771118164,4.389598801622535,0.999,12.961064521794118,1e-06,0.0983763338872372,4.291223215735974,3.6035134749463538,0.0273001154487709,0,0.6509456634521484
2024-04-03 00:00:00+00:00,8.010000228881836,15.989999771118164,4.4795989542104255,0.999,13.09491669873637,1e-06,0.1883748774443662,4.291223388740306,3.6220384510694736,0.0520079728553806,0,0.6510241031646729
2024-04-04 00:00:00+00:00,8.300000190734863,15.989999771118164,4.769598916063453,0.999,13.291147161008384,1e-06,0.478372795018946,4.291223937751848,3.649026445953375,0.1310960065936059,0,0.6559919118881226
2024-04-05 00:00:00+00:00,8.300000190734863,15.970000267028809,4.774014568079746,0.999,12.590062360028176,1e-06,0.4827905816596609,4.291223947531239,3.55166301923109,0.1359336679875056,0,0.6588044166564941
2024-04-08 00:00:00+00:00,8.300000190734863,15.300000190734863,4.921942595424094,0.999,12.69746297436392,1e-06,0.6307171851569876,4.291224241462678,3.566750876704136,0.1768324189044016,0,0.6538665294647217
2024-04-09 00:00:00+00:00,8.350000381469727,15.300000190734863,4.971942786158957,0.999,12.497315404664624,1e-06,0.680718037671064,4.291224343350778,3.5385823781142705,0.1923702672237412,0,0.6599858999252319
2024-04-10 00:00:00+00:00,8.350000381469727,15.300000190734863,4.971942786158957,0.999,12.415054298855448,1e-06,0.6807184359422229,4.291224344730554,3.526939911712806,0.1930053964575886,0,0.667315661907196
2024-04-11 00:00:00+00:00,8.350000381469727,15.300000190734863,4.971942786158957,0.999,12.504943109412874,1e-06,0.6807184346157417,4.291224346099664,3.539660287562673,0.1923117981145214,0,0.6745727062225342
2024-04-12 00:00:00+00:00,8.350000381469727,15.369999885559082,4.956487688262057,0.999,12.51364942360862,1e-06,0.6652634899221215,4.291224316404111,3.540890038605305,0.1878803020339364,0,0.6828924417495728
2024-04-15 00:00:00+00:00,8.350000381469727,15.100000381469728,5.016100359121467,0.999,12.472344336732611,1e-06,0.7248754378727084,4.2912244379647495,3.5350527829954044,0.2050536391873871,0,0.6915615200996399
2024-04-16 00:00:00+00:00,8.399999618530273,15.100000381469728,5.066099596182013,0.999,12.52473666270085,1e-06,0.7748746513573836,4.291224539835816,3.5424555755134453,0.218739412489336,0,0.7013969421386719
2024-04-17 00:00:00+00:00,8.399999618530273,15.100000381469728,5.066099596182013,0.999,12.514714151028931,1e-06,0.7748750485930361,4.291224541394132,3.54104080642441,0.2188269186808585,0,0.7122735977172852
2024-04-18 00:00:00+00:00,8.300000190734863,15.100000381469728,4.966100168386603,0.999,12.597018009511286,1e-06,0.6748766128094091,4.291224343247456,3.5526433611049097,0.1899646387808303,0,0.7229154706001282
2024-04-19 00:00:00+00:00,8.300000190734863,14.899999618530272,5.010257951909032,0.999,12.529370829278514,1e-06,0.7190331608390391,4.291224433261492,3.5431100280562906,0.2029384227826231,0,0.7300903797149658
2024-04-22 00:00:00+00:00,8.300000190734863,14.899999618530272,5.010257951909032,0.999,12.572656966858489,1e-06,0.7190335114862748,4.29122443470098,3.5492134070025707,0.2025895399999411,0,0.7370086908340454
2024-04-23 00:00:00+00:00,8.300000190734863,16.0,4.767390984775348,0.999,13.06394756304893,1e-06,0.4761688699349471,4.291223968370541,3.617762762348263,0.1316197056619239,0,0.7425609230995178
2024-04-24 00:00:00+00:00,8.300000190734863,15.800000190734863,4.811548557737859,0.999,12.733744857597852,1e-06,0.5203241506872073,4.291224056555295,3.5718350604560523,0.1456741820045778,0,0.7458873987197876
2024-04-25 00:00:00+00:00,8.300000190734863,15.779999732971191,4.815964420314068,0.999,12.719581553807076,1e-06,0.5247403151838751,4.291224066320274,3.569852013075782,0.1469921759394612,0,0.7482089996337891
2024-04-26 00:00:00+00:00,8.300000190734863,15.779999732971191,4.815964420314068,0.999,12.719968256414324,1e-06,0.5247403488301497,4.291224067358352,3.5699063149918526,0.146989949463519,0,0.7502748966217041
2024-04-29 00:00:00+00:00,8.300000190734863,15.199999809265137,4.944021487185307,0.999,12.856555031993304,1e-06,0.6527961680578005,4.291224319016649,3.5889857722427623,0.1818887589654241,0,0.7517867684364319
2024-04-30 00:00:00+00:00,9.029999732971191,15.199999809265137,5.674021029421636,0.999,15.476451316504022,1e-06,1.38279080140597,4.291225507011847,3.937094888115944,0.3512211010153454,0,0.7528204917907715
2024-05-02 00:00:00+00:00,8.300000190734863,15.329999923706056,4.915319012119696,0.999,25.45303068403988,1e-06,0.624097229164411,4.291224758272998,5.047503989688407,0.1236447223101527,0,0.7596442103385925
2024-05-03 00:00:00+00:00,8.199999809265137,15.199999809265137,4.844021105715581,0.999,19.5730408350343,1e-06,0.5527967994027851,4.291224667401601,4.42688464687132,0.1248726460025272,0,0.7645357251167297
2024-05-06 00:00:00+00:00,8.199999809265137,15.199999809265137,4.844021105715581,0.999,19.51860294293981,1e-06,0.5527964347714108,4.291224668113896,4.4207319286036695,0.1250463596751085,0,0.7699580192565918
2024-05-07 00:00:00+00:00,8.989999771118164,15.199999809265137,5.634021067568608,0.999,24.40924705757728,1e-06,1.3427923456192583,4.291225483233076,4.943026997634319,0.2716538562831853,0,0.7738939523696899
2024-05-08 00:00:00+00:00,8.430000305175781,15.220000267028809,5.069605739050016,0.999,29.95056332769897,1e-06,0.7783826089719309,4.2912250100611615,5.474927686239903,0.1421722173478627,0,0.7838281393051147
2024-05-09 00:00:00+00:00,8.430000305175781,15.229999542236328,5.067398018321828,0.999,27.0768176681002,1e-06,0.7761730148768115,4.291225008730748,5.205870581361084,0.1490957185251193,0,0.7908884286880493
2024-05-10 00:00:00+00:00,8.430000305175781,15.229999542236328,5.067398018321828,0.999,27.07617193166409,1e-06,0.7761730060029474,4.291225009452294,5.205808657012017,0.1490974903500291,0,0.7944404482841492
2024-05-13 00:00:00+00:00,8.430000305175781,15.229999542236328,5.067398018321828,0.999,27.023368872346403,1e-06,0.7761730052743238,4.291225010175287,5.200734728293591,0.1492429523566554,0,0.7974483370780945
2024-05-14 00:00:00+00:00,8.430000305175781,15.229999542236328,5.067398018321828,0.999,27.098663491169425,1e-06,0.7761730045612913,4.2912250108963,5.207968637854898,0.1490356525804633,0,0.7991899847984314
2024-05-15 00:00:00+00:00,8.430000305175781,15.890000343322754,4.921677711705668,0.999,27.27552841247298,1e-06,0.6304533659878149,4.291224877121173,5.224921363443101,0.1206627472709677,0,0.8009692430496216
2024-05-16 00:00:00+00:00,8.430000305175781,15.890000343322754,4.921677711705668,0.999,27.021361024158956,1e-06,0.6304528316664387,4.291224877708046,5.20054197808473,0.1212282939592045,0,0.8006429076194763
2024-05-17 00:00:00+00:00,8.430000305175781,15.890000343322754,4.921677711705668,0.999,27.05246204116201,1e-06,0.630452831080429,4.291224878294765,5.203531385780401,0.1211586486829418,0,0.7993836402893066
2024-05-20 00:00:00+00:00,8.430000305175781,15.399999618530272,5.029864028663715,0.999,27.248174095211787,1e-06,0.738638650473082,4.291224978839213,5.222303317199432,0.1414392473222318,0,0.7989816069602966
2024-05-21 00:00:00+00:00,8.430000305175781,15.5,5.007785136902501,0.999,27.21422834432352,1e-06,0.7165602562199971,4.291224959096251,5.219052326420951,0.1372970055487812,0,0.7996363043785095
2024-05-22 00:00:00+00:00,8.300000190734863,15.5,4.877785022461583,0.999,27.284987830765584,1e-06,0.5865606564925263,4.2912248397925445,5.225826984539403,0.112242647570971,0,0.7983430624008179
2024-05-23 00:00:00+00:00,8.880000114440918,15.199999809265137,5.524021410891362,0.999,32.01546588274293,1e-06,1.2327940420496586,4.291225348510592,5.660366306554653,0.2177940393401915,0,0.7979525923728943
2024-05-24 00:00:00+00:00,8.880000114440918,16.200000762939453,5.303233124958975,0.999,31.52128192416324,1e-06,1.0120086483586903,4.291225173120411,5.616543756241197,0.1801835242953693,0,0.8019200563430786
2024-05-27 00:00:00+00:00,8.880000114440918,15.600000381469728,5.435706054406424,0.999,31.66349227242007,1e-06,1.1444803535581247,4.29122527927953,5.629189561030159,0.2033117451721915,0,0.8062213063240051
2024-05-28 00:00:00+00:00,8.850000381469727,15.720000267028809,5.379211777657726,0.999,31.668770659476973,1e-06,1.0879867171663702,4.291225235266134,5.629658471084002,0.193259808344444,0,0.8111366629600525
2024-05-29 00:00:00+00:00,8.850000381469727,15.720000267028809,5.379211777657726,0.999,30.99497426887933,1e-06,1.0879865379981155,4.291225236149994,5.569493613464283,0.1953474792336419,0,0.8170929551124573
2024-05-31 00:00:00+00:00,8.789999961853027,15.720000267028809,5.319211358041027,0.999,31.441487748358018,1e-06,1.027986356450573,4.291225188960893,5.609436120492401,0.1832601948518731,0,0.8236333727836609
2024-06-03 00:00:00+00:00,8.789999961853027,15.399999618530272,5.389863685340961,0.999,31.180025077611365,1e-06,1.0986382085905333,4.291225246860733,5.586081982849323,0.1966742006228388,0,0.8289913535118103
2024-06-04 00:00:00+00:00,8.600000381469727,15.399999618530272,5.19986410495766,0.999,32.21468054792217,1e-06,0.908639592164472,4.291225099170366,5.677936983572503,0.160029883176471,0,0.8345344662666321
2024-06-05 00:00:00+00:00,8.649999618530273,15.789999961853027,5.163755916821374,0.999,31.766636852983584,1e-06,0.8725309563689918,4.291225071260185,5.638344233412436,0.1547495009613698,0,0.8363922834396362
2024-06-06 00:00:00+00:00,8.649999618530273,15.789999961853027,5.163755916821374,0.999,31.90179109377616,1e-06,0.8725308421376615,4.291225071949024,5.650316888036454,0.1544215765995516,0,0.8349146842956543
2024-06-07 00:00:00+00:00,8.649999618530273,15.789999961853027,5.163755916821374,0.999,31.90179109377616,1e-06,0.8725308414483507,4.291225072637979,5.650316976525304,0.1544215740591811,0,0.8372588157653809
2024-06-10 00:00:00+00:00,8.649999618530273,15.789999961853027,5.163755916821374,0.999,31.90179109377616,1e-06,0.8725308407593679,4.291225073326962,5.650317065014154,0.1544215715188687,0,0.8390875458717346
2024-06-11 00:00:00+00:00,8.649999618530273,15.789999961853027,5.163755916821374,0.999,31.802665766638885,1e-06,0.8725308400596843,4.29122507401812,5.641538673804466,0.1546618556584809,0,0.8411587476730347
2024-06-12 00:00:00+00:00,8.649999618530273,15.789999961853027,5.163755916821374,0.999,31.870351409570933,1e-06,0.8725308393757941,4.291225074707837,5.647534439996323,0.1544976571008502,0,0.8376034498214722
2024-06-13 00:00:00+00:00,8.649999618530273,15.789999961853027,5.163755916821374,0.999,30.58394023487483,1e-06,0.8725308385418844,4.291225075426594,5.532470973824252,0.157710875062894,0,0.8386324644088745
2024-06-14 00:00:00+00:00,8.649999618530273,15.75,5.172587431413875,0.999,30.23501897102203,1e-06,0.8813623158057448,4.29122508351295,5.500846735942422,0.1602230271290674,0,0.8397635221481323
2024-06-17 00:00:00+00:00,8.649999618530273,15.75,5.172587431413875,0.999,30.74859081958376,1e-06,0.8813623443122643,4.291225084235175,5.547331580217446,0.158880415127036,0,0.8410937190055847
2024-06-18 00:00:00+00:00,8.640000343322754,15.25,5.272982193892592,0.999,30.88205142713271,1e-06,0.9817566990830998,4.291225166866676,5.559347917553666,0.1765956571962691,0,0.8424087762832642
2024-06-19 00:00:00+00:00,8.609999656677246,15.25,5.242981507247084,0.999,30.878975842175755,1e-06,0.951756458034734,4.291225143187012,5.559071386790308,0.171207813646059,0,0.8451576232910156
2024-06-20 00:00:00+00:00,8.899999618530273,15.75,5.422587431413875,0.999,31.220936545026763,1e-06,1.1313615641784345,4.291225288917026,5.589743856946104,0.2023995362099725,0,0.8482954502105713
2024-06-21 00:00:00+00:00,8.800000190734863,15.300000190734863,5.421942595424094,0.999,31.004462952306344,1e-06,1.1307173045400931,4.2912252893129335,5.570346828835924,0.2029886718519442,0,0.8516246676445007
2024-06-24 00:00:00+00:00,8.75,15.300000190734863,5.37194240468923,0.999,30.90333654798605,1e-06,1.080717313363437,4.291225249461321,5.561262301778258,0.1943294983618861,0,0.8552795052528381
2024-06-25 00:00:00+00:00,8.75,15.300000190734863,5.37194240468923,0.999,30.956150405577027,1e-06,1.0807171508576248,4.291225250341016,5.566008735777486,0.1941637539860355,0,0.8585712909698486
2024-06-26 00:00:00+00:00,8.75,15.300000190734863,5.37194240468923,0.999,30.956150405577027,1e-06,1.0807171499772408,4.291225251220879,5.566008825606618,0.1941637506942791,0,0.8610473275184631
2024-06-27 00:00:00+00:00,8.75,15.300000190734863,5.37194240468923,0.999,30.778886808201968,1e-06,1.08071714907217,4.291225252105843,5.550062310400872,0.1947216244846288,0,0.8631626963615417
2024-06-28 00:00:00+00:00,8.600000381469727,15.510000228881836,5.175577281908342,0.999,31.333397657337336,1e-06,0.8843528101331917,4.291225095017968,5.5997949514652765,0.1579259272523517,0,0.8623313903808594
2024-07-01 00:00:00+00:00,8.600000381469727,15.510000228881836,5.175577281908342,0.999,30.95434458830244,1e-06,0.8843521833158371,4.291225095737578,5.565846874411358,0.1588890609588259,0,0.8614658117294312
2024-07-02 00:00:00+00:00,8.600000381469727,15.510000228881836,5.175577281908342,0.999,30.95313607392427,1e-06,0.8843521825935283,4.2912250964577545,5.565738398002188,0.1588921575816364,0,0.8595955967903137
2024-07-03 00:00:00+00:00,8.600000381469727,15.359999656677246,5.208695619550162,0.999,30.859570873115327,1e-06,0.9174703851326528,4.291225124232985,5.5573266697365336,0.1650920378909719,0,0.8579235076904297
2024-07-04 00:00:00+00:00,8.600000381469727,15.609999656677246,5.153498600707045,0.999,30.991615919669144,1e-06,0.8622736957664651,4.291225080081776,5.5691943547249565,0.1548291621453117,0,0.8565048575401306
2024-07-05 00:00:00+00:00,8.600000381469727,15.609999656677246,5.153498600707045,0.999,30.95468824395946,1e-06,0.8622735171381529,4.291225080783876,5.565878105471726,0.1549213800227614,0,0.8550825119018555
2024-07-08 00:00:00+00:00,8.600000381469727,15.609999656677246,5.153498600707045,0.999,30.95468824395946,1e-06,0.8622735164353059,4.291225081486149,5.5658781953029655,0.1549213773961092,0,0.85334312915802
2024-07-09 00:00:00+00:00,8.600000381469727,15.609999656677246,5.153498600707045,0.999,30.95468824395946,1e-06,0.8622735157330051,4.29122508218845,5.565878285134203,0.1549213747695552,0,0.8528809547424316
2024-07-10 00:00:00+00:00,8.600000381469727,15.609999656677246,5.153498600707045,0.999,30.106998474544937,1e-06,0.8622735149324715,4.291225082910553,5.489199606088225,0.1570854727119232,0,0.8527758121490479
2024-07-11 00:00:00+00:00,8.600000381469727,15.609999656677246,5.153498600707045,0.999,30.93594971138172,1e-06,0.8622735143064326,4.291225083613335,5.5641948700875625,0.1549682450810467,0,0.8529872894287109
2024-07-12 00:00:00+00:00,8.600000381469727,15.609999656677246,5.153498600707045,0.999,30.933511229397748,1e-06,0.8622735136033479,4.2912250843162,5.563975833008638,0.1549743455907654,0,0.8535842895507812
2024-07-15 00:00:00+00:00,8.600000381469727,15.399999618530272,5.19986410495766,0.999,30.613949581309157,1e-06,0.908638827473593,4.291225123216253,5.5351844072433325,0.164156920641081,0,0.8540930151939392
2024-07-16 00:00:00+00:00,8.600000381469727,15.399999618530272,5.19986410495766,0.999,31.078378939186265,1e-06,0.9086389780798412,4.291225123953641,5.576979180528981,0.1629267294474024,0,0.8543494939804077
2024-07-17 00:00:00+00:00,8.600000381469727,15.600000381469728,5.1557063214352326,0.999,30.831521188605883,1e-06,0.8644813731308029,4.291225088579247,5.554803329502208,0.1556277192640541,0,0.85455322265625
2024-07-18 00:00:00+00:00,8.5600004196167,15.600000381469728,5.115706359582205,0.999,25.79631927195717,1e-06,0.8244814609712283,4.291225050319892,5.081401294198304,0.1622547429805595,0,0.8546205163002014
2024-07-19 00:00:00+00:00,8.5600004196167,15.600000381469728,5.115706359582205,0.7879609914444511,0.1338446875227918,1e-06,0.8177049432348068,4.297872011215102,0.3974450304755285,2.05740386854618,-1,0.8541109561920166
2024-07-22 00:00:00+00:00,8.5600004196167,15.600000381469728,5.115706359582205,0.94949105081843,0.6465051655131323,1e-06,0.8177499109159185,4.297950042741916,0.8189194234812783,0.9985718832258392,-1,0.8531177639961243
2024-07-23 00:00:00+00:00,8.5600004196167,15.600000381469728,5.115706359582205,0.999,8.176651224756647,1e-06,0.817756304219964,4.297950045283107,2.863699787272792,0.2855593689863503,-1,0.8511744737625122
2024-07-24 00:00:00+00:00,8.5600004196167,17.5,4.696209100598479,0.0086568995258355,0.0156177354429184,0.0271262370745459,0.0977975469443417,4.597822915534061,0.166322554177869,0.5879993091000444,-1,0.8491905927658081
2024-07-25 00:00:00+00:00,8.5600004196167,17.5,4.696209100598479,0.6965640312608593,0.0816230740241033,1e-06,0.0969898920760356,4.599182710298488,0.3060171459743071,0.3169426725003795,-1,0.8427061438560486
2024-07-26 00:00:00+00:00,8.5600004196167,17.5,4.696209100598479,0.999,23.65845874059901,1e-06,0.0970263896374718,4.599182710396782,4.865233012555736,0.0199428042576944,-1,0.8363562226295471
2024-07-29 00:00:00+00:00,8.4399995803833,16.6299991607666,4.768294072231857,0.6195943057442493,0.0623713316926573,1e-06,0.1612375124036041,4.606886886059768,0.2721591784371581,0.5924382684041433,-1,0.8294242024421692
2024-07-30 00:00:00+00:00,8.4399995803833,16.6299991607666,4.768294072231857,0.8310673847073647,0.1626405168689765,1e-06,0.1610596328758273,4.607217639494248,0.4175270797522057,0.385746555580091,-1,0.822883665561676
2024-07-31 00:00:00+00:00,8.4399995803833,16.0,4.907390374423786,0.8485749019603803,0.1823669674500808,1e-06,0.2985116877041031,4.6087892467886,0.4404996259092603,0.6776661548529767,-1,0.8152339458465576
2024-08-01 00:00:00+00:00,8.510000228881836,16.0,4.977391022922321,0.8683623184818309,0.2098633794304018,1e-06,0.3677560327190175,4.609582961476907,0.4706662738163555,0.7813519964732134,-1,0.8075535893440247
2024-08-02 00:00:00+00:00,8.510000228881836,16.0,4.977391022922321,0.8708804053836111,0.2132320278918388,1e-06,0.3674531245038582,4.609915643672844,0.4742214463645068,0.7748555602468854,-1,0.8009151816368103
2024-08-05 00:00:00+00:00,8.510000228881836,15.369999885559082,5.116487535674167,0.8542379587122612,0.188570880441132,1e-06,0.5047510952590314,4.611634488476035,0.4474487706714847,1.1280645480410043,-1,0.7949909567832947
2024-08-06 00:00:00+00:00,8.510000228881836,15.550000190734863,5.076745614727949,0.8612726289311078,0.1961295058493401,1e-06,0.4648478645795789,4.611882290274021,0.4558038062354914,1.0198419982904112,-1,0.788854718208313
2024-08-07 00:00:00+00:00,8.510000228881836,15.550000190734863,5.076745614727949,0.8982722323669856,0.2652141790837254,1e-06,0.4646362489546942,4.612091550077652,0.5261542992188308,0.8830798297087545,-1,0.7811518311500549
2024-08-08 00:00:00+00:00,8.510000228881836,15.550000190734863,5.076745614727949,0.8943750464188011,0.2546673066022685,1e-06,0.4644001468521728,4.612326213193576,0.5160296271329465,0.8999486123158734,-1,0.7756569385528564
2024-08-09 00:00:00+00:00,8.510000228881836,15.550000190734863,5.076745614727949,0.87058999154454,0.2063519790166389,1e-06,0.4639563542315809,4.612760179244307,0.4668629129567459,0.9937742779636164,-1,0.7697213292121887
2024-08-12 00:00:00+00:00,8.5600004196167,15.550000190734863,5.1267458054628126,0.9081325953626516,0.2861599359881686,1e-06,0.5136107068796731,4.613102752704789,0.5456800694950911,0.941230467432884,-1,0.7647648453712463
2024-08-13 00:00:00+00:00,8.5600004196167,15.550000190734863,5.1267458054628126,0.84340052589088,0.1665260371095543,1e-06,0.512725857768417,4.613971760308506,0.4220342606916335,1.214891551525123,-1,0.7600215077400208
2024-08-14 00:00:00+00:00,8.5600004196167,15.550000190734863,5.1267458054628126,0.853460364208909,0.1768934564745894,1e-06,0.5120169640991612,4.614686440455094,0.4341262217454436,1.1794195753496548,-1,0.7539933323860168
2024-08-15 00:00:00+00:00,8.5600004196167,16.0,5.027391213657184,0.832328343438794,0.154633123053027,1e-06,0.412880555596663,4.614519335806647,0.4076539573905124,1.012821163909722,-1,0.747378408908844
2024-08-16 00:00:00+00:00,8.5600004196167,16.0,5.027391213657184,0.8361181764516354,0.1550437276871945,1e-06,0.4120111194639269,4.615336592481509,0.4081307713580606,1.009507609761828,-1,0.7402089238166809
2024-08-19 00:00:00+00:00,8.5600004196167,16.0,5.027391213657184,0.7207977936119724,0.0838735614348331,1e-06,0.4075920504160225,4.619663646631224,0.3086686606305091,1.3204840737101242,-1,0.732254147529602
2024-08-20 00:00:00+00:00,8.5600004196167,16.0,5.027391213657184,0.9170328947453704,0.2816400120754587,1e-06,0.4076019680183013,4.619777201710063,0.5413386859526693,0.7529518554562329,-1,0.7228522896766663
2024-08-21 00:00:00+00:00,8.399999618530273,16.0,4.867390412570758,0.0315215079112427,0.0135230646410072,0.0116820456245793,0.0989959736368425,4.767740712790841,0.1490696871113253,0.6640919126831757,-1,0.7143417596817017
2024-08-22 00:00:00+00:00,8.699999809265137,16.889999389648438,4.97088935098247,0.999,9.69655994839394,1e-06,0.2031467815885442,4.767741494275495,3.1153468479781266,0.0652083994179933,-1,0.7048994302749634
2024-08-23 00:00:00+00:00,8.699999809265137,16.75,5.001799546776269,-0.5170691263069204,0.0031560039278152,0.0168006177666297,-0.0203833559166745,5.02133866558145,0.0785384014802721,-0.2595336234567318,0,0.6969764828681946
2024-08-26 00:00:00+00:00,8.699999809265137,16.700000762939453,5.01283878209696,-0.0023882294906946,0.0099720146642642,0.0098789378025505,-0.003655940348045,5.016531845992148,0.1249778283498405,-0.029252711431433,0,0.6871652007102966
2024-08-27 00:00:00+00:00,8.800000190734863,16.700000762939453,5.112839163566687,0.0136099667875533,0.0103189494249662,0.0095557721494312,0.0386832627880948,5.0737777861323226,0.1285349613799695,0.3009551827206062,0,0.6817983388900757
2024-08-28 00:00:00+00:00,8.75,16.0,5.217390794040485,0.0227443864304967,0.0104508003255634,0.0095578043536916,0.0573849919478646,5.159457945252332,0.1296987403787071,0.4424483366631495,0,0.6814935803413391
2024-08-29 00:00:00+00:00,8.720000267028809,16.0,5.1873910610692935,0.0168744051145227,0.0103264401631634,0.0096965048386595,0.0114471272774675,5.175841415808081,0.1291609352405723,0.0886268534378939,0,0.6808239817619324
2024-08-30 00:00:00+00:00,8.619999885559082,16.0,5.087390679599567,0.0288335177708684,0.0105850620743322,0.0095269712150641,-0.0348972354249897,5.122626372234778,0.1305585838339904,-0.267291773548668,0,0.6797191500663757
2024-09-02 00:00:00+00:00,8.850000381469727,16.0,5.317391175510212,0.0161601520948839,0.0106900885002752,0.0094763408367554,0.077357662458395,5.239297571416821,0.1309886857366539,0.5905675137005242,0,0.6774872541427612
2024-09-03 00:00:00+00:00,8.75,16.0,5.217390794040485,0.0188867562902303,0.0103888787364334,0.009368799667526,-0.0077319420700709,5.225212250945942,0.1293827568758669,-0.0597602204248063,0,0.6754132509231567
2024-09-04 00:00:00+00:00,8.930000305175781,16.5,5.286997061530031,-0.022179016576061,0.0098904597524924,0.009551999544112,0.0237692098579335,5.262992663983788,0.1262585258915219,0.1882582557502332,0,0.6716254949569702
2024-09-05 00:00:00+00:00,8.930000305175781,16.5,5.286997061530031,0.0076218772589625,0.0104931927606027,0.0089539516975111,0.009930563983205,5.276973181495213,0.1292715058520066,0.0768194345517551,0,0.6663606762886047
2024-09-06 00:00:00+00:00,8.930000305175781,16.5,5.286997061530031,0.0051234903829847,0.0104062184789222,0.0090158839823736,0.0040776781114293,5.282880569902882,0.1289325151904578,0.0316264528416734,0,0.6612870693206787
2024-09-09 00:00:00+00:00,8.930000305175781,16.5,5.286997061530031,-0.0002639029661656,0.0103406801306633,0.0090291145615847,0.0016553356181728,5.2853257100351465,0.1285335152411725,0.0128786302550493,0,0.6551743745803833
2024-09-10 00:00:00+00:00,8.949999809265137,16.5,5.306996565619387,0.0065875045225704,0.0104889163452675,0.0088541701591301,0.0088647075071088,5.298047122488108,0.1292556987636219,0.0685827208541132,0,0.6496395468711853
2024-09-11 00:00:00+00:00,8.949999809265137,16.5,5.306996565619387,0.0076232506340874,0.0105054767106906,0.0088357673316407,0.0036985724827582,5.303263275837729,0.1293664373860754,0.0285898920731691,0,0.6433455348014832
2024-09-12 00:00:00+00:00,8.949999809265137,16.5,5.306996565619387,0.0135626925146236,0.0105718429704525,0.0087517028633971,0.0015648740282714,5.305417250701595,0.1297348830137873,0.0120620914893428,0,0.6365208029747009
2024-09-13 00:00:00+00:00,8.949999809265137,16.5,5.306996565619387,0.0083574757225074,0.0104970884739577,0.0087922879006271,0.0006530859858237,5.306337352554258,0.129330082656859,0.0050497608321844,0,0.6296186447143555
2024-09-16 00:00:00+00:00,8.949999809265137,16.5,5.306996565619387,0.0121396174015187,0.0105763668949066,0.0087132864390773,0.0002762922458207,5.306717718051569,0.1297158522009169,0.0021299805778003,0,0.6211734414100647
2024-09-17 00:00:00+00:00,8.949999809265137,16.5,5.306996565619387,0.0170025756066349,0.0098341147262823,0.0086813942394858,0.0001128139480876,5.306882640548156,0.1258279878623971,0.0008965727737061,0,0.6123941540718079
2024-09-18 00:00:00+00:00,8.850000381469727,16.5,5.2069971378239766,-0.0312184226105973,0.0093657623006324,0.0087096401007321,-0.0388531377808884,5.246256752551719,0.1225556026898535,-0.3170245743820666,0,0.6035667657852173
2024-09-19 00:00:00+00:00,8.850000381469727,16.5,5.2069971378239766,0.0628454714953579,0.0111441335585551,0.0069846359965185,-0.019586946302234,5.226742636727929,0.131434301037022,-0.1490246164638318,0,0.5968369245529175
2024-09-20 00:00:00+00:00,8.699999809265137,16.299999237060547,5.101154349141814,0.0528209311952043,0.0109095932552505,0.0072763182647938,-0.0565416811025108,5.158219419185807,0.1308054024633873,-0.4322579957531718,0,0.5911142826080322
2024-09-23 00:00:00+00:00,8.699999809265137,16.299999237060547,5.101154349141814,0.0061992857283527,0.0097668489558083,0.0079001018031288,-0.0234354825476817,5.124827113447662,0.1247954176782522,-0.187791210476198,0,0.5863936543464661
2024-09-24 00:00:00+00:00,8.699999809265137,16.299999237060547,5.101154349141814,-0.0113996154084144,0.0097688381050139,0.0075505242233396,-0.0098050900588788,5.111061848055163,0.1240983985098252,-0.0790106091345129,0,0.5829847455024719
2024-09-25 00:00:00+00:00,8.699999809265137,16.399999618530273,5.0790754573806005,0.0587482065777228,0.0111454770121356,0.006085398799789,-0.0158119756444545,5.09502803088805,0.1305909878231037,-0.1210801442582945,0,0.5824688076972961
2024-09-26 00:00:00+00:00,8.699999809265137,16.5,5.056996565619387,0.0439436574738042,0.0109663873529578,0.0061142358421435,-0.0184147724897342,5.07557663161161,0.1298319857117978,-0.141835406650958,0,0.5824167728424072
2024-09-27 00:00:00+00:00,8.699999809265137,16.5,5.056996565619387,0.057241794439333,0.0112710547829934,0.0058021528936983,-0.0096191378705242,5.066693880804899,0.131176171590647,-0.0733299177272995,0,0.5823579430580139
2024-09-30 00:00:00+00:00,8.699999809265137,16.5,5.056996565619387,0.0579368999859328,0.0112867870386061,0.0057864206380857,-0.0050219283837042,5.06205920874723,0.1312902037022442,-0.0382505948051813,0,0.5823489427566528
2024-10-01 00:00:00+00:00,8.699999809265137,16.5,5.056996565619387,0.0579427341563905,0.0112857827174235,0.0057862288764908,-0.0026202322477682,5.059638042740559,0.1312998235917505,-0.0199560987676218,0,0.5822740793228149
2024-10-02 00:00:00+00:00,8.699999809265137,16.5,5.056996565619387,0.0587341853176054,0.0112794432753025,0.0057848810340135,-0.0013677277051348,5.0583753753423,0.1312812404263835,-0.0104183027269752,0,0.5822876691818237
2024-10-03 00:00:00+00:00,8.699999809265137,16.65999984741211,5.021670507249379,0.0532418407844285,0.0111936552567454,0.0058261299111677,-0.0178402382332197,5.039673808221114,0.130840901586686,-0.1363506213796611,0,0.5823864340782166
2024-10-04 00:00:00+00:00,8.699999809265137,16.1200008392334,5.140895848968198,0.0526419622093153,0.011291484142282,0.0057473413001898,0.0490780473220731,5.091363038659308,0.1312044744166435,0.3740577258533459,0,0.5824132561683655
2024-10-07 00:00:00+00:00,8.699999809265137,16.1200008392334,5.140895848968198,0.0587617480675573,0.0113169779666883,0.0057374077565,0.025766270263101,5.1149214106702,0.1313866611970524,0.1961102445891143,0,0.5823613405227661
2024-10-08 00:00:00+00:00,8.699999809265137,17.0,4.946602527933152,0.0708209135142389,0.0117735556957989,0.0054280897129711,-0.0844917076719546,5.031852343134575,0.1334194424110464,-0.6332788246232336,0,0.5822705626487732
2024-10-09 00:00:00+00:00,8.699999809265137,17.0,4.946602527933152,0.087170215041073,0.0119884172113937,0.0053635132910394,-0.0472522776459013,4.9942012510212885,0.1346341220154989,-0.3509680676675836,0,0.5827056169509888
2024-10-10 00:00:00+00:00,8.699999809265137,17.0,4.946602527933152,0.0650064815424759,0.0111809778663544,0.0059232191342706,-0.0243969304786196,4.971196708927234,0.1311872349694109,-0.1859703078909184,0,0.5828871130943298
2024-10-11 00:00:00+00:00,8.699999809265137,17.0,4.946602527933152,0.0477486917337825,0.0109693198013832,0.005965981527112,-0.0122988869718918,4.959005495263023,0.1298798427829208,-0.0946943475474326,0,0.5830022692680359
2024-10-14 00:00:00+00:00,7.260000228881836,17.0,3.506602947549851,0.033146054812031,0.0198944453919635,0.005698716379318,-0.9170754901912228,4.428329930937998,0.1653906014606157,-5.54490691787952,1,0.5829772353172302
2024-10-15 00:00:00+00:00,7.260000228881836,17.489999771118164,3.398416841151721,0.999,17.66486613716699,1e-06,-1.029912156412205,4.428329641516632,4.203855392143531,-0.2449922893011446,1,0.59546959400177
2024-10-16 00:00:00+00:00,7.260000228881836,17.489999771118164,3.398416841151721,0.0904741560029162,0.0104779265423463,0.0249072006371792,-0.3151716488568653,3.715838322695503,0.1366718449690251,-2.3060466398788626,1,0.6198858618736267
2024-10-17 00:00:00+00:00,7.260000228881836,17.489999771118164,3.398416841151721,-0.0137391397102143,0.0071635588971103,0.0249242047257745,-0.053247150095354,3.4524551648072013,0.1141331120824876,-0.466535513873228,1,0.6296891570091248
2024-10-18 00:00:00+00:00,7.260000228881836,17.489999771118164,3.398416841151721,0.8458133615994773,0.0326006313540498,1e-06,-0.0537420492250473,3.4521862202847977,0.1964503035279128,-0.2735656207189893,1,0.6367324590682983
2024-10-21 00:00:00+00:00,7.260000228881836,17.5,3.396208909863616,-0.5699454588325275,0.0014774570804278,0.0279158333639754,0.017294478074571,3.3791110066090826,0.0621031104564972,0.2784800623905256,0,0.6403264403343201
2024-10-22 00:00:00+00:00,7.260000228881836,17.5,3.396208909863616,-0.0876965338904277,0.004529849209777,0.0248562797738193,0.0012182122247537,3.39493318733522,0.0915386193633777,0.0133081778294895,0,0.6437498927116394
2024-10-23 00:00:00+00:00,7.260000228881836,16.209999084472656,3.681025729231622,-0.3026995832658792,0.0016648954028693,0.0253284335260103,0.0266587944268383,3.653516583151241,0.0581603425577222,0.4583672181844589,0,0.644258975982666
2024-10-24 00:00:00+00:00,7.260000228881836,16.479999542236328,3.6214128478122953,0.5497220676784624,0.0020108429002545,0.0249816742966962,0.0119531354223784,3.609629546305064,0.0666997193417771,0.1792081816885797,0,0.6463832259178162
2024-10-25 00:00:00+00:00,7.260000228881836,16.479999542236328,3.6214128478122953,-0.999,1e-06,0.0257692082544825,-0.0087078541300709,3.630054226384436,0.0420980651429219,-0.2068468966568415,0,0.6456899046897888
2024-10-28 00:00:00+00:00,7.260000228881836,16.399999618530273,3.6390758769973,-0.5238478303438129,0.0005648925375783,0.0252106195389818,0.0048542611532024,3.634206772098824,0.038554668944672,0.125905922319513,0,0.6500444412231445
2024-10-29 00:00:00+00:00,7.260000228881836,16.399999618530273,3.6390758769973,-0.5239168068766459,0.0005632683466294,0.0252170989077063,-0.0022014684391288,3.641250967227713,0.0363285055487649,-0.0605989265419627,0,0.6504915952682495
2024-10-30 00:00:00+00:00,7.260000228881836,16.399999618530273,3.6390758769973,-0.5275895241345392,0.000557579249923,0.0252227880044126,0.0010213213220337,3.638066587463805,0.0357323437671241,0.0285825449539472,0,0.653876543045044
2024-10-31 00:00:00+00:00,7.260000228881836,16.399999618530273,3.6390758769973,-0.5552971294995497,0.0004898025620072,0.0252297516258902,-0.000503920574557,3.639574095362603,0.03401357782695,-0.0148152769203166,0,0.6536512970924377
2024-11-01 00:00:00+00:00,7.260000228881836,16.399999618530273,3.6390758769973,-0.5791126348519626,0.0004731854994167,0.025184068618698,0.0002607814511367,3.638817967627317,0.0335801771287837,0.0077659343527764,0,0.6553025245666504
2024-11-04 00:00:00+00:00,7.260000228881836,16.399999618530273,3.6390758769973,-0.5513928275087684,0.0005133612466225,0.0251438928714922,-0.0001281024654301,3.639202514455535,0.03440728247518,-0.003723120694654,0,0.6536005735397339
2024-11-05 00:00:00+00:00,7.260000228881836,16.399999618530273,3.6390758769973,-0.5672365564641987,0.0004765314435485,0.0251117010479943,6.4885033167029e-05,3.639011718745667,0.0335711279741872,0.0019327629746882,0,0.6550083160400391
2024-11-06 00:00:00+00:00,7.260000228881836,16.399999618530273,3.6390758769973,-0.5744683758423472,0.0004793088085928,0.0250613903991228,-3.332171660054725e-05,3.639108827717111,0.0336417915297998,-0.0009904857941655,0,0.6523302793502808
2024-11-07 00:00:00+00:00,7.260000228881836,16.049999237060547,3.716351787601631,-0.6300132512438272,0.0003967543205611,0.0251143380940358,0.0030171665839647,3.713053113428845,0.0317991496170989,0.0948819896222113,0,0.6535431742668152
2024-11-08 00:00:00+00:00,7.260000228881836,16.049999237060547,3.716351787601631,0.7202948715106618,1e-06,0.0243309135054542,0.0021677549358667,3.714179453571415,0.017894033533285,0.1211440076847119,0,0.6511108875274658
2024-11-11 00:00:00+00:00,7.260000228881836,16.0,3.727391022922321,0.999,1e-06,0.0234787185965813,0.0021656773888954,3.725178697295941,0.0179041436778008,0.1209595626503281,0,0.6502737402915955
2024-11-12 00:00:00+00:00,7.260000228881836,16.0,3.727391022922321,0.2134269462828763,1e-06,0.0234696546967499,0.0004583536572721,3.726925336786232,0.004054639356128,0.1130442480857013,0,0.6450574398040771
2024-11-13 00:00:00+00:00,7.46999979019165,16.100000381469727,3.9153116924709215,0.6715049501022353,1e-06,0.0236190843191778,0.0002876221720948,3.914234536661684,0.002993653151955,0.0960773200819766,0,0.6411975026130676
2024-11-14 00:00:00+00:00,8.199999809265137,16.100000381469727,4.645311711544408,0.999,1.335768541153013,1e-06,0.7309674450699276,3.91428956537184,1.1558447450437557,0.6324097143706408,0,0.636475145816803
2024-11-18 00:00:00+00:00,8.199999809265137,16.100000381469727,4.645311711544408,-0.999,1e-06,0.029652818930179,-0.7149154944406492,5.355402559439355,0.0143800946120434,-49.715632179631136,1,0.6329711079597473
2024-11-19 00:00:00+00:00,8.199999809265137,16.100000381469727,4.645311711544408,0.1167611786524246,1e-06,0.0296512880987798,-0.0830546917443559,4.730454384146225,0.0021890795265658,-37.94046343974094,1,0.6079501509666443
2024-11-21 00:00:00+00:00,8.199999809265137,16.100000381469727,4.645311711544408,0.0236033341218463,1e-06,0.0296027965309921,-0.0019629100200969,4.647553689303414,0.0014149504525176,-1.3872641381924398,1,0.5874618291854858
2024-11-22 00:00:00+00:00,8.199999809265137,16.100000381469727,4.645311711544408,0.1988749626808766,1e-06,0.029406766548426,-0.0003904262477275,4.645708391506564,0.0014281490892661,-0.2733791945546817,1,0.5856026411056519
2024-11-25 00:00:00+00:00,8.199999809265137,16.100000381469727,4.645311711544408,0.0964973856509311,1e-06,0.029403955903286,-3.768614270680301e-05,4.645350610317588,0.0014176221757756,-0.0265840527545246,1,0.5860019326210022
2024-11-26 00:00:00+00:00,7.449999809265137,16.100000381469727,3.895311711544408,-0.2979815156062132,0.0003080304680138,0.0313862170103481,-0.0072415099771103,3.904904799996277,0.0247622346498533,-0.2924416992047687,1,0.5861915349960327
2024-11-27 00:00:00+00:00,9.039999961853027,16.149999618530273,5.474272628811608,-0.4159420839462828,0.0076966181871112,0.0269645932055418,0.3508138151214477,5.1190428030725705,0.1170351055216567,2.9975092820036915,0,0.5857166647911072
2024-11-28 00:00:00+00:00,9.039999961853027,16.149999618530273,5.474272628811608,0.999,16.322115193380974,1e-06,0.3552297718593849,5.119042827747885,4.040825670338439,0.0879101948067046,0,0.5858976244926453
2024-11-29 00:00:00+00:00,9.039999961853027,16.149999618530273,5.474272628811608,-0.0222627585348116,0.0078095005967746,0.0373456201782163,0.048038411780332,5.425530252998418,0.1199901620445713,0.4003529202876468,0,0.5879481434822083
2024-12-02 00:00:00+00:00,9.039999961853027,16.0,5.507390755893512,-0.0222503050005766,0.0078140663072952,0.0373441842121954,0.0115800443132889,5.495651876930663,0.1200697279339723,0.0964443287458515,0,0.5891138911247253
2024-12-03 00:00:00+00:00,9.09000015258789,16.0,5.557390946628376,-0.020113749113292,0.0078409624113924,0.0373423921315074,0.0092321975702956,5.54804008105626,0.1202762829364237,0.0767582547855727,0,0.5890820622444153
2024-12-04 00:00:00+00:00,9.09000015258789,16.0,5.557390946628376,-0.0210002332334311,0.0078193797154618,0.0373719919935981,0.001259952742583,5.556112732237571,0.1201210405483942,0.0104890262091545,0,0.5902249813079834
2024-12-05 00:00:00+00:00,9.09000015258789,16.0,5.557390946628376,-0.0210438479983752,0.0077777554502095,0.0373763248345413,0.0001713794647283,5.557217068333684,0.1198217870589486,0.0014302863355229,0,0.5922375917434692
2024-12-06 00:00:00+00:00,9.09000015258789,17.200000762939453,5.292445087733478,-0.0223144261857014,0.0080467418562835,0.037393238015045,-0.0413520857696067,5.334301636071614,0.1217239946086661,-0.3397200847914228,0,0.5929690599441528
2024-12-09 00:00:00+00:00,9.09000015258789,17.200000762939453,5.292445087733478,0.0388637212208129,0.0085792848574867,0.0370652717434732,-0.00804397397822,5.3005663629031385,0.1258455448907336,-0.0639194179277801,0,0.5934435129165649
2024-12-10 00:00:00+00:00,9.09000015258789,17.200000762939453,5.292445087733478,-0.0206270711090794,0.0077477358183329,0.0377601207714446,-0.0010639086839627,5.293524563518018,0.119691930894684,-0.0088887252132216,0,0.5938294529914856
2024-12-11 00:00:00+00:00,9.09000015258789,17.200000762939453,5.292445087733478,-0.0128897923925661,0.007858527959012,0.0376393826842619,-0.0001519689502134,5.2925991422556615,0.1204746092828321,-0.0012614189090806,0,0.5949265360832214
2024-12-12 00:00:00+00:00,9.09000015258789,16.049999237060547,5.546351711307686,-0.0137715183056174,0.0081155927069816,0.0376439039685579,0.0394735743111912,5.506397264438987,0.1222931999201087,0.3227781621298514,0,0.5940357446670532
2024-12-13 00:00:00+00:00,9.09000015258789,16.049999237060547,5.546351711307686,0.0199501103797036,0.0084040761995398,0.0376223519423941,0.0069266563537839,5.539350826754438,0.1245572410781203,0.0556102262207273,0,0.5934271216392517
2024-12-16 00:00:00+00:00,9.09000015258789,16.049999237060547,5.546351711307686,-0.0127211243389422,0.0078724373291215,0.0381539908128125,0.0009673881620951,5.545371069453252,0.1206659205984213,0.0080170785363219,0,0.5927555561065674
2024-12-17 00:00:00+00:00,7.28000020980835,16.049999237060547,3.7363517685281447,-0.0047586895412963,0.0213827710163185,0.0381950149042609,-0.5825590176482096,4.321631137348642,0.189392596800601,-3.07593341814489,1,0.5934223532676697
2024-12-18 00:00:00+00:00,7.28000020980835,16.200000762939453,3.703233220326407,0.999,15.430418251745891,1e-06,-0.6183974848413819,4.321630941201471,3.930017999728304,-0.1573523288911485,1,0.5968078970909119
2024-12-19 00:00:00+00:00,7.0,16.299999237060547,3.4011545398766776,-0.5575276788753384,0.0022776323572501,0.0715706125427971,0.17191811227547,3.230394963606116,0.0840377634696402,2.0457245073826567,0,0.6076564788818359
2024-12-20 00:00:00+00:00,7.0,16.200000762939453,3.4232330105180573,-0.5483902907729196,0.0022631211776663,0.0718353025091062,-0.0731166707065008,3.4960147636198786,0.0741583831579629,-0.9859528699642336,0,0.607641339302063
2024-12-23 00:00:00+00:00,7.0,16.950000762939453,3.2576419539887054,-0.6232686145624423,0.0018292712951295,0.0723228526559048,0.0280972559691169,3.229887394563512,0.0678376780938256,0.4141836330284755,0,0.6144287586212158
2024-12-26 00:00:00+00:00,7.0,16.950000762939453,3.2576419539887054,-0.6151178125964634,0.0018607590038946,0.0723648896045885,-0.0147390328384016,3.2723258196013267,0.0671574007200152,-0.2194699717436936,0,0.6079668998718262
2024-12-27 00:00:00+00:00,8.390000343322754,16.920000076293945,4.654266091175773,-0.1831454684343048,0.0110022296753031,0.0717215882364735,0.1870134468361331,4.465660336546298,0.1433403960757056,1.304680689854948,-1,0.6073995232582092
2024-12-30 00:00:00+00:00,8.890000343322754,16.899999618530273,5.158681953751983,0.999,5.426058781448787,1e-06,0.693003234973258,4.46566939015797,2.3314753207855428,0.29723807444797,-1,0.6068688035011292
2025-01-02 00:00:00+00:00,8.890000343322754,16.899999618530273,5.158681953751983,-0.999,1e-06,0.0991774032679393,-0.4982155198174851,5.655892256602489,0.0836400355820417,-5.956663173926917,0,0.6073437333106995
2025-01-03 00:00:00+00:00,8.890000343322754,16.889999389648438,5.160889885040088,-0.999,1e-06,0.0991774219774056,0.3888667262479088,4.772803151244674,0.0738409536940555,5.266274428944898,-1,0.6066332459449768
2025-01-06 00:00:00+00:00,8.890000343322754,16.889999389648438,5.160889885040088,-0.999,1e-06,0.0991774403454882,-0.3187409905444746,5.478989715475283,0.0668269765261054,-4.769645540075584,0,0.6064901351928711
2025-01-07 00:00:00+00:00,8.890000343322754,16.889999389648438,5.160889885040088,-0.999,1e-06,0.0991683804660899,0.2700300876601241,4.891403021205671,0.0614870386221996,4.391658692806695,-1,0.6060711145401001
2025-01-08 00:00:00+00:00,8.890000343322754,16.899999618530273,5.158681953751983,-0.999,1e-06,0.0991591783034543,-0.2343680930300198,5.392580743329011,0.0572460300540849,-4.094049715038637,0,0.6075137257575989
2025-01-09 00:00:00+00:00,8.890000343322754,17.889999389648438,4.940101809667618,-0.999,1e-06,0.0993537224693955,0.1942805032576584,4.746430980523641,0.0537786347974366,3.6125964147181904,-1,0.60838782787323
2025-01-10 00:00:00+00:00,8.890000343322754,17.889999389648438,4.940101809667618,-0.999,1e-06,0.099521658927872,-0.1739796995772666,5.113732971002209,0.0508746451639079,-3.419772246405623,0,0.6080960631370544
2025-01-13 00:00:00+00:00,8.890000343322754,17.979999542236328,4.920230849194509,-0.999,1e-06,0.0995171325655966,0.1565728505582735,4.763991805963628,0.0483926574166919,3.235467091837517,-1,0.608851432800293
2025-01-14 00:00:00+00:00,8.890000343322754,18.0,4.915814986618299,-0.999,1e-06,0.0995189591556373,-0.1432139310306019,5.058746272155701,0.0462396425490121,-3.0972110322609225,0,0.608773410320282
2025-01-15 00:00:00+00:00,8.890000343322754,18.0,4.915814986618299,-0.999,1e-06,0.0995189181440681,0.1318028627709174,4.784276347055702,0.0443488405120943,2.9719573555699506,-1,0.6076381802558899
2025-01-16 00:00:00+00:00,8.890000343322754,18.0,4.915814986618299,-0.999,1e-06,0.0987850975399552,-0.1220055825343334,5.037574177347667,0.0426595622864919,-2.859982053143716,0,0.6066424250602722
2025-01-17 00:00:00+00:00,8.890000343322754,18.0,4.915814986618299,-0.999,1e-06,0.0980389535499672,0.1135009140821175,4.802545028307187,0.0411378855390894,2.759036168114872,-1,0.6063805818557739
2025-01-20 00:00:00+00:00,7.159999847412109,16.56999969482422,3.50154150586946,-0.3235051273608727,0.0051033393101523,0.101314152721847,-0.1039459423760481,3.606641299385908,0.1003686694360638,-1.035641330706921,0,0.6067447066307068
2025-01-21 00:00:00+00:00,7.0,18.0,3.0258146432955453,-0.999,1e-06,0.1211347174960097,0.0557237262770294,2.9705758901620563,0.065309194219297,0.8532294257056483,0,0.6057164072990417
2025-01-22 00:00:00+00:00,6.900000095367432,16.700000762939453,3.2128390681992545,0.2755758258407727,1e-06,0.1213843254666058,0.0138013563925891,3.1988544457582035,0.0178892708274195,0.7714879228858945,0,0.6031411290168762
2025-01-23 00:00:00+00:00,6.900000095367432,16.700000762939453,3.2128390681992545,0.1720738504832742,1e-06,0.1214609876870085,0.0023706072606647,3.210458935498884,0.0033808098332002,0.7011950915975547,0,0.6021037101745605
2025-01-24 00:00:00+00:00,6.900000095367432,17.5,3.036208776349212,0.2308278165494511,1e-06,0.1213153710754921,0.0005484394434667,3.035804176390967,0.0015986597833933,0.3430620130460554,0,0.6005986928939819
2025-01-27 00:00:00+00:00,7.889999866485596,16.799999237060547,4.180760368676038,-0.4835382292832192,0.0014772926625723,0.1239553082925492,0.0132110919227145,4.166637737156643,0.0541991884484028,0.2437507331920916,0,0.591615617275238
2025-01-28 00:00:00+00:00,8.449999809265137,16.799999237060547,4.740760311455579,-0.999,1e-06,0.1377726012352877,-0.0012885804080427,4.741640474577455,0.0374194107090428,-0.034436149143614,0,0.5869963765144348
2025-01-29 00:00:00+00:00,8.920000076293945,16.799999237060547,5.210760578484388,0.0886963819960683,1e-06,0.1422347682469623,-0.0004800149229613,5.210913814882773,0.0035945015976432,-0.133541440981997,0,0.5872582793235779
2025-01-30 00:00:00+00:00,7.5,16.299999237060547,3.9011545398766776,-0.7199535037872329,0.0005205016697605,0.1446346137686663,-0.0044781329760376,3.906533766229303,0.0323297245511195,-0.1385144178682008,0,0.5867295265197754
2025-01-31 00:00:00+00:00,7.610000133514404,17.440000534057617,3.75945598110498,-0.999,1e-06,0.153824445644781,0.0034558633640114,3.756097191027304,0.0227732111267965,0.1517512547865955,0,0.5867184400558472
2025-02-03 00:00:00+00:00,6.739999771118164,17.440000534057617,2.8894556187087392,0.999,1e-06,0.1579125598148533,0.003446058126341,2.8865598576839644,0.0227724486152676,0.1513257614304458,0,0.5858631134033203
2025-02-04 00:00:00+00:00,6.699999809265137,17.440000534057617,2.849455656855712,0.5727027906682045,1e-06,0.161113598716812,0.0020039898640146,2.8474758773882654,0.0131020571155343,0.1529523071334093,0,0.5834870934486389
2025-02-05 00:00:00+00:00,6.349999904632568,20.0,1.934238397183174,0.999,1e-06,0.16458721850328,0.0019978107227075,1.9327959901274736,0.013127175632711,0.1521889230863415,0,0.5833900570869446
2025-02-06 00:00:00+00:00,6.360000133514404,22.88999938964844,1.306161222996919,0.5841616011399534,1e-06,0.1739200669343798,0.0013134656540654,1.305208250903438,0.007775185983839,0.1689304483256711,0,0.5820273756980896
2025-02-07 00:00:00+00:00,6.360000133514404,23.96999931335449,1.0677101184394466,0.999,1e-06,0.1766361354220998,0.0013109134086008,1.0665342503998425,0.00783164508544,0.1673867232617581,0,0.5821386575698853
2025-02-10 00:00:00+00:00,6.360000133514404,18.90999984741211,2.184897661910589,0.999,1e-06,0.180338506619122,0.0013154200769328,2.182963510687518,0.0078875884053817,0.1667708822173466,0,0.5815135836601257
2025-02-11 00:00:00+00:00,6.360000133514404,18.059999465942383,2.372567610201155,0.1121881164751228,1e-06,0.188054453848804,0.0001424463148694,2.372324551642193,0.0016644256363413,0.0855828651994101,0,0.5818608999252319
2025-02-12 00:00:00+00:00,6.360000133514404,18.96999931335449,2.1716504953017948,0.6197027770437364,1e-06,0.1880500853351781,8.765464591582289e-05,2.17166948658132,0.0016370259936351,0.0535450544198014,0,0.5813272595405579
2025-02-13 00:00:00+00:00,6.230000019073486,18.299999237060547,2.1895784082052243,0.5999289212073489,1e-06,0.1880743251255684,5.264317719216029e-05,2.1895162808778306,0.0016138780345712,0.0326190555075897,0,0.5815364718437195
2025-02-14 00:00:00+00:00,6.230000019073486,18.11000061035156,2.231527839319714,0.5827860788581835,1e-06,0.188120598834717,3.0815699592381905e-05,2.231474731525839,0.0015953007656275,0.0193165453539166,0,0.5812191963195801
2025-02-17 00:00:00+00:00,6.230000019073486,16.90999984741211,2.4964736982146105,0.6141204953623411,1e-06,0.1885048177365696,1.981491617356641e-05,2.496313463783453,0.0016070717126329,0.0123298269876849,0,0.5813723206520081
2025-02-18 00:00:00+00:00,6.230000019073486,16.610000610351562,2.562709952378418,0.551284473356626,1e-06,0.1890615696590735,1.11371546519353e-05,2.56266373936488,0.0015751182177441,0.0070706785855642,0,0.5811213850975037
2025-02-19 00:00:00+00:00,6.230000019073486,16.790000915527344,2.5229680314322,0.5857632305629885,1e-06,0.1889831239250571,6.3892505985554144e-06,2.5229826281864827,0.0015837157345508,0.0040343418071597,0,0.5812944769859314
2025-02-20 00:00:00+00:00,6.230000019073486,16.360000610351562,2.6179069712215357,0.6149793104843233,1e-06,0.1887666259209556,4.252296312863905e-06,2.6178524879252314,0.0016032409540698,0.0026523126808041,0,0.5810290575027466
2025-02-21 00:00:00+00:00,6.230000019073486,16.299999237060547,2.631154558950164,0.5941100509321462,1e-06,0.1888046340966328,2.5700653855548187e-06,2.6311449523060566,0.0015982147648941,0.0016080851222301,0,0.5811226963996887
2025-02-24 00:00:00+00:00,6.230000019073486,16.25,2.6421937942708538,0.6040908017013931,1e-06,0.188790974941948,1.5892890514875231e-06,2.642186359612822,0.0016022479302187,0.0009919120639903,0,0.5810220241546631
2025-02-25 00:00:00+00:00,5.809999942779541,16.030000686645508,2.270766942955712,0.6029370934295868,1e-06,0.18908550369612,-2.6815406592131705e-07,2.270963432175284,0.0016030366497259,-0.0001672788117272,0,0.5807638764381409
2025-02-26 00:00:00+00:00,6.300000190734863,15.550000190734863,2.866745576580976,0.9761087864566336,1e-06,0.189262408403993,2.768731909438695e-06,2.866428349994365,0.0018696556476113,0.0014808779964246,0,0.5807425379753113
2025-02-27 00:00:00+00:00,6.300000190734863,16.010000228881836,2.7651830534872435,0.6086296541935352,1e-06,0.1904743298743884,1.4696267584864745e-06,2.7652346829200063,0.0017101020197919,0.0008593795817312,0,0.5807291269302368
2025-02-28 00:00:00+00:00,6.480000019073486,16.0,2.947390813113971,0.8748688817639148,1e-06,0.1904850611978642,2.039918835302217e-06,2.9472932471432136,0.0018635883099629,0.0010946188191869,0,0.5807098746299744
2025-03-05 00:00:00+00:00,6.480000019073486,16.450000762939453,2.848036010748426,0.8588979437934429,1e-06,0.1905418698456295,1.3874761065659169e-06,2.848086661385349,0.0019555856115517,0.0007094939226234,0,0.5807142853736877
2025-03-06 00:00:00+00:00,6.449999809265137,16.450000762939453,2.818035800940077,0.8548207254503729,1e-06,0.1905683029800639,1.0836782063099349e-06,2.818050470344214,0.0020158811947001,0.0005375704724856,0,0.5807069540023804
2025-03-07 00:00:00+00:00,6.300000190734863,16.450000762939453,2.668036182409803,0.870642442687356,1e-06,0.1906326178561085,4.284079611738049e-07,2.6681143644867715,0.0020790374367132,0.0002060607248376,0,0.5807005763053894
2025-03-10 00:00:00+00:00,6.300000190734863,16.450000762939453,2.668036182409803,0.8644305850619992,1e-06,0.1906636544299897,3.700775039513455e-07,2.6680358534883752,0.0021172214131844,0.000174793954778,0,0.5806871652603149
2025-03-11 00:00:00+00:00,6.300000190734863,15.800000190734863,2.8115485577378587,0.8535615841557597,1e-06,0.1908025127743443,7.403760230364003e-07,2.8114726813763222,0.0021301000904752,0.0003475780440304,0,0.5806735754013062
2025-03-12 00:00:00+00:00,6.300000190734863,16.299999237060547,2.701154730611541,0.8597630313913313,1e-06,0.1908189907874234,3.0518972179500145e-07,2.701212177794733,0.0021482000168979,0.0001420676470507,0,0.580660343170166
2025-03-13 00:00:00+00:00,6.300000190734863,15.84000015258789,2.8027170431453565,0.8932265192745461,1e-06,0.1908161608592362,6.209391302233657e-07,2.802663283211675,0.0022099886257209,0.000280969378302,0,0.5806511044502258
2025-03-14 00:00:00+00:00,6.300000190734863,15.84000015258789,2.8027170431453565,0.8692641741026634,1e-06,0.1908954838627631,5.399157931180791e-07,2.8027164753796687,0.0022214555617938,0.000243045957076,0,0.5806419849395752
2025-03-17 00:00:00+00:00,5.659999847412109,16.8700008392334,1.9353048305858187,0.999,1e-06,0.1937250462031575,-3.917251460275657e-06,1.9357560381498504,0.0024345418252961,-0.0016090302575923,0,0.5806352496147156
2025-03-18 00:00:00+00:00,5.659999847412109,16.1299991607666,2.0986883769469,0.7487167158713033,1e-06,0.1955085270932433,-2.8717868612398173e-06,2.098607995221136,0.0021821911132994,-0.001316010703067,0,0.5806292295455933
2025-03-19 00:00:00+00:00,5.659999847412109,16.049999237060547,2.1163514061319044,0.8501492654488534,1e-06,0.1957244732902048,-2.394278525982357e-06,2.1163447429616777,0.0021723185760612,-0.0011021765188435,0,0.5806235671043396
2025-03-20 00:00:00+00:00,5.659999847412109,16.780000686645508,1.955175791058928,0.8708404265316728,1e-06,0.1957478174214713,-2.5636702563232365e-06,1.9552606041961609,0.0021955241238365,-0.0011676802948734,0,0.5806229710578918
2025-03-21 00:00:00+00:00,5.659999847412109,16.5,2.01699660376636,0.8808150771585457,1e-06,0.1957462925147781,-2.069324647097756e-06,2.016967165507564,0.0022279905055583,-0.0009287852178612,0,0.5806226134300232
2025-03-24 00:00:00+00:00,5.659999847412109,16.5,2.01699660376636,0.8628655865050446,1e-06,0.1957966599615428,-1.7854643987948317e-06,2.0169983733000554,0.0022251516571176,-0.0008024012175006,0,0.5806223750114441
2025-03-25 00:00:00+00:00,5.659999847412109,16.299999237060547,2.061154387288787,0.8729048742472004,1e-06,0.1958343986555722,-1.4319772786277458e-06,2.0611332939619813,0.0022384687612265,-0.0006397128713304,0,0.5806223154067993
2025-03-26 00:00:00+00:00,5.659999847412109,16.979999542236328,1.9110184286563336,0.8905839441459692,1e-06,0.1958437025064306,-1.741944584072703e-06,1.9110967417045648,0.0022761980081661,-0.0007652869292668,0,0.5806221961975098
2025-03-27 00:00:00+00:00,5.710000038146973,16.649999618530273,2.033878667419319,0.928218347205057,1e-06,0.1958350710877197,-1.164876896561764e-06,2.0338171991489475,0.0023669323754417,-0.0004921462516834,0,0.5806221961975098
2025-03-28 00:00:00+00:00,5.710000038146973,16.780000686645508,2.005175981793791,0.8961546375328948,1e-06,0.1959126882343657,-1.1274478053207696e-06,2.0051917131042414,0.0023866564840338,-0.0004723963473013,0,0.580622136592865
2025-03-31 00:00:00+00:00,5.710000038146973,16.780000686645508,2.005175981793791,0.9114953985617372,1e-06,0.1959039103406823,-1.027710079938292e-06,2.005177017001719,0.0024293320490871,-0.0004230422433707,0,0.580622136592865
2025-04-01 00:00:00+00:00,5.710000038146973,16.780000686645508,2.005175981793791,0.9090393453165748,1e-06,0.1959137225111978,-9.342292045992624e-07,2.0051769160744857,0.0024597748991901,-0.0003798027229673,0,0.580622136592865
2025-04-02 00:00:00+00:00,5.71999979019165,16.780000686645508,2.015175733838469,0.8926798075114692,1e-06,0.1958529716782094,-8.076277249839604e-07,2.015171441007742,0.0024545103790692,-0.0003290382195451,0,0.580622136592865
2025-04-03 00:00:00+00:00,5.71999979019165,16.780000686645508,2.015175733838469,0.9215317369999002,1e-06,0.1957462676617694,-7.442382077001537e-07,2.0151764755060437,0.0025033997834623,-0.0002972909930793,0,0.580622136592865
2025-04-04 00:00:00+00:00,5.71999979019165,16.739999771118164,2.024007458990888,0.9114719998956058,1e-06,0.1956754609726612,-6.524133417158166e-07,2.02400360261219,0.0025250211144837,-0.000258379360859,0,0.580622136592865
2025-04-07 00:00:00+00:00,5.71999979019165,15.369999885559082,2.326487096983981,0.975164653283554,1e-06,0.1961292516346791,7.043353113560507e-07,2.3263323235728985,0.002666838423345,0.0002641087308441,0,0.580622136592865
2025-04-08 00:00:00+00:00,5.71999979019165,15.43000030517578,2.31323971981527,0.8692476036117838,1e-06,0.1965900794414524,5.919014452032128e-07,2.313245781270512,0.0025725852121747,0.0002300804041016,0,0.580622136592865
2025-04-09 00:00:00+00:00,5.510000228881836,15.43000030517578,2.1032401585054554,0.8827090985770772,1e-06,0.1967156122986931,7.61961014576762e-08,2.1033467295417,0.0025253827288871,3.017210048444886e-05,0,0.580622136592865
2025-04-10 00:00:00+00:00,5.510000228881836,16.899999618530273,1.7786818393110648,0.377469378238158,1e-06,0.1895222049586995,4.797958483771263e-07,1.7788524832531514,0.0016631929915651,0.0002884787579134,0,0.5806220769882202
2025-04-11 00:00:00+00:00,5.510000228881836,16.93000030517578,1.7720580454467507,0.999,1e-06,0.1802498576026001,4.417324859461148e-07,1.7720613692375753,0.0019397615190908,0.0002277251515707,0,0.5806220769882202
2025-04-14 00:00:00+00:00,5.510000228881836,15.760000228881836,2.0303801104773336,0.9033213091082254,1e-06,0.1805468647257255,1.484090652993537e-06,2.030235709962714,0.0020625978979713,0.0007195249517384,0,0.5806220769882202
2025-04-15 00:00:00+00:00,5.510000228881836,15.760000228881836,2.0303801104773336,0.822828226436192,1e-06,0.180879075555428,1.2215675275602813e-06,2.030378809840187,0.0020501992696565,0.0005958286814553,0,0.5806220769882202
2025-04-16 00:00:00+00:00,5.510000228881836,15.920000076293944,1.9950540521073257,0.8590344075110642,1e-06,0.1808775067296575,9.2990864728089e-07,1.9950726307566573,0.0020889839809245,0.0004451487688619,0,0.5806220769882202
2025-04-17 00:00:00+00:00,5.510000228881836,16.040000915527344,1.968559297769902,0.8574613098168662,1e-06,0.1808818504493104,7.110966892974126e-07,1.968573228660775,0.0021150030278492,0.0003362154474173,0,0.5806220769882202
2025-04-22 00:00:00+00:00,5.510000228881836,16.8700008392334,1.7853052120555453,0.8706983191170465,1e-06,0.1810240279392047,3.0237422494415204e-09,1.785406336693389,0.0021524668609652,1.4047799314715289e-06,0,0.5806220769882202
2025-04-23 00:00:00+00:00,6.610000133514404,16.8700008392334,2.8853051166881136,0.999,1e-06,0.1843348556267059,5.943743960495734e-06,2.884703137500465,0.0023718865086945,0.0025059141483827,0,0.5806220769882202
2025-04-24 00:00:00+00:00,6.599999904632568,16.8700008392334,2.8753048878062777,0.2696864407725518,1e-06,0.1892333326141127,1.598528037108048e-06,2.875308251278959,0.0015285422141925,0.0010457859928667,0,0.5806220769882202
2025-04-25 00:00:00+00:00,6.599999904632568,16.8700008392334,2.8753048878062777,0.999,1e-06,0.1892240918602185,1.5969033561794016e-06,2.875303293521584,0.0018258599313384,0.0008746034286478,0,0.5806220769882202
2025-04-28 00:00:00+00:00,6.260000228881836,16.5,2.616996985236086,0.999,1e-06,0.1894716248574454,2.359020532550597e-07,2.617132935552618,0.0020806475050866,0.0001133791536905,0,0.5806220769882202
2025-04-29 00:00:00+00:00,6.400000095367432,16.299999237060547,2.801154635244109,0.999,1e-06,0.1894817522218955,1.203103882898811e-06,2.8010564167221053,0.0023070400817836,0.0005214924059614,0,0.5806220769882202
2025-04-30 00:00:00+00:00,6.400000095367432,16.399999618530273,2.7790757434828954,0.999,1e-06,0.1896123196716526,1.0865321324535256e-06,2.7790862377403958,0.0025127252466327,0.0004324118340871,0,0.5806220769882202
2025-05-02 00:00:00+00:00,6.400000095367432,16.399999618530273,2.7790757434828954,0.999,1e-06,0.189611725602093,1.0853848862300394e-06,2.779074664198604,0.0027024360648237,0.0004016320313209,0,0.5806220769882202
2025-05-05 00:00:00+00:00,6.400000095367432,16.399999618530273,2.7790757434828954,0.999,1e-06,0.189611725602093,1.0842994750744523e-06,2.7790746591860627,0.0028793324675266,0.0003765801578328,0,0.580622136592865
2025-05-06 00:00:00+00:00,6.400000095367432,16.399999618530273,2.7790757434828954,0.999,1e-06,0.189611725602093,1.0832151812594055e-06,2.779074660267144,0.0030456487717441,0.000355659914337,0,0.580622136592865
2025-05-07 00:00:00+00:00,6.400000095367432,16.399999618530273,2.7790757434828954,0.999,1e-06,0.189611725602093,1.0821319717436856e-06,2.7790746613503527,0.0032030341204644,0.0003378459082998,0,0.580622136592865
2025-05-08 00:00:00+00:00,6.400000095367432,16.399999618530273,2.7790757434828954,0.999,1e-06,0.189611725602093,1.081049845426217e-06,2.77907466243248,0.0033527470534389,0.0003224370428772,0,0.580622136592865
2025-05-09 00:00:00+00:00,6.599999904632568,16.399999618530273,2.979075552748032,0.999,1e-06,0.1897689564145299,2.1225445766321944e-06,2.978968150468924,0.0034957740283627,0.0006071744224343,0,0.580622136592865
2025-05-12 00:00:00+00:00,6.300000190734863,16.399999618530273,2.679075838850327,0.999,1e-06,0.1897649531264565,5.586205452355697e-07,2.6792331477371905,0.0036329053460726,0.000153766886836,0,0.580622136592865
2025-05-13 00:00:00+00:00,6.300000190734863,16.399999618530273,2.679075838850327,0.999,1e-06,0.1901005518909416,5.572420396860441e-07,2.679075364564517,0.0037647858260575,0.0001480142737016,0,0.580622136592865
2025-05-14 00:00:00+00:00,6.949999809265137,16.399999618530273,3.3290754573806005,0.999,1e-06,0.1919542727093012,3.896601857500979e-06,3.3287332928224806,0.0038919497930578,0.0010011953043308,0,0.580622136592865
2025-05-15 00:00:00+00:00,7.5,16.399999618530273,3.879075648115464,0.038783367238135,1e-06,0.1979229754098332,1.4638670461287234e-06,3.878796425817628,0.001421716739578,0.0010296474715231,0,0.580622136592865
2025-05-16 00:00:00+00:00,7.5,16.399999618530273,3.879075648115464,0.536182780574427,1e-06,0.1956378035583923,7.859611480210117e-07,3.879074719977611,0.0015144657558961,0.0005189692437488,0,0.580622136592865
2025-05-19 00:00:00+00:00,7.5,16.5,3.85699675635425,0.999,1e-06,0.193338707849988,6.712005106204e-07,3.857007493021855,0.0018141156106638,0.0003699877266227,0,0.580622136592865
2025-05-20 00:00:00+00:00,7.5,16.799999237060547,3.7907605021904422,0.6844002793572143,1e-06,0.1933615918638135,2.86360244415194e-07,3.790794441136472,0.0017530313431173,0.0001633514686086,0,0.580622136592865
2025-05-21 00:00:00+00:00,7.5,18.3700008392334,3.444122870115005,0.6948156110898318,1e-06,0.1940243622976652,-8.016133073504387e-07,3.444302161042864,0.0017322919392345,-0.0004627472363028,0,0.580622136592865
2025-05-22 00:00:00+00:00,7.5,17.049999237060547,3.735563483347325,0.8442507458928025,1e-06,0.1940291107973561,4.286482161795084e-07,3.7354130975156266,0.0018509757585635,0.0002315795948144,0,0.580622136592865
2025-05-23 00:00:00+00:00,7.5,16.5,3.85699675635425,0.555735068280454,1e-06,0.1948004139573611,4.883747783000953e-07,3.856933918095997,0.0016580961771293,0.0002945394754757,0,0.580622136592865
2025-05-26 00:00:00+00:00,7.5,16.989999771118164,3.74881064995612,0.4702280020907787,1e-06,0.1925080678817424,-8.697911650822526e-08,3.748866843922008,0.0015449239295007,-5.6299934804125246e-05,0,0.580622136592865
2025-05-27 00:00:00+00:00,7.5,16.989999771118164,3.74881064995612,-0.1254918660186777,1e-06,0.1895778507638072,1.0561016893660524e-08,3.7488106690108247,0.0014219113622323,7.427338422192707e-06,0,0.580622136592865
2025-05-28 00:00:00+00:00,7.5,16.989999771118164,3.74881064995612,0.9072926658128916,1e-06,0.1788082870408384,9.581786856250829e-09,3.7488106403903294,0.0016855702030723,5.684596725064118e-06,0,0.580622136592865
2025-05-29 00:00:00+00:00,7.5,16.989999771118164,3.74881064995612,0.247028975580013,1e-06,0.1788082870408384,2.367005438899487e-09,3.748810647585093,0.0014533927450048,1.628606890349874e-06,0,0.580622136592865
2025-05-30 00:00:00+00:00,7.5,16.989999771118164,3.74881064995612,0.2469598437564947,1e-06,0.1787956368192811,5.845632101096267e-10,3.7488106493705584,0.0014379978479156,4.065118810552726e-07,0,0.580622136592865
2025-06-02 00:00:00+00:00,7.5,16.989999771118164,3.74881064995612,0.2485706139355668,1e-06,0.1787460877065311,1.4530720583643552e-10,3.748810649810567,0.0014373500917782,1.0109381609087737e-07,0,0.580622136592865
2025-06-03 00:00:00+00:00,7.5,16.989999771118164,3.74881064995612,0.2480771284310914,1e-06,0.1787230057839498,3.604788475667475e-11,3.7488106499200105,0.0014372191696805,2.5081689360354397e-08,0,0.580622136592865
2025-06-04 00:00:00+00:00,7.5,17.170000076293945,3.709068729009902,0.2463993631839714,1e-06,0.1787195199713686,-1.7818516263688998e-07,3.709091119180068,0.0014369035230083,-0.0001240063510066,0,0.580622136592865
2025-06-05 00:00:00+00:00,6.21999979019165,16.6299991607666,2.548294282040206,0.3182770368267522,1e-06,0.1842099722300449,-4.898076777293061e-06,2.548928640505053,0.0014518437776322,-0.0033736940935072,0,0.580622136592865
2025-06-06 00:00:00+00:00,7.199999809265137,16.6299991607666,3.5282943011136925,0.999,1e-06,0.1840791597475123,4.177293874121038e-07,3.527762425823535,0.001762279870723,0.000237039186767,0,0.580622136592865
2025-06-09 00:00:00+00:00,6.599999904632568,16.6299991607666,2.928294396481124,0.999,1e-06,0.1848007956225846,-2.817967095883206e-06,2.9286212483963614,0.0020251952496529,-0.0013914545258617,0,0.580622136592865
2025-06-10 00:00:00+00:00,6.599999904632568,16.6299991607666,2.928294396481124,0.999,1e-06,0.1861273371280292,-2.81688374200828e-06,2.9282973872712432,0.0022572573467809,-0.0012479231692502,0,0.580622136592865
2025-06-11 00:00:00+00:00,6.599999904632568,16.6299991607666,2.928294396481124,0.999,1e-06,0.1857701315442959,-2.814067805159603e-06,2.9282972106439566,0.0024671884938824,-0.0011405970042974,0,0.580622136592865
2025-06-12 00:00:00+00:00,6.599999904632568,16.6299991607666,2.928294396481124,0.999,1e-06,0.1854084113545755,-2.8112537529563964e-06,2.928297207736444,0.0026602339698713,-0.0010567693611898,0,0.580622136592865
2025-06-13 00:00:00+00:00,7.150000095367432,16.6299991607666,3.4782945872159874,0.999,1e-06,0.1868705000470557,1.1533851988286461e-07,3.478000466459128,0.002839840114375,4.061444139021483e-05,0,0.580622136592865
2025-06-16 00:00:00+00:00,7.150000095367432,17.0,3.3966028140354467,0.5337896632115606,1e-06,0.1745927583157324,4.144655512087192e-07,3.396648967035944,0.0020032347074651,0.0002068981481122,0,0.580622136592865
2025-06-17 00:00:00+00:00,7.150000095367432,16.469999313354492,3.513620645585996,0.999,1e-06,0.1605177150914949,1.1393466294407562e-06,3.513546726099189,0.0022376148525326,0.0005091790609769,0,0.580622136592865
2025-06-18 00:00:00+00:00,7.150000095367432,16.469999313354492,3.513620645585996,0.999,1e-06,0.1601127637941409,1.1386597396226064e-06,3.513619461526968,0.0024492660531489,0.0004648983470614,0,0.5806220769882202
2025-06-20 00:00:00+00:00,7.150000095367432,16.469999313354492,3.513620645585996,0.999,1e-06,0.1597821191106118,1.1375213695039268e-06,3.513619508035537,0.0026436537582479,0.0004302837941447,0,0.5806220769882202
2025-06-23 00:00:00+00:00,7.150000095367432,16.469999313354492,3.513620645585996,0.999,1e-06,0.1596928220703776,1.1363838553914665e-06,3.51361950920141,0.0028243454435929,0.0004023529975659,0,0.580622136592865
2025-06-24 00:00:00+00:00,7.150000095367432,16.469999313354492,3.513620645585996,0.999,1e-06,0.1595726337478894,1.1352474786079236e-06,3.513619510337805,0.002993822661358,0.0003791966348778,0,0.580622136592865
2025-06-25 00:00:00+00:00,7.150000095367432,16.469999313354492,3.513620645585996,0.7318456860529544,1e-06,0.1513587817670689,8.308248404743963e-07,3.5136198145602964,0.0025029885721878,0.000331933133737,0,0.580622136592865
2025-06-26 00:00:00+00:00,7.150000095367432,16.469999313354492,3.513620645585996,-0.999,1.6059932588719906e-06,0.13592918779985,-8.298461486397905e-07,3.513621474212168,0.002909524821108,-0.0002852170713992,0,0.580622136592865
2025-06-27 00:00:00+00:00,7.150000095367432,16.469999313354492,3.513620645585996,-0.999,2.1944700638500927e-06,0.1347522341898938,8.288212429320101e-07,3.5136198179928027,0.003351522139363,0.0002472969619378,0,0.580622136592865
2025-06-30 00:00:00+00:00,7.150000095367432,17.489999771118164,3.2884167076373165,-0.999,2.300155197848701e-06,0.1349109972238837,-3.47172476741798e-05,3.288618057116146,0.0036901779171835,-0.0094080145871874,0,0.580622136592865
2025-07-01 00:00:00+00:00,7.150000095367432,17.100000381469727,3.374523922274233,-0.999,2.319465722381637e-06,0.1349567449939122,5.0500257900908834e-05,3.3744099097794384,0.0039911124429613,0.0126531784364958,0,0.5806223154067993
2025-07-02 00:00:00+00:00,7.150000095367432,17.100000381469727,3.374523922274233,-0.999,2.292974452737372e-06,0.1350097275332007,-5.041394774332652e-05,3.374574214637882,0.0042616714174401,-0.0118296186648778,0,0.580622136592865
2025-07-03 00:00:00+00:00,7.150000095367432,17.100000381469727,3.374523922274233,-0.999,2.2929641207116023e-06,0.1350102592950375,5.033826385837932e-05,3.3744736584182844,0.0045182462414642,0.0111411067852879,0,0.5806223154067993
2025-07-04 00:00:00+00:00,7.150000095367432,17.100000381469727,3.374523922274233,-0.999,2.1934675675748106e-06,0.1348590361711456,-5.025938428720789e-05,3.3745741072492845,0.0047393467367145,-0.0106047071630908,0,0.5806220769882202
2025-07-07 00:00:00+00:00,7.150000095367432,17.100000381469727,3.374523922274233,-0.999,2.269077488893278e-06,0.1347078163285087,5.017735671401957e-05,3.374473819288538,0.0049751444719842,0.0100856079650701,0,0.5806223154067993
2025-07-08 00:00:00+00:00,7.150000095367432,17.100000381469727,3.374523922274233,-0.999,2.2682406302769264e-06,0.1347105013629089,-5.009218467779967e-05,3.37457394021567,0.0051921157419,-0.0096477403755773,0,0.580622136592865
2025-07-09 00:00:00+00:00,7.150000095367432,17.100000381469727,3.374523922274233,-0.999,2.2672392355110008e-06,0.1347132948931849,5.000389726718023e-05,3.374473992487819,0.0053995625309457,0.0092607312130566,0,0.5806223154067993
2025-07-10 00:00:00+00:00,7.150000095367432,17.100000381469727,3.374523922274233,-0.999,2.266803022360885e-06,0.1347141673194851,-4.991252354147793e-05,3.374573760822824,0.0055986364859166,-0.0089151213276719,0,0.580622136592865
2025-07-11 00:00:00+00:00,7.150000095367432,17.100000381469727,3.374523922274233,-0.999,2.266803022360885e-06,0.1347141673194851,4.981809288885789e-05,3.37447417801634,0.0057902059114788,0.0086038551392611,0,0.5806223154067993
2025-07-14 00:00:00+00:00,7.150000095367432,17.100000381469727,3.374523922274233,-0.999,2.266803022360885e-06,0.1347141673194851,-4.972063546499483e-05,3.3745735692191428,0.0059749352102837,-0.0083215355004047,0,0.5806221961975098
2025-07-15 00:00:00+00:00,7.150000095367432,17.100000381469727,3.374523922274233,0.999,1e-06,0.1265466218477661,-4.967091463768635e-05,3.374573593169959,0.0059469493829462,-0.0083523351956089,0,0.5806223154067993
2025-07-16 00:00:00+00:00,7.150000095367432,17.100000381469727,3.374523922274233,-0.999,4.532830319249509e-06,0.1116299920568646,4.955636710301472e-05,3.374474454583177,0.0065814410689952,0.0075297137182419,0,0.5806226134300232
2025-07-17 00:00:00+00:00,7.150000095367432,17.100000381469727,3.374523922274233,-0.999,4.568026602284957e-06,0.1112723501846271,-4.943415107080341e-05,3.3745732677635334,0.0069123729988784,-0.0071515456528205,0,0.5806223154067993
2025-07-18 00:00:00+00:00,7.150000095367432,16.799999237060547,3.4407605975578743,-0.999,4.647960308975908e-06,0.1111475436554755,0.0001032742830595,3.4405980197561647,0.0072352173390878,0.014273832867687,0,0.5806224942207336
2025-07-21 00:00:00+00:00,7.150000095367432,16.799999237060547,3.4407605975578743,-0.999,4.573597753783225e-06,0.1110262754078509,-0.0001029330964995,3.4408632921457407,0.0075274796992286,-0.0136743107404269,0,0.5806222558021545
2025-07-22 00:00:00+00:00,7.150000095367432,16.799999237060547,3.4407605975578743,-0.999,1.0173662362038426e-06,0.1071034625897214,0.0001026295358206,3.440658159186207,0.0073428542832235,0.0139767904771244,0,0.5806225538253784
2025-07-23 00:00:00+00:00,7.150000095367432,16.799999237060547,3.4407605975578743,-0.999,5.836999460779779e-06,0.0947489025898378,-0.0001022870165461,3.440862669197036,0.0080210993477184,-0.0127522440643104,0,0.5806223154067993
2025-07-24 00:00:00+00:00,6.599999904632568,16.75,2.901799642143701,-0.6219064282262662,0.0036238601263166,0.0875834851504672,-0.0216213698027911,2.924009830437943,0.0843932199082268,-0.2561979484406837,0,0.580622673034668
2025-07-25 00:00:00+00:00,6.599999904632568,16.75,2.901799642143701,-0.999,1.5532426199191867e-06,0.0895371845583961,0.0186493916799221,2.883192496462303,0.0549922859421288,0.3391274132438843,0,0.5807756781578064
2025-07-28 00:00:00+00:00,6.599999904632568,16.75,2.901799642143701,-0.999,5.773930997336007e-06,0.0809455079456426,-0.016219464472591,2.9179791529012475,0.051354707620189,-0.3158320867591638,0,0.5806592106819153
2025-07-29 00:00:00+00:00,6.599999904632568,16.75,2.901799642143701,-0.452893124946451,0.0035539779604186,0.0731924640342656,0.0058390068428074,2.8959891567675795,0.0854949663179283,0.0682964985458217,0,0.5807338953018188
2025-07-30 00:00:00+00:00,6.599999904632568,16.75,2.901799642143701,-0.5145195474402784,0.0041283203615333,0.069163580231059,-0.002247072537048,2.904035976281239,0.092978904977681,-0.0241675521731237,0,0.5807018280029297
2025-07-31 00:00:00+00:00,6.599999904632568,16.75,2.901799642143701,0.3316267634953201,0.0192154776862778,0.0502063663595323,-0.0011244331077581,2.9029261570424048,0.1851877538510226,-0.0060718545604412,0,0.5807267427444458
2025-08-01 00:00:00+00:00,6.599999904632568,16.75,2.901799642143701,-0.2895995364412422,0.0090441569326162,0.0501766818264664,7.335578316689081e-05,2.901728006254695,0.1296327849057593,0.0005658736963818,0,0.5807271003723145
2025-08-04 00:00:00+00:00,6.599999904632568,16.549999237060547,2.9459574256661285,0.1359380449525097,0.0252768071915802,0.0306048000799725,0.0174327983605356,2.9284531274209398,0.2027214232144454,0.0859938633229434,0,0.5807308554649353
2025-08-05 00:00:00+00:00,6.599999904632568,16.549999237060547,2.9459574256661285,0.1526669464194559,0.0163280203138764,0.0364959749799969,0.0059587911969454,2.939975555977924,0.1727735628928249,0.0344890219150128,0,0.5807279944419861
2025-08-06 00:00:00+00:00,6.599999904632568,16.549999237060547,2.9459574256661285,-0.3995201238457606,0.0080220969524349,0.0378294479660412,-0.0005836352056761,2.946529522453297,0.1218847325911196,-0.0047884192980433,0,0.5807574391365051
2025-08-07 00:00:00+00:00,6.599999904632568,16.549999237060547,2.9459574256661285,-0.1297560128917551,0.0141276893690962,0.0317218741302617,-0.0001033434021716,2.9460619528940057,0.1555284198737774,-0.0006644663544807,0,0.5807659029960632
2025-08-08 00:00:00+00:00,6.599999904632568,16.549999237060547,2.9459574256661285,-0.1458613454114617,0.0137893805973815,0.0319010470925295,-1.6259952651916572e-05,2.9459738882036484,0.1540801591111014,-0.0001055291787451,0,0.5808202624320984
2025-08-11 00:00:00+00:00,6.599999904632568,16.549999237060547,2.9459574256661285,-0.1408605165752783,0.0139296360446067,0.0317520201453967,-2.6631992076642584e-06,2.9459601207721877,0.1547764717578699,-1.7206744522710977e-05,0,0.5808536410331726
2025-08-12 00:00:00+00:00,6.599999904632568,16.549999237060547,2.9459574256661285,-0.1453995883338403,0.0136512616446019,0.0316629721876776,-4.183494050923032e-07,2.945957849274841,0.1533339318699242,-2.7283550352520538e-06,0,0.5808650255203247
2025-08-13 00:00:00+00:00,6.599999904632568,16.530000686645508,2.950372867122504,-0.1593163510121222,0.0135612880790235,0.0313150755920194,0.0011652804655182,2.949200009633755,0.1526896940744547,0.0076316903546224,0,0.5808992981910706
2025-08-14 00:00:00+00:00,6.599999904632568,16.530000686645508,2.950372867122504,-0.1416110725113784,0.0140511588483225,0.0308236146488553,0.0001970985392433,2.9501734509148974,0.1551418829848985,0.0012704405506189,0,0.5808696746826172
2025-08-15 00:00:00+00:00,6.599999904632568,16.530000686645508,2.950372867122504,-0.1384330498351734,0.0140964362010436,0.0307685798242284,3.398330108798445e-05,2.950338492867306,0.1554010307742337,0.0002186813106623,0,0.5808413028717041
2025-08-18 00:00:00+00:00,6.599999904632568,16.530000686645508,2.950372867122504,-0.1420181855981266,0.0140259852844652,0.0307951999375338,5.740056128592632e-06,2.9503670595613807,0.1550343322865162,3.702441932658203e-05,0,0.5808470249176025
2025-08-19 00:00:00+00:00,6.599999904632568,16.799999237060547,2.890760406823011,-0.1392959707008651,0.0141159015631164,0.0307213189552247,-0.0161450528900266,2.907008284943315,0.1554782775431409,-0.1038412127092597,0,0.5808281898498535
2025-08-20 00:00:00+00:00,6.599999904632568,16.799999237060547,2.890760406823011,-0.1435640966315725,0.013517170644509,0.0307741434490824,-0.0025715285868507,2.8933641777083072,0.1524729185129258,-0.0168654775676292,0,0.5808613300323486
2025-08-21 00:00:00+00:00,6.599999904632568,16.799999237060547,2.890760406823011,-0.0860238821982037,0.0128685879731223,0.0312227551670668,-0.0004773089347782,2.891242786543896,0.1496763056488617,-0.0031889411801624,0,0.5808314085006714
2025-08-22 00:00:00+00:00,6.599999904632568,16.8799991607666,2.8730973776380067,-0.1999355941263664,0.0108134615504817,0.0322660154990466,-0.0040992795604283,2.8772286878753257,0.1378277300878215,-0.0297420523273245,0,0.5808830261230469
2025-08-25 00:00:00+00:00,6.599999904632568,17.030000686645508,2.8399788294362693,-0.0780773817442405,0.0136517991904592,0.0294117961637121,-0.0098973300027237,2.849947416400508,0.1531468280125748,-0.0646264119940579,0,0.580913782119751
2025-08-26 00:00:00+00:00,6.349999904632568,17.030000686645508,2.5899788294362693,-0.0767394676290665,0.0138044682500677,0.0295623978505623,-0.0686714013072068,2.6591253840999878,0.1541929162493093,-0.4453602861766642,0,0.5809863209724426
2025-08-27 00:00:00+00:00,6.349999904632568,17.5,2.4862085856143485,-0.0624104532590171,0.0138828797862426,0.0299320284732767,-0.0423873077311272,2.5289168395701087,0.1548363988004932,-0.2737554480696965,0,0.5814810395240784
2025-08-28 00:00:00+00:00,6.989999771118164,16.549999237060547,3.335957292151724,-0.0109096488965571,0.018957864683529,0.027067305338299,0.2727586903870361,3.061770639721564,0.1774243079777395,1.537324245453772,-1,0.5817425847053528
2025-08-29 00:00:00+00:00,6.989999771118164,16.549999237060547,3.335957292151724,0.2051124462804502,0.025008057111724,0.0238979687264498,0.1439623223148994,3.191611848903132,0.2031692406162116,0.7085832573782437,-1,0.5813304781913757
2025-09-01 00:00:00+00:00,6.5,16.549999237060547,2.84595752103356,0.2222172029029393,0.027347992679825,0.0225255290884149,-0.1228768952834476,2.969465372020042,0.2131520510537382,-0.5764753126981118,0,0.5818571448326111
2025-09-02 00:00:00+00:00,6.510000228881836,16.549999237060547,2.855957749915396,0.2986618016370183,0.0302211053971231,0.0206318909171457,-0.0706137185040318,2.926699715810237,0.2244517930898199,-0.3146052768479064,0,0.582693874835968
2025-09-03 00:00:00+00:00,6.510000228881836,16.549999237060547,2.855957749915396,0.2464400773005308,0.0268551024409643,0.0239977244073985,-0.0371570632528772,2.89320024916486,0.2153386287233779,-0.1725517779748142,0,0.5828486084938049
2025-09-04 00:00:00+00:00,6.510000228881836,17.3700008392334,2.6749111743693104,0.2394743799957339,0.0267518249852729,0.024196704850882,-0.0867951996248965,2.762042044707551,0.2144519895194779,-0.4047302140650611,0,0.5832682847976685
2025-09-05 00:00:00+00:00,7.0,16.610000610351562,3.3327099333049315,0.1505654739377771,0.0214756820872356,0.0272102539636556,0.1640058764707249,3.1677731088164345,0.1939525201289511,0.8455980688556356,0,0.5836690068244934
2025-09-08 00:00:00+00:00,7.0,18.5,2.9154206056093104,-0.0014594755399175,0.0190829432780248,0.0276482339820735,-0.0766277300892925,2.992448138902396,0.179935540944537,-0.4258621153277998,0,0.5833401083946228
2025-09-09 00:00:00+00:00,7.099999904632568,18.5,3.0154205102418787,0.1232036913906273,0.0241556438248587,0.022929377824776,0.0033792623132989,3.0119848297430827,0.198810312529819,0.0169974196524241,0,0.5834423303604126
2025-09-10 00:00:00+00:00,7.099999904632568,17.5,3.2362085856143485,0.147501460462001,0.0251803704521199,0.02218715182153,0.089170634042392,3.146656623552734,0.2036633134473863,0.4378335623289759,0,0.5834572911262512
2025-09-11 00:00:00+00:00,7.099999904632568,17.579999923706055,3.2185455564293446,0.1429463771330586,0.0248161902593207,0.0226338334524668,0.0354140304648288,3.1830322168110667,0.2030203567414599,0.1744358597001556,0,0.583446741104126
2025-09-12 00:00:00+00:00,7.099999904632568,17.489999771118164,3.238416516902453,0.1375807632185165,0.0245535959924199,0.0228906294510274,0.0239804621259326,3.214351553362457,0.2021470592167075,0.1186287953871487,0,0.5838027000427246
2025-09-15 00:00:00+00:00,7.099999904632568,17.0,3.3466026233005834,0.1403088982341531,0.0247230852792948,0.0227673668627178,0.052520572090666,3.293866086338321,0.202697875183959,0.2591076598262355,0,0.583321213722229
2025-09-16 00:00:00+00:00,8.0,16.739999771118164,4.304007668799237,0.1587617240125179,0.0294732318028685,0.0224872434896819,0.437746495995631,3.8646878948299337,0.2183112378902539,2.005148705242962,-1,0.5834358334541321
2025-09-17 00:00:00+00:00,8.0,16.739999771118164,4.304007668799237,0.3487549813568892,0.036760190593947,0.0187609249395622,0.3003137773871651,4.003241602574184,0.2427305119383744,1.2372312610761116,-1,0.5851559042930603
2025-09-18 00:00:00+00:00,8.0,16.739999771118164,4.304007668799237,0.1580915683256855,0.0244028032000633,0.0311114983483224,0.1236832502163958,4.179969339693432,0.2071286398295536,0.5971325371429801,-1,0.5874941945075989
2025-09-19 00:00:00+00:00,8.0,16.739999771118164,4.304007668799237,0.1560809062980947,0.0243197579360222,0.0311818696617974,0.0526114984158025,4.251243998664203,0.2052548775752356,0.2563227682446568,-1,0.5892325043678284
2025-09-22 00:00:00+00:00,8.0,16.739999771118164,4.304007668799237,0.1570550842222325,0.0243683807515574,0.0311332468462622,0.0226065330419441,4.281335983510856,0.205133953259864,0.1102037604340719,-1,0.5897591710090637
2025-09-23 00:00:00+00:00,8.0,16.899999618530273,4.268681610429229,0.1570130620402453,0.0243728023046335,0.0311481699518301,-0.0016814664320958,4.270386817858753,0.2051080494366912,-0.008197954379235,0,0.591572105884552
2025-09-24 00:00:00+00:00,8.0,16.989999771118164,4.24881064995612,0.1582210345181033,0.0244009892344166,0.031152999503179,-0.0071516874331716,4.255993566004613,0.2052329313819328,-0.0348466855928814,0,0.5928215384483337
2025-09-25 00:00:00+00:00,7.800000190734863,17.489999771118164,3.938416803004748,0.1515028644680237,0.0245304090065271,0.0315840763188855,-0.1031506747859181,4.042026052940949,0.2056444524251134,-0.5015971671955558,0,0.5937525629997253
2025-09-26 00:00:00+00:00,7.800000190734863,17.489999771118164,3.938416803004748,0.1795122519699271,0.0247502442531683,0.0315289032969089,-0.0460676972060217,3.9846089378380025,0.2071334602261701,-0.222405868929724,0,0.5942997932434082
2025-09-29 00:00:00+00:00,7.800000190734863,17.489999771118164,3.938416803004748,0.129341797881387,0.0226932323445093,0.0333029169789172,-0.0178459377602087,3.9563202986512342,0.1989673514347913,-0.0896927944786838,0,0.5944887399673462
2025-09-30 00:00:00+00:00,7.800000190734863,17.020000457763672,4.042187046826669,0.1120900320918268,0.021766632948737,0.0339874774683867,0.023499344696342,4.018560765203486,0.194719559161628,0.1206830212512768,0,0.5945717096328735
2025-10-01 00:00:00+00:00,7.800000190734863,17.020000457763672,4.042187046826669,0.0703480415285954,0.0204099571610225,0.0340151725969184,0.0078594982901079,4.034295484011,0.1882358272562587,0.0417534664079025,0,0.5936193466186523
2025-10-02 00:00:00+00:00,7.800000190734863,16.899999618530273,4.068681801164092,0.0854796287185693,0.0217087318985224,0.0321487603613853,0.0110727202428331,4.057558435705277,0.1928513767203825,0.0574158216090289,0,0.5933376550674438
2025-10-03 00:00:00+00:00,7.800000190734863,16.940000534057617,4.059850076011673,0.0822853717708417,0.0212309098721504,0.0324345265342311,0.0013254794507849,4.058522531413817,0.1911660212483373,0.0069336561075521,0,0.5949070453643799
2025-10-06 00:00:00+00:00,7.800000190734863,16.940000534057617,4.059850076011673,0.0679464008324075,0.0208583437808278,0.0326054756343608,0.0004579274337692,4.059390299130346,0.1894057125765374,0.0024177065598492,0,0.5945138931274414
2025-10-07 00:00:00+00:00,7.800000190734863,16.90999984741211,4.066473869875988,0.0727710338872888,0.0210556726659119,0.0323911022695375,0.0021583739518108,4.064304894322148,0.1901292153553866,0.0113521425298917,0,0.5944386124610901
2025-10-08 00:00:00+00:00,7.800000190734863,16.90999984741211,4.066473869875988,0.0716320229241573,0.0210329741089031,0.0323781073801727,0.0007608056859523,4.065710037957135,0.1900400193733838,0.0040033972237054,0,0.5935019850730896
2025-10-09 00:00:00+00:00,7.800000190734863,16.90999984741211,4.066473869875988,0.0740639085622209,0.0210307842565963,0.0321326652370873,0.0002699515794974,4.066202850210214,0.1900165750499368,0.0014206738513546,0,0.5938068628311157
2025-10-10 00:00:00+00:00,7.800000190734863,17.010000228881836,4.044394978114774,0.2337714090277523,0.0185313472524903,0.0313599993339895,-0.0058183513636799,4.050250464483077,0.1833778951709891,-0.0317287498488009,0,0.5943852663040161
2025-10-13 00:00:00+00:00,7.800000190734863,17.010000228881836,4.044394978114774,-0.2284046890636374,0.0102207078589096,0.0349052864485279,-0.000196880280688,4.044602417600792,0.1347592652309427,-0.0014609776949334,0,0.5941678881645203
2025-10-14 00:00:00+00:00,7.800000190734863,17.010000228881836,4.044394978114774,0.0586015614275994,0.0182998166430705,0.0268241235600712,-7.842237031773587e-05,4.044473774916178,0.1747228885994033,-0.0004488385634325,0,0.5930148363113403
2025-10-15 00:00:00+00:00,7.800000190734863,17.489999771118164,3.938416803004748,0.0609888066534116,0.0181233496848231,0.0267416778811733,-0.0331327335171756,3.971739652478202,0.1756389083991736,-0.1886411947054182,0,0.5925310850143433
2025-10-16 00:00:00+00:00,7.800000190734863,17.489999771118164,3.938416803004748,0.0718344516325767,0.0181958707431725,0.0266987610291831,-0.0119666895151956,3.9504387479489504,0.1763014019418412,-0.0678763151250679,0,0.5917426943778992
2025-10-17 00:00:00+00:00,7.800000190734863,16.81999969482422,4.086344830349097,0.0685664716011377,0.0182679791314483,0.0266106500267273,0.0416254652698028,4.044476081461217,0.1765791181969022,0.2357326602083637,0,0.5904858708381653
2025-10-20 00:00:00+00:00,7.800000190734863,16.81999969482422,4.086344830349097,0.0772887489849171,0.0185213918044717,0.0264170185179354,0.0153507473120459,4.070925153886213,0.1777469139340269,0.0863629470255868,0,0.5892331004142761
2025-10-21 00:00:00+00:00,7.800000190734863,16.8700008392334,4.075305173908573,0.0753640681292959,0.0184504077066233,0.0264905316849043,0.0021618780843445,4.073137566753278,0.1774977598760353,0.0121797485548795,0,0.5848259925842285
2025-10-22 00:00:00+00:00,7.800000190734863,16.8700008392334,4.075305173908573,0.0754712352180607,0.0184514532621036,0.0264920066639497,0.000788355166983,4.074513254929188,0.1774980771446077,0.0044414856750294,0,0.5826441049575806
2025-10-23 00:00:00+00:00,7.800000190734863,16.8700008392334,4.075305173908573,0.0752491524512249,0.0184432127937576,0.0265002471322957,0.0002877298861518,4.075016141606647,0.1774616914325775,0.0016213633704779,0,0.5820489525794983
2025-10-24 00:00:00+00:00,7.800000190734863,16.8700008392334,4.075305173908573,0.0752491524512249,0.0184432127937576,0.0265002471322957,0.0001050221671503,4.075199676355657,0.1774599583521412,0.0005918076851,0,0.5819723606109619
2025-10-27 00:00:00+00:00,7.800000190734863,16.8700008392334,4.075305173908573,0.0760617971497304,0.018276015805578,0.0265342855695985,3.816898666799933e-05,4.075266831082951,0.1767876888289313,0.000215902967683,0,0.5820921659469604
2025-10-28 00:00:00+00:00,7.800000190734863,16.8700008392334,4.075305173908573,0.1035867853520113,0.0183962645258067,0.0263549160844503,1.4641725481214944e-05,4.075290470023732,0.1777297407930199,8.238196610136493e-05,0,0.5821741223335266
2025-10-29 00:00:00+00:00,7.800000190734863,17.489999771118164,3.938416803004748,0.0486796041595874,0.0170361543973334,0.0273862072270824,-0.0397929239844608,3.978451975750516,0.1712536059288149,-0.2323625465790287,0,0.5822704434394836
2025-10-30 00:00:00+00:00,7.800000190734863,17.489999771118164,3.938416803004748,-0.0252410827510506,0.0128932529931937,0.029957286176008,-0.0086924302005973,3.947182635194973,0.1505753347257818,-0.0577281147435429,0,0.5816153287887573
2025-10-31 00:00:00+00:00,7.800000190734863,17.489999771118164,3.938416803004748,-0.3086299904269333,0.0089753096853875,0.0279314231889971,-6.654186620658198e-05,3.938504627706881,0.1256186092047224,-0.0005297134447503,0,0.5814160108566284
2025-11-03 00:00:00+00:00,7.800000190734863,17.399999618530273,3.958287763477857,-0.0994889498300674,0.014943982111021,0.020708384401641,0.0070528472520775,3.951189995574428,0.1560978287897376,0.0451822251901892,0,0.5813586115837097
2025-11-04 00:00:00+00:00,7.800000190734863,17.079999923706055,4.028939880217875,-0.035686234272714,0.0169936325130688,0.0186895796599614,0.0292061936164709,3.999563808650788,0.1656817738627006,0.1762788563615568,0,0.5811837315559387
2025-11-05 00:00:00+00:00,7.800000190734863,17.079999923706055,4.028939880217875,-0.0361829226646478,0.0169550731641704,0.0187126606222927,0.0101707995035987,4.018704352687532,0.1659050311238684,0.0613049491911125,0,0.5811136364936829
2025-11-06 00:00:00+00:00,7.800000190734863,17.079999923706055,4.028939880217875,-0.0453161627133249,0.016377659665561,0.0185560088512623,0.0034124714208324,4.025504457729851,0.1632962864342166,0.0208974220746112,0,0.581224262714386
2025-11-07 00:00:00+00:00,7.800000190734863,17.079999923706055,4.028939880217875,-0.0246891161729892,0.0164213309562439,0.0184962484180066,0.0011963703312715,4.027735832628084,0.163645082957701,0.0073107624723489,0,0.5813470482826233
2025-11-10 00:00:00+00:00,7.800000190734863,17.079999923706055,4.028939880217875,-0.0979383323545523,0.0146487026195925,0.0195720602242337,0.0003274637974182,4.028609594953887,0.1552202817240638,0.0021096714538917,0,0.5813208818435669
2025-11-11 00:00:00+00:00,7.800000190734863,17.110000610351562,4.02231608635356,-0.074743782191992,0.0152624773811635,0.0189583661455471,-0.0022433647436382,4.024573303003584,0.1578227050940824,-0.0142144613622033,0,0.5813530087471008
2025-11-12 00:00:00+00:00,7.800000190734863,18.200000762939453,3.781657050507981,-0.0785995232598638,0.0153841162926015,0.019048139022696,-0.0858464532520649,3.868034539482359,0.1584155522500057,-0.5419067259039391,0,0.5815039873123169
2025-11-13 00:00:00+00:00,7.800000190734863,18.200000762939453,3.781657050507981,-0.0638570391814057,0.0156299680712088,0.0190487700342842,-0.0271891801742837,3.8090468212256257,0.1597080994157821,-0.170242963717825,0,0.582042932510376
2025-11-14 00:00:00+00:00,7.800000190734863,18.100000381469727,3.803735942269195,-0.0752425236686608,0.0152781322683797,0.0194025354228771,-0.0005125780215539,3.804264435916156,0.1581837162541691,-0.003240396885924,0,0.5821360945701599
2025-11-17 00:00:00+00:00,7.800000190734863,17.209999084472656,4.00023761571218,-0.0725969818881293,0.0154655773403,0.019412819615041,0.0688141126498601,3.930999524522455,0.1590232098203699,0.4327299941158999,0,0.5820552110671997
2025-11-18 00:00:00+00:00,7.800000190734863,18.0,3.825814834030409,-0.0789379880858404,0.0154899061453944,0.019390048302286,-0.0404961779084529,3.8665258165106073,0.1590693277042104,-0.254581939164008,0,0.5817022919654846
2025-11-19 00:00:00+00:00,7.800000190734863,18.0,3.825814834030409,-0.0650717492758972,0.0158130052221019,0.0191977246196637,-0.0128144457493792,3.838722965811897,0.1605921421082193,-0.0797949736590716,0,0.5818321704864502
2025-11-21 00:00:00+00:00,6.03000020980835,18.0,2.055814853103895,-0.1254832918334955,0.024138872544195,0.0239425021487745,-0.7476296090842747,2.8063776542529397,0.1941914350516778,-3.849961811576896,1,0.5819787979125977
2025-11-24 00:00:00+00:00,6.110000133514404,17.5,2.2462088144961845,0.372041088228079,0.034634968827104,0.0178277464268152,-0.4313191081234314,2.678014486988698,0.2324889043961513,-1.8552244858467812,1,0.5899896025657654
2025-11-25 00:00:00+00:00,6.230000019073486,17.670000076293945,2.328674710397153,0.1895014598820832,0.0110270258806329,0.0416661167829132,-0.1146156488706625,2.443698544253725,0.1475180473526247,-0.7769601816697532,1,0.5997781753540039
2025-11-26 00:00:00+00:00,6.230000019073486,17.899999618530273,2.2778935541302454,0.7217965028899251,0.0323346738687577,0.0197150865388118,-0.129982254540169,2.408032338137126,0.2304152380823688,-0.5641217812760411,1,0.6042752265930176
2025-11-27 00:00:00+00:00,6.230000019073486,18.0,2.255814662369032,0.2363241272321266,0.0107792703519775,0.0398387535957857,-0.0443433721674511,2.3003513940715283,0.1480794786953012,-0.2994565658803757,1,0.6084152460098267
2025-11-28 00:00:00+00:00,6.5,18.0,2.5258146432955453,0.4343787116631038,0.0177824845408247,0.0331146101035282,0.0481240163265171,2.4772428298842164,0.1830980079938873,0.2628320037655666,0,0.6106286644935608
2025-12-01 00:00:00+00:00,6.5,17.510000228881836,2.6340007496936755,0.5655970481226603,0.0233952437358946,0.0281262560459209,0.0735269513372029,2.560236842669485,0.2117550175141097,0.3472264893666743,0,0.6120315194129944
2025-12-02 00:00:00+00:00,6.5,18.200000762939453,2.4816568597731177,0.6239237314605215,0.0232533140803998,0.02696401740178,0.0033745522208231,2.478515268103726,0.2205099111969558,0.0153034038357081,0,0.6124086380004883
2025-12-03 00:00:00+00:00,6.5,18.299999237060547,2.459578389131738,0.4230185911719856,0.0153094789254394,0.0340416305960599,-0.0017809789444151,2.4613945046274317,0.1836309560045218,-0.0096986857944108,0,0.6129932403564453
2025-12-04 00:00:00+00:00,6.5,18.299999237060547,2.459578389131738,0.6768093099234362,0.0315818220122498,0.017758203692923,-0.0015325773918832,2.461112153501348,0.2383888577242842,-0.0064288969145354,0,0.6132050156593323
2025-12-05 00:00:00+00:00,6.25,18.5,2.1654206056093104,0.6024997508066391,0.0262930459130872,0.0232897617922107,-0.1121759780259286,2.2781452010401733,0.232588434129453,-0.48229387865217,0,0.6149216294288635
2025-12-08 00:00:00+00:00,6.25,18.5,2.1654206056093104,0.6999972317888327,0.0351949496420519,0.0146989102639607,-0.097637643086003,2.263123303798222,0.2599857076701453,-0.3755500406579271,0,0.6165212988853455
2025-12-09 00:00:00+00:00,6.25,18.5,2.1654206056093104,0.6543873556899436,0.0297306890948215,0.0201631708111911,-0.0779623313527963,2.2434456350413106,0.2529756148670694,-0.3081812110379218,0,0.6183749437332153
2025-12-10 00:00:00+00:00,6.25,17.1200008392334,2.470107964330592,0.6160222305447088,0.0277675242354931,0.0225706777586852,0.049313810637924,2.420299737258578,0.2481162795009782,0.1987528216089086,0,0.6195603609085083
2025-12-11 00:00:00+00:00,6.25,17.1200008392334,2.470107964330592,0.7262178137563412,0.0388387063930579,0.0119373366818237,0.0442234553935902,2.4258583437191525,0.2760109178074803,0.1602235728386526,0,0.6198248863220215
2025-12-12 00:00:00+00:00,6.53000020980835,18.09000015258789,2.5359438926307862,0.6223345377296304,0.0265386552347041,0.0242650696493308,0.0536313020761021,2.482165900413848,0.2488206162899509,0.2155420353657733,0,0.6194011569023132
2025-12-15 00:00:00+00:00,7.400000095367432,17.850000381469727,3.458932865744881,0.4759430008888563,0.0258813193859636,0.029136424842582,0.2757768859070398,3.18169025662014,0.2351248723738192,1.17289541987965,0,0.6190160512924194
2025-12-16 00:00:00+00:00,7.400000095367432,17.850000381469727,3.458932865744881,0.999,10.71135253866263,1e-06,0.277242575972084,3.1816902735146497,3.277331712104484,0.0845939930181975,0,0.6170099377632141
2025-12-17 00:00:00+00:00,7.400000095367432,17.850000381469727,3.458932865744881,0.6905199831991298,0.0293917415689224,0.0289461028559659,0.2238351540711252,3.234957756836959,0.2532493121522354,0.8838529596343837,0,0.6175834536552429
2025-12-18 00:00:00+00:00,7.400000095367432,17.850000381469727,3.458932865744881,0.6911743886985248,0.0296290279342615,0.0286789408967529,0.1796356173229078,3.279185164069756,0.2604854992053859,0.6896184926642304,0,0.6177187561988831
2025-12-19 00:00:00+00:00,7.400000095367432,18.5,3.315420700976742,0.6857259044966144,0.0294818599461595,0.028913621072241,0.0935206800414303,3.222039472534427,0.263972733407514,0.3542815912621386,0,0.618087112903595
2025-12-22 00:00:00+00:00,6.900000095367432,18.39999961853028,2.837499592737955,0.7649610164244023,0.0434457118928081,0.0165599508433348,-0.1933235913926006,3.0315539610024502,0.2989424210331481,-0.6466917298805309,0,0.618087112903595
2025-12-23 00:00:00+00:00,7.380000114440918,18.71999931335449,3.2468474950714263,0.4955265617627502,0.0213330029558933,0.038689390001154,-0.0530086846943155,3.2994232087772986,0.2293086348512194,-0.2311674164765264,0,0.618087112903595
2025-12-26 00:00:00+00:00,7.389999866485596,18.809999465942383,3.236976286642994,0.7539926571308487,0.0464380677022129,0.0142678434190256,-0.0545215073962707,3.291533593829464,0.2903831665059323,-0.1877571212281581,0,0.618087112903595
2025-12-29 00:00:00+00:00,7.389999866485596,18.450000762939453,3.3164597074155964,0.6025198655248475,0.0263910692590517,0.0343363258614987,-0.0178515136661636,3.334224808533408,0.2490569395533946,-0.0716764355097863,0,0.618087112903595
2025-12-30 00:00:00+00:00,6.900000095367432,18.40999984741211,2.835291661449851,0.4636359370851527,0.0212971267638554,0.0400970598654547,-0.0933108757254974,2.929285723564455,0.2193123218725089,-0.4254702833329224,0,0.618087112903595
