Setor,Ativo Y,Ativo X,T-Score,P-Value,Hedge Ratio,Observacoes
industria,PLAS3,INEP4,-6.451052409218919,1.5231813818349785e-08,0.7891087967245645,702
industria,PLAS3,INEP3,-6.261923816472,4.202933937342428e-08,0.7020978462812908,749
financeiro,RPAD5,BMIN4,-6.2454816738240195,4.587059449232841e-08,0.22078807537246972,749
industria,INEP4,PLAS3,-6.149606420263228,7.618646905066545e-08,0.9733693582117509,702
financeiro,BBSE3,BSLI4,-6.069316535318199,1.161117437333448e-07,-1.0044099383580847,742
financeiro,RPAD5,BMEB3,-5.7272717579338694,6.725957809220229e-07,0.04109669799426141,749
financeiro,BMIN3,BPAC11,-5.677477013326665,8.638057952699225e-07,0.07765694251671948,749
financeiro,RPAD5,BMEB4,-5.640449848092238,1.0394430894279967e-06,0.03275636590442461,749
financeiro,RPAD5,INBR32,-5.62018271486069,1.1498673847862762e-06,0.05409834322349326,585
financeiro,BMIN3,BRSR5,-5.5703324314247125,1.4724240055186309e-06,0.4969629273128799,749
financeiro,RPAD5,ITUB3,-5.535156719075342,1.7514798337991926e-06,0.10148893192063903,749
financeiro,RPAD5,ITUB4,-5.510772414394591,1.9744985084935665e-06,0.08738048816605822,749
industria,POMO3,POMO4,-5.501808015449373,2.0632488016741704e-06,0.7347002365312942,749
financeiro,BMIN3,BRSR6,-5.495168695639147,2.1314716303814317e-06,0.24255509113921306,749
industria,POMO4,POMO3,-5.490976289906433,2.175676927875726e-06,1.35830030056078,749
financeiro,RPAD5,ITSA4,-5.476669128914398,2.333355713730054e-06,0.3157972511535087,749
financeiro,BMIN3,BRSR3,-5.467675624318066,2.4381078442407933e-06,0.36378590131606015,749
financeiro,RPAD5,ITSA3,-5.439938626445983,2.7908140113730576e-06,0.34392095792380645,749
financeiro,RPAD5,CXSE3,-5.432013716006025,2.9003908503740767e-06,0.10472699908103587,749
energia_eletrica,CGAS3,CGAS5,-5.420924687061859,3.060767658339896e-06,0.9141637009754472,749
financeiro,BMIN3,PINE4,-5.410959946777896,3.2122159318346415e-06,0.23388428671489825,749
mineracao_siderurgia,BRAP3,BRAP4,-5.374283716264969,3.834949894429007e-06,0.7741645000813542,749
financeiro,BMIN3,BPAC5,-5.340971286360961,4.50113630393656e-06,0.24140968876270477,749
mineracao_siderurgia,BRAP4,BRAP3,-5.340543643658555,4.510379404180037e-06,1.274202449839755,749
financeiro,BMIN3,BPAC3,-5.325832581009831,4.83981069146756e-06,0.1853807125408778,749
energia_eletrica,ENMT4,ENMT3,-5.317130011652668,5.045563505869762e-06,0.7813714124679478,749
financeiro,BMIN3,ABCB4,-5.308021919376797,5.269990395983303e-06,0.06468542252127396,749
financeiro,BMIN3,BNBR3,-5.291427149526619,5.704045300984763e-06,0.012649053624979464,749
financeiro,BMIN3,ITSA4,-5.282485891869313,5.952091432833553e-06,0.18084146302807333,749
financeiro,BMIN3,ITSA3,-5.271946271857771,6.2579285465865574e-06,0.18115149743308873,749
financeiro,BMIN3,BAZA3,-5.259745069583344,6.631031896044703e-06,0.0068132889422531685,749
financeiro,BMIN3,ITUB4,-5.230122024008367,7.628846205267816e-06,0.02626649949038468,749
financeiro,BMIN3,ITUB3,-5.22296205256244,7.891030519673416e-06,0.02880026607023366,749
financeiro,BMIN3,RPAD3,-5.214584143623216,8.208905253813267e-06,0.08993601905166904,749
financeiro,BMIN3,SANB3,-5.2119445214470295,8.311602711118668e-06,0.1490001409332273,749
financeiro,RPAD5,ABCB4,-5.209112837950084,8.423156010923246e-06,0.09634252578399866,749
energia_eletrica,CGAS5,CGAS3,-5.194497701702546,9.022366826080595e-06,0.6165962943207471,749
financeiro,BMIN3,PABY11,-5.193950571326356,9.045582112949615e-06,0.08258359286882934,749
financeiro,BMIN3,RPAD6,-5.191217316380436,9.162425773685834e-06,0.030029547003136828,749
financeiro,BMIN3,BMEB3,-5.176173092699069,9.832174751018228e-06,0.0027830056372053105,749
financeiro,BMIN3,PSSA3,-5.170817133681788,1.008186534518201e-05,0.0005443516671241174,749
financeiro,BMIN3,BMEB4,-5.1623112617568445,1.0491062869557306e-05,-0.003917250968102031,749
financeiro,RPAD5,BNBR3,-5.148985694738527,1.1164623239992014e-05,0.015605437283621354,749
financeiro,BMIN3,IRBR3,-5.128147304364734,1.2302551949705677e-05,0.03185109147066277,749
financeiro,BMIN3,BBAS3,-5.111549813115912,1.3288373696031124e-05,0.04550078678872919,749
energia_eletrica,ALUP11,ALUP3,-5.058136175307434,1.7006754545372062e-05,2.7328757298307957,749
financeiro,BMIN3,BBSE3,-5.029417337624942,1.940262396335945e-05,-0.11231748585013454,749
industria,PLAS3,ETER3,-5.025590751585017,1.9745465045479157e-05,0.3638614665937731,749
financeiro,BMIN3,RPAD5,-5.016029167066604,2.0627874284566965e-05,0.3340724253371573,749
industria,INEP3,PLAS3,-5.011710347127179,2.1038805195875867e-05,1.035177174547992,749
financeiro,BMIN3,WIZC3,-4.986970934040644,2.3549275178048558e-05,-0.12077203588554936,749
financeiro,BMIN3,B3SA3,-4.978171704516879,2.450996384945727e-05,0.1202427411555021,749
financeiro,BMIN3,CGRA3,-4.976931050397943,2.464841892457014e-05,-0.008412072806848619,749
financeiro,RPAD5,RPAD3,-4.974246163636481,2.4950633746620574e-05,0.28658739441389275,749
financeiro,BMIN3,SANB11,-4.97295023897414,2.5097779784633637e-05,0.060850472561259354,749
financeiro,RPAD5,BPAC3,-4.972349791235579,2.5166240939499518e-05,0.14543434147241163,749
industria,PLAS3,LUPA3,-4.972121648428282,2.5192300215269977e-05,0.8478458814033567,749
mineracao_siderurgia,BRAP3,VALE3,-4.968794671590845,2.557528672977237e-05,0.28814633909304416,749
industria,ETER3,PLAS3,-4.966012289879622,2.589988458864842e-05,1.6293782031512307,749
financeiro,BMIN3,SANB4,-4.963649809321316,2.6178609090545123e-05,0.10369028893927075,749
energia_eletrica,CGAS3,CEBR6,-4.9626096964757975,2.6302235465236295e-05,-1.3539122398495662,749
energia_eletrica,ALUP3,ALUP11,-4.95725239736805,2.694795935374623e-05,0.3570224183626343,749
energia_eletrica,CGAS5,CEBR5,-4.938103352419196,2.9383208030791784e-05,-1.4579293800319546,749
energia_eletrica,CGAS3,ALUP11,-4.92373304599205,3.134852869041988e-05,-2.2949447438714143,749
energia_eletrica,CGAS3,ALUP4,-4.916699054287758,3.23560615465516e-05,-7.0075202879246605,749
energia_eletrica,CGAS5,CEBR3,-4.910386395980697,3.32867504929377e-05,-1.2308791528206178,749
financeiro,BMIN3,CXSE3,-4.907744235251056,3.3683890962363114e-05,0.04406390194775443,749
energia_eletrica,CGAS3,ALUP3,-4.901469450073327,3.464540293044128e-05,-6.30527946913815,749
financeiro,BMIN3,CGRA4,-4.891630135749165,3.620649765617608e-05,0.033850943820886346,749
industria,ETER3,INEP4,-4.864242064137269,4.091632562358555e-05,1.6532562593281823,702
energia_eletrica,CGAS3,CEBR5,-4.857694600359746,4.212658320205064e-05,-1.500626437723224,749
energia_eletrica,CGAS3,CEBR3,-4.8028921412236265,5.369732149609176e-05,-1.2875976600220764,749
energia_eletrica,CMIG4,COCE3,-4.786006560289868,5.783919361652329e-05,-0.097021570412078,749
financeiro,BMIN3,BSLI4,-4.778849992082475,5.96856109612326e-05,0.05828497093122022,742
energia_eletrica,CGAS5,CEBR6,-4.7782845205122895,5.9833890120287267e-05,-1.18369598481248,749
financeiro,BMIN3,BSLI3,-4.757480652460841,6.554147143150016e-05,0.04040968608552953,749
energia_eletrica,CGAS3,EQPA6,-4.745260295862046,6.913373030563147e-05,4.060781657566811,749
financeiro,RPAD5,PINE4,-4.737492462065113,7.151441489902401e-05,0.1912640661120519,749
energia_eletrica,CGAS3,CPLE3,-4.734873731962225,7.233455954179372e-05,-4.130979224506858,749
energia_eletrica,CGAS3,CBEE3,-4.720160764923679,7.711257986631622e-05,1.4784006120535826,749
energia_eletrica,CPFE3,ENGI3,-4.716585361364961,7.831853851566127e-05,1.0743338156530706,749
energia_eletrica,CGAS3,RNEW3,-4.700881554587857,8.383247769078141e-05,4.771342318722891,749
financeiro,RPAD5,BPAC11,-4.684523077815624,8.99705402959518e-05,0.0465015860572068,749
energia_eletrica,CGAS3,RNEW4,-4.676370913767884,9.31876947653406e-05,4.877849072467468,749
energia_eletrica,ENMT3,ENMT4,-4.645172863755675,0.0001065455599362296,0.9016853774846016,749
industria,RAPT3,RAPT4,-4.644288363038697,0.00010694973818287202,0.6939250515904201,749
energia_eletrica,CMIG4,AURE3,-4.640984320053898,0.0001084725376825815,-0.5240500966619264,691
mineracao_siderurgia,BRAP4,VALE3,-4.629713533541616,0.0001138245031415122,0.37392002936488694,749
financeiro,RPAD5,BBAS3,-4.593669562115624,0.00013268484621545783,0.05035220292649924,749
financeiro,RPAD5,BAZA3,-4.584337468513197,0.00013803370098447595,0.009498673012054933,749
energia_eletrica,TAEE11,TAEE4,-4.566609012982293,0.00014876659796373627,3.0336931594628487,749
energia_eletrica,TAEE4,TAEE11,-4.563215818265158,0.00015090958814563757,0.32851778783080243,749
financeiro,RPAD5,PSSA3,-4.555153007918859,0.00015612034012494724,0.032095837864842866,749
financeiro,RPAD5,BPAC5,-4.537227525982004,0.00016832606809666584,0.11719389347572098,749
energia_eletrica,ENMT4,EMAE4,-4.5334892417861035,0.0001709835867595466,-0.4086329018199235,749
energia_eletrica,CGAS5,REDE3,-4.516297828769972,0.00018372755955127756,-5.6215678753474965,749
energia_eletrica,ALUP4,ALUP3,-4.510762366444005,0.00018801989972883255,0.8656945196362557,749
financeiro,RPAD5,B3SA3,-4.48377191516534,0.0002103516219947184,-0.08852611850184107,749
energia_eletrica,TAEE3,TAEE4,-4.467798786852678,0.00022473223576707234,1.03587398015562,749
energia_eletrica,CGAS3,REDE3,-4.466448095324925,0.00022599018453506325,-4.7430461128835395,749
energia_eletrica,TAEE4,TAEE3,-4.465238845665917,0.00022712207648822356,0.9597263968940792,749
financeiro,RPAD5,IRBR3,-4.462856340449135,0.00022936794719061862,0.008908048145332043,749
financeiro,RPAD5,RPAD6,-4.41489314598463,0.00027932699695961565,0.0935453914227503,749
financeiro,RPAD5,BRSR5,-4.41405971116289,0.0002802801933816143,-0.07101636809629606,749
industria,LUPA3,PLAS3,-4.400613250315668,0.00029609171951995307,0.7138206887430605,749
energia_eletrica,CPFE3,ENGI4,-4.3983761545038345,0.00029880297943767786,3.039264029752874,749
energia_eletrica,CGAS3,EQTL3,-4.3977949244535175,0.00029951124566815024,-1.074438795324071,749
energia_eletrica,CPFE3,ENGI11,-4.394548037264399,0.00030349714828817917,0.5107634874949717,749
financeiro,RPAD5,BSLI3,-4.391170921301475,0.00030769622480030775,-0.01732495578379051,749
financeiro,RPAD5,BMIN3,-4.374729954031814,0.0003289370651304976,0.04796352818427374,749
energia_eletrica,CGAS3,EQPA3,-4.3726834825158845,0.0003316761494339376,-4.738245838867343,749
oleo_gas,PETR3,VBBR3,-4.370871011429275,0.0003341200588173604,1.223548835070409,749
industria,ETER3,INEP3,-4.363537815902713,0.0003441831632925456,1.404501131404571,749
energia_eletrica,CGAS3,TAEE3,-4.348969471296165,0.0003650319752876969,3.8532351962981664,749
financeiro,RPAD5,BRSR3,-4.336692985025346,0.0003835229749052191,0.08540006416255369,749
financeiro,RPAD5,CGRA3,-4.331413032499891,0.00039174509329905163,-0.01574790538577125,749
financeiro,RPAD5,SANB3,-4.324185345727568,0.0004032707932432782,0.09648116505243838,749
industria,INEP4,ETER3,-4.321050010820042,0.00040836961572973863,0.4653387649616664,702
energia_eletrica,AURE3,CMIG4,-4.318915327284652,0.0004118759293450947,-1.1575458791420863,691
financeiro,RPAD5,BRSR6,-4.31695652403004,0.0004151183636664814,0.03807918954211863,749
energia_eletrica,CGAS3,TAEE11,-4.3152399914644315,0.00041797957809705494,1.245237124639847,749
energia_eletrica,CGAS3,TAEE4,-4.31459727099387,0.00041905568781243314,3.707314542349094,749
energia_eletrica,CPFE3,ENMT4,-4.309598631049878,0.00042751471981899113,-0.09401860732732087,749
financeiro,RPAD5,CGRA4,-4.308309119220142,0.00042972294664349575,-0.007204947771266062,749
financeiro,SANB11,BSLI4,-4.302605012050006,0.00043962082132064094,0.4321427411768812,742
financeiro,RPAD5,WIZC3,-4.302100303265936,0.00044050689271577355,0.00908203238415761,749
financeiro,RPAD5,SANB11,-4.301664156189758,0.0004412739546679371,0.03713256686787754,749
financeiro,RPAD5,BBSE3,-4.300638649617107,0.0004430825091764471,-0.0044020776501946125,749
energia_eletrica,ALUP3,ALUP4,-4.295760774875808,0.00045178122633774033,1.098631765421818,749
industria,PLAS3,PTBL3,-4.29104432024678,0.0004603451974950398,0.5515537607160066,749
financeiro,RPAD5,SANB4,-4.2826432706663615,0.0004759803139708086,0.05160772428689887,749
financeiro,SANB3,BSLI4,-4.282610271740847,0.0004760427044606878,0.21340114048868108,742
financeiro,BBSE3,BSLI3,-4.265347679550346,0.0005097601184379138,-0.6469901969598144,749
financeiro,SANB4,BSLI4,-4.252287015005394,0.0005367533640279774,0.22386238514268172,742
mineracao_siderurgia,VALE3,BRAP4,-4.251226303487848,0.0005390037482511087,2.5734563406514384,749
energia_eletrica,EMAE4,ENMT4,-4.250233338690292,0.0005411184573171228,-0.8232947231103352,749
oleo_gas,DEXP4,UGPA3,-4.236642408086069,0.0005708601110496993,0.27500005629244384,749
energia_eletrica,CGAS3,ENGI4,-4.2310275748295405,0.0005835911762023184,-4.851061788357721,749
energia_eletrica,CGAS3,EGIE3,-4.22735850541836,0.0005920543324836586,-1.8082653680206933,749
financeiro,BBAS3,BAZA3,-4.224482735712505,0.0005987682747533203,0.19216963979316287,749
financeiro,WIZC3,BSLI4,-4.21081469256099,0.0006316697887460969,0.19928572328843744,742
energia_eletrica,CGAS3,CMIG4,-4.201049422174669,0.0006562102677014957,-2.6872899820247484,749
industria,PLAS3,POMO4,-4.200035059208699,0.0006588101731372696,-0.542319341543991,749
energia_eletrica,CGAS3,EQPA7,-4.198763424375136,0.0006620831732547291,-3.8501304031735755,749
oleo_gas,PETR4,VBBR3,-4.1942732183956375,0.0006737630167758317,1.3420808358942398,749
financeiro,BMIN4,RPAD5,-4.189985649074037,0.0006850963163597457,1.1688351192257045,749
energia_eletrica,CGAS3,COCE3,-4.1853401867795235,0.0006975777471168044,0.3484292748968168,749
mineracao_siderurgia,VALE3,BRAP3,-4.18339063384542,0.0007028791992926775,3.2640467095652763,749
industria,PLAS3,POMO3,-4.1772011378174465,0.0007199623733080585,-0.7314111144482682,749
financeiro,BMIN3,INBR32,-4.176276747016738,0.0007225469444692608,0.04015399606151137,585
energia_eletrica,CGAS3,COCE5,-4.175825413054073,0.0007238120258510458,0.4150194806728501,749
energia_eletrica,CGAS3,EMAE4,-4.171059102439368,0.000737299517357533,-0.12795377102049563,749
financeiro,CGRA4,BSLI4,-4.170551281841126,0.000738750356238244,0.8385676627914188,742
financeiro,BMIN4,INBR32,-4.162635314404371,0.000761715676339701,0.12229683189191548,585
energia_eletrica,CPFE3,EMAE4,-4.157965040295068,0.0007755773937320952,0.027163449200644955,749
industria,PLAS3,VLID3,-4.138657964659505,0.0008354333851566397,-0.21093562198483803,749
energia_eletrica,CGAS3,ENMT4,-4.135927031258325,0.0008442414924264484,0.23667573671161474,749
energia_eletrica,CGAS3,ENGI3,-4.134898223665552,0.0008475822381732186,-1.8182188652649545,749
energia_eletrica,REDE3,CEBR3,-4.13486981596841,0.000847674659298742,0.12592099188355266,749
energia_eletrica,COCE3,CMIG4,-4.1253328265108795,0.0008792418210844496,-8.046016647067354,749
energia_eletrica,CGAS5,CMIG3,-4.108537162743109,0.000937528830630112,1.5264821748099393,749
energia_eletrica,CGAS3,ENGI11,-4.101001768755981,0.0009648383488749644,-0.7253712566654724,749
energia_eletrica,CGAS3,EQPA5,-4.077105653420749,0.0010564468870608486,-3.566951200939225,749
oleo_gas,UGPA3,DEXP4,-4.07469262294854,0.0010661363858808185,3.153252725080512,749
energia_eletrica,CPFE3,REDE3,-4.068053016636857,0.00109322817886007,0.6903996247981207,749
energia_eletrica,CPFE3,ENMT3,-4.064171032087843,0.001109364633213884,-0.08128730830274866,749
oleo_gas,DEXP3,UGPA3,-4.062843537280457,0.0011149335773228564,0.23245400337436048,749
energia_eletrica,CGAS3,CPFE3,-4.062453650763064,0.001116574137223973,-0.8305349215542268,749
energia_eletrica,ALUP4,ALUP11,-4.0613835557779305,0.0011210884677561213,0.3186448076027465,749
oleo_gas,OSXB3,BRAV3,-4.0603605994341505,0.0011254198743427802,0.10267793408962489,749
agro_alimentos,CAML3,TTEN3,-4.053350718117722,0.0011555243847688568,-0.33051102240684205,749
energia_eletrica,TAEE11,TAEE3,-4.047301851491701,0.0011821045040566467,2.918558693605129,749
financeiro,BMIN3,BMIN4,-4.045613378610199,0.0011896253207263631,0.5521899746379708,749
energia_eletrica,CPFE3,CEBR6,-4.043941922637391,0.0011971143159777721,0.1747066072194984,749
energia_eletrica,CGAS3,LIGT3,-4.038233743382506,0.0012230230027504858,1.5630552219318101,749
energia_eletrica,TAEE3,TAEE11,-4.037988963276563,0.0012241456433980747,0.34112626033594623,749
energia_eletrica,CPFE3,CGAS3,-4.036260316545356,0.001232101191874639,-0.05105979475336165,749
energia_eletrica,ENMT4,ENGI11,-4.026412567393996,0.0012783501580829668,-1.2133799579042355,749
industria,RAIL3,SHUL4,-4.006008128635869,0.0013793756283118734,1.8435296075533396,749
energia_eletrica,CGAS5,EQPA6,-4.005223723320411,0.0013834039573700709,2.942498906651445,749
financeiro,BAZA3,BBAS3,-4.001231590995105,0.0014040759937255373,4.694942858721408,749
financeiro,BSLI4,BBSE3,-3.994254255303889,0.001440898301923116,-0.7061993001490233,742
agro_alimentos,SLCE3,LAND3,-3.987032416040198,0.0014799563820853839,0.1871457672700638,749
energia_eletrica,CPFE3,CEBR5,-3.9759025594489894,0.0015420840329930772,0.13077868160523354,749
energia_eletrica,CGAS3,ENMT3,-3.957079404030521,0.001652705287661575,-0.006260754423863143,749
energia_eletrica,CGAS3,CMIG3,-3.955816578079427,0.0016603845897408495,-0.011782617449050873,749
energia_eletrica,CPFE3,CEBR3,-3.9506848644340185,0.0016919331127017566,0.12165672131777895,749
energia_eletrica,CEBR5,CEBR3,-3.949611474336241,0.001698602074783625,0.7779315375111152,749
financeiro,CGRA4,BBSE3,-3.9205677079209202,0.0018885875854888227,-0.6784226438746475,749
mineracao_siderurgia,USIM3,CSNA3,-3.9174567827923297,0.001910065575040489,0.4795913327506473,749
energia_eletrica,ALUP11,ALUP4,-3.9128241575477554,0.0019424694561989886,3.095413882209568,749
financeiro,BSLI4,BSLI3,-3.912472960815557,0.0019449466374643072,0.5719709453939292,742
energia_eletrica,CGAS5,RNEW4,-3.9076266995542532,0.001979430256847877,3.4279882288524126,749
energia_eletrica,CPFE3,CGAS5,-3.901987568173843,0.0020202682934363806,-0.03293777218180877,749
energia_eletrica,CEBR3,CEBR5,-3.899574537814583,0.0020379805058619643,1.153048492547949,749
energia_eletrica,CPFE3,TAEE3,-3.887854555868712,0.0021260715122885083,0.21012491211937756,749
energia_eletrica,CPFE3,TAEE4,-3.887656980660309,0.0021275863085999797,0.2750621822146333,749
financeiro,BBAS3,BNBR3,-3.8874764537866815,0.0021289712696549844,0.23964588874686377,749
agro_alimentos,SLCE3,BEEF3,-3.8862778891845724,0.002138187563714768,0.4013789686450254,749
energia_eletrica,CPFE3,TAEE11,-3.8860163354916293,0.0021402036673322353,0.08439232198892113,749
energia_eletrica,CPFE3,EQPA3,-3.8851612629180146,0.0021468070055041012,1.418422455764355,749
financeiro,CGRA4,BSLI3,-3.8822022837130072,0.0021698036370096678,0.5296670916223044,749
energia_eletrica,EQPA5,TAEE4,-3.864120752289379,0.002315353219220966,-0.5840892721482437,749
oleo_gas,PETR3,LUXM4,-3.8569088423233078,0.002375883777695097,-2.42995274942113,749
energia_eletrica,CGAS3,AURE3,-3.8465980039080927,0.0024649658545690557,1.989296376074038,691
financeiro,BSLI3,BSLI4,-3.846063128722795,0.002469670069686184,1.5069923291658953,742
energia_eletrica,CPFE3,EQPA5,-3.8394736118635717,0.0025283086871004845,0.21138270837646966,749
energia_eletrica,EQPA7,CBEE3,-3.83388597812466,0.002579035557407309,-0.14511293706405595,749
oleo_gas,DEXP3,DEXP4,-3.833107132689677,0.002586180326468112,0.8739459301163757,749
energia_eletrica,CPFE3,EQPA6,-3.8276860407783175,0.0026364189317493406,-0.2806263154404285,749
energia_eletrica,CMIG4,EQPA6,-3.82413155029639,0.002669846111412637,-0.7233796329489788,749
energia_eletrica,CEBR5,CEBR6,-3.824008573305562,0.002671009575563584,0.8122921173398577,749
energia_eletrica,CPFE3,LIGT3,-3.819390492174954,0.002715040264540392,-0.06420035093809473,749
energia_eletrica,CPFE3,RNEW3,-3.818050406487715,0.0027279418542046183,-0.6063540733474023,749
energia_eletrica,CPLE3,RNEW3,-3.8168022004009456,0.0027400096745308807,-0.8871005293813244,749
energia_eletrica,CPFE3,COCE3,-3.812345138284994,0.0027835036944298275,-0.020371297997478503,749
industria,KEPL3,SHUL4,-3.811108625055011,0.0027956823534653727,0.5491348062500042,749
energia_eletrica,CGAS5,RNEW3,-3.804251542372534,0.002864114461073841,2.9858253119606495,749
energia_eletrica,EQPA5,TAEE3,-3.803606596991906,0.0028706295896634725,-0.561460893922181,749
financeiro,BRSR3,BRSR6,-3.802705571846545,0.002879754441002279,0.6790291824343424,749
energia_eletrica,EQPA5,TAEE11,-3.8023789366352894,0.0028830689267135457,-0.1907802069669332,749
energia_eletrica,CPFE3,RNEW4,-3.8013433673654475,0.0028936004543587803,-0.5823299043009665,749
industria,PLAS3,FRAS3,-3.7968563124730372,0.0029396432930458884,-0.29380436874217547,749
financeiro,B3SA3,CGRA4,-3.7967484256515514,0.0029407586027896935,0.22629823306232977,749
energia_eletrica,CPFE3,EQPA7,-3.7955434153872933,0.0029532422204095465,0.538425053105519,749
financeiro,BMIN4,ITSA4,-3.7873027304695435,0.0030399292412231203,0.9136299245699427,749
financeiro,ITSA3,INBR32,-3.783212742141858,0.003083816927956553,0.08064226770729402,585
financeiro,INBR32,RPAD5,-3.7746222565931338,0.0031779001314893433,9.023037790954382,585
energia_eletrica,CPFE3,EGIE3,-3.772164991987376,0.0032052932792470414,0.5531159773275564,749
financeiro,BMIN4,ITSA3,-3.7720629869178204,0.0032064350896601054,0.985633479546552,749
energia_eletrica,ENGI4,ENMT4,-3.769442416356389,0.0032358973034126146,-0.03031595452113898,749
energia_eletrica,CEBR5,CGAS5,-3.768573344491502,0.0032457227711721564,-0.23347993394340288,749
energia_eletrica,ALUP4,CPLE3,-3.7669315940479486,0.0032643587324088646,0.5575340357492299,749
energia_eletrica,CPFE3,ALUP11,-3.765105122455024,0.0032852069665205144,0.4713462050206823,749
financeiro,ITUB4,BNBR3,-3.7626055176211004,0.003313936873474333,0.1847446404266377,749
energia_eletrica,RNEW3,CPLE3,-3.7617547643939453,0.003323767745139621,-0.7404370719187648,749
energia_eletrica,CPFE3,COCE5,-3.7609591496726256,0.003332985686514345,-0.04107321219461466,749
financeiro,B3SA3,SANB4,-3.7601487345454916,0.0033423992288756704,0.7837171814627608,749
energia_eletrica,ENGI4,CPFE3,-3.7556143981852306,0.003395520557907351,0.1691509390594005,749
financeiro,WIZC3,BSLI3,-3.7543489070223157,0.003410483921227319,0.13164942612306282,749
energia_eletrica,EMAE4,ENMT3,-3.7524814543706424,0.003432675527745133,-0.7749384280432284,749
energia_eletrica,CBEE3,TAEE4,-3.747302912686013,0.0034949089241629355,2.5023366532654094,749
industria,KEPL3,INEP4,-3.7447968407903116,0.0035253958771864972,-0.14146267284848346,702
energia_eletrica,CBEE3,TAEE3,-3.7438981997445424,0.0035363873325262463,2.47547615628979,749
financeiro,IRBR3,SANB11,-3.743870297991858,0.0035367291068203227,4.8060600345476265,749
financeiro,BBAS3,PINE4,-3.7438030084557012,0.0035375534747697076,2.9010533253942166,749
financeiro,BMIN4,BPAC3,-3.7382929283804995,0.0036056588103988616,0.3763854709250219,749
financeiro,B3SA3,BRSR5,-3.7380948811080015,0.0036081289308028874,0.4733972156430866,749
energia_eletrica,CMIG4,COCE5,-3.7360053945577425,0.003634284473318914,-0.09617307945090539,749
energia_eletrica,CBEE3,TAEE11,-3.731787911152981,0.0036876077198461287,0.8334512578407351,749
energia_eletrica,CPFE3,EQTL3,-3.731349681575276,0.0036931893408928933,0.34977470747524336,749
industria,KEPL3,LOGN3,-3.727590542020095,0.003741387502996144,0.051102115256884226,749
agro_alimentos,SLCE3,AGRO3,-3.7273621327855926,0.003744334559980181,0.39410661872569885,749
energia_eletrica,CEBR6,CEBR5,-3.7245909107007553,0.0037802601252223986,1.1626141323712154,749
oleo_gas,BRAV3,OSXB3,-3.7180252277022827,0.003866639681446916,3.4147634646379843,749
financeiro,B3SA3,BSLI4,-3.7179337063751694,0.003867856422743214,0.19232666100469048,742
financeiro,WIZC3,BAZA3,-3.717771968135247,0.003870007528230047,-0.032390082427826226,749
financeiro,BBSE3,CGRA4,-3.7136473304255304,0.0039252362747685355,-0.9381663722519868,749
mineracao_siderurgia,CSNA3,USIM3,-3.7134705380573862,0.003927619559315065,1.8380180009668685,749
industria,SHUL4,RAIL3,-3.7107945478404845,0.003963855852926151,0.40663963265922726,749
financeiro,SANB4,BSLI3,-3.7083033335291526,0.003997864700217514,0.14068446065566925,749
energia_eletrica,ENGI11,ENGI3,-3.70443511127301,0.004051201059895338,2.1281887604985084,749
energia_eletrica,CPFE3,ALUP3,-3.7041088215427873,0.004055729681884211,1.1945620356316629,749
financeiro,BSLI3,PSSA3,-3.70384948546801,0.004059332345836273,-0.8464390197596217,749
industria,LUPA3,VLID3,-3.700744967111415,0.004102687703795458,-0.23805628174232707,749
energia_eletrica,ALUP11,CPLE3,-3.699543999471305,0.004119572768114723,1.745787223541874,749
financeiro,SANB4,BBSE3,-3.6954486480817508,0.004177630345941656,-0.17132872523451903,749
energia_eletrica,ENGI4,EMAE4,-3.6947559478273444,0.004187523997140393,0.01798324699055033,749
financeiro,BBSE3,SANB4,-3.693934224833504,0.004199288208646218,-1.909573109458541,749
financeiro,BRSR6,BRSR3,-3.690404847071911,0.004250160802625609,1.344350863609193,749
financeiro,WIZC3,BBSE3,-3.6876868304443313,0.00428972147099451,-0.15402626633154132,749
energia_eletrica,CGAS5,TAEE3,-3.6874414862490394,0.004293308949234224,1.5986332326407193,749
energia_eletrica,CGAS5,ENMT3,-3.6855940232473845,0.004320411099515013,-0.1486205204124672,749
oleo_gas,UGPA3,DEXP3,-3.6816888804068526,0.004378214135729917,3.1801145020766066,749
energia_eletrica,ALUP4,CGAS3,-3.680954193862798,0.00438916738958009,-0.04378992728566605,749
financeiro,BPAC3,BMIN4,-3.6801588827650042,0.00440105267272579,0.6866033744484791,749
energia_eletrica,EQPA7,COCE5,-3.6780090402537886,0.004433327529651822,-0.06055597002122043,749
energia_eletrica,RNEW4,EQPA6,-3.676378015714594,0.004457957506659426,0.6237784983213347,749
energia_eletrica,CGAS5,CPLE3,-3.6748432195629914,0.0044812483245219355,-2.582768550432237,749
financeiro,BRSR5,B3SA3,-3.6699367845723088,0.004556451197921307,0.37894257237760515,749
energia_eletrica,EQPA6,AURE3,-3.6685993393099126,0.004577149484601262,0.6418632153676168,691
financeiro,BNBR3,BBAS3,-3.6685712692140258,0.0045775848144411786,3.5675550449901148,749
industria,TGMA3,ETER3,-3.668526491999039,0.004578279327638074,-1.2410779967362235,749
energia_eletrica,CGAS5,TAEE11,-3.6632648273829327,0.004660562269082932,0.4774230194714473,749
energia_eletrica,CPFE3,CPLE3,-3.660451359639229,0.004705110945805408,1.063837370520751,749
energia_eletrica,CGAS5,TAEE4,-3.657841269686208,0.004746786043381381,1.4120591081429197,749
energia_eletrica,REDE3,CEBR5,-3.652736270673025,0.00482927102359627,0.14667507131807744,749
oleo_gas,DEXP4,DEXP3,-3.6510683381339573,0.004856502655869721,1.0427118147325785,749
energia_eletrica,ENMT4,EQPA5,-3.6482617208951544,0.004902640976800481,-3.426169343200609,749
financeiro,B3SA3,BBSE3,-3.647537827873696,0.004914605722713411,-0.11905479916259212,749
financeiro,B3SA3,BMEB4,-3.6398819222810697,0.0050427825793850035,-0.06557697524846712,749
financeiro,CGRA3,BSLI4,-3.63764585711812,0.005080789228478937,0.8916702261644189,742
financeiro,BPAC11,BNBR3,-3.63668927951762,0.005097127743791572,0.27933763654294463,749
industria,RAPT4,RAPT3,-3.633467538488353,0.005152507900880466,0.9106630427956894,749
oleo_gas,BRAV3,LUXM4,-3.63264189331629,0.00516678817211294,3.5177203542617246,749
energia_eletrica,CGAS5,ENGI3,-3.629298896197892,0.005224976998658078,-1.808770477912084,749
energia_eletrica,CGAS5,EMAE4,-3.6292670648832206,0.005225533913226346,-0.04639086395974682,749
energia_eletrica,CEBR3,REDE3,-3.628517811000764,0.005238658313808116,4.913631704045205,749
financeiro,WIZC3,PSSA3,-3.6215951081292084,0.005361346027975008,-0.11454417403014347,749
financeiro,ITUB4,CXSE3,-3.621208468055173,0.005368274648871622,1.102542725743066,749
agro_alimentos,TTEN3,CAML3,-3.618357755222966,0.005419611342589968,-0.7179939476144038,749
financeiro,BBSE3,SANB11,-3.6181943845686644,0.005422566851715075,-0.9600903485741312,749
energia_eletrica,COCE5,AURE3,-3.617359042646153,0.005437701770964615,4.679246484258619,691
financeiro,WIZC3,CGRA3,-3.6171122962149322,0.0054421797168531395,0.19933847817325137,749
oleo_gas,OSXB3,LUXM4,-3.6158064412228557,0.005465934157370833,0.5529282649117537,749
financeiro,BBSE3,SANB3,-3.615043285864822,0.0054798600690529,-2.034339244006158,749
energia_eletrica,EMAE4,EQPA3,-3.6141232608748024,0.005496691348586087,6.825217254356772,749
energia_eletrica,REDE3,CEBR6,-3.612640684609372,0.0055239129694056996,0.12220494135187886,749
financeiro,B3SA3,BSLI3,-3.6091439115982134,0.005588602862044709,0.12018726796488273,749
financeiro,BNBR3,CXSE3,-3.60707106372436,0.005627274259601404,5.1577194957591255,749
energia_eletrica,CGAS5,COCE3,-3.6060263411345614,0.005646856703331631,0.1853955181019548,749
energia_eletrica,CEBR3,CGAS5,-3.597211348423834,0.0058145651292631035,-0.29216937004164295,749
industria,INEP3,ETER3,-3.596373335687591,0.005830741507130916,0.462437775369536,749
energia_eletrica,ENMT4,EQTL3,-3.5955707857109513,0.005846271589550018,-1.0738191587716561,749
financeiro,ITUB3,INBR32,-3.5931116528032523,0.005894091941832159,0.2894314217664021,585
financeiro,B3SA3,SANB3,-3.5928634335820417,0.005898938471925164,0.7573838270868853,749
oleo_gas,VBBR3,PETR4,-3.5904409669627717,0.005946427675931003,0.531630524773541,749
industria,RAPT3,JSLG3,-3.58659220205448,0.006022590628787868,0.31989346985570233,749
financeiro,WIZC3,PINE4,-3.5784736688900205,0.00618615425835596,-0.46795941621632625,749
energia_eletrica,RNEW4,CEBR6,-3.5765512841156073,0.00622546886899508,-0.20339066759527696,749
financeiro,ITSA4,BNBR3,-3.5764033139273956,0.0062285043585949,0.04919483707217056,749
industria,KEPL3,PTBL3,-3.572196038096006,0.006315375981887774,0.02813570928133718,749
mineracao_siderurgia,GGBR4,BRAP3,-3.5717220208416243,0.006325231898858544,0.5110960008195864,749
industria,KEPL3,TUPY3,-3.5714003370012595,0.00633192837894527,0.31452936672209975,749
energia_eletrica,CGAS5,ALUP4,-3.569910769647737,0.006363020371548068,-3.846762747034602,749
energia_eletrica,AURE3,EQPA6,-3.5672025615522633,0.0064199034313829,1.070821714432675,691
energia_eletrica,CPFE3,CBEE3,-3.566525458141916,0.006434196986589449,-0.23096396645032083,749
energia_eletrica,ALUP4,CEBR6,-3.5655326263695133,0.0064552075860879205,0.12241905632999348,749
energia_eletrica,CGAS5,ALUP3,-3.5630262484612167,0.00650852469544395,-3.7338151287493355,749
energia_eletrica,RNEW4,CPLE3,-3.5620837224409674,0.006528677486546015,-0.6641517409517961,749
energia_eletrica,CGAS5,ALUP11,-3.5617509659331574,0.006535805848484286,-1.3162115569632316,749
energia_eletrica,EMAE4,EQTL3,-3.5605361397748614,0.006561889840568514,1.373795708428486,749
industria,KEPL3,RAPT4,-3.560278070583557,0.0065674430501540095,0.08339842299048361,749
industria,KEPL3,ROMI3,-3.559583927863721,0.006582400913809346,0.013462316148024449,749
energia_eletrica,CPFE3,ALUP4,-3.558321027748362,0.0066096937787214856,1.5464624589585174,749
financeiro,BMIN4,BMEB3,-3.5579653834705796,0.0066173981420647055,0.09677494503089909,749
financeiro,SANB11,BBSE3,-3.5575870824647127,0.006625602231288736,-0.33352400037475494,749
energia_eletrica,ENMT4,ENGI4,-3.5564786970649456,0.006649692386062312,-7.168709655712068,749
energia_eletrica,CGAS5,EQPA3,-3.5530317448994344,0.006725116860798207,-3.77348661443574,749
energia_eletrica,CGAS5,EQPA7,-3.552917248530993,0.006727635427672773,-1.7006810685156943,749
industria,KEPL3,RAIL3,-3.551148756004967,0.006766645216845689,0.2733415828058633,749
energia_eletrica,CGAS5,ENMT4,-3.5508542407967925,0.00677316151341237,0.038504388867440224,749
energia_eletrica,ALUP4,CEBR5,-3.5502753208232396,0.006785986936947987,0.13485800091179742,749
financeiro,ITSA4,ITSA3,-3.5490564351699616,0.006813061952818589,1.096365111765679,749
financeiro,IRBR3,SANB3,-3.5485884776257146,0.006823482558085358,10.157933782392108,749
financeiro,ITSA3,ITSA4,-3.5484556708671633,0.006826442556755921,0.9040874120250669,749
energia_eletrica,EQTL3,CPLE3,-3.547817085250277,0.00684069156516515,3.1058736443003205,749
industria,KEPL3,LUPA3,-3.5444888409581345,0.006915391790750533,-0.2926993389143501,749
financeiro,BBSE3,WIZC3,-3.5441036113551134,0.006924085409715444,-2.481266693353351,749
financeiro,ITUB4,PINE4,-3.542135181244532,0.006968661944022685,2.3017845627861186,749
industria,PTBL3,PLAS3,-3.5404215260513294,0.00700767970839362,0.895791260909845,749
energia_eletrica,CGAS5,CMIG4,-3.539396368622131,0.007031115420528992,-1.2037823287809986,749
energia_eletrica,ENMT4,CPFE3,-3.5388760519705196,0.007043037216042368,-1.2373413911724391,749
energia_eletrica,CGAS5,ENGI11,-3.532426453871691,0.007192336298936382,-0.5259415112813917,749
energia_eletrica,CGAS5,COCE5,-3.5296103802851326,0.007258415281630534,0.23671440750269784,749
financeiro,BSLI3,CGRA4,-3.528569233427819,0.007282984029733004,1.366791212836799,749
financeiro,SANB3,BBSE3,-3.5278516523921204,0.0072999609753005585,-0.16872622529320472,749
industria,KEPL3,FRAS3,-3.5235413796914985,0.0074026889382475605,0.10357958991888136,749
energia_eletrica,CGAS5,ENGI4,-3.522389375586818,0.007430364774877968,-2.7750934743499602,749
financeiro,B3SA3,PSSA3,-3.5216492957038774,0.007448193677299629,-0.09502394848255451,749
energia_eletrica,ENGI4,EQPA3,-3.5188573494049202,0.007515800685916335,0.3552225132448585,749
financeiro,BSLI3,WIZC3,-3.5182784400269713,0.007529888004476761,3.957466874724941,749
energia_eletrica,CPFE3,CMIG3,-3.5160757802760636,0.007583705769570965,0.3323634219145021,749
industria,KEPL3,JSLG3,-3.511421824106253,0.007698557260562679,0.14460510738268428,749
financeiro,B3SA3,CGRA3,-3.5093001789531217,0.007751433620324912,0.18451285800554681,749
financeiro,B3SA3,SANB11,-3.506102736278504,0.007831739161417703,0.3850244150226337,749
energia_eletrica,ALUP3,RNEW3,-3.504439534695578,0.007873806752556368,-0.6180921785077016,749
financeiro,BMIN4,ITUB3,-3.504216318020627,0.00787946805268016,0.24602241500542377,749
oleo_gas,VBBR3,PETR3,-3.5039843160048485,0.007885356051416485,0.5490436239283457,749
energia_eletrica,CBEE3,EQPA7,-3.498938821418732,0.00801438923606112,-3.364100038952183,749
industria,KEPL3,INEP3,-3.498339960412755,0.008029829884716653,-0.08355551496152973,749
financeiro,BBAS3,BPAC5,-3.497403304842196,0.00805403366492925,2.399539836222375,749
financeiro,IRBR3,INBR32,-3.4911065069359997,0.008218457097596844,0.4646073419077447,585
financeiro,RPAD6,BAZA3,-3.4894456573822463,0.00826232545795413,0.06892990847260184,749
mineracao_siderurgia,FESA3,CBAV3,-3.487252757137874,0.00832056928946337,-0.1420017210432391,749
financeiro,BMIN4,ITUB4,-3.4865916694649006,0.008338200123912612,0.20490685362776428,749
financeiro,SANB11,BSLI3,-3.4846993489452975,0.00838885292899912,0.27067679188556093,749
agro_alimentos,BEEF3,LAND3,-3.4837805943432905,0.00841354528335739,0.4305452473438788,749
industria,KEPL3,POMO4,-3.483586352656251,0.008418774055289962,0.1518344176844294,749
financeiro,BMIN4,PINE4,-3.4821943464975242,0.008456330806933497,0.5997897786233111,749
energia_eletrica,CGAS5,EQPA5,-3.481852459933734,0.008465577996160193,-1.4746319101782388,749
financeiro,BPAC5,BBAS3,-3.481064222870832,0.00848693247838343,0.37145093881854196,749
financeiro,CGRA4,INBR32,-3.4773962323115133,0.008586941234318133,-0.12564410839879134,585
industria,ETER3,POMO4,-3.4744917120239154,0.008666882897787206,-1.3052042323023032,749
industria,KEPL3,POMO3,-3.4718072374739313,0.008741361425485178,0.21151252758563407,749
industria,PLAS3,ROMI3,-3.4715169193913376,0.008749450371706342,0.4189990630615508,749
energia_eletrica,CGAS5,EGIE3,-3.4692849754508326,0.008811862193245569,-1.6098804146830392,749
energia_eletrica,ALUP11,CGAS3,-3.468032006737387,0.008847073686231048,-0.1393137471322812,749
financeiro,BMEB3,BMEB4,-3.467624559630098,0.00885855110889269,0.8320582304349762,749
financeiro,BBAS3,RPAD6,-3.4674145725028036,0.008864471472457496,2.3787587178332394,749
energia_eletrica,ENMT4,EGIE3,-3.467359550995016,0.0088660233318913,-1.4538948991072478,749
energia_eletrica,EMAE4,ENGI4,-3.465594328673488,0.008915940188385292,8.56761324329787,749
oleo_gas,OSXB3,RAIZ4,-3.463867919434552,0.008965003086424927,0.6341508102710066,749
energia_eletrica,CGAS5,EQTL3,-3.463165851136616,0.008985024328225283,-0.5654365438277638,749
energia_eletrica,CPFE3,CMIG4,-3.4629581406916152,0.008990955392280921,0.5341357842407545,749
financeiro,WIZC3,BPAC5,-3.461222174771765,0.009040662399967826,-0.3365259646662734,749
financeiro,ITUB4,INBR32,-3.4604938035382107,0.009061591564358998,0.32372609499479543,585
financeiro,ITUB4,ITUB3,-3.460163771728285,0.009071089051484746,1.1376469512021188,749
energia_eletrica,CGAS5,LIGT3,-3.458743352483064,0.009112067052673922,0.3115386377364818,749
financeiro,BMIN4,BPAC11,-3.4580740978279922,0.009131431962444253,0.13527062143182375,749
financeiro,IRBR3,B3SA3,-3.456139886583914,0.009187605894570816,3.6429852544679022,749
energia_eletrica,ALUP3,CGAS3,-3.453351252425517,0.009269139165483482,-0.05000364745173086,749
oleo_gas,OSXB3,CSAN3,-3.4525588433087617,0.009292425324885783,0.22919653210354285,749
financeiro,SANB3,BSLI3,-3.452052931662327,0.009307319703833417,0.13430751976117913,749
industria,PLAS3,WEGE3,-3.4506253400540454,0.009349464306117846,-0.09701169898700578,749
agro_alimentos,LAND3,BEEF3,-3.4501298209779505,0.009364132656607385,1.9287190146357436,749
energia_eletrica,ALUP4,TAEE3,-3.4475953743408416,0.009439479999406544,-0.392690704748286,749
financeiro,BPAC5,PINE4,-3.446284016713325,0.0094786784055018,1.1466874577921387,749
energia_eletrica,EQPA6,CMIG4,-3.4452669857480562,0.009509179195236651,-0.8185303212904794,749
financeiro,ITUB3,BNBR3,-3.4440477371160503,0.009545860243818977,0.16220846242292136,749
industria,LUPA3,FRAS3,-3.443761065426198,0.009554503113751413,-0.3030727050973979,749
oleo_gas,OSXB3,PRIO3,-3.4418022166692985,0.009613748099823849,-0.08516411147927588,749
financeiro,CXSE3,BNBR3,-3.4359277627209055,0.009793395325645476,0.162170391243225,749
energia_eletrica,ENMT3,EMAE4,-3.4351113451452946,0.009818598403267452,-0.44385662469802745,749
energia_eletrica,ALUP4,RNEW3,-3.4306097871766843,0.009958607057117473,-0.5317426831761417,749
industria,ETER3,POMO3,-3.4293793015259784,0.009997187170375331,-1.7585325548747692,749
financeiro,INBR32,ITUB3,-3.426901448587143,0.010075282168138097,2.9587018706282477,585
financeiro,BNBR3,BPAC11,-3.4253009927542757,0.010126013298100074,2.653374445273509,749
industria,KEPL3,WEGE3,-3.4234405004533746,0.010185273718936082,0.04111273239278634,749
financeiro,WIZC3,BBAS3,-3.423263931912503,0.0101909138414007,-0.1390545263656181,749
financeiro,BRSR5,BRSR3,-3.4213018518526472,0.010253776441050941,0.592308847591537,749
financeiro,ITUB4,BMEB3,-3.4198174199853137,0.010301565593693503,0.3505280862128282,749
industria,PLAS3,AERI3,-3.4195837028579934,0.010309107870680914,0.026620957958479945,749
industria,LUPA3,POMO4,-3.419063440416818,0.010325914943276397,-0.5881690419298592,749
mineracao_siderurgia,GOAU3,GGBR3,-3.4179626220144357,0.010361557518615271,0.3527010683881452,749
industria,LUPA3,POMO3,-3.4167558216491365,0.010400757741308534,-0.7980828500470003,749
energia_eletrica,CGAS5,CPFE3,-3.416631990824125,0.010404787587447112,-0.3613682498205563,749
financeiro,BMIN4,BMEB4,-3.40642629232049,0.010741740822312622,0.07576427853195553,749
energia_eletrica,CMIG4,RNEW3,-3.4017431591162284,0.010899590778244166,-0.7596271485393186,749
financeiro,BMIN4,CXSE3,-3.40159813101416,0.010904511930218805,0.26809864639953696,749
financeiro,ITUB4,RPAD5,-3.4013665114076526,0.01091237544590573,2.4465136172502935,749
mineracao_siderurgia,USIM3,USIM5,-3.396990973363474,0.011061877816247373,0.8490969856667355,749
agro_alimentos,ABEV3,BEEF3,-3.394707457022335,0.011140622648922146,0.2860365428669353,749
agro_alimentos,ABEV3,LAND3,-3.390714262020954,0.011279524304071567,0.13000096647556247,749
energia_eletrica,EQPA7,TAEE4,-3.390185073060291,0.011298047130760122,-0.4723389491700158,749
financeiro,CGRA4,RPAD6,-3.390065322219942,0.011302242439006871,-1.628932087425416,749
financeiro,SANB11,CGRA4,-3.388037626582074,0.011373490805450833,0.45651194599401324,749
financeiro,ITSA4,INBR32,-3.386639089930954,0.011422864640434089,0.08882116831403129,585
financeiro,ITSA4,BMIN4,-3.386374530316603,0.011432226053079952,0.3598759395840693,749
energia_eletrica,EQTL3,EMAE4,-3.3853262973128677,0.011469384793653812,0.1483686526179081,749
financeiro,INBR32,ITSA3,-3.3843947899552176,0.01150249585432252,9.838572920690977,585
industria,ETER3,PTBL3,-3.383849565436546,0.01152191565211836,1.2786731275372514,749
energia_eletrica,CPLE3,EQTL3,-3.3835090283551086,0.011534059685771831,0.2736716846647756,749
financeiro,SANB4,IRBR3,-3.383101824632419,0.011548596090147184,0.047070741646915326,749
energia_eletrica,ALUP3,CEBR5,-3.3823449403607455,0.011575658723710552,0.16230400613205037,749
energia_eletrica,EMAE4,ENGI11,-3.380585547768001,0.011638784379316239,1.4418285116814642,749
financeiro,PINE4,BBAS3,-3.377002994779259,0.01176827053711922,0.29442499623886625,749
energia_eletrica,ALUP4,TAEE11,-3.3759713284163033,0.011805795300592224,-0.12943620328539096,749
financeiro,CGRA3,B3SA3,-3.3706396139123656,0.012001425341388677,1.1620990350000104,749
mineracao_siderurgia,GOAU3,USIM5,-3.36985346886151,0.012030512670162172,-0.06322176865052485,749
financeiro,BRSR6,BAZA3,-3.368964901349294,0.012063464987506716,0.03991681236828098,749
industria,MYPK3,WEGE3,-3.3650916603415193,0.012208041224007551,-0.11453652506673202,749
energia_eletrica,ALUP11,RNEW3,-3.3650602282474096,0.012209220752580472,-1.6808419592015806,749
financeiro,ITSA3,BNBR3,-3.3642189829830516,0.012240827139389636,0.04433117407336488,749
energia_eletrica,ENGI4,ENMT3,-3.3628404418833164,0.012292777270945411,-0.01958413833576336,749
financeiro,CGRA3,WIZC3,-3.36014664938559,0.012394857499644939,2.6585162337069255,749
energia_eletrica,CPLE3,ALUP11,-3.357700805878835,0.012488192476967286,0.4461229283034087,749
industria,INEP3,FRAS3,-3.357659894834082,0.012489758955660468,-0.3700788484052798,749
energia_eletrica,ALUP4,TAEE4,-3.3576204972937536,0.01249126764718945,-0.3899552794377225,749
mineracao_siderurgia,USIM5,USIM3,-3.3539238056759237,0.012633550069070677,1.157585734216939,749
industria,VLID3,LUPA3,-3.3507287900286546,0.01275767911780167,-3.021895297844277,749
energia_eletrica,TAEE11,EQPA5,-3.350510049794075,0.0127662167629972,-2.1519564466369294,749
financeiro,ITUB3,ITUB4,-3.349877891537708,0.012790918987936318,0.8732394402669629,749
energia_eletrica,EQPA7,TAEE3,-3.34894031810571,0.01282763362175355,-0.4606696159465125,749
financeiro,ITUB3,CXSE3,-3.3485317103076806,0.012843663576000574,0.9764903229710996,749
oleo_gas,PETR3,PETR4,-3.3482357519057264,0.012855285301529374,0.9299812439192676,749
energia_eletrica,CEBR5,RNEW4,-3.3481381256658156,0.012859120942172005,-2.150743821658511,749
financeiro,BSLI3,BBSE3,-3.3475239983178313,0.012883272673328124,-1.207306004418029,749
industria,ETER3,TGMA3,-3.3471322204853107,0.012898701074263915,-0.5241244586224617,749
energia_eletrica,ENMT4,CGAS3,-3.3451561346105163,0.0129767700597936,0.1914919984820954,749
financeiro,BAZA3,PINE4,-3.343658331273767,0.013036222142440938,14.62949215982861,749
financeiro,IRBR3,SANB4,-3.3435653027232615,0.013039922654504411,9.2563886645585,749
energia_eletrica,ALUP11,CEBR5,-3.3425090355358713,0.013082004395728378,0.4394041139931591,749
financeiro,WIZC3,RPAD6,-3.3398426031121384,0.013188770601387248,-0.446838125757923,749
financeiro,BPAC3,BNBR3,-3.339011746491117,0.013222196062650527,0.09511791909342625,749
industria,KEPL3,VLID3,-3.336533269827525,0.013322351360335057,0.08407836937727602,749
energia_eletrica,TAEE3,EQPA5,-3.334720691572777,0.013396022127184699,-0.7402295126420864,749
oleo_gas,PETR3,RECV3,-3.3342212848495105,0.01341638333926526,-0.4993664199489784,749
energia_eletrica,ALUP11,CEBR6,-3.3318766922884713,0.013512340694249019,0.3940285417677233,749
energia_eletrica,EQPA7,TAEE11,-3.3293480856362185,0.013616509090140004,-0.15615114071271763,749
mineracao_siderurgia,GOAU3,USIM3,-3.3288042568927567,0.013639005201336948,-0.0653551458943884,749
financeiro,SANB3,IRBR3,-3.328483845803551,0.013652274758745338,0.047750745585963754,749
financeiro,BMEB4,BMEB3,-3.3263445508215055,0.013741164752148682,1.1691060748835966,749
financeiro,ITSA4,PINE4,-3.3245762487414647,0.01381502539185491,0.6232624715670126,749
financeiro,BSLI3,SANB11,-3.3233472144036678,0.013866567688213958,1.453970829076145,749
energia_eletrica,TAEE3,CBEE3,-3.3227156384604175,0.013893120270705595,0.1726828101119322,749
energia_eletrica,TAEE11,CBEE3,-3.320783092361157,0.013974647211481497,0.4974206888234983,749
financeiro,IRBR3,BPAC3,-3.320038682932238,0.014006163651554068,0.33206127994453055,749
energia_eletrica,ENGI4,REDE3,-3.318997157650698,0.014050364602168037,0.3392060897987431,749
energia_eletrica,ENMT4,EQPA3,-3.3187784248037366,0.014059662971767067,-2.9682655690080084,749
financeiro,ITSA3,BMIN4,-3.318647223949692,0.014065242949010624,0.3201497435680481,749
energia_eletrica,ALUP4,CEBR3,-3.3173873579099498,0.01411892473916285,0.11222847523581887,749
energia_eletrica,CGAS5,CBEE3,-3.3170571023642856,0.014133026533683046,0.691541061649007,749
financeiro,BSLI3,SANB3,-3.316548739272127,0.014154757763497285,3.0217656195863496,749
financeiro,IRBR3,PABY11,-3.3160901895057044,0.014174384903023314,-1.266819557643115,749
energia_eletrica,EQPA7,EQPA5,-3.3150433572442233,0.014219282150743723,0.6163601969588048,749
mineracao_siderurgia,USIM5,BRAP4,-3.3077710480746956,0.014534661868354167,0.34783583514700406,749
financeiro,B3SA3,CXSE3,-3.305395820905737,0.01463899728850442,-0.1496756161879497,749
financeiro,BAZA3,RPAD6,-3.3050215836689802,0.014655496309730348,12.447494475246543,749
financeiro,IRBR3,RPAD5,-3.3045134613251737,0.014677924176967613,5.370399443636546,749
financeiro,BAZA3,BSLI3,-3.304300564259952,0.014687330172509526,-3.5141252478094733,749
energia_eletrica,ENMT4,TAEE3,-3.30275457673982,0.014755792939827988,3.190620603815448,749
financeiro,B3SA3,BMEB3,-3.3008350018392743,0.014841191120168585,-0.07185217619401983,749
energia_eletrica,COCE5,EQPA6,-3.3005495357467285,0.01485392809214405,6.314474782219283,749
energia_eletrica,ALUP4,EQTL3,-3.2987036483895555,0.014936520983925929,0.16209973702051775,749
financeiro,BRSR5,BRSR6,-3.2981300976770096,0.014962266365934276,0.3765521050595478,749
financeiro,SANB11,IRBR3,-3.2981196169462437,0.014962737185550542,0.0946280182138424,749
energia_eletrica,ALUP3,RNEW4,-3.296497299566757,0.015035773156536394,-0.5967054265202486,749
energia_eletrica,ENMT4,CPLE3,-3.2959376360763093,0.01506104170449361,-2.647532380295795,749
financeiro,RPAD6,INBR32,-3.2956685758282958,0.015073202959103681,0.08958635642012072,585
energia_eletrica,ALUP3,CEBR6,-3.295325358363843,0.01508872859933649,0.14444038722740127,749
mineracao_siderurgia,USIM3,BRAP3,-3.293313883540347,0.015180002302002185,0.4160663067216034,749
financeiro,BSLI3,PINE4,-3.2916384162305636,0.015256399953684815,-3.1610194524182837,749
financeiro,ITSA4,RPAD5,-3.288470903472299,0.015401756981467764,0.6585192573418164,749
industria,LUPA3,TGMA3,-3.2883604244077826,0.015406848784945896,-0.2338329233697081,749
energia_eletrica,ENMT4,TAEE11,-3.2881993724424428,0.0154142740665014,1.0759371223969496,749
financeiro,ITUB3,RPAD5,-3.28570292634539,0.015529775838715489,2.1811105981416143,749
energia_eletrica,ALUP3,EQPA6,-3.284766265633285,0.015573307878133961,-0.5307013698690412,749
energia_eletrica,ENMT4,TAEE4,-3.2835060230400077,0.015632048000282905,3.29212451021234,749
energia_eletrica,EQPA7,EQPA6,-3.2830038196797378,0.015655510032757943,-0.3791325690291572,749
financeiro,IRBR3,BRSR3,-3.282597753174481,0.015674503365301143,0.5810426178382515,749
oleo_gas,OSXB3,UGPA3,-3.280615509698239,0.015767511926717197,-0.139630805094091,749
financeiro,CGRA4,PSSA3,-3.280420389839132,0.015776693299341345,-0.4095419303153466,749
industria,MYPK3,POMO4,-3.2797546893884006,0.015808053246868924,-0.3084889765968564,749
energia_eletrica,ENGI11,ENMT4,-3.275875178356613,0.01599190258841149,-0.2001344549932657,749
energia_eletrica,ENGI4,EGIE3,-3.275442507183244,0.01601252281458741,0.20390536980071675,749
financeiro,ITUB3,BMEB3,-3.2716971083615785,0.016191999539831758,0.31426308655366947,749
financeiro,CGRA4,B3SA3,-3.2713221990807337,0.016210061834357366,1.2449405713239836,749
energia_eletrica,ENMT4,RNEW3,-3.2699516883448876,0.016276240663843776,2.7330928056159793,749
energia_eletrica,CBEE3,EQPA6,-3.269227683709124,0.016311296876208428,1.8794355536232508,749
agro_alimentos,SLCE3,JALL3,-3.2688657004067707,0.016328848909279502,0.794659429912524,749
energia_eletrica,ENMT4,CBEE3,-3.2682788720134774,0.016357338582334544,0.6413853129696497,749
financeiro,PINE4,INBR32,-3.267506346219279,0.01639491013338618,0.11288406480818329,585
energia_eletrica,ENGI4,EQTL3,-3.2654092123363605,0.016497285824907917,0.10087470186174467,749
energia_eletrica,RNEW4,EQTL3,-3.2651960482781273,0.01650772319310688,-0.17346458797237818,749
financeiro,BPAC3,RPAD5,-3.2622905080015623,0.016650569043737563,1.4044868911276358,749
energia_eletrica,CEBR6,CGAS5,-3.261706348444428,0.01667941881706655,-0.2713167507350662,749
energia_eletrica,ENMT4,ALUP11,-3.261112175576196,0.016708808093063847,-1.1939281806884405,749
industria,MYPK3,POMO3,-3.2599142743607623,0.016768197421943607,-0.4101918141664889,749
energia_eletrica,COCE5,CMIG4,-3.2596337196170544,0.016782133444083833,-5.904367467038641,749
energia_eletrica,ENGI4,CGAS3,-3.25886476349384,0.016820381963140875,-0.016598313232994138,749
oleo_gas,PRIO3,DEXP3,-3.258754823276744,0.016825856723037037,3.9419918757055092,749
financeiro,BAZA3,BNBR3,-3.2586109910863335,0.01683302158169302,1.1841172507697397,749
financeiro,RPAD3,ITSA4,-3.258281319835489,0.016849453924854946,0.7531857697028016,749
financeiro,BRSR5,SANB3,-3.2578604487827456,0.016870452529856885,0.19187746939576433,749
energia_eletrica,EQPA3,EMAE4,-3.257219989047141,0.016902451147303293,0.033527412945002305,749
financeiro,WIZC3,BNBR3,-3.255633372164788,0.01698195092828934,-0.03487659125257946,749
financeiro,BRSR5,BPAC11,-3.255015645341812,0.017012991585491292,0.06145093814323343,749
financeiro,WIZC3,CXSE3,-3.254192436526843,0.017054434969905344,-0.18755442925242868,749
energia_eletrica,RNEW3,ALUP11,-3.2534396538200556,0.01709241026970505,-0.35851343126003316,749
energia_eletrica,RNEW3,ALUP4,-3.25249566362713,0.017140136048988616,-1.1017725612445033,749
industria,PLAS3,SHUL4,-3.2504976110952017,0.017241537892837583,-0.690338559591816,749
energia_eletrica,CPFE3,AURE3,-3.250308301319366,0.017251172630321283,0.061568794991674836,691
energia_eletrica,RNEW4,CEBR5,-3.249036534431925,0.017316020332944188,-0.2343526088477749,749
energia_eletrica,ENMT4,AURE3,-3.249011681905177,0.017317289693509055,-0.8526513150463036,691
energia_eletrica,CPLE3,RNEW4,-3.2454164819430154,0.017501777956856472,-0.8753488569653306,749
energia_eletrica,ALUP11,EQPA6,-3.244984356728421,0.01752406796876775,-1.4214799893337553,749
financeiro,ITSA3,PINE4,-3.2437256706627355,0.017589135576293737,0.5638524357762915,749
mineracao_siderurgia,GGBR4,BRAP4,-3.2433689684456835,0.017607613666153283,0.40049619690137667,749
financeiro,BRSR5,BPAC5,-3.2418289446847286,0.017687586020594805,0.19472766324335136,749
financeiro,BPAC3,BRSR3,-3.2404768721964876,0.017758060064159618,1.3475041661780103,749
financeiro,CGRA3,RPAD6,-3.2400937572626125,0.01777807377522944,-1.80998325116656,749
financeiro,INBR32,ITUB4,-3.2390658190200696,0.01783187024058188,2.6212812097509754,585
energia_eletrica,ENMT4,ALUP4,-3.239043897326084,0.017833019047137705,-4.144470074931969,749
financeiro,RPAD3,ITUB3,-3.234661122412019,0.018064002822951702,0.24938331654767354,749
financeiro,BBSE3,B3SA3,-3.2338688408717764,0.01810603618600468,-0.9057198606428968,749
oleo_gas,OSXB3,PETR3,-3.2332922954701706,0.01813667770727484,-0.12171352353217162,749
financeiro,BRSR5,IRBR3,-3.2332650455971335,0.01813812707106041,0.021192206334224882,749
financeiro,BMIN4,BPAC5,-3.2312799528178564,0.018243982723975705,0.3863999754916624,749
financeiro,INBR32,BMIN4,-3.231164627207316,0.018250149057334925,4.994440211549956,585
financeiro,BNBR3,BAZA3,-3.229635063310554,0.018332105601383014,0.72152249087565,749
financeiro,SANB11,CGRA3,-3.2286235099805336,0.018386482795035266,0.3975909647254347,749
mineracao_siderurgia,GOAU3,CSNA3,-3.2281985594802136,0.018409368492562993,-0.017946835918762706,749
industria,RAPT3,SHUL4,-3.227435615230368,0.018450519287898752,0.37334252649164756,749
mineracao_siderurgia,USIM5,CSNA3,-3.2273071122468537,0.018457458232772242,0.5552445006197413,749
energia_eletrica,ENMT4,COCE5,-3.2268514874415484,0.01848207957926894,-0.09677013599207485,749
financeiro,ITUB3,PINE4,-3.226195431346074,0.018517582354066805,2.0360777147955327,749
mineracao_siderurgia,USIM3,BRAP4,-3.2243204521030937,0.018619376286552126,0.32567116908203214,749
oleo_gas,PETR4,LUXM4,-3.2240739708646027,0.018632794198337937,-2.6144668398421165,749
mineracao_siderurgia,GOAU3,CMIN3,-3.2235547083900467,0.01866108937023368,-0.06435406383051313,749
financeiro,BMIN4,BNBR3,-3.2221824841019715,0.01873604399167959,0.04320968858022863,749
financeiro,B3SA3,BAZA3,-3.221752967876294,0.018759559280450512,-0.02006834447890544,749
financeiro,CGRA4,PINE4,-3.2217480617872494,0.018759828029300683,-1.6622029045011741,749
energia_eletrica,ALUP3,TAEE3,-3.220049312671391,0.01885308546544131,-0.45530915955089385,749
financeiro,BBAS3,CXSE3,-3.2196252096127695,0.01887643077071623,1.3430208444633043,749
industria,RAPT3,INEP4,-3.2195914115424924,0.01887829231439455,0.07776389490259045,702
financeiro,INBR32,ITSA4,-3.2188873954023114,0.018917104838910116,9.114703238374874,585
financeiro,BSLI4,CGRA4,-3.216752855683204,0.019035208266838518,0.8124380237584286,742
industria,PTBL3,ETER3,-3.216259380741465,0.01906260345115346,0.46375934364935656,749
mineracao_siderurgia,CSNA3,BRAP3,-3.2158460142452046,0.01908557789206698,0.9625327910041709,749
energia_eletrica,ENMT4,RNEW4,-3.2124805175435003,0.019273528848865806,2.337409340581197,749
oleo_gas,OSXB3,RECV3,-3.2124069666292803,0.019277654360884845,0.13985170396987773,749
energia_eletrica,LIGT3,TAEE4,-3.212200470241519,0.01928924097445887,1.1414270230444834,749
financeiro,BRSR5,BPAC3,-3.2112903944107685,0.01934037814968478,0.1329536491975705,749
energia_eletrica,CMIG4,RNEW4,-3.2098151383106073,0.019423523884970057,-0.7418940423516367,749
energia_eletrica,EMAE4,ENGI3,-3.2085324615762114,0.01949606883169291,2.8869350291062013,749
financeiro,RPAD6,BBAS3,-3.207429390024208,0.0195586444865658,0.32182641497387654,749
financeiro,CGRA4,BNBR3,-3.206577990975072,0.019607062717512686,-0.1351038652722299,749
financeiro,PINE4,BAZA3,-3.204458622196334,0.019728042894640203,0.0607718814630249,749
energia_eletrica,ENMT4,CMIG3,-3.203627566842783,0.019775659285896856,-1.4772475254987723,749
energia_eletrica,ENMT4,REDE3,-3.202172868231775,0.019859249083928554,1.5759803465401918,749
financeiro,BRSR3,BRSR5,-3.200582797033863,0.019950969412458865,0.4512069407731656,749
financeiro,BRSR5,BSLI4,-3.1981348648408976,0.020092894721756183,0.04339595212648468,742
energia_eletrica,CPLE3,ALUP4,-3.198102869880308,0.020094755515873072,1.384033168985281,749
industria,INEP4,POMO4,-3.197419850888175,0.02013451498807218,-0.7041252168214286,702
financeiro,IRBR3,BMEB3,-3.1973657960187407,0.020137664517310642,-0.16548017721254707,749
financeiro,BSLI3,B3SA3,-3.1964457456389384,0.020191337414070705,1.7061810246383642,749
mineracao_siderurgia,GOAU3,CBAV3,-3.193244504129733,0.020379059040092025,-0.01775788181843649,749
oleo_gas,RECV3,PETR4,-3.1925262689048957,0.020421384415362023,-0.3805887867668594,749
energia_eletrica,ENMT4,CEBR5,-3.191927181471406,0.02045674690145781,-0.33034351463593215,749
financeiro,BSLI3,SANB4,-3.1871558468131447,0.020740291292357133,2.9259836626915394,749
industria,INEP4,POMO3,-3.187020368386858,0.020748391938995546,-0.9555472423308635,702
energia_eletrica,CEBR5,REDE3,-3.18615451965348,0.020800228499292917,3.8614870192836577,749
energia_eletrica,ENMT4,CEBR6,-3.1850259307424573,0.02086796366049691,-0.4311837452740705,749
financeiro,CXSE3,ITUB4,-3.1835519197011135,0.02095671873036626,0.7525968685845815,749
financeiro,CGRA4,BAZA3,-3.1834763744997043,0.02096127637574187,-0.11683473183596715,749
financeiro,CXSE3,PINE4,-3.1831011494586274,0.020983926478576782,2.029443969294639,749
financeiro,CGRA4,BBAS3,-3.1828318462546474,0.02100019581044611,-0.532920087305107,749
financeiro,BMIN4,PSSA3,-3.182386994998853,0.021027094467261902,0.11151380508258334,749
energia_eletrica,RNEW3,CMIG4,-3.1820430868193093,0.021047909938157718,-0.6474567452419826,749
financeiro,BNBR3,ITSA4,-3.180006744003045,0.021171529144582178,14.33988592251694,749
financeiro,SANB11,WIZC3,-3.1792175319446376,0.021219608640937082,1.440679031581881,749
financeiro,CGRA3,BAZA3,-3.177522831722128,0.021323171647420366,-0.13360492174867983,749
financeiro,CGRA3,BNBR3,-3.177506472267101,0.02132417350641719,-0.15719405964190547,749
financeiro,CGRA3,BPAC5,-3.1771118409910226,0.021348353251091925,-1.5498011836720622,749
mineracao_siderurgia,BRAP4,PMAM3,-3.1759286071057162,0.02142099472139794,1.4532975140984852,749
oleo_gas,OSXB3,PETR4,-3.175637230898307,0.021438915856928652,-0.11716154084773418,749
energia_eletrica,ENMT4,CGAS5,-3.175567335664953,0.0214432167073031,0.04618810995602253,749
financeiro,CGRA3,INBR32,-3.1735981607689756,0.021564693583890255,-0.16487506177811767,585
financeiro,BRSR6,BSLI4,-3.1733670267673473,0.02157899113107828,-0.15515049424037486,742
energia_eletrica,ALUP11,CEBR3,-3.171093122841013,0.021720089757365998,0.3702651040024816,749
energia_eletrica,ENMT4,LIGT3,-3.1708959481286896,0.021732362306025207,0.29130622615817203,749
industria,PLAS3,TGMA3,-3.170400902003983,0.02176320146892234,-0.17793785196897313,749
financeiro,B3SA3,RPAD5,-3.169925712612249,0.021792839328557814,-0.3976161702481715,749
oleo_gas,RECV3,PETR3,-3.1685404693656727,0.02187943758251566,-0.3993128084270869,749
energia_eletrica,RNEW3,CEBR5,-3.1666199197672547,0.02199999377781924,-0.24112077445535535,749
financeiro,IRBR3,BRSR5,-3.1663975226004757,0.02201399114895619,3.5535292315711624,749
energia_eletrica,ALUP4,RNEW4,-3.166327056674025,0.022018427786882948,-0.5034073573613398,749
energia_eletrica,ENMT4,CEBR3,-3.165887969453338,0.022046090820905064,0.004793775400359665,749
mineracao_siderurgia,GGBR3,GOAU3,-3.1649270848115365,0.02210673280839316,2.157789210061187,749
financeiro,IRBR3,BMEB4,-3.1645352037798995,0.022131506104435216,-0.23695707884536168,749
financeiro,BMIN4,BBAS3,-3.1642462702977183,0.022149786829754593,0.13078331873847102,749
energia_eletrica,ENGI4,CEBR6,-3.1642449106778128,0.02214987288336603,0.06337162701101527,749
energia_eletrica,ENMT4,ALUP3,-3.1640952919900913,0.022159344379395148,-2.879457085920762,749
energia_eletrica,ENMT4,EQPA7,-3.163790702801297,0.022178637005602922,-0.1122745295410516,749
financeiro,BRSR6,RPAD3,-3.161919811438519,0.022297458379876064,0.7127450280906137,749
financeiro,ITSA4,RPAD3,-3.1607190605263225,0.02237400886447594,0.8038406678548634,749
industria,MYPK3,VLID3,-3.15934507488796,0.02246188250883319,-0.10405539911535469,749
oleo_gas,PETR4,PETR3,-3.158211104771667,0.02253463077853577,1.0534853490320957,749
financeiro,SANB4,PSSA3,-3.1573202306458965,0.022591926522105527,-0.09980406989147231,749
energia_eletrica,CEBR5,RNEW3,-3.1541758316289217,0.02279516456960278,-2.01151998375198,749
energia_eletrica,ENMT4,EQPA6,-3.1538323769556063,0.022817459266445603,0.3126247158110954,749
financeiro,PINE4,CXSE3,-3.1531454170661832,0.022862108538833283,0.44002918962705967,749
financeiro,RPAD3,ITSA3,-3.1521690931221076,0.022925695171141656,0.8291869257616511,749
energia_eletrica,ENMT4,CMIG4,-3.1511410593531197,0.02299281484849316,-0.32216712714344425,749
financeiro,CGRA3,SANB4,-3.150078500806834,0.023062367133318842,1.9070184542331416,749
financeiro,IRBR3,ITSA4,-3.149770277890541,0.02308257659836873,-1.3044552430965726,749
mineracao_siderurgia,USIM6,BRAP3,-3.1494584664615144,0.02310303693081468,0.3308667764842521,749
mineracao_siderurgia,GOAU3,PMAM3,-3.1492089999227386,0.023119417625955926,-0.034829369889632956,749
energia_eletrica,ENGI4,RNEW3,-3.148078845851195,0.023193752644668546,-0.17604771611023037,749
energia_eletrica,LIGT3,TAEE11,-3.147402828081111,0.023238315864729013,0.3769880221429929,749
mineracao_siderurgia,GOAU3,FESA4,-3.1454358195894483,0.02336840257582448,0.08478449505510625,749
energia_eletrica,LIGT3,TAEE3,-3.1453703770574277,0.023372741364463892,1.1024788363721665,749
energia_eletrica,RNEW4,ALUP3,-3.1425135295919433,0.02356282769754358,-0.8855921608004137,749
industria,INEP3,POMO3,-3.1420830796327017,0.023591584019595047,-0.9757570040786211,749
financeiro,ITSA4,CXSE3,-3.1420449802282495,0.02359413071962589,0.2928348628317598,749
energia_eletrica,ENMT4,COCE3,-3.140589048427198,0.023691628434285704,0.045988965297955424,749
financeiro,PSSA3,BSLI3,-3.1400781297539027,0.023725924896158847,-0.8554195836677257,749
financeiro,B3SA3,ITUB3,-3.1383896169413292,0.023839574850353772,-0.07336313019286354,749
financeiro,BSLI3,BMEB4,-3.138316814873632,0.02384448554059706,-0.36250711583631234,749
industria,ETER3,FRAS3,-3.138016517996385,0.02386475058114531,-0.614410663009494,749
financeiro,BPAC11,PINE4,-3.137665471308717,0.023888459232867792,3.49862068030178,749
agro_alimentos,CAML3,AGRO3,-3.137214004612137,0.023918979833668627,0.15061466545001453,749
financeiro,B3SA3,IRBR3,-3.134876476778432,0.024077542961965993,0.02714100937840912,749
mineracao_siderurgia,USIM6,PMAM3,-3.1346033826463255,0.02409612697273646,0.6881544231427275,749
financeiro,BSLI3,BAZA3,-3.1339946438857473,0.024137596081796584,-0.22461841424547715,749
agro_alimentos,SLCE3,ABEV3,-3.133430410361005,0.024176088320506245,0.5691890051768566,749
energia_eletrica,ENGI4,RNEW4,-3.1329109722466146,0.024211571392856634,-0.16594375399182812,749
financeiro,IRBR3,ITSA3,-3.1314158814367996,0.024313952572504415,-1.5891466013999522,749
energia_eletrica,ALUP11,TAEE3,-3.131061068485604,0.024338304273401886,-1.2294548575495052,749
energia_eletrica,TAEE4,CBEE3,-3.1310011185979096,0.02434242086030353,0.16172479636714943,749
industria,AERI3,TGMA3,-3.1291861618964405,0.024467333251941403,-5.235841795983406,749
financeiro,CGRA4,WIZC3,-3.1290431477918332,0.024477199482357916,2.4335806589229314,749
mineracao_siderurgia,GOAU3,USIM6,-3.128456077088503,0.02451773614700893,-0.02454870706037265,749
financeiro,IRBR3,WIZC3,-3.128439509115152,0.024518880988569657,7.576661167707555,749
industria,ETER3,VLID3,-3.128309286287212,0.02452788094794404,-0.5008535487440184,749
oleo_gas,PETR3,BRAV3,-3.126818812584095,0.024631093513105513,-0.303090897825034,749
financeiro,BBSE3,CGRA3,-3.1250801533367727,0.024751965180530147,-0.8323005257312258,749
financeiro,IRBR3,BRSR6,-3.1248756783255023,0.02476621381792787,-0.9407713527744797,749
industria,INEP4,VLID3,-3.124024463590519,0.024825605826442637,-0.2668414175776554,702
industria,INEP3,POMO4,-3.123422415149862,0.024867686728956173,-0.7197539653481605,749
financeiro,SANB11,SANB4,-3.12336926638364,0.02487140457548812,1.9562355113619254,749
energia_eletrica,TAEE3,EQPA7,-3.1215420097067073,0.024999515754033825,-0.7449767145292635,749
financeiro,BRSR6,PINE4,-3.121319075227866,0.02501518478303067,0.6549432702591399,749
energia_eletrica,EGIE3,CGAS3,-3.1209189207581205,0.025043330992944302,-0.05761533564414117,749
oleo_gas,PETR3,OSXB3,-3.1200602677970615,0.025103819272756588,-1.8993961759606557,749
mineracao_siderurgia,GGBR4,VALE3,-3.1197019156409684,0.025129100760461383,0.15019215638048128,749
financeiro,SANB11,B3SA3,-3.1187131512961654,0.025198971066756344,1.0175370730244069,749
energia_eletrica,ALUP11,RNEW4,-3.1181562417528066,0.025238398231581305,-1.6052338999923021,749
energia_eletrica,ENGI4,CEBR5,-3.117481437105179,0.025286243067167268,0.06580479391882899,749
oleo_gas,PETR3,UGPA3,-3.116633070708447,0.025346504460795404,0.6256999108790532,749
agro_alimentos,AGRO3,JALL3,-3.11598530824077,0.02539259965620009,1.4196103282796615,749
financeiro,BMIN4,BAZA3,-3.1153375003610577,0.02543877019253886,0.027470522422172874,749
oleo_gas,PETR3,DEXP4,-3.1148128780841753,0.02547621395654317,1.9789183126102354,749
energia_eletrica,ALUP11,REDE3,-3.1141108585667983,0.02552639321654086,1.8094309738389114,749
financeiro,B3SA3,BNBR3,-3.1138766406015694,0.025543153652473612,-0.019819252486902084,749
industria,AERI3,ROMI3,-3.113170754785953,0.02559372349174793,-1.0064357852925419,749
financeiro,BPAC3,BMIN3,-3.112885756041345,0.02561416525933087,0.2570311507089414,749
industria,TGMA3,LUPA3,-3.1127924986631603,0.025620857268939548,-2.9449907080421345,749
financeiro,BPAC11,BMIN4,-3.1125510412528143,0.02563819087670596,1.6350952735801867,749
industria,TUPY3,KEPL3,-3.1124844937745015,0.02564296992158975,1.56508656037716,749
energia_eletrica,ENGI4,ENGI3,-3.108422176557726,0.02593615559463229,0.2770292692414841,749
mineracao_siderurgia,CSNA3,USIM5,-3.1066337895031535,0.026066137605509413,1.5608703591433826,749
financeiro,IRBR3,PINE4,-3.106623266755174,0.026066904064021408,-3.0400096652144306,749
energia_eletrica,REDE3,CGAS5,-3.106522441381074,0.02607424898910923,-0.03419576008232738,749
energia_eletrica,CEBR6,RNEW4,-3.106278248533016,0.02609204531369127,-2.671611303820103,749
financeiro,PINE4,BPAC5,-3.1060012862100392,0.02611224244549508,0.7517795930272603,749
financeiro,BRSR6,BBAS3,-3.103017692808985,0.026330670234641293,0.25109836870171676,749
energia_eletrica,AURE3,COCE5,-3.102912931072246,0.026338368230417752,0.16300240713763833,691
energia_eletrica,CMIG3,ENGI3,-3.0996040916636955,0.026582501349638455,-0.28201953167458366,749
energia_eletrica,ALUP4,EQPA6,-3.0987322179732977,0.026647152400769397,-0.43699878474905784,749
mineracao_siderurgia,CMIN3,FESA4,-3.097302094882026,0.026753490853527174,-0.20539457005519565,749
industria,TUPY3,AERI3,-3.0967106693399433,0.026797573278571296,-0.05797595259528254,749
financeiro,ITSA3,CXSE3,-3.0928953164010524,0.027083454166656157,0.2637768843560126,749
financeiro,B3SA3,ITUB4,-3.0925081885812373,0.027112606886051268,-0.053896225389901305,749
financeiro,ITSA3,RPAD5,-3.091838963070171,0.027163066466249258,0.5913900201639389,749
mineracao_siderurgia,GOAU3,BRAP4,-3.0889624159685702,0.027380875682011044,0.03563793470865651,749
financeiro,RPAD3,INBR32,-3.0879552888197837,0.02745748720979864,0.0720586013671621,585
energia_eletrica,ALUP3,CEBR3,-3.087938214280254,0.027458787640781118,0.13758647376014957,749
oleo_gas,OSXB3,DEXP4,-3.0876897969930837,0.027477713565887612,-0.4504866484868871,749
mineracao_siderurgia,USIM6,USIM3,-3.0874040487490366,0.02749949740725267,0.629418381259441,749
agro_alimentos,JALL3,SMTO3,-3.0873877733223827,0.027500738599562372,0.15846908407984847,749
energia_eletrica,ENGI4,LIGT3,-3.0850489274747277,0.027679602711798694,0.06042747013219375,749
financeiro,BBSE3,BMEB4,-3.0830814138333054,0.02783083966034413,0.21032981444052223,749
financeiro,BNBR3,PINE4,-3.082629146486781,0.027865703934839673,11.112954486086814,749
financeiro,CGRA3,SANB11,-3.081844463489763,0.027926282090355352,0.94752578996737,749
agro_alimentos,SLCE3,TTEN3,-3.0817479327080903,0.027933742124301594,-0.3205265762814565,749
energia_eletrica,ALUP11,TAEE11,-3.081432121766627,0.027958160355250568,-0.40513520160512023,749
energia_eletrica,RNEW3,ALUP3,-3.0801175529935874,0.028059998061688556,-1.009151090803675,749
financeiro,ITUB4,BMIN4,-3.08005192028365,0.0280650908396286,1.08370734552136,749
financeiro,SANB4,CGRA4,-3.078386593966467,0.028194576913317188,0.2355039349061968,749
energia_eletrica,CMIG4,TAEE11,-3.0772819336616943,0.02828075051551359,-0.1855670172158366,749
mineracao_siderurgia,GOAU3,BRAP3,-3.0763715979647634,0.02835193423925203,0.04751419228446064,749
energia_eletrica,CMIG3,CGAS5,-3.076091477302773,0.02837386908726154,0.05701511899268049,749
energia_eletrica,ALUP3,CPLE3,-3.0759689578606046,0.028383467532726234,0.6293958441468437,749
financeiro,PINE4,ITUB4,-3.0752232501158536,0.028441947833506332,0.3406717120171569,749
energia_eletrica,EQTL3,ALUP4,-3.074844428118935,0.02847169546010823,4.5667931558275034,749
mineracao_siderurgia,FESA3,USIM5,-3.0747803614339437,0.028476729031882052,-0.15244029732153253,749
energia_eletrica,ENGI4,EQPA5,-3.0736239801832173,0.028567714125328124,0.14275749695280687,749
financeiro,CGRA4,BPAC5,-3.072660504739838,0.028643710883265543,-1.2556183068745657,749
energia_eletrica,CMIG3,TAEE11,-3.069633361141096,0.02888361035669743,-0.1610064206116153,749
financeiro,CGRA3,SANB3,-3.069623469815275,0.028884397043778768,1.9493741328595426,749
financeiro,ITSA3,BMEB3,-3.068774850879735,0.02895195846056152,0.08507378052292133,749
industria,RAIL3,JSLG3,-3.067489302135486,0.02905456243210981,0.8319121515791141,749
financeiro,SANB3,CGRA4,-3.066028103972468,0.029171562488928958,0.22473212449393065,749
mineracao_siderurgia,GOAU3,VALE3,-3.064817513783553,0.02926880050176368,0.013370885705017458,749
industria,MYPK3,ETER3,-3.064236088891581,0.029315600455166617,0.20118889107555163,749
financeiro,BAZA3,CXSE3,-3.062051754000415,0.02949199270606291,6.777485936852106,749
financeiro,B3SA3,BBAS3,-3.061211772303627,0.029560064677516082,-0.05099100570965963,749
financeiro,IRBR3,CXSE3,-3.0609550793284077,0.02958089375424864,-1.442225055618451,749
energia_eletrica,ALUP3,REDE3,-3.0607249857308902,0.02959957509360841,0.6760811109903893,749
mineracao_siderurgia,GOAU4,FESA4,-3.060719690598493,0.0296000051247768,0.21132515582382932,749
industria,RAPT3,RAIL3,-3.059508156076546,0.029698537138047917,0.13882402549226536,749
energia_eletrica,ALUP11,TAEE4,-3.057766224407809,0.0298406956088493,-1.220522206923732,749
energia_eletrica,CEBR6,REDE3,-3.057439090116015,0.029867457545185987,4.604796023059653,749
industria,MYPK3,AERI3,-3.0561495278899633,0.029973152420521964,0.020462688176515285,749
financeiro,ITSA3,RPAD3,-3.0552251896445948,0.03004910890514214,0.729752395325189,749
financeiro,B3SA3,BMIN3,-3.0551113729497503,0.030058473002195427,0.07753931779956375,749
energia_eletrica,EMAE4,ALUP4,-3.0541145845860704,0.030140588584383402,4.419425507415275,749
energia_eletrica,EMAE4,EQPA5,-3.0534942138853403,0.030191791271140023,4.591160842137386,749
energia_eletrica,CEBR6,RNEW3,-3.053432284024713,0.030196906757589334,-2.5269741797388363,749
energia_eletrica,EQPA5,ALUP4,-3.0531847093896824,0.030217364120160753,0.6273655002410367,749
industria,KEPL3,MYPK3,-3.0526761190260467,0.030259426545378627,-0.12390936890030767,749
energia_eletrica,CMIG3,TAEE4,-3.049215199363618,0.030546984958270677,-0.492265047996527,749
financeiro,CGRA4,PABY11,-3.0490980220655377,0.030556761489151433,-0.3467167155231532,749
oleo_gas,PETR4,DEXP4,-3.0490064779113246,0.030564401206668656,2.313339778062586,749
mineracao_siderurgia,GGBR4,FESA4,-3.0477709845591203,0.030667667148749748,0.6680057991902268,749
financeiro,CXSE3,ITUB3,-3.046359745507118,0.03078598565078154,0.8683785497565641,749
mineracao_siderurgia,USIM6,FESA4,-3.043327399525936,0.031041532777037348,0.460530851114661,749
financeiro,CGRA3,BBSE3,-3.0413363396442255,0.031210306434093234,-0.68904833761812,749
energia_eletrica,LIGT3,ENGI11,-3.0390772115908438,0.03140274748800419,0.17743642556175263,749
energia_eletrica,ALUP4,EMAE4,-3.0377096153257233,0.03151973393628375,0.016941692081836716,749
oleo_gas,BRAV3,PETR3,-3.037359706215477,0.03154972518077657,-0.6459214012996374,749
financeiro,IRBR3,BPAC11,-3.0371672286619265,0.03156623306300442,-0.4006046680991373,749
energia_eletrica,CMIG4,TAEE3,-3.0363014628704845,0.03164057645948201,-0.5508305221578026,749
industria,INEP4,FRAS3,-3.0361341084613884,0.03165496434532394,-0.31642540146166226,702
energia_eletrica,CMIG4,TAEE4,-3.036051564686394,0.03166206289130741,-0.5620894726031657,749
energia_eletrica,ALUP3,TAEE11,-3.0353870280355535,0.03171926057346165,-0.15026389997342396,749
financeiro,CGRA3,PINE4,-3.03537420854074,0.031720364829409486,-1.9734540891008656,749
financeiro,IRBR3,BBSE3,-3.035236043014237,0.0317322683156167,-3.2165254641480323,749
energia_eletrica,RNEW3,CEBR6,-3.033575234382281,0.03187565051928755,-0.21163511267433052,749
financeiro,CGRA3,BSLI3,-3.0324310400968018,0.031974751792145005,0.5690853725445183,749
industria,FRAS3,VLID3,-3.032029189596329,0.03200961900249795,0.6436612479127305,749
energia_eletrica,TAEE3,CPLE3,-3.028612357879364,0.03230739225890801,-0.46849482153977223,749
mineracao_siderurgia,GOAU4,BRAP3,-3.0285782805877557,0.03231037385836724,0.14523426249286528,749
financeiro,ITSA4,BMEB3,-3.026815085916502,0.032464963852058396,0.0928178994034537,749
energia_eletrica,CMIG4,ALUP3,-3.026315307919815,0.03250889639906851,1.1321987203370345,749
financeiro,SANB4,B3SA3,-3.0250143693551004,0.032623490818690565,0.5349340533050314,749
industria,RAPT3,VLID3,-3.024637772590066,0.032656727578665126,0.06872834989492312,749
energia_eletrica,CBEE3,LIGT3,-3.0227068886701947,0.03282759022708127,1.2359238170077247,749
energia_eletrica,CPLE3,ALUP3,-3.022082135676361,0.03288303624059757,1.2311515060535534,749
energia_eletrica,CEBR6,CPLE3,-3.0220669914112364,0.032884381259270026,2.3446591569015287,749
financeiro,IRBR3,RPAD6,-3.0208869231917226,0.032989331012956216,-5.4680325182768055,749
energia_eletrica,TAEE4,EQPA5,-3.0194774415205567,0.033115055611654017,-0.7134550707252435,749
financeiro,CGRA3,BBAS3,-3.0190124597835997,0.03315662055722467,-0.6317655888683829,749
energia_eletrica,ENGI4,CEBR3,-3.0188249543887204,0.033173394258290786,0.04990572111237456,749
financeiro,CGRA4,CXSE3,-3.0179297237622587,0.03325357818731841,-0.7022150399989767,749
industria,INEP4,PTBL3,-3.017855947989196,0.03326019344489674,0.7164977488758872,702
energia_eletrica,CEBR6,CGAS3,-3.0173439291942774,0.033306135393332346,-0.20931670281550743,749
industria,INEP3,VLID3,-3.0156238658843217,0.03346086541164896,-0.27386231036821856,749
financeiro,BPAC3,PINE4,-3.0153838888366784,0.03348250109672908,1.153906969363145,749
energia_eletrica,ALUP3,TAEE4,-3.015254921083871,0.03349413337514464,-0.45261246948745715,749
energia_eletrica,RNEW4,ALUP4,-3.0148326124446774,0.0335322475573869,-0.948158228505991,749
industria,POMO3,LUPA3,-3.014683589738811,0.03354570591089351,-0.9021201319857919,749
financeiro,IRBR3,BPAC5,-3.0144719359213297,0.03356482838738044,-2.375759392269433,749
energia_eletrica,REDE3,AURE3,-3.0140110456073317,0.033606500785493015,-0.24002780213810815,691
financeiro,WIZC3,BPAC11,-3.0126871073076606,0.03372645122333109,-0.07949096948709447,749
energia_eletrica,CBEE3,COCE5,-3.0125037687342173,0.03374309045276119,0.27987101777254614,749
mineracao_siderurgia,CSNA3,BRAP4,-3.0121564540202606,0.03377463068564843,0.7636371940972877,749
energia_eletrica,CBEE3,EQPA5,-3.0113339321870725,0.03384942479379663,-2.6572616551087584,749
energia_eletrica,CEBR3,CGAS3,-3.0097615673546336,0.03399279419643407,-0.20614669879433886,749
mineracao_siderurgia,FESA3,CSNA3,-3.0095765411202238,0.03400969875834778,-0.07338330049722275,749
industria,PLAS3,RAIL3,-3.009187544325889,0.03404526188526353,-0.23281506132091226,749
financeiro,BRSR5,PABY11,-3.0076502201100763,0.03418611611498489,0.053026460816540257,749
industria,POMO4,LUPA3,-3.0075822195140978,0.0341923578964748,-1.2291479901789004,749
financeiro,BRSR6,RPAD6,-3.0070108539039477,0.03424484167898076,0.4821315441683232,749
energia_eletrica,EQPA5,RNEW3,-3.006014146170703,0.03433655905290274,-0.43057084373404,749
energia_eletrica,EQPA5,CBEE3,-3.0057546723925874,0.03436046995458183,-0.14059756427702022,749
financeiro,BPAC3,ITSA3,-3.0041660395914542,0.03450717197047441,1.972546775969344,749
financeiro,SANB4,SANB11,-3.003686144165223,0.03455159179680838,0.5052426964702325,749
industria,KEPL3,PLAS3,-3.003559051727145,0.03456336374930527,-0.17311798287128782,749
oleo_gas,DEXP3,PRIO3,-3.0016172439738327,0.03474364580758908,0.10666226137508932,749
oleo_gas,BRAV3,RECV3,-3.001464175365515,0.03475789077709837,1.1926884432488636,749
energia_eletrica,CMIG3,TAEE3,-3.0008395033055564,0.03481607557066022,-0.45324630844396885,749
energia_eletrica,ENGI11,CPFE3,-3.0007625335059713,0.0348232505770854,1.1087167701936778,749
mineracao_siderurgia,GOAU4,CMIN3,-2.999330042114496,0.03495701329797637,-0.15319525583569926,749
oleo_gas,PETR4,RECV3,-2.9982878883139383,0.035054599612094416,-0.5391584211752815,749
industria,VLID3,FRAS3,-2.998053607192149,0.035076569113990146,1.1989370985594916,749
energia_eletrica,CBEE3,AURE3,-2.9968075120061965,0.035193615990515285,0.9639743450288429,691
energia_eletrica,LIGT3,ENGI3,-2.9967455818428372,0.035199441737022365,0.41322568555250677,749
financeiro,B3SA3,ABCB4,-2.9960117045904884,0.03526853927867003,-0.052684005882586725,749
mineracao_siderurgia,GGBR3,FESA3,-2.9946696346413715,0.03539519673068518,0.3008550836330175,749
energia_eletrica,ENGI4,CGAS5,-2.9943947654830407,0.035421184719849286,-0.014077574301172041,749
financeiro,SANB4,CGRA3,-2.993918823882768,0.03546622152683832,0.20667087045358384,749
energia_eletrica,RNEW3,EQTL3,-2.9929835267878753,0.035554866400771684,-0.2020313265754835,749
financeiro,INBR32,PINE4,-2.9920747409598385,0.03564117754494685,6.689242865005103,585
mineracao_siderurgia,GOAU3,FESA3,-2.9911816058228236,0.03572617437100637,0.18637674409216828,749
energia_eletrica,EQPA7,CMIG4,-2.989874805424333,0.0358508463475635,0.3224755485157953,749
energia_eletrica,CBEE3,ALUP4,-2.9892936732325874,0.035906405491235374,-3.8277042370280423,749
energia_eletrica,CEBR5,ALUP3,-2.9888558291675187,0.035948313498143446,2.2106597663945657,749
energia_eletrica,RNEW4,CMIG4,-2.98787805392187,0.03604204957123762,-0.5748082538947731,749
energia_eletrica,EQPA7,LIGT3,-2.986825269955871,0.036143206677508435,-0.19839839138944176,749
energia_eletrica,REDE3,EQPA6,-2.985316989845688,0.036288547048533126,-0.3160959787941071,749
financeiro,SANB11,PSSA3,-2.985229143381812,0.036297027229237916,-0.18591357701426886,749
mineracao_siderurgia,GOAU4,BRAP4,-2.98502879581464,0.03631637384919041,0.1125456722518216,749
financeiro,BRSR6,BBSE3,-2.9838519707504303,0.0364301897228307,0.10386254450095786,749
energia_eletrica,LIGT3,EGIE3,-2.981364482858442,0.036671754203689406,0.2988268352487848,749
energia_eletrica,ENGI11,EMAE4,-2.98029903576997,0.03677563338471772,0.11803659010080868,749
financeiro,BPAC5,BNBR3,-2.979714648275272,0.03683271520615008,0.09025243274754657,749
energia_eletrica,ALUP4,CBEE3,-2.979513318345813,0.0368523979772077,-0.15504753233565463,749
financeiro,BPAC3,ITSA4,-2.9786338632886236,0.03693848061115718,1.8048063647908905,749
oleo_gas,PRIO3,OSXB3,-2.976045784759865,0.03719278836256454,-4.521631286798177,749
energia_eletrica,CBEE3,COCE3,-2.975419007735822,0.037254597216474616,0.2109718463788445,749
energia_eletrica,EQPA7,COCE3,-2.9735905039255335,0.03743540659424981,-0.040967278744951735,749
energia_eletrica,ENGI4,EQPA6,-2.97240688534582,0.03755284010936318,-0.10066379201455684,749
financeiro,ITUB4,BMEB4,-2.972123089209882,0.03758104310200365,0.2939174603763894,749
mineracao_siderurgia,USIM6,BRAP4,-2.971566590227725,0.03763639833535913,0.24089864710801384,749
mineracao_siderurgia,GOAU4,VALE3,-2.971101196225326,0.03768274390030637,0.04288572170196652,749
energia_eletrica,ALUP4,REDE3,-2.970745929200713,0.03771815489887476,0.5408419720139134,749
financeiro,IRBR3,ITUB3,-2.9701410985727623,0.03777850528976253,-1.0622646834068725,749
industria,MYPK3,INEP3,-2.9701216612300296,0.03778044610490292,0.15015773608348948,749
industria,AERI3,PLAS3,-2.969334589680546,0.03785910544655713,12.408624977785202,749
energia_eletrica,CEBR5,CGAS3,-2.9689361693269736,0.0378989756882907,-0.1620923822526152,749
energia_eletrica,EQTL3,TAEE3,-2.967826365196366,0.03801022063098842,-2.149117188517326,749
financeiro,BMIN4,ABCB4,-2.966840981377785,0.03810922356374649,0.18276881815244983,749
industria,AERI3,RAPT4,-2.9660535677621347,0.038188491678606086,-1.6916699126920445,749
energia_eletrica,RNEW4,CEBR3,-2.965188260985372,0.038275760785838976,-0.17956996392278782,749
oleo_gas,RECV3,OSXB3,-2.9648441639722543,0.038310510613308923,1.7451726274156276,749
financeiro,ITUB3,BMIN4,-2.9624773529972344,0.038550249254403715,0.9987482813337912,749
oleo_gas,PETR3,DEXP3,-2.9614628617197836,0.03865339359820582,1.9188352466506726,749
energia_eletrica,ENGI4,ALUP4,-2.9606503748121606,0.03873616678026547,0.45015821354736907,749
energia_eletrica,CBEE3,CMIG4,-2.9598345174759215,0.03881943284365294,-2.0831135180266194,749
energia_eletrica,CPLE3,CGAS3,-2.9597259264813003,0.03883052690419025,-0.06408228432064053,749
mineracao_siderurgia,USIM5,CBAV3,-2.9592179071630262,0.03888246336421712,0.3846644401591086,749
mineracao_siderurgia,GGBR3,FESA4,-2.958456843559273,0.038960378325468045,0.3224433725828738,749
financeiro,ABCB4,BNBR3,-2.9580874684250174,0.03899824077490356,0.1458897753601761,749
oleo_gas,RECV3,BRAV3,-2.9569407273999135,0.039115982932333274,0.4475217396271987,749
financeiro,BAZA3,WIZC3,-2.9567615810210213,0.039134403745605915,-15.23288805894504,749
agro_alimentos,TTEN3,JALL3,-2.955932550808213,0.03921974386227065,-0.4520388026913911,749
energia_eletrica,EQPA5,EQTL3,-2.953753066751334,0.03944484333949949,0.10920760758881794,749
mineracao_siderurgia,BRAP3,PMAM3,-2.952789199709054,0.0395447370991809,1.1320121176314044,749
mineracao_siderurgia,USIM3,VALE3,-2.9527873250206875,0.03954493159533705,0.1249355257986431,749
mineracao_siderurgia,USIM6,USIM5,-2.9514643655107204,0.03968238657438249,0.5109871256872106,749
industria,MYPK3,LUPA3,-2.9514258133683287,0.03968639811719524,0.291386289327014,749
energia_eletrica,CPLE3,CEBR6,-2.9511860959888874,0.03971134952594106,0.23526174897089716,749
energia_eletrica,EMAE4,ALUP11,-2.950523982722188,0.03978033499554404,1.2510546419436182,749
industria,KEPL3,AERI3,-2.950190206920682,0.03981514905035389,-0.02128905256532366,749
financeiro,WIZC3,ITSA3,-2.9491450450213734,0.03992432829508127,-0.4323422274926015,749
financeiro,WIZC3,ITSA4,-2.947813806466126,0.040063754212154815,-0.40056272839971135,749
financeiro,B3SA3,PINE4,-2.9447038765982527,0.040391057447795496,-0.24527199106547648,749
financeiro,WIZC3,ITUB4,-2.942229085999618,0.04065311045078773,-0.11573802653765144,749
mineracao_siderurgia,USIM3,USIM6,-2.9378920147512333,0.04111578497954476,0.6207501815662587,749
industria,KEPL3,RAPT3,-2.9373047285271228,0.041178772820051154,-0.21675154934995325,749
energia_eletrica,EMAE4,CGAS3,-2.9364146535065005,0.04127438904212743,-0.20857967380047931,749
financeiro,BBSE3,PSSA3,-2.9349951830984766,0.0414272589396356,0.5355475277886098,749
financeiro,IRBR3,ABCB4,-2.934080964223006,0.041525965709192016,-2.3650982071274553,749
financeiro,SANB3,B3SA3,-2.9328795788740782,0.04165597569797795,0.4778837082660466,749
energia_eletrica,EQTL3,RNEW3,-2.9321057544148763,0.041739896107349954,-2.746991508988625,749
mineracao_siderurgia,PMAM3,BRAP4,-2.931790570708201,0.0417741178255873,0.3665808177286972,749
financeiro,IRBR3,BAZA3,-2.9316127051622227,0.04179344026952424,-0.32243344346131286,749
financeiro,WIZC3,ITUB3,-2.9316051205519957,0.04179426439020196,-0.13325434359940108,749
financeiro,BRSR5,BMIN3,-2.9299383803926466,0.041975696329008924,0.2565280142699543,749
financeiro,B3SA3,RPAD6,-2.9285801692777893,0.04212402869088261,-0.2628254113406059,749
financeiro,SANB3,CGRA3,-2.927898374037216,0.042198653170036106,0.19529219746359897,749
financeiro,SANB3,WIZC3,-2.9265780936301713,0.042343474983157395,0.7363452943695271,749
energia_eletrica,EQPA5,EMAE4,-2.924259297218304,0.04259882648097681,0.022989549686650353,749
financeiro,BRSR5,BMEB4,-2.9241337972564883,0.04261268334787914,-0.02213814952358511,749
financeiro,B3SA3,WIZC3,-2.9238130037144034,0.04264812028836325,0.5248840768007825,749
financeiro,BSLI4,CGRA3,-2.923338168078904,0.042700618764195244,0.7541519193175239,742
industria,RAPT4,SHUL4,-2.9233325293182126,0.04270124251643043,0.8401288560158636,749
financeiro,CGRA3,PSSA3,-2.9232584942752466,0.042709432878552334,-0.455995264429275,749
financeiro,BSLI3,BNBR3,-2.9231000773858384,0.042726962644958996,-0.2537895798892969,749
energia_eletrica,CEBR3,EQPA6,-2.9229489465236558,0.04274369175278115,-2.33215399813194,749
energia_eletrica,CPLE3,EQPA6,-2.9220639654410068,0.04284176234571931,-0.7153427189742044,749
oleo_gas,PETR4,UGPA3,-2.9211025376148645,0.04294851671991065,0.7188063639426747,749
financeiro,IRBR3,RPAD3,-2.920012174177078,0.04306985560295932,-6.872687335244809,749
financeiro,ITUB4,BAZA3,-2.9199413790946864,0.04307774374241631,0.14235034682393274,749
agro_alimentos,AGRO3,SLCE3,-2.919539089562964,0.0431225905301946,1.1242095002848131,749
financeiro,B3SA3,BRSR3,-2.9186311144280577,0.043223953383908775,0.5569423406422729,749
financeiro,B3SA3,ITSA3,-2.917847199043674,0.04331162605027202,-0.039275925043224594,749
energia_eletrica,ALUP11,EQTL3,-2.917165529987752,0.043387983731519676,0.49875212946780645,749
financeiro,BRSR6,IRBR3,-2.9160737947206803,0.04351050851261013,-0.00846159254496557,749
financeiro,BSLI3,INBR32,-2.9155497936950407,0.043569418931947254,-0.24383299388498647,585
energia_eletrica,EMAE4,CPLE3,-2.915360564742469,0.04359070914528285,3.0392331007340245,749
financeiro,B3SA3,PABY11,-2.914238740248618,0.04371710369767053,0.014214502397346396,749
mineracao_siderurgia,GGBR3,CMIN3,-2.913709822475002,0.043776801784297985,-0.10578525951746676,749
mineracao_siderurgia,GGBR3,USIM6,-2.9132210487299925,0.04383202909936357,0.08478534309476157,749
financeiro,BBAS3,WIZC3,-2.9122937631398553,0.043936963681401896,-2.6767622121469183,749
agro_alimentos,TTEN3,SLCE3,-2.911526978323054,0.04402389307316933,-0.27022416694811296,749
energia_eletrica,LIGT3,EQPA7,-2.910466488090535,0.0441443548748916,-1.4624550604612776,749
energia_eletrica,EQTL3,CEBR6,-2.9095211150988023,0.044251971119656494,0.6680043049779739,749
agro_alimentos,SLCE3,SMTO3,-2.9069176790124978,0.04454945902686919,0.12751316589343706,749
financeiro,ITSA3,BMEB4,-2.9068097295308033,0.04456182988938752,0.07075790457721587,749
financeiro,BRSR3,BPAC3,-2.905955897303031,0.04465977838564599,0.38216178961423913,749
energia_eletrica,EGIE3,CGAS5,-2.90442437036587,0.04483591715047833,-0.07604884292569057,749
financeiro,WIZC3,CGRA4,-2.904241840940939,0.04485694798724885,0.20890393190867174,749
agro_alimentos,AGRO3,BEEF3,-2.9038489578327686,0.04490224330507771,0.5064287154364417,749
energia_eletrica,EQTL3,TAEE11,-2.9033360791891134,0.04496142993761318,-0.7076605307343615,749
energia_eletrica,CEBR5,EQPA6,-2.9031920556479283,0.04497806200860663,-1.813148151069411,749
energia_eletrica,CEBR5,CPLE3,-2.902913348717422,0.04501026202646684,1.7716986143783755,749
financeiro,PINE4,ITSA4,-2.901806471308215,0.045138332355720547,1.238555333692815,749
financeiro,B3SA3,ITSA4,-2.901488068570152,0.04517522878853599,-0.019863878385077135,749
energia_eletrica,COCE5,EQPA7,-2.9007164013602704,0.04526475314344769,-8.486844107114235,749
oleo_gas,PETR4,DEXP3,-2.8982532910560153,0.045551493317136316,2.2655875183807908,749
oleo_gas,LUXM4,BRAV3,-2.8965951828232392,0.04574536640990478,0.1556082135873875,749
industria,AERI3,PTBL3,-2.8959509694277683,0.0458208747145232,9.91830545324645,749
financeiro,BPAC3,ABCB4,-2.8951846984950715,0.04591082376938007,0.5788335943674215,749
financeiro,PINE4,ITUB3,-2.8948551845216914,0.04594954884467985,0.39259061654176747,749
energia_eletrica,ENGI4,ALUP3,-2.8947412872623723,0.045962940543763486,0.36282770009474746,749
financeiro,B3SA3,BPAC5,-2.894524166200191,0.0459884779403831,-0.009113397449615746,749
energia_eletrica,EMAE4,CBEE3,-2.8943384053408887,0.046010336128868734,-0.691888299758817,749
mineracao_siderurgia,GGBR4,PMAM3,-2.894282069374997,0.046016966792994336,0.5318209117918554,749
mineracao_siderurgia,USIM6,CSNA3,-2.894162694693927,0.04603101963963403,0.27609040156991455,749
mineracao_siderurgia,GGBR3,USIM5,-2.893568121341374,0.04610106603505077,-0.03475294508669978,749
financeiro,BRSR6,CGRA3,-2.8929969573018357,0.04616843765789548,-0.14206507305177266,749
energia_eletrica,ALUP11,EMAE4,-2.892994906916757,0.0461686796576677,0.046588542593798216,749
energia_eletrica,ENGI4,TAEE3,-2.8924619272251477,0.04623162100032462,-0.001674332222685598,749
industria,KEPL3,TGMA3,-2.8919771253678817,0.04628893452027859,0.1307214978183871,749
energia_eletrica,CBEE3,CEBR5,-2.891725560943727,0.04631869775566885,-0.37393459655899774,749
industria,PTBL3,MYPK3,-2.8912080516597154,0.04637997540862703,0.658711549657523,749
financeiro,BNBR3,ITUB4,-2.891039068874476,0.04639999897790647,4.010744360494082,749
industria,KEPL3,ETER3,-2.8905084456463275,0.04646292152811329,-0.15108396682276176,749
financeiro,B3SA3,BMIN4,-2.889236764614406,0.04661400779095677,-0.018017609397497525,749
financeiro,IRBR3,ITUB4,-2.8890180352666066,0.046640035562722434,-1.029937383617012,749
energia_eletrica,RNEW3,EQPA6,-2.8887694274659537,0.04666963332332808,0.6675762309353059,749
energia_eletrica,EQTL3,TAEE4,-2.888458419594021,0.046706681931794884,-2.1418442179672694,749
energia_eletrica,EQPA6,ALUP11,-2.887439558148796,0.04682822350654018,-0.40251077718339473,749
oleo_gas,OSXB3,DEXP3,-2.88675745050425,0.046909739228287686,-0.38907890546632157,749
mineracao_siderurgia,USIM6,VALE3,-2.8858270369675063,0.04702111798777019,0.08088922233925863,749
financeiro,B3SA3,BRSR6,-2.884610216228563,0.047167111967187654,0.3941543885491272,749
energia_eletrica,ENGI4,TAEE11,-2.8842957937858342,0.047204897159824455,0.0031948563974354524,749
energia_eletrica,ENGI4,ALUP11,-2.8840610307278873,0.04723312572296795,0.13916143485424184,749
oleo_gas,BRAV3,PRIO3,-2.8839296076948173,0.047248934481954226,-0.3391216017064537,749
financeiro,BRSR5,RPAD5,-2.8831689365500828,0.04734052082225887,-0.25532819374409144,749
energia_eletrica,ENGI4,TAEE4,-2.883080507060436,0.047351177419307784,0.011609540181100967,749
financeiro,SANB3,PSSA3,-2.8827465408656825,0.047391441405008346,-0.09048008307320643,749
energia_eletrica,EMAE4,CPFE3,-2.8813023709141024,0.047565880609081575,0.7202489651325877,749
industria,FRAS3,INEP3,-2.8809977479919637,0.047602743198762,-1.4401580781195977,749
financeiro,CGRA4,ITUB3,-2.880955541326877,0.04760785251073997,-0.5672866144158131,749
oleo_gas,BRAV3,UGPA3,-2.880806056783982,0.04762595194751553,-0.6662457601882628,749
financeiro,ITSA3,ITUB3,-2.880085052174557,0.047713330251508354,0.27500354879069494,749
industria,AERI3,POMO4,-2.8794341300351567,0.04779232890779722,-10.75359598294789,749
energia_eletrica,EQPA7,AURE3,-2.878873778196314,0.04786042201031195,-0.21068322144827806,691
industria,ETER3,WEGE3,-2.8777147585806366,0.048001518388023696,-0.27411733009381156,749
financeiro,IRBR3,BNBR3,-2.877229865786873,0.04806064985963369,-0.3074131002859943,749
agro_alimentos,TTEN3,AGRO3,-2.8769100291723264,0.04809968602202922,-0.1595645071259324,749
energia_eletrica,EMAE4,ALUP3,-2.8768345054233926,0.04810890753630696,2.881569064675281,749
industria,RAPT3,AERI3,-2.876750130863861,0.048119211466833796,0.009882382849193462,749
financeiro,BRSR6,PSSA3,-2.8743197819105424,0.04841679110594919,0.10724799346372302,749
industria,LUPA3,INEP4,-2.8730756325917874,0.04856971490839769,0.7011758692944768,702
energia_eletrica,ENGI4,COCE5,-2.8719894197983042,0.048703551365943294,-0.0014232082726868454,749
energia_eletrica,CMIG4,CBEE3,-2.871972569394471,0.048705629960531266,-0.20512546125565453,749
industria,AERI3,TUPY3,-2.8712662345409234,0.04879282622240954,-7.605235566893576,749
mineracao_siderurgia,GOAU4,PMAM3,-2.871214399827709,0.048799230223521575,0.09331516152482992,749
energia_eletrica,CBEE3,RNEW3,-2.869981822198067,0.04895171510287778,2.1147432491556164,749
financeiro,PINE4,BNBR3,-2.8699696215171056,0.0489532264353802,0.07576136698281735,749
industria,FRAS3,LUPA3,-2.8695872097543726,0.0490006163364494,-2.065416092332266,749
financeiro,BBSE3,PABY11,-2.8695345692223073,0.049007142706553944,0.34649051370117995,749
financeiro,BMEB3,ITUB3,-2.8672128903657375,0.049295697192576544,2.499981716923145,749
financeiro,RPAD6,CGRA4,-2.8668595449425425,0.04933973582773342,-0.364166342548912,749
financeiro,ITSA4,ITUB4,-2.865770889711442,0.04947562225254217,0.2645344108782142,749
financeiro,BRSR5,BMEB3,-2.8654624233458947,0.04951418111152649,-0.02031714165462206,749
energia_eletrica,CBEE3,CEBR6,-2.8653010788306292,0.04953435931900996,-0.36348539857256457,749
agro_alimentos,LAND3,SLCE3,-2.8652643985659694,0.04953894760197617,2.6437962239093187,749
financeiro,CGRA4,BMEB4,-2.865113727198296,0.04955779854152345,-0.17937853021868,749
mineracao_siderurgia,GGBR3,USIM3,-2.8649941324108084,0.04957276560017039,-0.010973732751145202,749
financeiro,BBSE3,BNBR3,-2.8624044531931063,0.049897772297763765,0.1474596608408806,749
mineracao_siderurgia,GGBR3,PMAM3,-2.8618056964772283,0.04997316561582791,0.07202522140674326,749
industria,MYPK3,TGMA3,-2.8606752756535143,0.05011575955118137,-0.1279694482790518,749
energia_eletrica,CMIG3,LIGT3,-2.8598003951806525,0.050226348502686834,-0.2502545887019106,749
financeiro,BRSR6,ABCB4,-2.85962344091706,0.05024874071308831,0.3249508174698565,749
energia_eletrica,EQPA5,RNEW4,-2.859235751544991,0.05029782852348737,-0.383300175501293,749
industria,AERI3,POMO3,-2.8578092214113155,0.050478789960446226,-14.434858558521237,749
energia_eletrica,REDE3,CPLE3,-2.8571151008064386,0.05056703539309597,0.29567782576583707,749
industria,RAIL3,LUPA3,-2.857043288775868,0.050576172280348164,-1.0670596937781949,749
financeiro,BMIN4,BMIN3,-2.8566084490389523,0.05063152738189311,0.41969775680936977,749
financeiro,BRSR5,SANB4,-2.856222608540381,0.050680686539601935,0.21641115930796842,749
industria,RAPT3,LUPA3,-2.856193651499591,0.05068437747848193,-0.07792343534712001,749
financeiro,BMEB3,ITUB4,-2.8559698659314634,0.05071290920882284,2.1403860804158015,749
financeiro,BSLI4,WIZC3,-2.8557826159665405,0.05073679293654947,2.243973357882973,742
energia_eletrica,LIGT3,CBEE3,-2.8551581881283385,0.05081650546243777,0.3929825936993708,749
financeiro,BRSR6,RPAD5,-2.8541387174567454,0.050946868914845796,0.20648083817307583,749
energia_eletrica,CEBR6,EQPA6,-2.8540348942409213,0.05096016056035737,-2.2258679198138096,749
mineracao_siderurgia,PMAM3,BRAP3,-2.851487859288655,0.051287129345109116,0.4699714369324408,749
financeiro,CGRA4,BMEB3,-2.8508997721967546,0.0513628675389463,-0.205267876896344,749
financeiro,CGRA4,ABCB4,-2.8508576430713233,0.051368296758679224,-0.6577597805972023,749
oleo_gas,RECV3,LUXM4,-2.849922997327997,0.05148886655788918,1.4470420538393247,749
financeiro,PSSA3,BMEB4,-2.849420175405108,0.05155382682024289,0.45188034180037384,749
energia_eletrica,EQPA5,EQPA6,-2.8486656072901746,0.05165143662265034,-0.26038309579791735,749
financeiro,BPAC3,BPAC11,-2.8484865090929437,0.051674626736618885,0.36474064515735116,749
mineracao_siderurgia,GGBR3,BRAP4,-2.847067484736667,0.051858667738891286,0.15459122889280202,749
financeiro,CGRA3,CXSE3,-2.846496350549608,0.05193289272840336,-0.8225994242549757,749
mineracao_siderurgia,GGBR3,BRAP3,-2.846139089688507,0.05197936684587829,0.19699538160009336,749
financeiro,BRSR6,BMIN4,-2.84518496434598,0.05210365088909493,0.24249587407936476,749
energia_eletrica,ENGI4,ENGI11,-2.844206539632857,0.052231352917123795,0.15077702742015303,749
financeiro,BBSE3,PINE4,-2.8427989927037274,0.05241551272847676,1.8029114447391803,749
financeiro,BPAC3,BPAC5,-2.842416535333716,0.05246564423458342,1.0412311499348452,749
financeiro,PABY11,BMIN3,-2.8419656608112724,0.05252479409870761,0.6389569510752446,749
financeiro,CGRA4,BPAC11,-2.8416023908014387,0.05257249090560815,-0.32120030826284585,749
mineracao_siderurgia,GGBR3,CBAV3,-2.8411508237161067,0.05263183041601979,0.02048512414234399,749
oleo_gas,OSXB3,VBBR3,-2.840466034632216,0.052721921762505716,-0.11803961364218002,749
financeiro,BRSR5,SANB11,-2.8400622661684163,0.052775100960147855,0.10310865496409263,749
energia_eletrica,ENGI4,EQPA7,-2.837253560009829,0.053146243632373226,0.07420000502306817,749
agro_alimentos,JALL3,SLCE3,-2.836696439389164,0.05322011473852545,0.423047040615643,749
energia_eletrica,EQPA5,ENMT4,-2.8363850368395247,0.05326144156249039,-0.03456517672689622,749
industria,RAPT3,POMO3,-2.8361802382176475,0.053288635078876136,0.21274509074690728,749
oleo_gas,PETR4,OSXB3,-2.8351379108057513,0.05342721310745465,-2.0711717283116724,749
energia_eletrica,ENGI11,ENMT3,-2.8348975821057794,0.053459206707447166,-0.13866602434712755,749
industria,RAPT3,TGMA3,-2.834612492145382,0.053497179428101026,0.043228761200476834,749
industria,VLID3,PLAS3,-2.8342822327752373,0.05354119607616273,-2.254352945761909,749
energia_eletrica,EGIE3,ENMT4,-2.8326349023672095,0.05376119295079081,-0.05725481956716163,749
mineracao_siderurgia,CMIN3,GOAU4,-2.8314540806065787,0.05391934278787115,-0.2732880893262078,749
financeiro,RPAD6,CGRA3,-2.8308953075884036,0.05399431274035105,-0.3534454009024591,749
financeiro,WIZC3,ABCB4,-2.8304326541400204,0.05405645084774903,-0.12143452323511199,749
energia_eletrica,TAEE3,ALUP4,-2.829886024124574,0.0541299429385593,-0.6762612384408483,749
oleo_gas,PRIO3,DEXP4,-2.829842563955184,0.054135789473868566,3.8273465866163177,749
financeiro,CGRA4,ITUB4,-2.829778838921414,0.054144363098528096,-0.4945896946730113,749
financeiro,B3SA3,RPAD3,-2.8288813587707433,0.05426522871019455,-0.4003526100561415,749
mineracao_siderurgia,FESA3,USIM3,-2.8271683580600047,0.054496533660861775,-0.16240828266165666,749
energia_eletrica,CEBR6,ALUP3,-2.8267944284678084,0.05454713187748839,2.815818582871972,749
financeiro,BRSR6,BMIN3,-2.826482069993397,0.05458942798963606,0.18883084860753127,749
financeiro,BRSR6,SANB3,-2.825287622377746,0.054751413688594396,0.030907950179324302,749
energia_eletrica,CMIG3,COCE3,-2.8251716784318113,0.05476715834922901,-0.06011053788173691,749
industria,POMO3,FRAS3,-2.82503939437096,0.05478512643358836,0.37354935787002536,749
oleo_gas,LUXM4,PETR3,-2.8239902022812022,0.05492780809111223,-0.2290740077811603,749
energia_eletrica,ENGI3,CPFE3,-2.8233100798790702,0.05502046103207341,0.41419060475752434,749
financeiro,BPAC11,RPAD6,-2.8230750192546363,0.05505251291152318,2.5158783508832476,749
energia_eletrica,EMAE4,RNEW3,-2.823055139124152,0.05505522438067208,-2.6826570691700584,749
agro_alimentos,CAML3,BEEF3,-2.822903915767918,0.055075853436721764,0.11810370393823146,749
financeiro,BBSE3,BAZA3,-2.8206584231053857,0.05538291333231625,0.13626450008417476,749
mineracao_siderurgia,CMIN3,PMAM3,-2.8204943681669916,0.05540540160028098,-0.08197418518790066,749
financeiro,IRBR3,PSSA3,-2.81602732676367,0.0560205980372218,-1.0677809472871291,749
industria,RAPT3,POMO4,-2.814268323572893,0.05626436707973463,0.1473802634484496,749
financeiro,CXSE3,BBAS3,-2.813765197515351,0.05633425064031416,0.6286331778333687,749
energia_eletrica,EMAE4,TAEE3,-2.813089295611291,0.05642824368461844,-5.1793491985842754,749
agro_alimentos,ABEV3,SOJA3,-2.812262645610711,0.05654337361430388,-0.3083315329473489,749
financeiro,BBSE3,RPAD6,-2.8120860129439285,0.05656799851030594,1.9112675251885443,749
industria,LUPA3,INEP3,-2.81177421513808,0.05661148847454566,0.6246197215044502,749
energia_eletrica,CMIG3,EQPA3,-2.8103360111147397,0.05681244312890415,-0.3129973782106373,749
mineracao_siderurgia,GOAU4,FESA3,-2.8095441062044686,0.05692334024686401,0.09543781895470256,749
financeiro,RPAD5,BSLI4,-2.8092490038566704,0.05696471088852826,-0.0020947627322270203,742
mineracao_siderurgia,GGBR3,CSNA3,-2.809048641174633,0.05699281382410014,0.028755550874187116,749
mineracao_siderurgia,GOAU4,CBAV3,-2.808818616198167,0.05702509109478614,0.05093698693545199,749
mineracao_siderurgia,GGBR3,VALE3,-2.808564942794166,0.05706070395284366,0.056299481745486706,749
financeiro,SANB4,BAZA3,-2.808249015869599,0.05710508176421271,-0.024066094982201826,749
energia_eletrica,EQPA6,ALUP3,-2.807036575804942,0.05727565191309339,-1.150300656541199,749
financeiro,BRSR6,SANB11,-2.804496254975253,0.05763437480039143,0.03338741540318595,749
energia_eletrica,RNEW4,ALUP11,-2.8042233686247466,0.0576730177882647,-0.31123447889023015,749
financeiro,BRSR3,BPAC11,-2.8040429715863633,0.05769857506264085,0.15239390028673855,749
financeiro,CGRA4,ITSA4,-2.802548494593925,0.05791065487724297,-1.4388660892797875,749
financeiro,CGRA4,CGRA3,-2.8003440045946926,0.05822464626031342,0.9097199870362326,749
energia_eletrica,CEBR6,ALUP11,-2.800169284578368,0.05824959104016947,1.0035044709787373,749
energia_eletrica,CEBR5,ALUP11,-2.798818605918944,0.05844272006376342,0.7818661118511497,749
financeiro,BPAC11,BRSR3,-2.7980399991685347,0.058554286123254,3.560548730180418,749
financeiro,BNBR3,ITUB3,-2.797115788989433,0.05868693962403131,4.587761217430336,749
mineracao_siderurgia,CMIN3,GGBR4,-2.7966970640896376,0.05874712005728589,-0.08553541515387485,749
financeiro,BRSR5,PSSA3,-2.7966862810593263,0.05874867048788514,-0.021490847345073418,749
energia_eletrica,ENGI11,CGAS3,-2.7966805172331353,0.05874949924926983,-0.0968015434720734,749
energia_eletrica,ENGI4,CPLE3,-2.7962900452276944,0.05880566598383417,0.2972532374239669,749
financeiro,SANB4,WIZC3,-2.796051026288538,0.05884006869084591,0.7337367291350321,749
industria,TGMA3,VLID3,-2.795826590243315,0.058872387281714636,0.9059385379485957,749
energia_eletrica,EMAE4,TAEE11,-2.7945327896981946,0.059058973926168094,-1.7349866134064904,749
industria,PTBL3,INEP4,-2.79440380571221,0.059077601697230704,0.9541449561726272,702
agro_alimentos,AGRO3,CAML3,-2.794092050583923,0.05912264479085052,1.1070710080534485,749
financeiro,BRSR6,SANB4,-2.793550286155012,0.05920098631226598,0.0782139250424077,749
mineracao_siderurgia,GOAU4,USIM6,-2.7921068833761034,0.05941011907203221,0.03277510379606529,749
agro_alimentos,ABEV3,SLCE3,-2.791489343260451,0.05949977613158517,0.2875913592968312,749
energia_eletrica,EMAE4,TAEE4,-2.791201759728168,0.05954156606964349,-5.301585960399075,749
energia_eletrica,CEBR5,AURE3,-2.7910258677410886,0.05956713735787014,-1.1729360162414022,691
industria,RAPT3,WEGE3,-2.7910061141292926,0.059570009705446625,-0.028636755752359525,749
financeiro,BAZA3,INBR32,-2.78979624667419,0.05974614876689798,1.4549450335941518,585
oleo_gas,RECV3,UGPA3,-2.7894758484114592,0.059792864581954645,-0.3581187337936183,749
financeiro,BRSR5,BBAS3,-2.789441285896266,0.05979790575050275,0.038185914856210194,749
mineracao_siderurgia,USIM3,GOAU3,-2.7863631730274823,0.060248249201568654,-0.7296942420905695,749
financeiro,BBAS3,BMIN4,-2.786226090406226,0.060268368677140145,1.0086960489512455,749
financeiro,IRBR3,BMIN4,-2.786048498688371,0.060294441706267125,4.932815279611839,749
financeiro,B3SA3,BPAC11,-2.7859808856097024,0.06030437067876545,0.02293213877998266,749
energia_eletrica,EQPA6,RNEW4,-2.7850161428303832,0.060446187050129246,0.9109987548764897,749
energia_eletrica,EQPA5,CMIG4,-2.783558721610398,0.06066093770300353,0.2754541307519514,749
financeiro,BNBR3,BPAC5,-2.7828633984896793,0.06076361033726392,8.679328397420909,749
industria,MYPK3,FRAS3,-2.7828574588234507,0.060764488003057886,-0.14186869876874375,749
financeiro,BMIN4,RPAD6,-2.782303709136815,0.060846356971229164,0.25590176426734174,749
industria,PTBL3,POMO4,-2.780244304864216,0.06115161096431703,-0.7162700014006131,749
energia_eletrica,EQPA6,COCE5,-2.7800849467559483,0.061175283161228174,0.11638201492948626,749
financeiro,PINE4,ITSA3,-2.7795305541851545,0.06125769424014774,1.3587973207701682,749
financeiro,ITUB3,BMEB4,-2.77784442522703,0.06150888994347837,0.26427576335429775,749
financeiro,SANB4,PABY11,-2.777187159435481,0.06160703273349509,-0.10266306901824977,749
financeiro,BRSR5,BBSE3,-2.7761804107462438,0.06175760509153815,-0.0625606191923015,749
energia_eletrica,TAEE11,EQPA7,-2.7758239792011987,0.06181098514017582,-2.16048656088817,749
industria,RAPT3,ROMI3,-2.7758118509753054,0.061812802146818197,-0.024718396862194132,749
financeiro,RPAD6,WIZC3,-2.7731941792298165,0.0622059810189568,-1.1637137841355343,749
oleo_gas,PETR4,BRAV3,-2.7726636121083157,0.062285918232376426,-0.3220475915676121,749
energia_eletrica,CMIG3,CBEE3,-2.772461879960513,0.06231633365442275,-0.19328125263204265,749
financeiro,SANB4,PINE4,-2.772017587268859,0.06238336244554847,-0.3185707156951222,749
financeiro,BPAC5,CGRA3,-2.771758204126256,0.06242252146138119,-0.3462788516536873,749
industria,POMO4,FRAS3,-2.7704739972973713,0.06261668964917175,0.5060929002367458,749
industria,RAIL3,ETER3,-2.769595019951438,0.06274986850192701,-0.40847306977777953,749
financeiro,CGRA4,RPAD3,-2.7695280284772923,0.06276002810615383,-2.216715637508309,749
agro_alimentos,AGRO3,TTEN3,-2.768569901178969,0.06290547803072687,-0.5398954600137283,749
financeiro,IRBR3,BBAS3,-2.7676818396773246,0.06304053366854281,-1.3339386248373242,749
oleo_gas,PRIO3,BRAV3,-2.7666222202012025,0.06320198487735791,-0.5413903071218809,749
financeiro,BRSR5,CXSE3,-2.765660924682248,0.06334874235696451,-0.023466434748368254,749
financeiro,BMIN4,WIZC3,-2.7649887606856676,0.06345152191003837,-0.2917839594438002,749
agro_alimentos,BEEF3,SLCE3,-2.7647707125096534,0.0634848921087332,1.265763065950797,749
financeiro,SANB4,BMEB4,-2.763485923614367,0.06368180346205256,-0.03741474910623951,749
oleo_gas,BRAV3,DEXP4,-2.7631587885821496,0.06373201969000229,-1.8795266361244025,749
financeiro,SANB4,CXSE3,-2.762553954836016,0.06382494733799436,-0.14296827541060622,749
financeiro,ITUB4,ITSA3,-2.761841932571655,0.06393448312070779,3.8977941134608614,749
energia_eletrica,RNEW4,COCE3,-2.7603432476819587,0.0641655307214432,0.07202988369727319,749
energia_eletrica,CBEE3,ALUP11,-2.7601539674368127,0.06419475910977915,-1.2279516877818266,749
energia_eletrica,ALUP4,EQPA5,-2.760134582327067,0.06419775313462966,0.480290107760847,749
financeiro,BBSE3,BMEB3,-2.7594585361912958,0.06430223844954056,0.23212733291437596,749
mineracao_siderurgia,GGBR4,CBAV3,-2.7594070227090595,0.06431020563591398,0.2604942084695484,749
energia_eletrica,EQTL3,CEBR5,-2.7585639820403545,0.06444070479795806,0.6950772654815114,749
financeiro,BBSE3,INBR32,-2.7584093965418024,0.0644646570357623,0.084983914477576,585
energia_eletrica,ALUP11,CBEE3,-2.7582683758075004,0.06448651371585888,-0.48319190083102337,749
financeiro,BSLI3,RPAD6,-2.757931343304333,0.06453877418747511,-2.9533978036012596,749
financeiro,BRSR5,BSLI3,-2.757541825636449,0.06459921538623346,0.0388400666390106,749
energia_eletrica,AURE3,COCE3,-2.756035166129688,0.0648334305906967,0.1304519872419604,691
financeiro,INBR32,CXSE3,-2.7545654327708213,0.0650625615080165,3.0274887812371216,585
financeiro,BRSR5,CGRA3,-2.7544972982491958,0.06507319938845016,-0.01168934317605321,749
energia_eletrica,CMIG3,REDE3,-2.7540655639756313,0.06514063872664128,-0.639002477510965,749
industria,FRAS3,PLAS3,-2.7530973271089914,0.06529208660678837,-1.6857423463562127,749
energia_eletrica,CBEE3,CEBR3,-2.752530788510871,0.06538083322398307,-0.3382492375174943,749
financeiro,ITUB3,RPAD3,-2.7522755583587935,0.06542084586351826,2.7430526034817366,749
oleo_gas,RECV3,DEXP3,-2.752246477558289,0.06542540612974672,-1.29161028714432,749
financeiro,ITUB4,RPAD6,-2.752002671859965,0.06546364821252867,1.727786084557953,749
financeiro,CGRA3,BMEB3,-2.7516489962065696,0.06551915576392738,-0.22914750990659846,749
mineracao_siderurgia,BRAP3,GGBR4,-2.751337171177367,0.06556812636116219,1.1530388494918635,749
financeiro,BRSR5,ITUB3,-2.7510085310439503,0.06561976943079247,-0.0025663651696850474,749
energia_eletrica,EQPA5,LIGT3,-2.7509966672387147,0.06562163433870141,-0.17076507934771082,749
energia_eletrica,CMIG3,COCE5,-2.750732776192773,0.06566312716071576,-0.04417039045838209,749
energia_eletrica,EQPA6,CEBR3,-2.75059008723274,0.06568557156737687,-0.2503914654245354,749
industria,RAPT3,INEP3,-2.75034988865655,0.06572336773178271,0.01652529374131191,749
industria,POMO4,ETER3,-2.7487998870893846,0.06596768557447438,-0.5128222578597064,749
financeiro,BRSR5,BAZA3,-2.748755471674472,0.06597469722665877,0.0001895556541489793,749
financeiro,BPAC3,CXSE3,-2.748500572255836,0.0660149485384235,0.5336605924719287,749
financeiro,BRSR5,ABCB4,-2.7481016925120896,0.06607797532712073,-0.003851571435563268,749
agro_alimentos,CAML3,SOJA3,-2.747078413494853,0.06623988349460774,0.13837712244963465,749
energia_eletrica,EQPA7,CGAS3,-2.7470475294323617,0.06624477505342553,-0.025620998084485955,749
financeiro,CGRA3,BMEB4,-2.7460798989707076,0.06639817928870476,-0.1962534033035328,749
energia_eletrica,CBEE3,ALUP3,-2.74596460372999,0.06641647667209132,-3.359875052742481,749
energia_eletrica,EQPA7,ALUP3,-2.7457676759281666,0.06644773849511733,0.5073134081100317,749
financeiro,CGRA3,ABCB4,-2.745673364024004,0.0664627144564586,-0.7636466143878725,749
agro_alimentos,CAML3,SMTO3,-2.7455465123778757,0.06648286172287916,0.026299243658091182,749
industria,MYPK3,PTBL3,-2.7452144535075598,0.06653562425422535,0.37137549523120317,749
financeiro,BRSR5,ITUB4,-2.744799739356251,0.06660156735123382,0.004044644850782789,749
industria,POMO4,PLAS3,-2.744701601639869,0.06661717973557275,-0.9541778336270414,749
financeiro,BRSR5,CGRA4,-2.743943075147451,0.0667379498411706,0.022611068133182845,749
financeiro,BRSR5,BNBR3,-2.7431637551809582,0.06686221294146719,0.0021578962092505226,749
financeiro,ITSA3,ITUB4,-2.7425872234022357,0.06695426034523534,0.23938728230219064,749
financeiro,CGRA3,BPAC11,-2.7419818860403566,0.06705101577840188,-0.4168297592880293,749
industria,AERI3,LUPA3,-2.7419008458821956,0.0670639774907872,17.798490080825143,749
energia_eletrica,CEBR3,ALUP11,-2.7412491933000087,0.06716827683339315,0.976533730531912,749
financeiro,BRSR5,RPAD6,-2.741075157354294,0.06719615383931835,-0.018558957752919984,749
energia_eletrica,TAEE11,ALUP4,-2.740832152105572,0.06723509378937369,-1.907097592610227,749
mineracao_siderurgia,GGBR4,CMIN3,-2.7390443210670297,0.06752213634189844,-0.34572464407797465,749
financeiro,ITUB3,ITSA3,-2.7389333615724336,0.06753998349371029,3.4370191713201184,749
industria,POMO3,PLAS3,-2.738755411946181,0.06756861346325663,-0.6960655950858731,749
financeiro,BRSR5,PINE4,-2.7355707696047777,0.0680826253064894,0.07393019075909253,749
financeiro,BPAC5,WIZC3,-2.734416341307588,0.06826972277567543,-1.0028055674558818,749
industria,FRAS3,POMO3,-2.7339740874603877,0.06834150717216819,2.2521241565885424,749
mineracao_siderurgia,USIM3,CBAV3,-2.732717682982624,0.06854576892803756,0.3403896500854079,749
financeiro,BRSR5,ITSA3,-2.732556680429315,0.0685719793067105,0.07031602480016828,749
energia_eletrica,EQPA5,CMIG3,-2.7316923392883186,0.06871282620855153,0.160751848765269,749
mineracao_siderurgia,GOAU4,USIM5,-2.731056853980365,0.06881652744946476,0.012565003291033449,749
industria,PTBL3,POMO3,-2.730990419280936,0.06882737575046485,-0.9621616825326248,749
financeiro,BPAC11,BMIN3,-2.730802273782512,0.0688581059330839,0.7134573167713916,749
financeiro,BRSR5,RPAD3,-2.730675496408837,0.06887881890345547,-0.05647132286117707,749
financeiro,BRSR5,ITSA4,-2.730391794611506,0.06892518828096031,0.07945882089251236,749
energia_eletrica,ENGI4,COCE3,-2.7299524331278766,0.068997048409868,-0.010658289099143356,749
energia_eletrica,EQPA6,RNEW3,-2.729608349510512,0.06905336696787483,0.8862557751531361,749
oleo_gas,BRAV3,PETR4,-2.7294600823190724,0.06907764618059169,-0.6058603413309399,749
financeiro,CGRA3,PABY11,-2.7292110298249113,0.06911844460857014,-0.4072155851097353,749
industria,TUPY3,RAIL3,-2.728348861890406,0.06925982857378646,0.7373764514900749,749
financeiro,BPAC11,BAZA3,-2.727777510960697,0.06935364931168356,0.21180530774131218,749
energia_eletrica,LIGT3,AURE3,-2.7268777199897998,0.06950160793522386,0.1171547829578464,691
industria,INEP4,TGMA3,-2.7262236961613375,0.06960931109544614,-0.24110233123894523,702
financeiro,ITSA4,BAZA3,-2.72603480298969,0.06964044231339628,0.036854922038548725,749
financeiro,CGRA4,SANB3,-2.7256201485405103,0.06970881980177607,1.9594149477804101,749
financeiro,BPAC3,BBAS3,-2.7252805125648143,0.06976486637403785,0.380144977013524,749
industria,POMO3,ETER3,-2.725144627588592,0.06978730009358587,-0.3737258932422969,749
financeiro,CGRA4,ITSA3,-2.7235271959377574,0.07005476859662438,-1.6703493436026189,749
energia_eletrica,EGIE3,ENGI4,-2.723142343889903,0.07011853007611049,1.8987922249088076,749
financeiro,ITSA4,RPAD6,-2.7221727438839363,0.07027937604970795,0.4493367756205267,749
financeiro,BNBR3,ITSA3,-2.722095314511569,0.07029223337276427,15.670403808072622,749
industria,PTBL3,VLID3,-2.7219328262531217,0.07031922099878189,-0.2576723089349851,749
energia_eletrica,EQTL3,ENMT4,-2.7210594763761513,0.07046441661008664,-0.23365395991145385,749
energia_eletrica,TAEE4,EQPA7,-2.7202391558363876,0.07060101301528122,-0.7076970812963613,749
mineracao_siderurgia,USIM6,GGBR4,-2.719832076669388,0.07066887626360621,0.2636180423860739,749
financeiro,BPAC11,BPAC5,-2.719396181271966,0.07074160087099163,3.0970486995391813,749
financeiro,BPAC11,RPAD5,-2.7189957546266714,0.07080846028824286,2.975671477872776,749
mineracao_siderurgia,GOAU4,USIM3,-2.7185078958800877,0.07088998612674738,0.03137498105566771,749
energia_eletrica,CBEE3,EMAE4,-2.717649489282068,0.07103361507569143,-0.06547876309602983,749
financeiro,BRSR6,CGRA4,-2.716960969125324,0.07114898553440152,-0.09770708219797299,749
financeiro,BRSR6,BMEB4,-2.7169445354531443,0.07115174102605161,0.032260961936376065,749
financeiro,WIZC3,BMEB4,-2.7167054162851,0.07119184456760903,-0.04383850298616979,749
financeiro,BPAC11,BBAS3,-2.7162059738255215,0.07127566577089689,1.142610987989565,749
financeiro,SANB3,PABY11,-2.716161570356349,0.07128312177676739,-0.10522044960588071,749
agro_alimentos,AGRO3,ABEV3,-2.7159731058006824,0.07131477468406146,0.7101133289507838,749
energia_eletrica,EQPA5,EQPA3,-2.715736281212255,0.07135456555313636,0.3304414699690245,749
energia_eletrica,RNEW3,TAEE3,-2.7155274466750594,0.07138966820376225,0.7103334049767669,749
energia_eletrica,CPLE3,REDE3,-2.7154899224770745,0.0713959770366309,1.1179232521187847,749
mineracao_siderurgia,FESA3,VALE3,-2.7142665687822194,0.07160189842095861,-0.010141049022591435,749
oleo_gas,DEXP4,PETR4,-2.71350434126277,0.07173043874562379,0.22429609306615142,749
energia_eletrica,TAEE11,CMIG4,-2.7127689307550713,0.0718546301874057,-1.1247028400083439,749
energia_eletrica,CEBR3,ALUP3,-2.7125796947374883,0.07188661473816522,2.777631328631538,749
energia_eletrica,CEBR5,ALUP4,-2.7124624941080397,0.07190642957624001,2.3310783394739847,749
energia_eletrica,EQPA6,REDE3,-2.7121573615781824,0.0719580379469075,-1.3242980318139708,749
energia_eletrica,CEBR6,ALUP4,-2.71199775243517,0.07198504502485865,3.0286740590316175,749
financeiro,BBAS3,BSLI3,-2.7118124718024603,0.07201640599570572,-0.6656051869537533,749
oleo_gas,RECV3,PRIO3,-2.7116515803022603,0.0720436476022774,-0.11371358761249967,749
financeiro,IRBR3,BSLI3,-2.71149362111637,0.07207040066865328,2.0850953191833526,749
financeiro,SANB11,PABY11,-2.709302037409725,0.07244239600273378,-0.20685540248180878,749
mineracao_siderurgia,USIM3,GGBR3,-2.7073232698401393,0.07277957407349878,-0.020026878745312178,749
financeiro,BMIN4,RPAD3,-2.7070796690725754,0.07282116896188733,0.49060690099631404,749
financeiro,BRSR6,BMEB3,-2.7069983862384492,0.07283505221372548,0.04361645027600133,749
industria,RAPT3,TUPY3,-2.70657065485023,0.07290814403609983,-0.04296803556925964,749
financeiro,CXSE3,ITSA4,-2.7063497736219375,0.07294591151691017,2.683878149516882,749
agro_alimentos,TTEN3,SMTO3,-2.7061819485912015,0.07297461751508556,-0.07009899219774304,749
energia_eletrica,ALUP11,EQPA5,-2.705547530187495,0.0730832138231776,1.4620147090554183,749
mineracao_siderurgia,FESA3,BRAP4,-2.7044033682200497,0.07327938868746511,-0.017886914463544044,749
mineracao_siderurgia,USIM3,GOAU4,-2.702977968942804,0.07352436649724108,0.22438768428161449,749
energia_eletrica,EMAE4,RNEW4,-2.701776476980759,0.0737313651042062,-1.9596105119978748,749
financeiro,BRSR6,INBR32,-2.7014496401110684,0.07378775374819448,0.044245690250923585,585
industria,RAPT3,LOGN3,-2.7012294928071956,0.0738257546301537,0.004593197833845797,749
financeiro,CXSE3,INBR32,-2.700126281016667,0.07401641945770637,0.25190722359763273,585
energia_eletrica,EQPA7,REDE3,-2.6986674343649937,0.07426914509124964,0.26265138658867004,749
industria,FRAS3,POMO4,-2.69826562297496,0.07433887317146272,1.6503990402276376,749
financeiro,SANB4,BBAS3,-2.696738211501651,0.07460440366266045,-0.08375138450859997,749
financeiro,WIZC3,BMEB3,-2.6960299302614272,0.07472778767249603,-0.049298020739546214,749
financeiro,ABCB4,BSLI3,-2.6954062951153572,0.07483655951010316,-0.37552922085740104,749
energia_eletrica,ENGI11,CEBR6,-2.694995747842542,0.07490823365414888,0.42388561900978705,749
agro_alimentos,CAML3,SLCE3,-2.6948746777309514,0.07492938065382339,0.10263249533950143,749
industria,ROMI3,FRAS3,-2.694667025156406,0.07496566175831015,-0.23256376844195994,749
energia_eletrica,EQPA7,CEBR6,-2.6935295965984745,0.07516463958999497,0.06742367556141515,749
energia_eletrica,EQPA7,EQPA3,-2.692984029754672,0.07526022694415889,0.3974287396793615,749
energia_eletrica,COCE3,AURE3,-2.692709108904219,0.07530843144242672,5.613987521380242,691
financeiro,BNBR3,ABCB4,-2.6924756597187325,0.07534938343792195,5.073414452056332,749
financeiro,BRSR6,BSLI3,-2.691213568778954,0.07557108555280397,-0.10621798985738543,749
energia_eletrica,TAEE3,AURE3,-2.6895383369228703,0.07586615521796947,0.3153518048074448,691
financeiro,BPAC5,BAZA3,-2.6893845242185233,0.07589329272093218,0.07128649220938844,749
energia_eletrica,REDE3,ALUP3,-2.6893030650535383,0.07590766783343343,0.34977857072583896,749
energia_eletrica,TAEE4,ALUP4,-2.689265034364551,0.07591437985027442,-0.6221845096105396,749
oleo_gas,BRAV3,CSAN3,-2.689206473832156,0.07592471608333884,1.4624383570360622,749
energia_eletrica,ENMT4,ENGI3,-2.688924150120249,0.07597456322481738,-2.30240478747466,749
agro_alimentos,AGRO3,LAND3,-2.6880735712745194,0.07612489753469616,0.19475121012658905,749
energia_eletrica,CBEE3,CPLE3,-2.687358641327455,0.07625143798007164,-2.0713428941242378,749
mineracao_siderurgia,GOAU4,CSNA3,-2.686667803048311,0.07637387162621907,0.03482724573251283,749
energia_eletrica,EMAE4,CGAS5,-2.6853184125460325,0.07661346353069207,-0.11211776119759752,749
energia_eletrica,EQTL3,CGAS3,-2.68502634988868,0.07666539872019651,-0.1891561964843453,749
energia_eletrica,TAEE11,COCE5,-2.684530224287739,0.07675368432636306,0.1876157682635751,749
financeiro,WIZC3,PABY11,-2.6845185685652195,0.07675575942514959,-0.11214296906700806,749
financeiro,RPAD6,ITSA4,-2.681977801700468,0.07720915363612439,1.1903336992496187,749
mineracao_siderurgia,USIM5,BRAP3,-2.68167247139582,0.07726378063953884,0.4418825229499875,749
agro_alimentos,SOJA3,ABEV3,-2.6807151610401343,0.07743525122287219,-0.7979305821311246,749
industria,INEP4,LUPA3,-2.680640057637049,0.07744871616804283,1.0527735790195296,702
agro_alimentos,BEEF3,ABEV3,-2.6803067630701074,0.07750849323668525,1.785253921353102,749
financeiro,BRSR6,WIZC3,-2.680259608734493,0.07751695339209176,-0.4376368204919699,749
energia_eletrica,EQPA3,CGAS3,-2.679587562789993,0.0776376068633662,-0.03794198495474885,749
energia_eletrica,EQPA6,CEBR5,-2.6791516829193793,0.07771593994413077,-0.2885371799343368,749
financeiro,BSLI3,BMIN4,-2.6788724311605163,0.07776615762229724,-0.2547799729135969,749
energia_eletrica,LIGT3,ENGI4,-2.6787376634615385,0.07779040193823351,0.8663078512879832,749
energia_eletrica,CBEE3,RNEW4,-2.676681458272201,0.07816104428897859,1.85358492952719,749
energia_eletrica,CMIG3,AURE3,-2.676566774932818,0.07818175735787697,-0.1526374542570702,691
financeiro,BPAC3,RPAD3,-2.67647499318065,0.07819833725400566,1.3943882771019627,749
financeiro,BRSR6,BNBR3,-2.67488345782941,0.07848627909183617,0.05544806898464739,749
energia_eletrica,EQPA7,CEBR5,-2.6741442172757495,0.07862030581495581,0.07801447044281402,749
energia_eletrica,EQPA7,RNEW3,-2.673086296466874,0.07881242265498539,-0.362784280751151,749
energia_eletrica,CMIG3,RNEW3,-2.6718665350094346,0.0790343864060361,-0.3004811525320097,749
oleo_gas,DEXP3,PETR3,-2.670235932561887,0.07933187752547022,0.17664223488436778,749
energia_eletrica,CMIG4,EQPA7,-2.6690641392553527,0.07954620387220485,0.7361497913738863,749
mineracao_siderurgia,USIM6,CBAV3,-2.669039237576332,0.07955076342161077,0.16568270545852773,749
industria,AERI3,FRAS3,-2.6687568605064667,0.07960248158125838,-4.495933009116486,749
agro_alimentos,CAML3,ABEV3,-2.6680259384225082,0.07973647438083009,0.13065350689316776,749
financeiro,BBSE3,CXSE3,-2.667712653708351,0.0797939598698379,0.8468604968101685,749
financeiro,CGRA4,SANB4,-2.6674072603613768,0.07985002859004436,1.8981247311435425,749
mineracao_siderurgia,GGBR4,USIM6,-2.6669519960986894,0.07993367015468467,0.2621179595421168,749
industria,POMO3,INEP4,-2.6666206698139825,0.07999458484445066,-0.6805693734219473,702
financeiro,RPAD6,ITUB4,-2.666611605899341,0.07999625176543662,0.3408895593068308,749
financeiro,CGRA3,BMIN4,-2.6665513204618634,0.08000733939561855,-0.1967894753452019,749
energia_eletrica,ENGI11,REDE3,-2.664887758321737,0.08031377485833968,2.3019402502500097,749
financeiro,RPAD6,BSLI3,-2.6647493250612455,0.0803393162164775,-0.2558701280861006,749
financeiro,PINE4,WIZC3,-2.6643253618611036,0.08041757826370854,-0.9142223187788994,749
financeiro,WIZC3,INBR32,-2.6641332289505066,0.0804530649298496,-0.024767196541166547,585
oleo_gas,BRAV3,VBBR3,-2.664090743113087,0.08046091365558328,-0.6996877356562344,749
energia_eletrica,TAEE4,CMIG4,-2.662973012477706,0.08066761565630509,-0.3689178709759778,749
industria,PLAS3,MYPK3,-2.6614286978006443,0.0809538889535269,0.3025354433018729,749
industria,RAPT3,FRAS3,-2.6613070007262856,0.08097648195017287,0.10007834680076556,749
financeiro,SANB11,BAZA3,-2.6610987680606444,0.0810151516660762,-0.04587379731342971,749
energia_eletrica,ALUP11,EQPA7,-2.6610873121234033,0.08101727950255172,1.6652326482179085,749
energia_eletrica,CEBR3,RNEW4,-2.6606059988723705,0.08110671855850327,-2.4426361544977024,749
energia_eletrica,RNEW3,TAEE11,-2.660491492494735,0.08112800783317597,0.23690272950512598,749
financeiro,BRSR5,WIZC3,-2.660416466634551,0.08114195917243178,-0.21201462562226397,749
industria,POMO4,INEP4,-2.6598156956270493,0.08125374242210165,-0.9338603975106073,702
financeiro,PINE4,BPAC11,-2.65918695315691,0.08137085905428237,0.22656050979788614,749
financeiro,CGRA4,SANB11,-2.65812727478188,0.08156854505624755,0.9502932236414158,749
energia_eletrica,EQPA7,ALUP11,-2.65765139070773,0.08165744454342982,0.18254661387567567,749
financeiro,BMIN4,BRSR6,-2.656822067463169,0.08181255049723524,0.2367499708172273,749
financeiro,BPAC3,BRSR6,-2.656701214059611,0.0818351725534785,0.9867331184980014,749
energia_eletrica,EQPA5,CPLE3,-2.656635963505199,0.0818473885689161,0.32868026313514415,749
mineracao_siderurgia,USIM5,USIM6,-2.656194772057084,0.0819300244839557,0.687041955180561,749
energia_eletrica,EQPA7,CEBR3,-2.6538191252528645,0.08237610715584909,0.07249118785693112,749
energia_eletrica,RNEW4,CGAS3,-2.653060710059206,0.08251891543204543,0.057411577295164516,749
financeiro,ITSA3,BAZA3,-2.652949501654843,0.0825398720048045,0.03304976336193564,749
energia_eletrica,EQTL3,ALUP11,-2.652867967937739,0.08255523919323926,1.4464449653147675,749
energia_eletrica,RNEW4,AURE3,-2.6526703301068872,0.08259249853575373,0.4080217500229132,691
industria,LUPA3,SHUL4,-2.652069687131421,0.08270581423515222,-0.9225410228292296,749
financeiro,BMIN4,CGRA3,-2.651667561043067,0.0827817459815719,-0.036827342960439206,749
energia_eletrica,RNEW3,CGAS3,-2.6504966468255406,0.08300315420938076,0.06177899883152819,749
energia_eletrica,ENGI3,ENGI11,-2.649805959346014,0.0831339725617587,0.37798134835871067,749
financeiro,ITSA4,ITUB3,-2.6496493555245824,0.08316365613967946,0.3031500152045287,749
agro_alimentos,AGRO3,SMTO3,-2.6495037814908007,0.08319125647360293,0.2134805042718733,749
financeiro,BSLI3,CGRA3,-2.6491990968508103,0.08324904672570721,1.2827072892829277,749
energia_eletrica,EQTL3,RNEW4,-2.6480811047614163,0.08346136683448757,-2.5946489089829012,749
financeiro,BBSE3,IRBR3,-2.6474578940854356,0.08357990492512729,-0.18230667068166542,749
energia_eletrica,LIGT3,CMIG3,-2.647095003062965,0.08364898914771213,-0.4872723875999742,749
financeiro,ABCB4,RPAD5,-2.646677154145606,0.08372859085523371,1.6839486573095033,749
energia_eletrica,TAEE3,EQTL3,-2.646194965849006,0.08382052270776236,-0.13136961905510616,749
agro_alimentos,TTEN3,BEEF3,-2.645625989342228,0.0839291022246541,-0.15097668569459155,749
financeiro,ITUB4,ITSA4,-2.645551099093988,0.08394340190542121,3.551854852125242,749
energia_eletrica,TAEE11,AURE3,-2.6450731989014087,0.08403469769171262,0.9105952645988025,691
financeiro,BMIN4,BRSR3,-2.6425144527995568,0.08452482298391217,0.44037268979527355,749
financeiro,WIZC3,SANB3,-2.6423095694519687,0.08456416408261935,0.5511167926526478,749
energia_eletrica,RNEW4,RNEW3,-2.642236399572146,0.08457821739683002,0.9355643470970454,749
financeiro,SANB4,BRSR5,-2.6412935398009276,0.08475946945397544,0.18453248466613623,749
financeiro,CXSE3,ITSA3,-2.640077835656676,0.0849936174773982,2.931713548038618,749
energia_eletrica,ALUP4,EQPA7,-2.6396166598917,0.08508257256498963,0.5305017869890175,749
energia_eletrica,ALUP4,ENMT4,-2.6392639045032107,0.08515066350163575,-0.032009727310444755,749
financeiro,BMIN4,BSLI3,-2.6369062189009775,0.08560684507912575,-0.021153569692981412,749
financeiro,BSLI4,PSSA3,-2.636435854146981,0.08569808107842125,-0.4744744012851298,742
financeiro,BPAC3,BAZA3,-2.6363677339346574,0.08571130051376091,0.06653191401319129,749
financeiro,RPAD3,BAZA3,-2.636232172665713,0.08573761229440086,0.03605483513452845,749
agro_alimentos,LAND3,ABEV3,-2.636203450332495,0.08574318796357544,3.6347556379331785,749
energia_eletrica,CPLE3,CEBR5,-2.634457317697611,0.08608268138820557,0.2544396606058108,749
industria,ROMI3,PLAS3,-2.6329175953157087,0.08638290729559694,0.603794971784656,749
energia_eletrica,TAEE3,RNEW3,-2.6324247903276192,0.08647916913348908,0.5903855008584146,749
energia_eletrica,ENGI11,EQPA3,-2.6320943980546674,0.08654375269251846,2.412835258998192,749
industria,RAIL3,LOGN3,-2.631316703436761,0.08669592037013041,0.2290426534546419,749
oleo_gas,PETR3,CSAN3,-2.6312610991338743,0.0867068081249795,-0.3899330021107776,749
mineracao_siderurgia,USIM6,FESA3,-2.630019735210047,0.08695015271582884,0.2044451883717283,749
energia_eletrica,CMIG3,CEBR3,-2.630012384596753,0.08695159523014284,-0.0637779883248043,749
energia_eletrica,EQPA5,ALUP3,-2.6296429226113567,0.08702412383324876,0.5368132987012224,749
energia_eletrica,EMAE4,CEBR6,-2.629556417224807,0.08704111235938727,0.7862144064381338,749
financeiro,CXSE3,BSLI3,-2.629148474943521,0.08712126149480526,-0.4410582499005996,749
industria,RAPT4,LUPA3,-2.6289473416821227,0.08716079952330558,-0.43618794631086755,749
oleo_gas,RECV3,DEXP4,-2.628532179585848,0.08724245446817047,-1.3567033720960278,749
financeiro,BRSR5,BMIN4,-2.6282803115300433,0.08729202125034097,0.14882137610071097,749
industria,VLID3,POMO4,-2.628176343634099,0.0873124881351261,2.317265517255445,749
financeiro,BPAC5,BMIN4,-2.626718525949642,0.08759986209988174,0.4613372815174035,749
industria,RAPT3,PTBL3,-2.6265296914359295,0.08763713978291354,0.045262598142299264,749
energia_eletrica,CBEE3,REDE3,-2.6261104238692727,0.0877199509524555,-0.6367584728565582,749
energia_eletrica,EMAE4,LIGT3,-2.626084074818026,0.08772515727672991,-0.3026850304900836,749
agro_alimentos,SLCE3,CAML3,-2.6253308077951165,0.08787409684000497,0.26445974928933347,749
energia_eletrica,REDE3,RNEW4,-2.6249808040274845,0.08794336775956846,-0.27844236601686867,749
financeiro,SANB11,PINE4,-2.62409185204281,0.08811949427995652,-0.5893839858362423,749
energia_eletrica,CMIG3,CMIG4,-2.624075145499147,0.08812280692675711,0.8170053593851361,749
industria,RAPT3,PLAS3,-2.6231669388138172,0.08830303501525766,0.04489749252460501,749
financeiro,SANB4,BMEB3,-2.6229537573677972,0.08834538082151178,-0.03534482665497825,749
mineracao_siderurgia,PMAM3,FESA4,-2.622920252178462,0.08835203763145227,0.6772626431142902,749
financeiro,BMEB4,PSSA3,-2.622157610461033,0.08850366409064397,1.684547800769464,749
financeiro,BRSR6,BRSR5,-2.621473580659473,0.08863983205431525,0.5679064781990935,749
mineracao_siderurgia,CMIN3,GOAU3,-2.621125563608811,0.08870917293918168,-0.17922432421549464,749
industria,LOGN3,ROMI3,-2.6208709880552985,0.0887599225334505,2.198526036048074,749
energia_eletrica,CMIG3,ENMT4,-2.6206271126741947,0.0888085600714838,-0.04599722299556227,749
industria,SHUL4,LUPA3,-2.6201961348696785,0.08889456288442654,-0.574331220066854,749
industria,POMO3,INEP3,-2.619719784282366,0.08898969474998952,-0.6298153533179182,749
energia_eletrica,CMIG3,RNEW4,-2.619618087944588,0.08901001467727082,-0.17153263638213795,749
energia_eletrica,ENGI4,CBEE3,-2.619273171794227,0.08907895898332574,-0.046559701759414984,749
energia_eletrica,ENGI11,CGAS5,-2.618391546088806,0.08925537193105171,-0.10405967182989893,749
energia_eletrica,EQPA7,ALUP4,-2.6176536199597877,0.08940323777617082,0.564933847236695,749
oleo_gas,BRAV3,RAIZ4,-2.61662226508575,0.08961021745553344,3.6584697084479085,749
industria,VLID3,INEP3,-2.616281267144405,0.08967873258295139,-1.9851220083116952,749
financeiro,SANB11,CXSE3,-2.6156354435412092,0.08980860558693243,-0.2633992496108497,749
financeiro,BBAS3,CGRA3,-2.615487686283909,0.08983833945571651,-0.9118689993397001,749
energia_eletrica,EQPA3,ENGI3,-2.6148571189127274,0.08996531670788616,0.36592384251655885,749
energia_eletrica,CMIG3,CEBR5,-2.6148201820970915,0.08997275895463924,-0.08300226751816815,749
energia_eletrica,TAEE4,RNEW3,-2.61470484601602,0.0899960005999893,0.5546984248060873,749
energia_eletrica,ENGI4,CMIG3,-2.613328332281174,0.09027374235094382,0.05721008957282936,749
financeiro,SANB4,RPAD6,-2.6132543994671606,0.09028867857596434,-0.3329817795873734,749
financeiro,SANB3,BAZA3,-2.612912215647955,0.09035783281646154,-0.023183382457048415,749
financeiro,CGRA3,ITUB3,-2.612265958083305,0.09048855064104416,-0.6660409161898146,749
financeiro,BMIN4,IRBR3,-2.612205284818155,0.09050083043065815,0.043316011208188614,749
agro_alimentos,SLCE3,SOJA3,-2.611907511510067,0.09056111599896588,-0.12332338945858744,749
financeiro,CGRA4,BPAC3,-2.6112256548906037,0.09069927744527717,-0.46892574521947183,749
energia_eletrica,ENGI3,EQPA3,-2.610069443470736,0.0909339259498066,1.083104635455849,749
financeiro,BSLI4,SANB4,-2.6099173022238635,0.09096483715581871,1.7898463230553132,742
energia_eletrica,ALUP3,CBEE3,-2.6098921050320096,0.09096995736035235,-0.17271779961016523,749
oleo_gas,PRIO3,UGPA3,-2.60886129359977,0.09117961392353785,1.2797422693358054,749
financeiro,ITSA3,RPAD6,-2.6083773802334775,0.09127816508153075,0.40764448141819337,749
financeiro,PSSA3,WIZC3,-2.6067572135019255,0.09160871570927048,-3.4798044248415696,749
mineracao_siderurgia,FESA3,USIM6,-2.6064150630149308,0.09167863966901957,0.07297104732465427,749
financeiro,BNBR3,CGRA4,-2.6052818382867176,0.09191052531460231,-3.3234871633898178,749
industria,ROMI3,LOGN3,-2.603007867657412,0.09237719456002547,0.1320238643861252,749
energia_eletrica,EQPA5,CEBR5,-2.602666060217492,0.09244749802267338,0.056781098517647566,749
industria,AERI3,WEGE3,-2.6011518201899606,0.09275944323291857,-2.5159128760363734,749
industria,POMO4,INEP3,-2.600808406848595,0.09283030126661429,-0.8588973235461062,749
industria,TUPY3,LOGN3,-2.599918787920505,0.09301405348559028,0.21404491065432882,749
financeiro,INBR32,RPAD3,-2.599881001584653,0.09302186448534339,8.96665177829666,585
industria,MYPK3,PLAS3,-2.599861793855684,0.09302583520252511,0.2770213224511656,749
energia_eletrica,EQPA7,RNEW4,-2.598970876622363,0.09321015291333601,-0.3261228221069688,749
financeiro,BSLI3,BBAS3,-2.597628517975004,0.0934883958014151,-1.0394182866756947,749
financeiro,BPAC3,RPAD6,-2.5968682431624353,0.09364626697213424,0.7415246878469222,749
financeiro,IRBR3,BSLI4,-2.5964801477539607,0.0937269337399878,3.430831927912978,742
financeiro,BBSE3,BRSR5,-2.5957096032811307,0.09388725140894955,-0.5945663456858411,749
industria,LUPA3,PTBL3,-2.594849634777202,0.0940664223199364,0.4828193977659178,749
financeiro,ITUB4,BSLI4,-2.594653639430263,0.0941072937540206,-0.6648381998858771,742
financeiro,SANB4,ABCB4,-2.594299526257295,0.0941811723910087,-0.09880071347132316,749
financeiro,CXSE3,RPAD5,-2.594215521048946,0.09419870491257815,2.0015148129000195,749
financeiro,WIZC3,SANB11,-2.593828037954089,0.09427960790214085,0.25743855560245804,749
energia_eletrica,CMIG3,CEBR6,-2.593503010848488,0.09434751164668603,-0.05505540658440461,749
energia_eletrica,EGIE3,REDE3,-2.5935014169554864,0.09434784473050417,0.8037580416912344,749
energia_eletrica,EQPA5,CEBR6,-2.59254299653113,0.09454829365962908,0.046791686684091054,749
mineracao_siderurgia,USIM6,GGBR3,-2.5910058490055117,0.09487046059102161,0.15689251951723887,749
financeiro,BRSR3,BPAC5,-2.5908702635985548,0.09489891783672222,0.460260413228558,749
financeiro,PABY11,WIZC3,-2.590653763900644,0.09494437125093258,-2.849170519778844,749
energia_eletrica,CMIG3,EQPA5,-2.5905249981384673,0.09497141310066098,0.4961401354693379,749
energia_eletrica,ALUP11,ENMT4,-2.590241363125048,0.0950309995132137,-0.08957834809585177,749
energia_eletrica,ENGI3,CMIG3,-2.589953938546862,0.09509141119250697,-0.26532985271455,749
financeiro,SANB4,BNBR3,-2.589298618009534,0.09522925800112497,-0.02256749747898588,749
industria,TGMA3,INEP4,-2.5875970301327498,0.09558790037026121,-1.967731903959426,702
oleo_gas,RAIZ4,OSXB3,-2.587028603982298,0.09570793670357775,0.5927139061594401,749
industria,TUPY3,ROMI3,-2.5869444414574185,0.09572571934690266,0.6396157024141278,749
industria,RAIL3,RAPT4,-2.5866073483768792,0.09579696880725835,0.9596353269578989,749
financeiro,CGRA3,ITSA4,-2.5864091798209907,0.09583887346966247,-1.793122846029445,749
financeiro,ITUB3,BAZA3,-2.5858024499836225,0.09596725939188916,0.12456244608933523,749
financeiro,BRSR6,CXSE3,-2.585445598876013,0.09604283148508674,0.2761873262095729,749
financeiro,BSLI3,ABCB4,-2.5849480739186417,0.09614827055765796,-1.3699104479418942,749
industria,AERI3,VLID3,-2.583569286697623,0.0964409346515327,-4.169426176654897,749
financeiro,INBR32,RPAD6,-2.5831751898926054,0.0965247111524799,5.872636987618308,585
financeiro,ITSA4,BMEB4,-2.5829020741998345,0.09658280222295229,0.07710715968051644,749
financeiro,SANB11,BMEB4,-2.582436486800865,0.0966818930310237,-0.06469479522425262,749
energia_eletrica,EQPA6,CEBR6,-2.5822740909573736,0.09671647391023791,-0.24748251603390273,749
energia_eletrica,TAEE3,CMIG4,-2.581627893575122,0.09685416982700468,-0.3902129906154786,749
industria,AERI3,JSLG3,-2.581053740654773,0.09697663936293077,-6.697725773193329,749
energia_eletrica,EQPA5,COCE5,-2.580566781558135,0.09708060250463041,-0.03267986704075266,749
energia_eletrica,ALUP3,CMIG4,-2.5800309280492777,0.0971951024546851,0.5910578581524516,749
oleo_gas,DEXP3,PETR4,-2.579525544756315,0.09730318584042069,0.1841125513729353,749
financeiro,CGRA3,BPAC3,-2.5789669778929123,0.09742274976412035,-0.7009661540092315,749
financeiro,B3SA3,INBR32,-2.578866904261,0.09744418281946082,-0.04917247981680543,585
mineracao_siderurgia,FESA3,GOAU3,-2.577821216753266,0.09766835552509479,0.7530938543320063,749
financeiro,BPAC3,CGRA3,-2.5776309921261906,0.0977091777265362,-0.23929776916696474,749
financeiro,SANB4,BPAC5,-2.5768051446327958,0.09788655517974831,-0.172718644234809,749
mineracao_siderurgia,CMIN3,GGBR3,-2.576685777989414,0.09791221328131827,-0.04815527735011553,749
financeiro,BSLI3,ITUB3,-2.575936123462749,0.09807347004561479,-1.2616638271921976,749
financeiro,BSLI4,SANB11,-2.575843156609119,0.09809348204242618,0.8889276855844057,742
energia_eletrica,ALUP3,EQTL3,-2.5756475982731026,0.09813558796801913,0.17684637472906733,749
financeiro,SANB3,SANB4,-2.575333732628099,0.09820319553489987,0.9437846070683715,749
financeiro,CGRA3,ITSA3,-2.5750298578840862,0.09826868477826545,-2.048119134351147,749
oleo_gas,RECV3,VBBR3,-2.5746776037199703,0.09834464202070442,-0.5342849628024432,749
industria,SHUL4,RAPT4,-2.5724899242512778,0.09881737545743452,0.5406402418673246,749
agro_alimentos,CAML3,JALL3,-2.5721271028265926,0.09889594382127692,0.2009321632817624,749
industria,TGMA3,POMO4,-2.571649254042953,0.09899949356658694,2.1930061740350233,749
financeiro,BPAC3,PABY11,-2.5714446140586347,0.09904386419342748,0.11557766859253678,749
energia_eletrica,TAEE11,RNEW3,-2.570984213566055,0.09914374476185461,1.684599964895659,749
financeiro,BBAS3,CGRA4,-2.570845759811393,0.09917379626154887,-0.8806181291857452,749
energia_eletrica,CMIG3,EQPA6,-2.5705908398629864,0.09922914493487439,-0.21219578403932723,749
oleo_gas,DEXP3,OSXB3,-2.570393091482156,0.09927209656790287,-0.5589478282649767,749
energia_eletrica,EMAE4,REDE3,-2.5703591872712823,0.09927946209728367,-0.5736264551000112,749
mineracao_siderurgia,USIM6,GOAU4,-2.569649554717859,0.0994337216561072,0.2376742797692834,749
energia_eletrica,EQPA5,ALUP11,-2.56898253913543,0.09957888297449824,0.19658793131898955,749
industria,TUPY3,ETER3,-2.5687687002935298,0.09962545433833342,-0.32793616775744205,749
industria,INEP3,PTBL3,-2.5686867483542852,0.0996433068024174,0.7243513971906472,749
financeiro,SANB11,BBAS3,-2.5680107249643407,0.0997906647950324,-0.15680632163665467,749
oleo_gas,DEXP3,RECV3,-2.567939741736432,0.09980614713853975,-0.14869434515231067,749
financeiro,ITSA4,BSLI4,-2.5678129121726565,0.0998338148137683,-0.14609195386921311,742
financeiro,CGRA3,ITUB4,-2.5673980829244765,0.09992434981630671,-0.5816698943599485,749
energia_eletrica,TAEE11,EQTL3,-2.567307287307279,0.09994417393969274,-0.37009489542799556,749
energia_eletrica,COCE5,COCE3,-2.5668311903739203,0.10004817277100447,0.7097136559722472,749
industria,VLID3,INEP4,-2.5646952247028,0.10051576424583131,-2.2343102697566826,702
industria,RAPT4,RAIL3,-2.564032441301476,0.10066119253962247,0.3289298960088792,749
energia_eletrica,ENGI3,ENMT4,-2.5634768108439108,0.10078323205857437,-0.0674476697813478,749
financeiro,BPAC3,WIZC3,-2.56274299081313,0.100944581105044,-0.3966373916905485,749
energia_eletrica,EMAE4,EGIE3,-2.56251060330155,0.10099571818458974,0.057852518896994,749
energia_eletrica,CEBR3,CPLE3,-2.562179853789545,0.10106853373221847,2.0579415954422315,749
energia_eletrica,CMIG3,EQPA7,-2.56210519391191,0.10108497583677167,0.40582870420036027,749
energia_eletrica,ALUP3,EQPA7,-2.5607678542754533,0.1013798369451247,0.604579030605438,749
financeiro,BNBR3,BPAC3,-2.5605300440270975,0.10143233823302794,5.986843747722104,749
energia_eletrica,EMAE4,CEBR5,-2.5586778887148136,0.101841942184908,0.8611359598924714,749
energia_eletrica,TAEE3,ALUP3,-2.558610730856371,0.10185681760164389,-0.617849611061132,749
agro_alimentos,CAML3,LAND3,-2.558451624648322,0.1018920660674722,0.01553948048422685,749
energia_eletrica,EMAE4,CEBR3,-2.5559186692742046,0.10245446099204286,0.10170332993992649,749
energia_eletrica,TAEE3,COCE5,-2.5558407923355206,0.10247178917871136,0.06481419093167261,749
industria,POMO4,VLID3,-2.5558078652703786,0.10247911635663431,0.38148550900898986,749
financeiro,ABCB4,CGRA4,-2.5548991610002183,0.10268148425930795,-0.4652839373132103,749
energia_eletrica,EQPA7,CPLE3,-2.5544533620151846,0.10278087369748856,0.34393609080516147,749
industria,INEP3,LUPA3,-2.5544061201412793,0.10279141037503187,1.093856930294413,749
energia_eletrica,REDE3,CGAS3,-2.5542187704962815,0.10283320427506554,-0.01946028011792227,749
financeiro,BMIN4,PABY11,-2.5540349959150186,0.10287421311356149,0.020426098070511805,749
financeiro,BPAC3,BMEB3,-2.5535506676752147,0.10298234888933822,0.13895379905848543,749
financeiro,BNBR3,CGRA3,-2.5531774590795413,0.10306573353338516,-3.3776396507522333,749
energia_eletrica,EMAE4,COCE3,-2.5527569227726494,0.10315975347858969,0.0850606532731201,749
financeiro,SANB3,PINE4,-2.5521969045832575,0.10328505805506877,-0.28955203301724153,749
financeiro,SANB3,CXSE3,-2.551015138914582,0.10354985593912669,-0.1299018813087514,749
energia_eletrica,TAEE3,ALUP11,-2.5500066572207385,0.10377623069133429,-0.217953868248724,749
energia_eletrica,TAEE11,COCE3,-2.5499309522728977,0.10379323928745587,0.15887812579920635,749
energia_eletrica,EMAE4,EQPA6,-2.549592817838121,0.1038692334495468,0.5058462702553844,749
energia_eletrica,CMIG3,ENGI11,-2.549440668540764,0.10390344198272061,-0.006783891069361246,749
financeiro,BNBR3,RPAD6,-2.5493921551233396,0.10391435129665,9.123403454870488,749
energia_eletrica,CPLE3,TAEE3,-2.5492590580306884,0.10394428555181223,-0.6753299866490516,749
financeiro,BSLI4,SANB3,-2.549189598259769,0.1039599100098505,1.8345879494068829,742
energia_eletrica,LIGT3,EQPA5,-2.5475668560700226,0.10432543761263213,-1.0262122654600818,749
energia_eletrica,TAEE11,CPLE3,-2.5473876993882256,0.1043658524571886,-1.3222084689951787,749
oleo_gas,DEXP4,PETR3,-2.5464873730738224,0.10456913000611934,0.21735241055444973,749
financeiro,IRBR3,CGRA3,-2.5463261374121533,0.10460556557854095,2.470210936834833,749
energia_eletrica,EMAE4,CMIG3,-2.5462256974489046,0.10462826754392351,-0.2062471784949815,749
oleo_gas,PETR3,PRIO3,-2.5459630248956513,0.10468765569932126,0.26020692142561924,749
energia_eletrica,EQPA6,CGAS3,-2.544757051872892,0.10496064220456003,0.06980204424526484,749
energia_eletrica,EGIE3,LIGT3,-2.5447240335103465,0.10496812383359871,0.19410223634545706,749
financeiro,BSLI3,ITUB4,-2.544682031670828,0.10497764160802242,-1.1070213726772675,749
financeiro,SANB4,SANB3,-2.5436917049273644,0.10520224153196006,1.0209572780386078,749
energia_eletrica,EMAE4,EQPA7,-2.5411956693021582,0.10576992986191736,-0.3994442667896025,749
agro_alimentos,SLCE3,MDIA3,-2.539771532368852,0.106094859494681,-0.02064083070913348,749
energia_eletrica,EMAE4,CMIG4,-2.5394735185707984,0.10616294876814508,-0.7435216075222308,749
financeiro,ITUB4,BSLI3,-2.539370974384238,0.1061863853339376,-0.48610480792619415,749
financeiro,PABY11,INBR32,-2.539266686264382,0.1062102244616146,-0.03367504969683751,585
mineracao_siderurgia,CMIN3,CBAV3,-2.537763469044911,0.10655429007155659,-0.009537900998730807,749
energia_eletrica,EQTL3,EQPA5,-2.537615351163753,0.10658823742121559,2.355401426110067,749
financeiro,BBAS3,BPAC11,-2.5367008129343955,0.1067980215208062,0.7290658971621808,749
industria,ETER3,KEPL3,-2.5364975234683915,0.10684469573362865,-0.9474279113333256,749
energia_eletrica,RNEW3,RNEW4,-2.535955900839291,0.10696912417915472,1.0292072410104196,749
energia_eletrica,ENGI4,AURE3,-2.5350568936143487,0.1071758953952589,-0.006066419655840212,691
industria,TGMA3,POMO3,-2.534976534862148,0.10719439244728596,2.9751675106256346,749
financeiro,BRSR3,BMIN3,-2.534397540803302,0.1073277365810531,0.143048801205078,749
financeiro,CGRA4,BRSR5,-2.534302704812743,0.10734958944896955,0.15539635808830632,749
financeiro,WIZC3,SANB4,-2.5340429509729403,0.10740946108260985,0.5076538781446698,749
energia_eletrica,LIGT3,EMAE4,-2.533699081725826,0.10748875927704904,-0.009108293923929804,749
financeiro,BMEB3,PSSA3,-2.5334380946823716,0.10754897364169197,1.3967207682238252,749
industria,TGMA3,FRAS3,-2.532506435532293,0.10776413015707886,1.1128332844636737,749
financeiro,BMIN4,B3SA3,-2.5323810401590805,0.10779311344826314,-0.021236463263343854,749
energia_eletrica,EQPA7,CMIG3,-2.532298845363683,0.10781211473028013,0.1071983573800051,749
financeiro,CGRA4,RPAD5,-2.5321731020517007,0.107841188141591,-0.1780290644682513,749
financeiro,RPAD6,ITUB3,-2.5317355446563807,0.10794240259369914,0.38994585075462823,749
financeiro,SANB4,ITUB3,-2.5316545384293776,0.10796114850931876,-0.05918974850935157,749
energia_eletrica,EQPA6,CPLE3,-2.53115642412302,0.10807647234746576,-0.7926613642282946,749
mineracao_siderurgia,USIM6,GOAU3,-2.5301657851888937,0.10830609992419021,-0.277915213122306,749
oleo_gas,PRIO3,RAIZ4,-2.529668266970726,0.10842156100711642,-5.167307763506928,749
industria,RAIL3,AERI3,-2.529522935054929,0.10845530615133542,-0.047394990626889524,749
financeiro,CGRA4,BRSR3,-2.528951744891871,0.10858800899395804,-0.3961500432298116,749
financeiro,BPAC3,ITUB4,-2.5273804167952654,0.10895369733764171,0.47610140778166876,749
energia_eletrica,CMIG3,ENMT3,-2.5273436019498683,0.10896227611997461,-0.048898963701250735,749
mineracao_siderurgia,USIM6,CMIN3,-2.5270348854041447,0.10903423468895096,0.023508857275777752,749
energia_eletrica,RNEW3,CEBR3,-2.5267400904721846,0.10910298142322938,-0.1814137400691427,749
energia_eletrica,EQPA7,ENMT3,-2.5259582429596588,0.10928546661642746,0.012744777202199345,749
financeiro,SANB4,ITUB4,-2.5257878874783213,0.1093252582577145,-0.04742589132031002,749
energia_eletrica,EQPA5,COCE3,-2.5235754535996433,0.1098430221291754,-0.03771314205972242,749
energia_eletrica,RNEW4,REDE3,-2.523021149811594,0.10997302911986684,-0.7987570330947283,749
financeiro,CGRA3,CGRA4,-2.5225463220394646,0.11008448701008672,1.0414940274134838,749
financeiro,WIZC3,BMIN4,-2.5224530582812847,0.1101063890200914,-0.1169081307595063,749
financeiro,BPAC5,BPAC11,-2.5220561508945782,0.11019963489554069,0.3059073546487969,749
energia_eletrica,ENMT3,ENGI11,-2.521753787725097,0.11027070892095342,-0.9701581299048614,749
financeiro,BMIN4,CGRA4,-2.5213802341699796,0.11035856429518648,0.0009966834000664441,749
financeiro,BPAC3,BRSR5,-2.5213343608468777,0.11036935675585657,0.35711711811732944,749
financeiro,BPAC11,WIZC3,-2.521057807514638,0.11043443719513979,-2.3981374343639077,749
financeiro,ABCB4,CGRA3,-2.521006380794803,0.11044654244084529,-0.47183931938361706,749
energia_eletrica,CEBR6,EQTL3,-2.5210003057079566,0.11044797251026794,0.5866157787885866,749
energia_eletrica,EQTL3,ALUP3,-2.5192840448471694,0.11085253179290333,3.9258862217817185,749
financeiro,B3SA3,BPAC3,-2.5178539858524096,0.1111904697940515,0.14502898719385668,749
financeiro,SANB3,INBR32,-2.5177350531876117,0.11121860935981148,0.014652297349062569,585
financeiro,SANB11,BRSR5,-2.517379061349073,0.1113028690173567,0.3404155525941148,749
energia_eletrica,TAEE4,EQTL3,-2.517181838391926,0.11134957014950447,-0.1213006809662888,749
financeiro,BBAS3,BSLI4,-2.516918682620619,0.11141190647051141,-0.953653963649929,742
oleo_gas,DEXP4,PRIO3,-2.516501527775762,0.11151077531537423,0.12355848769175276,749
financeiro,CGRA4,BMIN4,-2.5152497353303445,0.11180785161755563,0.004651999500241746,749
financeiro,BPAC5,CGRA4,-2.5147759330662844,0.11192044821758768,-0.32118604431275555,749
mineracao_siderurgia,FESA3,GGBR4,-2.514402011731375,0.11200936818253382,-0.020038676578378656,749
financeiro,INBR32,BAZA3,-2.513863822658723,0.1121374438935619,0.44752204804887813,585
energia_eletrica,REDE3,RNEW3,-2.5137222832312824,0.11217114486303764,-0.2424290980217794,749
financeiro,BNBR3,RPAD5,-2.513541772525929,0.11221413593974,9.48554408555989,749
energia_eletrica,CMIG3,CGAS3,-2.5132951477803505,0.11227289277634722,-0.0002968363023439749,749
energia_eletrica,ALUP4,CGAS5,-2.513216474400083,0.11229164103938799,-0.03563923096407895,749
financeiro,ITUB3,ITSA4,-2.513160586784622,0.11230496075382834,3.1243268856690936,749
energia_eletrica,ALUP3,EQPA5,-2.5127615719348975,0.11240009223164554,0.5215473694537583,749
industria,RAPT4,JSLG3,-2.5122280677771354,0.11252738166971876,0.4415260854803745,749
financeiro,SANB3,BBAS3,-2.5120223811203695,0.11257648531557701,-0.08036862278524218,749
energia_eletrica,EQPA5,CEBR3,-2.511533390578309,0.112693286118138,0.029680574129574883,749
energia_eletrica,CMIG3,EQTL3,-2.5114695734569477,0.11270853618367399,0.11933480778625986,749
financeiro,BSLI3,CXSE3,-2.5113773933568306,0.11273056671842502,-1.471482360153685,749
financeiro,PSSA3,BMEB3,-2.5107400605993058,0.11288297326154795,0.5264412318922022,749
financeiro,PINE4,BMIN4,-2.510117552916058,0.11303198235264561,0.4694896177127991,749
financeiro,BPAC3,ITUB3,-2.509968894193511,0.1130675882502673,0.5385088767917828,749
energia_eletrica,EMAE4,COCE5,-2.5085812610886205,0.1134003480699316,0.20739333226798481,749
financeiro,CGRA3,BMIN3,-2.5085263376751694,0.11341353385555336,-0.034165095183475165,749
industria,TUPY3,LUPA3,-2.5084106816192544,0.11344130380309836,-0.577730783700304,749
financeiro,ITSA3,BPAC3,-2.5082518973980332,0.11347943738821459,0.35123027121919304,749
energia_eletrica,CMIG3,EMAE4,-2.507992324156227,0.11354179692712901,-0.0031874571668533192,749
energia_eletrica,EQPA3,REDE3,-2.50760259170177,0.11363547348772701,0.5762840301996973,749
energia_eletrica,CEBR3,RNEW3,-2.506442666509863,0.11391461374108286,-2.243190167467141,749
financeiro,ITSA3,BSLI4,-2.5063072140902074,0.11394724398975292,-0.1342671978341908,742
industria,PTBL3,FRAS3,-2.505955418005186,0.11403202341877416,-0.3167144783482759,749
energia_eletrica,EQPA3,ENGI4,-2.5050607303069286,0.1142478451211339,0.8313344743294511,749
energia_eletrica,ALUP11,CGAS5,-2.5043568168343993,0.11441785984117775,-0.1184596656039672,749
financeiro,BPAC5,RPAD6,-2.5041546965467667,0.11446671214645604,0.8750641825448014,749
oleo_gas,PRIO3,RECV3,-2.503426567826009,0.1146428283576495,-0.4838160335284351,749
financeiro,RPAD6,BPAC11,-2.5032391027199266,0.11468820397012047,0.21718474660006493,749
mineracao_siderurgia,VALE3,PMAM3,-2.5028545981865413,0.11478131425858501,3.606492621446225,749
industria,RAIL3,RAPT3,-2.5022470477989427,0.11492855063794588,0.5315114916662446,749
financeiro,BNBR3,BSLI3,-2.5018622045136354,0.11502188752443182,-2.4193618671036843,749
energia_eletrica,EQPA5,ENGI3,-2.501056902863193,0.11521738062164555,-0.0009168720607679905,749
energia_eletrica,ALUP11,CMIG4,-2.5006352034310884,0.11531984939451984,1.5910560237950415,749
mineracao_siderurgia,FESA3,BRAP3,-2.5006061733516574,0.11532690589507427,-0.0072514284314051745,749
mineracao_siderurgia,GGBR4,FESA3,-2.5003393192387,0.11539178655246046,-0.0558234917511908,749
energia_eletrica,TAEE11,ALUP3,-2.5001846124162106,0.11542941302614967,-1.7445536315658605,749
industria,PLAS3,JSLG3,-2.5001708276425485,0.11543276608150838,-0.27103196149287334,749
industria,MYPK3,INEP4,-2.4994655287518266,0.11560442154949396,0.2495522654686251,702
mineracao_siderurgia,FESA3,CMIN3,-2.4979408744914657,0.11597613644774335,0.06121481607967482,749
industria,ETER3,AERI3,-2.497342266696854,0.11612231990640393,0.08674278922940155,749
financeiro,BPAC5,PABY11,-2.4953818475118017,0.11660201847952512,0.18606969875305768,749
energia_eletrica,TAEE3,COCE3,-2.494601609004558,0.11679334293918853,0.055013670618235026,749
energia_eletrica,RNEW3,COCE3,-2.4945936458898315,0.11679529679046757,0.07892898375028361,749
energia_eletrica,EQPA5,REDE3,-2.4944005695662175,0.11684267790103381,-0.060297600538647855,749
mineracao_siderurgia,GGBR3,GOAU4,-2.4943897372453847,0.11684533658289259,1.7662918882187069,749
energia_eletrica,CPLE3,TAEE4,-2.4934152635613223,0.11708469383229231,-0.6718994812586176,749
mineracao_siderurgia,CMIN3,BRAP3,-2.493403969572531,0.11708747006203579,0.0009016559199733676,749
industria,ETER3,LUPA3,-2.492512891526608,0.11730666333127093,2.0803993675562693,749
financeiro,CGRA3,RPAD3,-2.4911647529633125,0.11763886235547016,-2.462474141813375,749
financeiro,PINE4,BSLI3,-2.490909462360787,0.11770184731392286,-0.2054340742328942,749
financeiro,BMEB3,ITSA3,-2.4886799013353014,0.11825297819400216,8.458295424656319,749
financeiro,BAZA3,ITUB4,-2.4883075333562514,0.11834520966010909,5.071734352890205,749
oleo_gas,DEXP4,OSXB3,-2.486094176694054,0.11889452691658048,-0.7721385607210856,749
industria,MYPK3,JSLG3,-2.485769846464493,0.11897517741549402,-0.14122677470864256,749
agro_alimentos,TTEN3,SOJA3,-2.4849092685420415,0.11918937046542416,-0.11258074347478554,749
industria,INEP3,ROMI3,-2.484838074896794,0.11920710285525687,0.5711920338688055,749
energia_eletrica,EGIE3,ENGI3,-2.484487397821798,0.11929447522704217,0.5350181924593544,749
energia_eletrica,CPLE3,COCE5,-2.483264354690574,0.11959956888445994,-0.08683028931990108,749
agro_alimentos,TTEN3,LAND3,-2.483197757053357,0.11961619840922155,-0.048009856970009195,749
energia_eletrica,ENGI11,EGIE3,-2.4826704344754527,0.11974793158382707,1.2266526347249995,749
financeiro,WIZC3,BPAC3,-2.4822381666051987,0.11985599810269792,-0.08711719307631784,749
mineracao_siderurgia,CMIN3,USIM6,-2.482062455787255,0.11989994609124643,0.005783207788667071,749
financeiro,SANB3,BMEB4,-2.4816942534247035,0.11999207756248548,-0.029169417805878617,749
agro_alimentos,CAML3,MDIA3,-2.4815893798723376,0.12001832849538696,-0.004120444097177661,749
financeiro,BAZA3,CGRA3,-2.481013721571009,0.12016249680247154,-4.711340318741901,749
mineracao_siderurgia,CMIN3,FESA3,-2.480128632028182,0.12038440720069793,0.04219103123842088,749
financeiro,BMEB3,ITSA4,-2.480063373364616,0.1204007808025237,7.609814461172693,749
industria,TUPY3,MYPK3,-2.479440825512781,0.12055706214377965,-0.08150248741916215,749
financeiro,BPAC3,IRBR3,-2.4793810585276854,0.12057207357743205,0.005319182918078253,749
energia_eletrica,EQPA3,ENGI11,-2.478927460157388,0.1206860467481583,0.14477987206911036,749
energia_eletrica,EGIE3,ENGI11,-2.4788578282475036,0.12070354976851416,0.29287047245343245,749
financeiro,CGRA3,BRSR3,-2.478776642214005,0.12072395944075448,-0.787916694459388,749
energia_eletrica,RNEW3,TAEE4,-2.4784587415330743,0.1208039020831308,0.7203490245297355,749
energia_eletrica,TAEE11,ALUP11,-2.478254746359313,0.12085522129154941,-0.6144764633495683,749
financeiro,ITSA3,WIZC3,-2.477807353425282,0.12096782820707264,-0.3504951911201157,749
energia_eletrica,LIGT3,EQPA6,-2.477281123638108,0.1211003764338145,0.3566575880578287,749
energia_eletrica,LIGT3,CMIG4,-2.4766060074002434,0.12127058242168043,-0.4500265433071884,749
industria,LUPA3,RAIL3,-2.476347597734834,0.1213357773741171,-0.37806943252211167,749
financeiro,INBR32,BSLI3,-2.4760589035713556,0.12140864325482564,-2.1382916050893153,585
industria,MYPK3,SHUL4,-2.475270918272621,0.12160769243307717,-0.2771371650361108,749
mineracao_siderurgia,GOAU3,GOAU4,-2.474989257264738,0.12167889940791582,0.6949032019806742,749
energia_eletrica,CMIG4,CGAS3,-2.474032456612796,0.12192101702429048,-0.0408229646670308,749
financeiro,SANB11,ABCB4,-2.473800301025821,0.12197981692277848,-0.17769783111638085,749
energia_eletrica,LIGT3,COCE3,-2.472866349273051,0.12221657600540514,0.042655878846041544,749
mineracao_siderurgia,CMIN3,BRAP4,-2.4724148040378053,0.12233116431759655,0.007428239411423352,749
energia_eletrica,TAEE4,COCE3,-2.4723067231204747,0.12235860358579664,0.0520607316554613,749
industria,PTBL3,INEP3,-2.471910976546076,0.1224591129861522,0.7979050739502145,749
industria,RAPT3,MYPK3,-2.4718614785570603,0.12247168844226913,0.22901722357132873,749
energia_eletrica,ENGI11,LIGT3,-2.471351468861193,0.12260131646582328,0.4827249341656972,749
financeiro,SANB11,RPAD6,-2.470439871290733,0.12283326498745384,-0.6424085023928335,749
financeiro,SANB11,BNBR3,-2.4697760195831235,0.12300237828504329,-0.042318165666954795,749
industria,PTBL3,WEGE3,-2.468957147985966,0.12321121644735278,-0.14874416458578224,749
financeiro,BMIN4,BSLI4,-2.466549401010475,0.12382676787099473,0.036338724094883146,742
energia_eletrica,TAEE4,CPLE3,-2.46596536869473,0.12397641591939546,-0.431850654652758,749
mineracao_siderurgia,USIM3,FESA4,-2.4659535752667177,0.123979439136848,0.2465676166440578,749
industria,MYPK3,RAIL3,-2.463932135390868,0.12449842523872895,-0.12341548930463207,749
financeiro,RPAD6,ITSA3,-2.4637255782641634,0.12455154590653178,1.3095531104315161,749
financeiro,CGRA3,BRSR5,-2.4635459966464834,0.12459774265384055,-0.0919726952920632,749
financeiro,SANB11,BPAC5,-2.4629058939562363,0.12476250840435371,-0.3129062661736941,749
industria,MYPK3,ROMI3,-2.4619801237550822,0.12500108712817992,-0.06843954551944981,749
financeiro,ITSA4,BPAC3,-2.461591401949427,0.12510136295491092,0.3897086333318946,749
financeiro,IRBR3,CGRA4,-2.461181180117308,0.12520724848905557,3.028021953075656,749
energia_eletrica,EQPA5,ENMT3,-2.4602825703645776,0.12543942354046345,-0.01988478918238732,749
financeiro,WIZC3,RPAD3,-2.4600377529258126,0.1255027316262899,-0.4997448450757967,749
industria,TUPY3,PTBL3,-2.4592289628957644,0.12571204433995947,0.09455953546704439,749
mineracao_siderurgia,USIM3,GGBR4,-2.4589198709029363,0.1257921035447535,0.3484668629574573,749
energia_eletrica,EQPA5,AURE3,-2.458725208580898,0.12584254286768154,-0.08864974059526146,691
energia_eletrica,CEBR3,ALUP4,-2.458696310356798,0.1258500319946994,2.875341337004696,749
mineracao_siderurgia,GGBR4,USIM3,-2.458529058718973,0.12589338250314697,0.35132228602294113,749
energia_eletrica,EQPA5,ENGI11,-2.456378397462001,0.1264517871732283,0.029882581999648026,749
financeiro,RPAD3,ABCB4,-2.455950306383778,0.12656315250954642,0.2682386953784183,749
financeiro,RPAD6,BPAC5,-2.4553665376914537,0.12671513121651645,0.7647820856790605,749
financeiro,ITUB3,BSLI4,-2.4545811444111685,0.1269198099902331,-0.5786713456003967,742
oleo_gas,RAIZ4,BRAV3,-2.45451064823789,0.12693819349689062,0.10281785144550112,749
financeiro,ITUB4,WIZC3,-2.454348025811402,0.12698060842453762,-1.5277359623326625,749
industria,TUPY3,PLAS3,-2.454192976307057,0.12702105777183775,0.00322776998244226,749
energia_eletrica,CBEE3,ENMT3,-2.453681096247644,0.12715466353982635,0.04322014480089148,749
financeiro,SANB3,RPAD6,-2.453185104447634,0.1272842195490823,-0.32942353519960327,749
energia_eletrica,TAEE4,ALUP3,-2.4531787501735445,0.12728587994426688,-0.5690408190977526,749
oleo_gas,PETR3,RAIZ4,-2.451485430700753,0.1277289106576312,-0.619913781383582,749
oleo_gas,LUXM4,PETR4,-2.4514697000280887,0.12773303157704946,-0.21757390811925567,749
industria,TUPY3,INEP3,-2.4509780843410396,0.12786186730606075,-0.00827745440500871,749
industria,TUPY3,JSLG3,-2.4491378033599625,0.12834497826951996,0.40555509501237075,749
energia_eletrica,CEBR5,EQTL3,-2.4491301997497015,0.12834697710914672,0.4264657949946749,749
financeiro,BMIN4,BRSR5,-2.4490061552834406,0.1283795891436909,0.2191304039730289,749
financeiro,CGRA4,BRSR6,-2.4483203955122423,0.12855998777494698,-0.4452398819987887,749
industria,JSLG3,RAPT3,-2.4480050099753576,0.12864301589215343,0.9498121117707723,749
energia_eletrica,LIGT3,CEBR3,-2.447791786360581,0.1286991709357066,0.0304263350672691,749
agro_alimentos,ABEV3,MDIA3,-2.4477807592952865,0.12870207553039664,0.050177454610523864,749
financeiro,ABCB4,RPAD3,-2.4474576289058887,0.1287872110634622,2.3996062255486117,749
financeiro,IRBR3,BMIN3,-2.4474054961748006,0.12880095035029937,2.7568862353439725,749
financeiro,ITSA4,BBAS3,-2.446044695386897,0.12915995691319482,0.19164076545226935,749
financeiro,SANB11,BMEB3,-2.4451434478687455,0.1293981220703449,-0.05860960704919729,749
industria,INEP3,TGMA3,-2.443513246758049,0.12982972779213353,-0.22725077718296535,749
mineracao_siderurgia,CSNA3,USIM6,-2.4432178627532,0.12990804366574205,1.0435353765431663,749
financeiro,BRSR6,ITUB4,-2.4430936275537536,0.12994099263438919,0.24718223752164584,749
industria,TUPY3,RAPT3,-2.442997736149949,0.1299664285457337,-0.2460024090460641,749
energia_eletrica,EQTL3,CEBR3,-2.4409323703901995,0.13051515519680307,0.4959201675477171,749
industria,INEP4,WEGE3,-2.4404138896612495,0.13065316732444826,-0.1252837237321668,702
energia_eletrica,EQPA5,CPFE3,-2.44019797766187,0.13071067103469503,0.028065652412578315,749
energia_eletrica,REDE3,COCE5,-2.43977638961373,0.1308230049339862,-0.029912900944991938,749
energia_eletrica,EQPA7,ENGI3,-2.43884349660342,0.13107182559953212,0.003201860057665847,749
financeiro,BPAC11,BPAC3,-2.4387238978916423,0.13110374954948406,2.416855342220465,749
energia_eletrica,EQPA7,ENMT4,-2.438505624536515,0.1311620267277553,-0.0009234320733104426,749
financeiro,BRSR3,RPAD3,-2.438114466677805,0.1312665093386297,0.4826495354154258,749
industria,TUPY3,SHUL4,-2.4377499318979314,0.1313639346057871,1.1671570750437612,749
energia_eletrica,LIGT3,CEBR6,-2.4373491822475093,0.1314710987320159,0.02205182817629432,749
energia_eletrica,CPLE3,TAEE11,-2.4372727640960945,0.1314915407923768,-0.22277061073845836,749
mineracao_siderurgia,GGBR4,USIM5,-2.4370777713864937,0.13154371223875677,0.25950963070072663,749
energia_eletrica,LIGT3,COCE5,-2.436860422382016,0.1316018828120576,0.10901341210933528,749
financeiro,BSLI3,RPAD5,-2.4342439072126414,0.13230361252869904,-1.1046670363501674,749
industria,PTBL3,LUPA3,-2.4337635399406845,0.13243273532090066,0.9313897731248374,749
industria,MYPK3,TUPY3,-2.4335754582761737,0.1324833163801759,-0.021002577595692695,749
financeiro,ITUB3,RPAD6,-2.431876689139899,0.13294079814034793,1.5170727615333097,749
financeiro,WIZC3,B3SA3,-2.4310256360299483,0.13317041467636748,0.2478744276298411,749
financeiro,SANB3,BRSR5,-2.430714024770753,0.13325455948031978,0.1512455063964332,749
energia_eletrica,EQPA7,EMAE4,-2.430472308474478,0.13331985674587704,-0.001630639291575015,749
financeiro,WIZC3,IRBR3,-2.4304051488210194,0.133338003339816,0.026657214952737356,749
financeiro,BRSR3,ITSA4,-2.4303534995649527,0.13335196021797996,0.7001644861662463,749
industria,AERI3,INEP3,-2.430055005123649,0.13343264118473025,10.17714976974819,749
mineracao_siderurgia,CMIN3,VALE3,-2.4297994995941363,0.13350173038155938,0.0068275194764701305,749
financeiro,SANB4,BPAC11,-2.4295520581677525,0.13356866350269697,-0.02586916843444229,749
financeiro,WIZC3,BRSR6,-2.4284372353565535,0.13387052276751993,-0.1711917131088175,749
energia_eletrica,EQPA3,CEBR5,-2.4282427621899987,0.13392323013395946,0.13993685139185597,749
energia_eletrica,ALUP4,ENGI4,-2.427757959680211,0.13405468923010222,0.8221439952271993,749
oleo_gas,RECV3,CSAN3,-2.4274237720387717,0.1341453614528877,0.44617773292741864,749
financeiro,ABCB4,BMIN4,-2.4272629246963304,0.13418901843573955,0.6034416514261169,749
financeiro,BRSR6,ITUB3,-2.427248450482282,0.1341929475082289,0.2745805706544014,749
industria,PTBL3,TGMA3,-2.426982887187477,0.13426505016956924,-0.22819188432063936,749
energia_eletrica,CBEE3,CMIG3,-2.426842791454158,0.13430309852511813,-1.1835806887086116,749
energia_eletrica,EQPA7,ENGI4,-2.4264632065922487,0.13440622815732567,0.144310319991176,749
mineracao_siderurgia,GGBR4,CSNA3,-2.426358938251962,0.13443456681836619,0.22482724987059982,749
energia_eletrica,EQPA7,ENGI11,-2.4261857393530613,0.134481649295352,0.005271706173963045,749
financeiro,RPAD3,CGRA4,-2.4254832495224434,0.13467273565704946,-0.1752839609185514,749
mineracao_siderurgia,GOAU3,GGBR4,-2.425278850504804,0.1347283713627635,0.2007180067293194,749
energia_eletrica,ALUP4,ENMT3,-2.4245349167559005,0.13493100293033816,-0.012236380016191876,749
financeiro,BPAC3,BMEB4,-2.4244284151404534,0.13496002953124425,0.1098353379895484,749
energia_eletrica,EQPA3,CEBR6,-2.4232285671769995,0.13528735240711376,0.12544720419308716,749
industria,MYPK3,KEPL3,-2.422998411679156,0.13535020455450286,-0.15888505224086674,749
mineracao_siderurgia,USIM5,GOAU3,-2.422916202864053,0.13537265966054074,-0.9623291448760004,749
energia_eletrica,EQTL3,REDE3,-2.422884402865284,0.13538134645554978,2.670377164482596,749
financeiro,SANB3,BNBR3,-2.4226362884194375,0.13544913749327675,-0.021318819446193227,749
financeiro,BPAC3,CGRA4,-2.422587521430744,0.13546246470312956,-0.18327141199380817,749
industria,SHUL4,ETER3,-2.420604305594898,0.13600523980984436,-0.22139385087930386,749
financeiro,BAZA3,BPAC5,-2.4205366476476455,0.1360237841145583,11.250693248001916,749
energia_eletrica,LIGT3,CEBR5,-2.4204391730089454,0.13605050402645974,0.051964466796242476,749
financeiro,SANB11,INBR32,-2.4203565489698513,0.13607315600468622,0.019493482417686947,585
mineracao_siderurgia,FESA3,FESA4,-2.418884918068279,0.13647706591605135,0.14266008756523152,749
energia_eletrica,EQTL3,ENGI4,-2.4188093273118003,0.13649783596726978,5.190318464900057,749
industria,SHUL4,RAPT3,-2.418770225539359,0.13650858083637918,0.31529354157135436,749
energia_eletrica,TAEE4,ALUP11,-2.418559018226104,0.13656662944074183,-0.20046483253778838,749
financeiro,BMIN4,BBSE3,-2.4176031905099618,0.1368295512819136,-0.03645698138423531,749
financeiro,PABY11,BRSR6,-2.4170757855882323,0.13697478042717515,1.2445201528562173,749
energia_eletrica,ENGI4,CMIG4,-2.4168965011550494,0.13702417422809016,0.14518978893447615,749
mineracao_siderurgia,CSNA3,VALE3,-2.4165995206414497,0.1371060218786434,0.2962783517421802,749
energia_eletrica,EQPA5,CGAS5,-2.41559906791799,0.13738200271151235,-0.017845698063440947,749
financeiro,WIZC3,BRSR3,-2.4152104235051657,0.13748931935781117,-0.19115237352996192,749
energia_eletrica,REDE3,ALUP11,-2.415109153681797,0.13751729287748926,0.12229593462235443,749
financeiro,CGRA4,BMIN3,-2.415105847218287,0.13751820628235506,0.12008847973863433,749
industria,TUPY3,FRAS3,-2.4149443446885335,0.13756282634465294,0.08264035862536301,749
mineracao_siderurgia,GOAU4,GGBR3,-2.414782370976342,0.1376075869516628,0.4507189511747007,749
industria,JSLG3,RAIL3,-2.414742951306232,0.137618481946636,0.6451515891747174,749
energia_eletrica,ALUP3,EMAE4,-2.4144730107059935,0.1376931059307599,0.01401869163991108,749
financeiro,BRSR6,ITSA4,-2.413909554840512,0.13784896394426355,0.9660098825687209,749
financeiro,BBAS3,ITSA4,-2.4107874065154276,0.13871486233334634,3.752436630678516,749
financeiro,SANB11,SANB3,-2.4104796127301027,0.1388004351603785,2.031643544027613,749
industria,TGMA3,AERI3,-2.4103473579008514,0.13883721618105116,-0.11910692752990218,749
financeiro,BPAC11,CGRA3,-2.410271960144906,0.13885818794303034,-0.9429025580452876,749
mineracao_siderurgia,VALE3,GGBR4,-2.4092751481296792,0.139135661421675,3.838238603149258,749
agro_alimentos,ABEV3,AGRO3,-2.4092179565175185,0.1391515932799633,0.12578054528867488,749
energia_eletrica,ENGI11,RNEW4,-2.4087791668571796,0.13927386999819824,-0.9769594917413406,749
financeiro,BPAC3,SANB3,-2.4081963788677587,0.1394363925350472,0.192350314488161,749
financeiro,BPAC3,SANB11,-2.4071699656017143,0.13972295682491176,0.08831611691789064,749
energia_eletrica,EGIE3,CEBR3,-2.406593752669349,0.1398840129201514,0.1627110756201781,749
energia_eletrica,ALUP4,CMIG4,-2.406339972089282,0.1399549884116736,0.4943167907343347,749
mineracao_siderurgia,FESA4,PMAM3,-2.4053877452020482,0.1402215281982495,0.6787609957235529,749
industria,ROMI3,INEP3,-2.4052502279214103,0.1402600506946014,0.5582664585821917,749
industria,TUPY3,RAPT4,-2.4049284146731127,0.14035022907767558,0.21517724261699275,749
industria,RAPT4,INEP4,-2.4037047138329215,0.1406935096588111,-0.2358646208208735,702
financeiro,BMIN4,SANB4,-2.4028219342103276,0.14094152220630946,0.18371098361991772,749
energia_eletrica,LIGT3,ENMT3,-2.402693437005121,0.14097764867948226,0.01859550297973962,749
energia_eletrica,LIGT3,REDE3,-2.4019258686160603,0.14119358415096955,1.1342057060641406,749
energia_eletrica,ENGI3,REDE3,-2.401309744784034,0.1413670840947706,1.1756163727847377,749
energia_eletrica,CPLE3,CEBR3,-2.4007839304277057,0.14151527235657502,0.19939846616789628,749
financeiro,BPAC3,SANB4,-2.3997488827917977,0.14180729720774532,0.136049272354145,749
financeiro,BMIN4,SANB11,-2.399678388000979,0.14182720187329106,0.10710479636899813,749
financeiro,SANB4,ITSA3,-2.399040878994166,0.14200729651607602,-0.06070099170928867,749
agro_alimentos,JALL3,AGRO3,-2.39886326935714,0.14205749958536135,0.2649373865123359,749
financeiro,SANB3,BPAC5,-2.3987369321789704,0.14209321764346128,-0.1556668569665607,749
energia_eletrica,EQPA7,CGAS5,-2.397257532731704,0.14251194641390286,-0.01677901816976368,749
industria,MYPK3,LOGN3,-2.3971747196303075,0.14253541156424254,-0.004356149020520917,749
industria,TUPY3,WEGE3,-2.3970068342695576,0.1425829903795207,0.07788178357266201,749
financeiro,SANB3,ABCB4,-2.396125235085837,0.14283302038690388,-0.08596338590331253,749
energia_eletrica,EQPA7,EGIE3,-2.396073707129725,0.14284764378724457,0.025205837598179414,749
energia_eletrica,LIGT3,ALUP3,-2.395818397011476,0.14292011524597842,-0.731389401617248,749
industria,TUPY3,POMO4,-2.3957029624793247,0.14295289062352184,0.25054630485809354,749
energia_eletrica,ENGI11,RNEW3,-2.3956841737409027,0.14295822582068501,-0.9824875262496872,749
industria,RAPT4,INEP3,-2.394965217604206,0.14316248425039724,-0.24038061866542698,749
financeiro,SANB11,ITUB3,-2.3943320201938585,0.14334254887214942,-0.09344076534924671,749
industria,POMO4,PTBL3,-2.3942938259691573,0.1433534154114801,-0.7759469334097754,749
industria,TUPY3,POMO3,-2.3925202507023613,0.14385865124246833,0.34630132333775654,749
agro_alimentos,JALL3,TTEN3,-2.392230947638827,0.14394118358430552,-0.2854454954401321,749
industria,RAPT4,PLAS3,-2.392041403500317,0.1439952748139623,-0.24884421927593464,749
industria,RAPT3,KEPL3,-2.391019721604776,0.14428708450946065,-0.1883846492563971,749
financeiro,SANB4,INBR32,-2.3908729589236932,0.1443290366337136,0.0027726912095327777,585
industria,AERI3,ETER3,-2.3908452747314692,0.14433695112588296,9.029163678551727,749
financeiro,SANB4,ITSA4,-2.39080880190562,0.14434737862247782,-0.04339806220859279,749
financeiro,RPAD5,PABY11,-2.390769612913276,0.14435858325642403,-0.0306556432320535,749
energia_eletrica,TAEE4,EQPA6,-2.3889382938471853,0.14488286441884812,0.41064684454078293,749
energia_eletrica,ALUP4,LIGT3,-2.38861540592606,0.14497544158364123,-0.10830388277816919,749
financeiro,ITUB3,CGRA3,-2.388483171693709,0.14501336728305708,-0.5060003248077418,749
financeiro,SANB11,ITUB4,-2.3862685950377673,0.14564956127878836,-0.07357064123733753,749
financeiro,ITSA4,WIZC3,-2.3862652258360892,0.14565053066126166,-0.39379457522796546,749
energia_eletrica,CBEE3,ENMT4,-2.38609484490314,0.1456995583644728,0.1222940960838987,749
financeiro,BMIN4,SANB3,-2.3858061091497977,0.14578266956637592,0.24126290384599042,749
financeiro,BPAC5,BMIN3,-2.38561388679604,0.1458380183242557,0.21907069630426224,749
mineracao_siderurgia,USIM3,FESA3,-2.384761333453548,0.14608368168224195,-0.44875770871522075,749
oleo_gas,RECV3,RAIZ4,-2.384148055854951,0.1462605774036146,0.7453671204924254,749
energia_eletrica,ALUP11,ENMT3,-2.3837253645460894,0.14638258736634374,-0.02654309447366078,749
financeiro,BRSR6,PABY11,-2.3829766961273218,0.1465988660781562,0.1252237363858117,749
energia_eletrica,TAEE3,EQPA6,-2.381701024148154,0.14696790448511593,0.4438910035754767,749
financeiro,BPAC11,CXSE3,-2.3810439289614207,0.14715824926363247,1.540382929496211,749
industria,TUPY3,INEP4,-2.3806473951331455,0.14727319924963572,-0.21090424082367676,702
industria,LUPA3,MYPK3,-2.3801483145649796,0.14741796566050014,0.26791954213368024,749
financeiro,BBAS3,RPAD5,-2.3801200981732005,0.14742615326055952,2.0559099109829018,749
mineracao_siderurgia,FESA3,GGBR3,-2.379539797056893,0.14759461094681975,0.1987066928923123,749
financeiro,SANB4,RPAD5,-2.3778282244188773,0.14809225492950495,0.15821519890096034,749
energia_eletrica,EQPA7,EQTL3,-2.3774449895888163,0.14820384219041033,0.08551735100685592,749
financeiro,BBSE3,RPAD5,-2.377279219399836,0.14825212806278087,-0.15041713023502093,749
energia_eletrica,CMIG3,ALUP3,-2.37679548293398,0.14839309473372847,0.6735922246167024,749
energia_eletrica,LIGT3,CPLE3,-2.376607382588819,0.14844793477443252,-0.2543445096286616,749
mineracao_siderurgia,PMAM3,USIM6,-2.3755530693310587,0.1487555788453409,0.6408691989204459,749
financeiro,BSLI4,BBAS3,-2.3745845676409334,0.14903857613010324,-0.5567988548143206,742
energia_eletrica,CBEE3,ENGI3,-2.3741500037276277,0.14916567842804662,-0.18303159915648126,749
financeiro,ITUB3,BSLI3,-2.374117152040012,0.14917529004735297,-0.4252490949051245,749
industria,TGMA3,INEP3,-2.373675690350571,0.14930449318190075,-1.6343264765368826,749
energia_eletrica,EQPA5,CGAS3,-2.372794064611365,0.14956275359253673,-0.02911548432163147,749
energia_eletrica,ALUP4,COCE5,-2.3709003322538416,0.15011855132765634,-0.05229216182841055,749
financeiro,ITUB3,WIZC3,-2.370738823056912,0.15016601979612904,-1.3501419726013975,749
industria,MYPK3,RAPT4,-2.370435071560575,0.15025532244484274,0.2929693098159681,749
energia_eletrica,RNEW4,TAEE3,-2.3690724480033505,0.15065638822963368,0.5933368304404671,749
financeiro,PABY11,BBAS3,-2.36860722433567,0.1507934898638259,0.49052614607270073,749
energia_eletrica,ENMT3,CPFE3,-2.3674921922387697,0.15112244417806053,-1.2345138850973316,749
financeiro,BSLI3,ITSA4,-2.367097901328834,0.1512388865367965,-3.4896878228437753,749
financeiro,BPAC11,ITSA4,-2.366817698928837,0.15132167413392633,4.857467491270909,749
financeiro,ITSA3,BBAS3,-2.3666881603162957,0.15135995781060224,0.17151771675229377,749
industria,INEP3,WEGE3,-2.365315375697089,0.15176608318582302,-0.13010921551391288,749
energia_eletrica,ENGI3,CEBR6,-2.364532445722239,0.1519980447893885,0.21283646096464814,749
energia_eletrica,CGAS5,AURE3,-2.3638704249017657,0.15219437645405381,1.5284820718624652,691
industria,VLID3,POMO3,-2.36202705113319,0.1527419836107104,3.147505730237874,749
industria,ETER3,ROMI3,-2.361812775906717,0.15280572656212876,0.516467852567238,749
financeiro,BRSR3,PABY11,-2.361249341476208,0.15297342610934422,0.06096403939849039,749
energia_eletrica,CEBR5,COCE5,-2.3609473727005046,0.15306335608400884,-0.17052847057113457,749
energia_eletrica,LIGT3,RNEW4,-2.3602375035583765,0.15327490824714468,0.36720610725981767,749
industria,TGMA3,PLAS3,-2.3595669614488357,0.15347492657133815,-1.886769422554584,749
energia_eletrica,CEBR5,CMIG4,-2.3592955483572964,0.15355593876565682,1.316223819724494,749
financeiro,BRSR3,ITUB4,-2.3589864149534367,0.15364824594844895,0.1787250588392694,749
industria,RAPT3,ETER3,-2.3581003129580136,0.15391304901672054,0.05845477765116969,749
financeiro,BPAC5,CXSE3,-2.357976557471382,0.1539500573106365,0.49198045689911873,749
financeiro,WIZC3,BRSR5,-2.357791604693356,0.154005377760358,-0.12507958974009817,749
financeiro,BRSR3,BBAS3,-2.3574293819406087,0.15411376058881465,0.16455915942706828,749
financeiro,SANB3,BMEB3,-2.3558332803574045,0.15459196899391303,-0.02554525434423215,749
financeiro,ABCB4,RPAD6,-2.3546502109215877,0.15494709089147213,1.3789489010685163,749
energia_eletrica,EQPA5,EGIE3,-2.3533181921964514,0.1553475977720576,0.12232276244521506,749
financeiro,SANB4,BMIN3,-2.3530598353994447,0.1554253624071697,0.04563962524492758,749
oleo_gas,BRAV3,DEXP3,-2.352244213717215,0.15567103865608867,-1.4210399279421408,749
financeiro,BAZA3,CGRA4,-2.35219294935309,0.1556864891301895,-4.716751894199207,749
energia_eletrica,TAEE4,AURE3,-2.3503817506165814,0.15623304300979013,0.2959601586527436,691
industria,POMO3,PTBL3,-2.349454909983918,0.15651324142234263,-0.5637904288690222,749
mineracao_siderurgia,FESA3,GOAU4,-2.3487789557921044,0.15671781141869034,0.247020105179101,749
industria,RAIL3,INEP4,-2.3485426936692697,0.15678935698127794,-0.6352777853322984,702
mineracao_siderurgia,PMAM3,GGBR4,-2.3471525269868656,0.15721078724459636,0.49811228855004747,749
energia_eletrica,TAEE3,RNEW4,-2.346888463580833,0.157290926422071,0.5425052203287155,749
financeiro,ITSA3,CGRA3,-2.3457568192659757,0.1576346817284215,-0.12449773337096089,749
financeiro,ABCB4,INBR32,-2.3454451089191704,0.1577294595866947,0.19379432498984495,585
energia_eletrica,CMIG3,ENGI4,-2.345318862674007,0.15776785685825895,0.42123137670693056,749
energia_eletrica,ENGI3,EMAE4,-2.344987775651038,0.1578685861611921,0.04197592550175597,749
industria,RAIL3,TUPY3,-2.3448290672413603,0.1579168870028586,0.49310956649433285,749
energia_eletrica,LIGT3,ENMT4,-2.3447669600281564,0.15793579129394741,0.017661104522562285,749
financeiro,RPAD3,BPAC5,-2.3440915022671778,0.15814148874555178,0.4221655678757485,749
energia_eletrica,LIGT3,ALUP4,-2.3437379906646854,0.1582492172168402,-0.8501570375458319,749
financeiro,ITUB4,RPAD3,-2.343726977527647,0.15825257415025168,3.14729793271029,749
energia_eletrica,REDE3,ALUP4,-2.3425264764924605,0.15861879458552947,0.35510130454388955,749
energia_eletrica,RNEW4,TAEE11,-2.342336327194958,0.15867685422164485,0.1969440690690999,749
financeiro,SANB4,BRSR3,-2.3413226377980285,0.15898661763087252,0.14163021230218925,749
financeiro,SANB4,BRSR6,-2.341127881351084,0.15904617887431682,0.04422069008942764,749
financeiro,SANB4,BMIN4,-2.3395965096423357,0.15951504337618067,0.10638759147859275,749
energia_eletrica,RNEW4,TAEE4,-2.3385716527757023,0.1598293559885282,0.599068796900083,749
energia_eletrica,TAEE11,EQPA6,-2.3382018378291174,0.15994287847575334,1.263550255648427,749
industria,TUPY3,VLID3,-2.337957943287035,0.16001777728726307,0.12424597780006341,749
industria,AERI3,MYPK3,-2.337560296682241,0.16013994414936028,10.416593803118648,749
energia_eletrica,ENMT3,AURE3,-2.3372610257478845,0.16023192972266542,-1.4195837770361974,691
energia_eletrica,RNEW3,REDE3,-2.3370224995287447,0.1603052703877903,-0.7650561229055487,749
financeiro,BPAC11,RPAD3,-2.3362050367167058,0.1605567936002914,4.205235924728219,749
financeiro,BPAC11,ITSA3,-2.334599822793838,0.16105148418712117,5.306198550600527,749
energia_eletrica,EQPA3,CMIG3,-2.3345097879393384,0.16107926174686338,-0.09948736350220433,749
financeiro,PINE4,PSSA3,-2.334337909678186,0.16113229874183105,0.22160656423521874,749
energia_eletrica,ENGI11,EQPA6,-2.3337467896416717,0.16131479363127926,-0.4211316397283908,749
industria,VLID3,ETER3,-2.333580825467896,0.1613660567074771,-1.1953549980310891,749
financeiro,BPAC3,BSLI4,-2.333534478735799,0.16138037429314267,-0.2056998470311202,742
oleo_gas,UGPA3,PETR4,-2.3300561759903804,0.16245738251079778,0.7991350765991633,749
energia_eletrica,CEBR6,CEBR3,-2.3290813448079093,0.16276010359501836,0.9095930958406655,749
energia_eletrica,EQPA6,ALUP4,-2.3288332293782084,0.16283721399172923,-1.2020675458636356,749
energia_eletrica,ENGI11,CEBR5,-2.3288163302264833,0.16284246689007342,0.4381871020382552,749
energia_eletrica,ALUP4,COCE3,-2.3285882361712402,0.1629133784947946,-0.052267765266494556,749
energia_eletrica,CEBR3,CEBR6,-2.32786966894223,0.16313690975592882,0.941954641172461,749
financeiro,PABY11,SANB11,-2.3275997404477122,0.16322093286920952,-0.9391168105433667,749
oleo_gas,VBBR3,DEXP3,-2.327120480148241,0.16337018927338115,1.3754472554947013,749
financeiro,BBAS3,INBR32,-2.327020204310841,0.16340143001575558,0.3112768324487136,585
energia_eletrica,CPLE3,EMAE4,-2.325581129092283,0.16385021946728373,0.028922117763153808,749
mineracao_siderurgia,BRAP4,GGBR4,-2.3251164680043255,0.16399530755301178,1.4871166536638387,749
financeiro,ITUB4,PSSA3,-2.3248823123497115,0.16406845460199165,0.5540853072527498,749
financeiro,BAZA3,ITSA4,-2.3246017298596775,0.16415613400218554,17.630576019920454,749
energia_eletrica,LIGT3,CPFE3,-2.3245031639075004,0.16418694250470256,-0.051224912247607654,749
industria,AERI3,INEP4,-2.324373663787755,0.16422742599854645,13.847031960636837,702
energia_eletrica,LIGT3,RNEW3,-2.3242400883030836,0.16426919062102552,0.5264049837105712,749
mineracao_siderurgia,GOAU4,GGBR4,-2.324140529400033,0.1643003240861059,0.34791212300550356,749
industria,MYPK3,RAPT3,-2.3232624853718673,0.16457507455751536,0.3378809767765961,749
financeiro,BBSE3,BRSR3,-2.3228441705518126,0.16470608006428283,0.6240027263509765,749
financeiro,RPAD3,BNBR3,-2.3212517561704344,0.16520543191528764,0.04528702349586251,749
financeiro,RPAD3,ITUB4,-2.321114064355979,0.1652486577779495,0.21963267545885828,749
industria,TUPY3,TGMA3,-2.320389153393319,0.16547635715001846,0.26406898392054645,749
oleo_gas,DEXP3,BRAV3,-2.320189073147118,0.16553924117526847,-0.06138416664073989,749
industria,LUPA3,ETER3,-2.319656780430539,0.16570661655511915,0.39114077564070404,749
financeiro,SANB3,ITUB3,-2.319608328069054,0.16572185772976417,-0.04385837066395462,749
industria,RAPT4,ETER3,-2.3191324948472323,0.1658715863599211,-0.07521413336346715,749
financeiro,BBAS3,ITSA3,-2.318482356395466,0.1660763112428828,4.072670185807823,749
financeiro,SANB11,BPAC11,-2.317175636033239,0.16648830804480236,-0.041386799713725525,749
agro_alimentos,TTEN3,ABEV3,-2.316444370568335,0.16671917120156704,0.012693285727072246,749
energia_eletrica,EQTL3,ENMT3,-2.315055706324889,0.1671581740393005,-0.17407228119315796,749
energia_eletrica,TAEE4,COCE5,-2.3148021541411334,0.16723841467346107,0.06098766773273916,749
financeiro,ITSA3,BSLI3,-2.314443722556694,0.16735189052011323,-0.10403321626590296,749
financeiro,SANB4,RPAD3,-2.314114317072136,0.1674562229122339,-0.3047325869758979,749
financeiro,WIZC3,BMIN3,-2.3138953071049935,0.16752561414308242,-0.03677882253405244,749
mineracao_siderurgia,USIM5,VALE3,-2.3130264270586007,0.16780110211912103,0.1347124532144259,749
financeiro,SANB3,ITUB4,-2.3128569929850435,0.1678548587122352,-0.03471575232870221,749
financeiro,BNBR3,INBR32,-2.31280208782786,0.16787228104726026,1.2591772437549245,585
financeiro,BAZA3,ITUB3,-2.312238256809465,0.16805126487648536,5.781749362518862,749
financeiro,ITUB4,ABCB4,-2.3121117891276652,0.1680914287665921,1.1189830638177825,749
energia_eletrica,ENMT3,EQTL3,-2.3101493161826423,0.16871550632231191,-0.9231773320235037,749
oleo_gas,LUXM4,OSXB3,-2.310138101711981,0.16871907707467781,0.813436208943184,749
energia_eletrica,TAEE11,RNEW4,-2.3100115205963787,0.1687593847705653,1.5406315923312004,749
industria,POMO4,TGMA3,-2.309630522369312,0.16888074665989428,0.3638845347371143,749
financeiro,CGRA3,BRSR6,-2.3073020044684713,0.16962374403815245,-0.7411470443152773,749
financeiro,SANB3,SANB11,-2.306404243876405,0.1699107941226834,0.48505584111616123,749
industria,RAIL3,PLAS3,-2.306122798944593,0.17000085065803372,-0.5532232690809514,749
energia_eletrica,EQPA5,ENGI4,-2.3052453290347787,0.17028182902653455,0.34056391194607866,749
financeiro,PABY11,BPAC5,-2.3047575465786325,0.1704381589671663,1.5864408632170568,749
industria,POMO3,VLID3,-2.304724508279902,0.170448750937703,0.2802742240651442,749
financeiro,SANB11,RPAD5,-2.304606942645497,0.170486445686366,0.4407674943213605,749
mineracao_siderurgia,USIM3,PMAM3,-2.304472380233081,0.17052959694596564,0.7463114614830924,749
financeiro,SANB4,BPAC3,-2.304195506624419,0.17061840743506618,0.043189581411893344,749
financeiro,BRSR3,ITUB3,-2.3035798333570616,0.17081600337211833,0.19946058250705462,749
financeiro,BSLI3,ITSA3,-2.303469829749865,0.1708513244336506,-3.8575888288292117,749
energia_eletrica,CMIG3,ALUP4,-2.3029666217605436,0.17101296208461703,0.7849275674691744,749
industria,ETER3,SHUL4,-2.302745284315041,0.17108409138412695,-1.8914829775142166,749
financeiro,ABCB4,SANB4,-2.302535776420419,0.17115143743078803,-0.5632969580927526,749
oleo_gas,DEXP4,RECV3,-2.3019769758067246,0.1713311502562942,-0.18634922543737326,749
financeiro,ITUB4,BBAS3,-2.301458635661494,0.17149796405366036,0.7387911851459474,749
agro_alimentos,AGRO3,SOJA3,-2.30044882962071,0.17182325589322262,0.07515323089081945,749
financeiro,ITSA4,BSLI3,-2.3002117606671355,0.17189968358205948,-0.1141267506671981,749
energia_eletrica,LIGT3,CGAS5,-2.2993530021255353,0.1721767261168321,0.022656872807159084,749
energia_eletrica,CMIG4,EQPA5,-2.298881023849922,0.17232911757628733,0.5126399486167148,749
energia_eletrica,EGIE3,ENMT3,-2.2987797181218546,0.17236183876055244,-0.013104135116000806,749
energia_eletrica,ENMT3,ENGI4,-2.2978414741111735,0.17266508418993792,-5.344064870714199,749
financeiro,PABY11,SANB4,-2.2975966901453466,0.172744258408008,-1.8046296300377294,749
energia_eletrica,EQPA6,COCE3,-2.2968079802265327,0.17299952826626014,0.10369651498438691,749
financeiro,BBSE3,ITUB3,-2.295819149150571,0.17331992490103992,0.7585160158888051,749
financeiro,ABCB4,ITUB4,-2.295773291235381,0.1733347932041034,0.698555893012637,749
financeiro,RPAD3,CGRA3,-2.295105843599052,0.1735512932992822,-0.1700806178987198,749
energia_eletrica,ALUP4,EQPA3,-2.2949760007025333,0.17359343146222322,0.4669504732950179,749
industria,RAIL3,KEPL3,-2.293772710910032,0.17398426283988605,0.9095718906858496,749
financeiro,ABCB4,BPAC3,-2.2935401720919435,0.17405985973817878,1.0476442303758635,749
energia_eletrica,CMIG3,CPLE3,-2.2928400749815756,0.17428758934821542,0.3646878247856693,749
financeiro,PABY11,BRSR3,-2.2920997081051264,0.17452863439517086,1.1995357670262972,749
financeiro,RPAD6,BNBR3,-2.2919161976567604,0.17458841523211582,0.08291392516447538,749
financeiro,ITSA3,CGRA4,-2.290943675195404,0.17490545475834574,-0.11624186995420387,749
industria,SHUL4,PLAS3,-2.2909411930198886,0.1749062644314464,-0.36183542684962827,749
energia_eletrica,ALUP3,COCE5,-2.290564926181326,0.17502902968544842,-0.06452251319273904,749
energia_eletrica,EQPA6,TAEE4,-2.287372963336663,0.17607278798067388,0.7079665568019662,749
energia_eletrica,LIGT3,EQPA3,-2.2869025170249833,0.17622697150511796,-0.5889925757138582,749
financeiro,PINE4,CGRA4,-2.2861167222834187,0.17648470724100634,-0.278758766965655,749
energia_eletrica,CMIG4,REDE3,-2.2859026183087354,0.17655497543464493,0.7690368502898595,749
energia_eletrica,LIGT3,ALUP11,-2.285294397549937,0.17675469288903323,-0.26859508141390553,749
energia_eletrica,CBEE3,CGAS3,-2.2848109696614882,0.176913540001146,0.22807385760448712,749
industria,RAPT4,ROMI3,-2.284709277261953,0.17694696666217297,-0.10169559115319737,749
industria,RAIL3,PTBL3,-2.284017960843254,0.17717431610787737,-0.36632815863764884,749
industria,INEP4,ROMI3,-2.2838161418437513,0.17724072378841943,0.36987127684589655,702
financeiro,BSLI4,INBR32,-2.283684829990646,0.1772839402684761,-0.109813360130771,578
energia_eletrica,EGIE3,CEBR5,-2.283227147454635,0.1774346243807589,0.17887619970218496,749
financeiro,SANB3,RPAD5,-2.282364534350752,0.17771885599397724,0.27342697161485247,749
energia_eletrica,ALUP3,ENMT4,-2.2820352066320626,0.17782744934467104,-0.02822351239191909,749
industria,POMO3,TGMA3,-2.2816339781140074,0.17795981091476204,0.26702354025228464,749
financeiro,BRSR3,WIZC3,-2.281407227134313,0.178034642851005,-0.24682356453766527,749
mineracao_siderurgia,BRAP4,CSNA3,-2.2801728002703485,0.17844239204213558,0.745932438376543,749
energia_eletrica,ALUP11,COCE5,-2.2791883537223936,0.17876801224148187,-0.17089530049449508,749
industria,RAPT4,POMO3,-2.2768403356742284,0.17954624116554035,0.4663028176599575,749
mineracao_siderurgia,BRAP3,USIM6,-2.2768328862613756,0.17954871376424858,0.7421919946614537,749
industria,WEGE3,MYPK3,-2.275162429120973,0.1801037381242802,-3.292190374303417,749
oleo_gas,LUXM4,CSAN3,-2.2747416973090786,0.1802437085080913,0.3202409393389182,749
financeiro,BMEB3,BMIN4,-2.2742723725210774,0.18039992968601365,3.1252715745647084,749
financeiro,ABCB4,SANB11,-2.273729963276393,0.18058058933421822,-0.2616606152415327,749
financeiro,BPAC11,ABCB4,-2.273497790132802,0.1806579554628044,1.61164808680435,749
financeiro,PSSA3,BSLI4,-2.2731975857520323,0.18075802378445044,-1.2193081130697447,742
industria,TGMA3,PTBL3,-2.2717653143127463,0.18123595179414492,-1.4898128274128637,749
energia_eletrica,LIGT3,CGAS3,-2.271630367578738,0.181281024436365,0.07667244443855355,749
energia_eletrica,EGIE3,COCE5,-2.2716239325104155,0.18128317395434884,0.0012506805421364793,749
energia_eletrica,LIGT3,EQTL3,-2.2713931035791943,0.18136028928378917,-0.09630674025979127,749
oleo_gas,PRIO3,LUXM4,-2.2701910237282075,0.18176222943659015,-3.6533448887309268,749
energia_eletrica,EGIE3,EMAE4,-2.269410603247042,0.1820234928501528,0.0011307831028930435,749
mineracao_siderurgia,PMAM3,VALE3,-2.2694034225115374,0.1820258979106802,0.13217891341447582,749
financeiro,SANB11,BMIN4,-2.268867282908133,0.18220552746934499,0.2401518123113024,749
financeiro,BSLI3,BPAC5,-2.268579330230303,0.18230205197550786,-2.360729088130818,749
industria,RAIL3,ROMI3,-2.2676413124804946,0.18261671772116056,0.27468406561100683,749
financeiro,BSLI3,BMEB3,-2.2670359839829577,0.18281996955188462,-0.4112275029883602,749
financeiro,SANB11,ITSA3,-2.2666466366664646,0.18295077965787576,-0.046092301272852,749
energia_eletrica,EGIE3,EQPA3,-2.2660589297407903,0.18314834961456117,0.23106054860244105,749
energia_eletrica,EQPA3,CEBR3,-2.2654357830743526,0.18335798635068323,0.10297030641133836,749
agro_alimentos,AGRO3,MDIA3,-2.26319587216214,0.18411282905304038,-0.06823973922478982,749
financeiro,BBSE3,ITSA3,-2.26278088137598,0.18425290292519458,2.274141236140601,749
financeiro,BRSR3,BAZA3,-2.2623068198836154,0.18441300064518917,0.02465216511991628,749
energia_eletrica,EQPA3,CGAS5,-2.2611247728487975,0.1848125925118932,-0.0447990014276034,749
financeiro,RPAD6,BBSE3,-2.2608072155377132,0.18492003950131175,0.30898598405496347,749
financeiro,SANB11,BMIN3,-2.2606233703220244,0.18498226306305815,0.10370245418433345,749
energia_eletrica,ENGI11,CEBR3,-2.2604925692145463,0.18502654185502043,0.3185683325438649,749
energia_eletrica,EQTL3,EQPA7,-2.2603269963768464,0.18508260151724454,2.262416327589366,749
mineracao_siderurgia,BRAP3,CSNA3,-2.2590401064288423,0.18551869554877204,0.5712454725273226,749
financeiro,BAZA3,ITSA3,-2.2586062339611326,0.18566587508480697,19.17273827133806,749
financeiro,BPAC11,CGRA4,-2.2585086769415783,0.18569897917729744,-0.8318271612529408,749
financeiro,SANB11,ITSA4,-2.2583282240102758,0.1857602225622551,-0.022199308337638213,749
financeiro,BPAC5,RPAD3,-2.2577589635226456,0.18595350865455734,1.3656821818160572,749
financeiro,WIZC3,RPAD5,-2.2565417906545124,0.1863672267132067,0.019263889920299575,749
mineracao_siderurgia,USIM5,GGBR4,-2.256434560019527,0.18640370326241984,0.3509175852581309,749
financeiro,BBSE3,BPAC5,-2.256161850536675,0.1864964915910321,1.3713151376686152,749
industria,ETER3,MYPK3,-2.2558362765325146,0.1866073063194159,0.983904386334779,749
energia_eletrica,EGIE3,CEBR6,-2.2551497659928574,0.186841112752339,0.14472896424511697,749
financeiro,BAZA3,BMIN4,-2.254064060671126,0.18721126353168144,5.17631169160199,749
financeiro,SANB3,BPAC11,-2.2536073649838237,0.18736710797444922,-0.020104306290723517,749
energia_eletrica,CMIG3,EGIE3,-2.2524346437871294,0.18776767840895187,0.11492784860484882,749
industria,RAPT4,VLID3,-2.251476594224792,0.1880953360284912,0.15531771060676844,749
energia_eletrica,EGIE3,TAEE4,-2.251354762382695,0.18813702974749613,0.22962462102534728,749
industria,FRAS3,INEP4,-2.250131678581889,0.18855593075135252,-1.4633753499768434,702
mineracao_siderurgia,USIM5,FESA4,-2.249944871663656,0.1886199646394286,0.18129927920079944,749
energia_eletrica,ALUP11,LIGT3,-2.249700397672424,0.18870378705333568,-0.33239524922975905,749
financeiro,BBSE3,ABCB4,-2.2486064032558515,0.18907917955948395,0.8860791385174459,749
industria,AERI3,RAIL3,-2.2484892886750987,0.18911939488273632,-9.297004797564064,749
financeiro,ITSA4,BPAC11,-2.2478298947323307,0.18934592410825396,0.15828976004462356,749
financeiro,BPAC11,BRSR6,-2.246942745253569,0.18965097444839263,2.6502325723611193,749
oleo_gas,UGPA3,PETR3,-2.2468544823106678,0.1896813414776926,0.788004474994675,749
energia_eletrica,ENMT3,REDE3,-2.2466600894550064,0.18974823381715716,4.639634582872817,749
energia_eletrica,EGIE3,TAEE3,-2.2464243331873326,0.18982938019757417,0.19415991385673792,749
industria,RAPT4,POMO4,-2.245914651258679,0.19000488757697775,0.3329768353893932,749
energia_eletrica,TAEE4,RNEW4,-2.2449691618697614,0.19033074221377683,0.5074810497861432,749
financeiro,BRSR5,INBR32,-2.244704390964415,0.19042205800404954,-0.0018767459633695976,585
oleo_gas,PRIO3,CSAN3,-2.2445675610605726,0.19046925984275193,-1.428417443580822,749
financeiro,ITSA4,BPAC5,-2.2438820479363955,0.19070585344857388,0.48756429954198716,749
oleo_gas,RAIZ4,LUXM4,-2.2436054263102254,0.19080137868868896,0.4617766731903729,749
energia_eletrica,EGIE3,TAEE11,-2.2435937038099225,0.19080542748182777,0.0768676437535028,749
energia_eletrica,REDE3,CMIG4,-2.2431163114827486,0.19097035955657476,0.20770592387681971,749
industria,RAPT4,PTBL3,-2.2428924803405055,0.1910477216847138,-0.08808858711168498,749
financeiro,ABCB4,BAZA3,-2.242500575018704,0.19118322361218143,0.10908463941469923,749
financeiro,ABCB4,SANB3,-2.2420790246734947,0.19132904469040068,-0.530182657691178,749
financeiro,ITSA3,BPAC11,-2.2420609344391447,0.19133530400286325,0.14258755759330324,749
industria,LUPA3,AERI3,-2.24167848578364,0.19146766413955918,0.032148106428166984,749
agro_alimentos,ABEV3,SMTO3,-2.240453232933499,0.19189210524919592,0.03692168561464895,749
financeiro,BRSR3,CGRA3,-2.2392081223206914,0.19232404701916372,-0.0762849821896946,749
financeiro,ITUB4,CGRA4,-2.239016119225163,0.19239071064638774,-0.56042585253236,749
mineracao_siderurgia,USIM5,FESA3,-2.2385359596343544,0.19255748765615882,-0.5742478817984912,749
financeiro,BSLI4,CXSE3,-2.238030244866703,0.19273324165652167,-0.7547779931747743,742
energia_eletrica,CEBR5,TAEE3,-2.237810431110544,0.19280966703493924,-1.0864732865072635,749
energia_eletrica,EQTL3,EQPA6,-2.237708534922425,0.1928451011710886,-1.854568208136273,749
financeiro,BAZA3,BPAC11,-2.237580749727851,0.19288954407197345,3.3017999901966193,749
financeiro,ITSA3,BPAC5,-2.2370195541867077,0.19308480252556737,0.4390932750280456,749
financeiro,SANB11,BRSR6,-2.2363327127554524,0.1933239504931184,0.0730878740632758,749
mineracao_siderurgia,USIM5,GGBR3,-2.235846023084001,0.19349352395952374,-0.08646619937675912,749
financeiro,CXSE3,BMIN4,-2.2350709968998426,0.19376375774880117,0.9678702309959285,749
financeiro,BBSE3,ITSA4,-2.2350698362566566,0.19376416262029217,2.0151649822446824,749
oleo_gas,PETR4,PRIO3,-2.2347973473207405,0.19385923100961466,0.2845929530866026,749
energia_eletrica,CMIG3,ALUP11,-2.2341563008942495,0.19408300329959477,0.24619236173946885,749
industria,RAPT4,LOGN3,-2.2339323555345394,0.19416121579186846,0.055890108937900966,749
financeiro,RPAD6,ABCB4,-2.233633436338016,0.19426564430959364,0.4358070522962277,749
financeiro,CXSE3,WIZC3,-2.233225605429717,0.19440817972318358,-1.689921504850674,749
agro_alimentos,SOJA3,LAND3,-2.232353564249573,0.19471318023251094,-0.15880560442182418,749
financeiro,SANB11,BRSR3,-2.231022814027675,0.1951792080276396,0.27300967568922097,749
energia_eletrica,ALUP11,COCE3,-2.2300472825566247,0.19552129245987637,-0.168943655610577,749
energia_eletrica,CMIG4,ALUP11,-2.2291605023884413,0.1958325881211478,0.3981564356116033,749
oleo_gas,VBBR3,RECV3,-2.227732343967309,0.19633459626471317,-0.2998227544652031,749
industria,LUPA3,RAPT4,-2.227338275890876,0.19647325889083117,-0.4508783575816789,749
financeiro,BRSR3,BNBR3,-2.226930467404225,0.196616822357575,0.035529186777940924,749
financeiro,BBSE3,BPAC3,-2.2251949185938136,0.19722854878429852,0.513179296759063,749
financeiro,BSLI4,ITUB4,-2.2225105763858286,0.19817708609105794,-0.56931314218153,742
financeiro,BRSR3,BSLI4,-2.2199236134512654,0.19909396025116527,-0.0879063853067029,742
financeiro,BPAC5,INBR32,-2.2197116272482598,0.19916921208843635,0.12299658496642564,585
mineracao_siderurgia,USIM5,GOAU4,-2.218918661132005,0.19945086324646227,0.12251069903344393,749
financeiro,SANB3,BMIN3,-2.2185670266470194,0.19957584020377228,0.060625590906225976,749
energia_eletrica,EGIE3,RNEW4,-2.2181247411307177,0.19973310676114625,-0.5641916299972901,749
financeiro,BBAS3,SANB4,-2.217828295926306,0.19983855992266203,-1.1154345864937318,749
energia_eletrica,CBEE3,EQPA3,-2.2163899271831617,0.20035072657582065,-2.156690600151254,749
financeiro,CGRA3,RPAD5,-2.2162490263402153,0.2004009425544815,-0.44548380130812665,749
financeiro,BPAC5,BSLI3,-2.216245673087959,0.2004021377251281,-0.23401623713442443,749
energia_eletrica,EQPA3,ENMT4,-2.2141065312578827,0.20116549509942805,-0.02937705917279074,749
oleo_gas,DEXP3,VBBR3,-2.211983244511668,0.20192501376933808,0.2821728729707673,749
financeiro,BPAC5,BPAC3,-2.211152303641616,0.20222274197385492,0.6814837919285599,749
financeiro,SANB3,ITSA3,-2.2106581093920674,0.202399944554859,-0.021636450551862065,749
industria,RAIL3,INEP3,-2.2090262467754145,0.2029857760670125,-0.4395142399527252,749
financeiro,BRSR3,ITSA3,-2.208969901580147,0.2030060228420022,0.7502099136391102,749
energia_eletrica,ALUP11,EQPA3,-2.208813043132983,0.20306239421346495,1.4195316278550287,749
industria,RAPT4,TGMA3,-2.208652926062946,0.20311994684758805,0.12638755129336646,749
energia_eletrica,EGIE3,EQPA7,-2.208632148375253,0.203127415954114,0.12068587972007234,749
financeiro,PSSA3,PINE4,-2.2083555978219063,0.2032268460967383,3.446044034692923,749
financeiro,BBAS3,BMIN3,-2.206882328595953,0.20375705815810408,0.26673192723646877,749
financeiro,BRSR6,BPAC3,-2.206338689359509,0.20395292743845228,0.5540398993688951,749
financeiro,SANB3,BMIN4,-2.205812465752708,0.20414263492035056,0.12915514924169968,749
financeiro,BSLI4,ITUB3,-2.2056473083923174,0.2042021982653237,-0.6471428987697488,742
financeiro,SANB3,ITSA4,-2.2048868510979696,0.20447659531651458,-0.012333128978283236,749
energia_eletrica,ENGI3,CEBR3,-2.204799700004314,0.20450805700031988,0.1661449921715038,749
industria,AERI3,RAPT3,-2.2035322724005746,0.20496594456287454,7.421989117913012,749
energia_eletrica,CEBR6,AURE3,-2.2034117972433798,0.2050095025179735,-1.431618191024658,691
financeiro,BRSR3,CXSE3,-2.2033869767081677,0.20501847713861704,0.18264677997780449,749
agro_alimentos,ABEV3,JALL3,-2.2016307019732264,0.20565413856884218,0.33297158377969077,749
oleo_gas,CSAN3,OSXB3,-2.201267731891247,0.2057856651006595,1.5981633962657713,749
agro_alimentos,SOJA3,BEEF3,-2.1991861051576054,0.20654098634363083,-0.3140222171191421,749
energia_eletrica,ENGI11,COCE5,-2.199169004738701,0.20654719843999925,0.016912191820931496,749
oleo_gas,PRIO3,VBBR3,-2.198907667930685,0.206642149241697,0.9905709283172773,749
financeiro,ITUB4,CGRA3,-2.1984563454892654,0.20680619138429174,-0.5757058429981687,749
financeiro,ITUB4,B3SA3,-2.1972503493655724,0.20724493465378474,-0.33596876734130426,749
energia_eletrica,EQPA7,CPFE3,-2.1971412469228193,0.20728465499624787,0.05828069170798152,749
financeiro,BNBR3,BMIN4,-2.196905537085196,0.2073704848721713,4.961235037155499,749
energia_eletrica,ALUP3,CGAS5,-2.1962961901489115,0.20759247156284855,-0.0439008791365264,749
energia_eletrica,ALUP3,ENMT3,-2.195887216157592,0.20774154514477705,-0.0062007730379441935,749
financeiro,ABCB4,BBAS3,-2.1957064298134137,0.20780746421818924,0.5609274816003916,749
industria,LUPA3,WEGE3,-2.1948031811467903,0.20813700627314774,-0.10256197178485213,749
financeiro,BRSR3,ABCB4,-2.1943775150291116,0.20829241974903523,0.21074233961338332,749
financeiro,BBSE3,BMIN4,-2.1938290459728367,0.20849277614924366,-0.23531123748280425,749
financeiro,SANB11,BPAC3,-2.192933164456291,0.20882030126628226,0.10855350019781493,749
energia_eletrica,REDE3,COCE3,-2.1912092849495237,0.20945143596952237,-0.02860395161742583,749
energia_eletrica,ENGI11,CMIG3,-2.19034546689707,0.20976813726042043,-0.035935655394410335,749
financeiro,SANB3,BRSR6,-2.19004166298804,0.20987959157103947,0.016153883959418195,749
financeiro,CGRA4,IRBR3,-2.1881820850920772,0.2105626038882918,0.12410665162217824,749
industria,LOGN3,RAIL3,-2.1881506980319916,0.21057414401398505,2.313037175164496,749
financeiro,ITSA3,ABCB4,-2.186125459434806,0.21131959679766577,0.25700522655893815,749
agro_alimentos,SMTO3,JALL3,-2.18392181153892,0.2121325756517471,4.283189409695075,749
industria,ETER3,RAIL3,-2.183745765997846,0.21219760653001107,-0.7697680823149259,749
financeiro,BBAS3,ITUB4,-2.1832218796389022,0.21239120212590146,1.0773929729035845,749
financeiro,INBR32,BSLI4,-2.1823154719510587,0.212726411697914,-3.7633235534033758,578
financeiro,SANB11,RPAD3,-2.1818127165711423,0.21291248271556312,-0.5454621331165689,749
industria,RAIL3,MYPK3,-2.1800484008770353,0.21356625596403161,-0.320274306080352,749
financeiro,BRSR6,BPAC11,-2.1798510938379403,0.21363944572926458,0.22457366617642524,749
industria,RAPT4,AERI3,-2.179649382535592,0.21371428522762004,-0.002955984363142441,749
financeiro,BRSR3,RPAD6,-2.1790641266592483,0.21393152006785,0.2816449383077958,749
energia_eletrica,EGIE3,RNEW3,-2.178309825633772,0.21421170176190085,-0.5211805500604897,749
financeiro,ABCB4,PINE4,-2.1780793612080482,0.21429735182018783,1.6809668351827085,749
oleo_gas,PRIO3,PETR4,-2.178021886250603,0.21431871516568235,0.8547352853536674,749
energia_eletrica,CBEE3,EQTL3,-2.177872619469,0.21437420350883496,-0.6080871006762968,749
industria,FRAS3,ETER3,-2.177698957464792,0.21443877165704622,-0.7872376475172218,749
energia_eletrica,EQTL3,EQPA3,-2.1776733643364508,0.21444828828572887,2.9197650753417252,749
energia_eletrica,CEBR6,CMIG4,-2.1759380446936123,0.21509416176028373,1.6045162344962713,749
financeiro,PABY11,BPAC11,-2.175818954581415,0.21513853008579265,0.41586895352591674,749
financeiro,SANB3,BRSR3,-2.1758134430863487,0.21514058358994181,0.11697932182353049,749
financeiro,BRSR3,PINE4,-2.175683940943387,0.215188837704411,0.44020338470966625,749
financeiro,BBAS3,ABCB4,-2.1745053763041815,0.21562829151323287,1.310332473863918,749
financeiro,CXSE3,BMEB3,-2.1738195356970498,0.21588427597218007,0.2842200033442482,749
energia_eletrica,RNEW4,CGAS5,-2.173702203101989,0.21592808810433084,0.05981822257215448,749
financeiro,ITSA4,ABCB4,-2.1735883678025507,0.21597059956044756,0.2826286042395015,749
financeiro,BBAS3,B3SA3,-2.1735163561306727,0.21599749476027735,-0.4635393065840933,749
financeiro,BBSE3,BMIN3,-2.173492274692695,0.2160064892484273,-0.5510074429738961,749
industria,RAIL3,POMO3,-2.173371634454084,0.21605155219543642,0.9087538943119151,749
financeiro,BBAS3,SANB11,-2.1725754174133227,0.2163491091891097,-0.5393796841745165,749
agro_alimentos,SOJA3,TTEN3,-2.172386386325943,0.2164197895615565,-0.17461054579434862,749
energia_eletrica,TAEE11,LIGT3,-2.172292946003142,0.2164547329445587,0.7076028554219901,749
financeiro,PABY11,RPAD6,-2.1715875606602,0.21671863383253892,1.7450787273773662,749
financeiro,BSLI4,PINE4,-2.1707011903082347,0.21705052490459553,-1.6593270400660534,742
mineracao_siderurgia,CSNA3,CBAV3,-2.170107818447677,0.2172728800032298,0.68231996613728,749
financeiro,BBSE3,ITUB4,-2.1699456153113106,0.21733368688796778,0.6713480150419415,749
energia_eletrica,CMIG4,CGAS5,-2.16920417304836,0.2176117721956588,-0.0271119674199586,749
financeiro,INBR32,CGRA4,-2.169157942424709,0.2176291186597446,-2.2637645004368445,585
financeiro,INBR32,CGRA3,-2.1677118759044594,0.21817213279978853,-2.2816612640935428,585
industria,INEP4,SHUL4,-2.167705069594097,0.2181746906017601,-0.9671635710284225,702
industria,LOGN3,JSLG3,-2.167691697285198,0.2181797159502255,1.6850296175415385,749
financeiro,PABY11,BRSR5,-2.166451894998525,0.2186459441303032,0.7948032975803938,749
oleo_gas,RAIZ4,PRIO3,-2.165861500185486,0.21886817598051078,-0.09096584714027671,749
industria,INEP3,MYPK3,-2.165105383708412,0.2191529887084494,0.24178414665146356,749
energia_eletrica,RNEW3,CBEE3,-2.1650128096734167,0.219187874869533,0.17749027515999571,749
financeiro,BSLI4,BAZA3,-2.16482089420583,0.21926020824503906,-0.12021453750840055,742
energia_eletrica,ENGI3,ENMT3,-2.1646876363796235,0.2193104419822663,-0.045066987207042816,749
financeiro,BRSR3,CGRA4,-2.164650928095381,0.21932428100838358,-0.04391041095371644,749
financeiro,PABY11,BBSE3,-2.1640465481831392,0.21955220881141263,0.5464608872126598,749
oleo_gas,PETR4,CSAN3,-2.1636743481957073,0.21969264714570907,-0.3822522296705335,749
industria,VLID3,PTBL3,-2.1636699272556017,0.21969431558162905,-1.6955896660221175,749
financeiro,BPAC5,RPAD5,-2.163445538967371,0.2197790084941041,0.740737076545578,749
energia_eletrica,CMIG4,LIGT3,-2.163327677659672,0.21982350192304567,-0.13936802643471108,749
financeiro,INBR32,ABCB4,-2.1625590702151865,0.22011379084447225,3.045707613237507,585
financeiro,BBSE3,BBAS3,-2.161932016368358,0.22035079027636184,0.6324638517237611,749
energia_eletrica,ALUP11,ENGI4,-2.1612998447311087,0.2205898810584918,2.4689567856678756,749
energia_eletrica,REDE3,EQPA7,-2.1605350632553058,0.22087933631154222,0.16193876895890236,749
energia_eletrica,TAEE3,LIGT3,-2.1601664988692977,0.22101891328482304,0.24186833108137323,749
energia_eletrica,CPLE3,AURE3,-2.159959900141247,0.22109717656647038,-0.46417810452025365,691
energia_eletrica,ENMT3,EQPA6,-2.1594800782864363,0.22127900655384058,-1.6458272852981146,749
financeiro,BMEB4,ITUB4,-2.1594731369864015,0.22128163764697734,2.5217084805781256,749
financeiro,PINE4,CGRA3,-2.1591446788207502,0.2214061611077744,-0.2890829500829533,749
financeiro,BPAC11,BRSR5,-2.1585482563041953,0.2216323825865566,1.0937181490389853,749
energia_eletrica,RNEW3,AURE3,-2.1584650037870925,0.22166397119178982,0.42761328278952526,691
financeiro,ABCB4,PABY11,-2.1570487565993712,0.22220175779717583,0.18845412872631925,749
financeiro,BBAS3,SANB3,-2.1563081051081125,0.22248331727132475,-1.157906034464551,749
energia_eletrica,TAEE4,LIGT3,-2.154599199473925,0.22313378311900384,0.23200503631349095,749
financeiro,BBSE3,RPAD3,-2.1542791724328376,0.22325572364440566,2.5082576838335835,749
oleo_gas,CSAN3,LUXM4,-2.1538327366212817,0.2234258972061599,1.5178724515543416,749
energia_eletrica,EQPA3,EQTL3,-2.151598171847085,0.22427885136470366,0.1328040977314185,749
oleo_gas,PRIO3,PETR3,-2.15126357279977,0.22440673973160535,0.8852799855755877,749
industria,RAIL3,POMO4,-2.151062110416696,0.2244837626269091,0.6629077430418057,749
energia_eletrica,ENGI11,TAEE4,-2.150216822692103,0.22480710579629326,0.34109052137788,749
energia_eletrica,CPLE3,CBEE3,-2.149980166072173,0.22489768295650647,-0.20828289138995645,749
financeiro,ITSA3,PSSA3,-2.1489367112795796,0.22529731328976643,0.13251052554836046,749
financeiro,PABY11,SANB3,-2.148509680581544,0.22546098389580727,-2.0008230114890955,749
energia_eletrica,ENGI11,TAEE3,-2.1483215817304155,0.2255331003434593,0.24346046912062272,749
energia_eletrica,CEBR5,EQPA3,-2.1466347270496877,0.22618045422089889,1.8876420874858957,749
energia_eletrica,ENGI11,TAEE11,-2.146132838297663,0.22637327611563224,0.1095379239935178,749
financeiro,INBR32,BNBR3,-2.1454500789165016,0.22663574546694365,0.49743047037247473,585
energia_eletrica,EQPA3,CPFE3,-2.1451392887526723,0.22675528120728589,0.18475103882726168,749
financeiro,ITUB4,SANB4,-2.144663652532695,0.22693829301744922,-0.4331269224793709,749
financeiro,BPAC5,ITSA4,-2.1439372184558327,0.22721797577030195,1.4778517294987104,749
financeiro,BMEB4,ITUB3,-2.143199750526992,0.22750211771363593,2.953935398503749,749
financeiro,RPAD3,WIZC3,-2.1424304325873162,0.2277987578208639,-0.4603409901373029,749
agro_alimentos,ABEV3,TTEN3,-2.1418401656941364,0.22802651469366947,0.007607347328024962,749
financeiro,BPAC3,BSLI3,-2.1414164858484477,0.22819007717638962,-0.17346099650470184,749
financeiro,SANB3,BPAC3,-2.140288321566749,0.22862594911490786,0.056447016553788316,749
energia_eletrica,TAEE3,CMIG3,-2.1400225045005756,0.2287287211874977,-0.1936122243570957,749
mineracao_siderurgia,PMAM3,CMIN3,-2.137794958427976,0.2295910339713268,-0.31032968805035743,749
energia_eletrica,TAEE11,CGAS3,-2.1370466853121166,0.2298811344731455,0.11465132356703418,749
financeiro,RPAD3,BPAC11,-2.136979251879134,0.22990728868069799,0.12840011589658773,749
industria,RAPT4,WEGE3,-2.1364778524280226,0.23010181312134842,0.007727671968890817,749
financeiro,RPAD3,RPAD6,-2.1359262891529913,0.23031591234976484,0.5191876738798641,749
industria,SHUL4,JSLG3,-2.13548935117877,0.23048560177295063,0.4046735301686492,749
financeiro,ITSA4,BRSR3,-2.1348267167987984,0.23074308453062603,0.5330799475263006,749
energia_eletrica,REDE3,EQPA3,-2.1331599584462677,0.23139149925138824,0.2952744488177256,749
energia_eletrica,ENGI11,EQPA7,-2.1330777412760886,0.2314235119388739,0.10571887456130033,749
financeiro,PABY11,ABCB4,-2.132802197128106,0.23153081900860817,0.581034837102736,749
financeiro,SANB3,RPAD3,-2.1322162927038293,0.23175908989327348,-0.26448597033445703,749
energia_eletrica,CEBR3,AURE3,-2.1318356429155005,0.23190746415080143,-1.5491470327404078,691
financeiro,PSSA3,SANB4,-2.130957839991411,0.23224983923020315,-2.0977683641262104,749
energia_eletrica,REDE3,EQTL3,-2.13003218779797,0.23261120125622714,0.06223367598630095,749
industria,RAPT4,KEPL3,-2.1290599782117097,0.23299109655692984,0.09512316338064183,749
financeiro,BBAS3,ITUB3,-2.1280816726127507,0.23337374382664455,1.2197655172299862,749
energia_eletrica,CMIG4,CPLE3,-2.127712152208084,0.23351837183177304,0.7151413012012083,749
energia_eletrica,EGIE3,EQPA5,-2.1269924161195397,0.23380022394095828,0.4774812925817235,749
industria,ROMI3,RAPT4,-2.1257435884958613,0.23428974677311204,-0.1799252350080076,749
financeiro,ITSA4,CGRA3,-2.124593025797442,0.23474128524874066,-0.13217857280337247,749
energia_eletrica,CPLE3,EQPA7,-2.124534628313616,0.23476421700088507,0.8017558171733615,749
financeiro,BRSR3,BSLI3,-2.1242117115504127,0.2348910450204551,-0.059732795124785326,749
financeiro,BRSR3,IRBR3,-2.1235808185466962,0.23513894935738033,0.0026396832762012813,749
industria,RAPT4,FRAS3,-2.1230185319110704,0.23536002500020953,0.2006750124578812,749
agro_alimentos,ABEV3,CAML3,-2.1221944038624185,0.23568427015264504,0.17010422319064228,749
energia_eletrica,RNEW4,COCE5,-2.12209612789832,0.23572295337509214,0.07357895816604769,749
financeiro,ABCB4,WIZC3,-2.121523534241876,0.23594841088440555,-1.0006726924095917,749
financeiro,BRSR3,BMEB3,-2.1214105656969213,0.23599290694917258,0.0383001360431556,749
financeiro,BRSR3,BMIN4,-2.121404805894954,0.23599517575264717,0.2278298405429384,749
energia_eletrica,ALUP11,CPFE3,-2.1212003637073606,0.2360757144419734,0.4654152273216844,749
industria,RAIL3,TGMA3,-2.120736901774225,0.23625835201369366,0.35089459622381763,749
mineracao_siderurgia,VALE3,FESA4,-2.120546229795273,0.23633351464030417,3.5713084223587517,749
financeiro,BBAS3,BPAC3,-2.1175855940013903,0.23750239118989092,1.607252609062731,749
energia_eletrica,TAEE4,CGAS3,-2.1175556113749385,0.23751424577729663,0.036963550893012474,749
financeiro,BAZA3,RPAD3,-2.117183438252837,0.23766142509254995,18.407821186748247,749
financeiro,BSLI3,BRSR5,-2.1148371628978895,0.23859050820240107,0.688809155736857,749
oleo_gas,DEXP3,LUXM4,-2.114378349599558,0.2387724374307107,-0.4336193473863362,749
energia_eletrica,REDE3,ENMT3,-2.114331597899457,0.23879098001379317,0.020388304651811868,749
financeiro,ABCB4,ITUB3,-2.114019329054703,0.23891485310395177,0.7868224942516729,749
financeiro,BPAC5,ITSA3,-2.1137947293574855,0.23900397210869256,1.6139888730236456,749
financeiro,ITSA4,CGRA4,-2.112809081505987,0.23939529669305615,-0.12142844654448098,749
oleo_gas,VBBR3,DEXP4,-2.1121904007582453,0.23964111744850075,1.3349763258104872,749
energia_eletrica,REDE3,CMIG3,-2.11216648798786,0.23965062166973145,-0.10406844057556178,749
energia_eletrica,ENMT3,CGAS5,-2.110887971562061,0.24015909211466313,-0.20572934476168564,749
financeiro,ITSA3,BRSR3,-2.1104010243620115,0.24035291746663845,0.4710101671323232,749
industria,ETER3,RAPT4,-2.109633149477342,0.24065874833436646,-0.4135221771077086,749
financeiro,BPAC3,B3SA3,-2.1096059864582744,0.2406695710152591,0.31182642813729217,749
energia_eletrica,TAEE11,CMIG3,-2.109052487017907,0.2408901657460058,-0.5884302250693532,749
energia_eletrica,CEBR3,COCE5,-2.1076834142789584,0.24143630717450376,-0.23732107623529064,749
energia_eletrica,ENGI3,LIGT3,-2.1070363281327493,0.2416946879560688,0.19966616911577464,749
energia_eletrica,EGIE3,CBEE3,-2.1055887310184143,0.24227329121920688,-0.07978334269787417,749
energia_eletrica,RNEW3,COCE5,-2.104794327400671,0.24259115368387418,0.0809773873244137,749
financeiro,BPAC5,BRSR3,-2.104413099891427,0.24274377868282448,1.0621720193947992,749
energia_eletrica,REDE3,EGIE3,-2.1039927275280674,0.2429121396551145,0.10350018832081516,749
financeiro,RPAD3,BSLI3,-2.1014976443965296,0.2439128177627889,-0.12865417170044974,749
energia_eletrica,EGIE3,EQPA6,-2.101379645246719,0.24396020122793532,-0.34775599925730805,749
energia_eletrica,CEBR3,EQTL3,-2.101258629290525,0.24400880161985028,0.45099225561301004,749
energia_eletrica,ENGI11,EQPA5,-2.1008888750240016,0.2441573306377885,0.4885547146506193,749
financeiro,BRSR3,SANB4,-2.1003769101670997,0.24436307104034682,0.12652905952103152,749
energia_eletrica,ALUP4,ENGI3,-2.0995524525114813,0.2446946006762965,0.20828031802800157,749
energia_eletrica,TAEE4,CMIG3,-2.098595536672645,0.24507971817386875,-0.19482200816014678,749
financeiro,ITSA4,PSSA3,-2.098590485145443,0.24508175211963162,0.14528525547599885,749
financeiro,ABCB4,ITSA3,-2.098006155094061,0.2453170920403242,2.612386457787799,749
industria,RAPT4,TUPY3,-2.0968080067766013,0.24580005370387142,0.04932278857937831,749
financeiro,ITUB4,SANB11,-2.0967467914632314,0.24582474361446288,-0.17353341968412628,749
financeiro,BSLI4,ITSA3,-2.0959709190578355,0.2461377986127441,-1.8660054585894987,742
industria,SHUL4,PTBL3,-2.0954772244509723,0.2463371171508319,-0.29147477418031215,749
oleo_gas,DEXP4,VBBR3,-2.0952367885589656,0.2464342213999713,0.32675678416718135,749
energia_eletrica,RNEW3,EQPA7,-2.0945069177815263,0.2467291266604812,-0.7058755615803577,749
oleo_gas,PETR4,RAIZ4,-2.0935892315562623,0.24710020527372606,-0.6606758488586362,749
financeiro,BSLI4,ITSA4,-2.0934816699639756,0.2471437201026938,-1.6732305763512754,742
energia_eletrica,CBEE3,EGIE3,-2.092723999506864,0.24745036524033454,-0.3862955196377019,749
financeiro,RPAD6,PINE4,-2.092351791940305,0.24760108498493233,1.0086393381279615,749
energia_eletrica,ENGI3,CEBR5,-2.0919372538139256,0.24776900749124764,0.22684903601596199,749
energia_eletrica,RNEW4,EQPA7,-2.0908839486711384,0.248195976025475,-0.5768085737721584,749
financeiro,BRSR3,SANB11,-2.0903765900073403,0.24840178883297187,0.06299285887124619,749
mineracao_siderurgia,FESA4,GGBR4,-2.0900953240140323,0.24851592778517884,0.627049513755816,749
energia_eletrica,CEBR5,EQPA7,-2.08977419598053,0.24864627942879436,1.2663232237663151,749
agro_alimentos,TTEN3,MDIA3,-2.089561672914566,0.24873256775986768,0.06007778409271457,749
financeiro,BBAS3,PABY11,-2.0881756613736777,0.2492957321004141,0.37165538674515897,749
energia_eletrica,EQPA3,TAEE3,-2.0877358067065925,0.2494746052507848,-0.23341818540640033,749
financeiro,ITUB3,PSSA3,-2.0868601394759354,0.24983092472340823,0.49443382369597527,749
energia_eletrica,CEBR6,COCE5,-2.08639353190281,0.2500209108267776,-0.2159464469034242,749
energia_eletrica,EQPA6,EQPA7,-2.085498199684297,0.250385687849094,-0.9793298497400685,749
mineracao_siderurgia,CSNA3,GOAU3,-2.0854945964824076,0.2503871564778464,-0.7679402973698822,749
mineracao_siderurgia,GOAU4,GOAU3,-2.085330624592325,0.25045399493262704,1.084850514581999,749
energia_eletrica,ENMT3,EQPA5,-2.0846910514605907,0.25071479524241713,-2.274513626148683,749
financeiro,BRSR3,BMEB4,-2.0840290580377716,0.25098489982345995,0.028611709972383756,749
energia_eletrica,EGIE3,ALUP3,-2.082543160177058,0.2515917706517946,1.0499158287232813,749
financeiro,BPAC11,SANB4,-2.082541762709217,0.2515923417960123,-0.5399657233935597,749
mineracao_siderurgia,CSNA3,PMAM3,-2.0823591638485217,0.2516669761356309,1.3974484102829803,749
mineracao_siderurgia,FESA4,BRAP3,-2.0819824020293987,0.2518210109739055,0.4747525093780307,749
energia_eletrica,CEBR5,CBEE3,-2.081703932196516,0.25193489444633393,-0.261819678443358,749
energia_eletrica,ENMT3,COCE3,-2.080755833261855,0.2523228484482798,-0.08823673684604025,749
financeiro,BRSR3,BBSE3,-2.079874453546162,0.2526838035176078,0.05001666772427013,749
industria,LUPA3,TUPY3,-2.079414407823471,0.25287232344769456,-0.1368871000023428,749
financeiro,ABCB4,BSLI4,-2.078904543378991,0.25308135086699773,-0.5299809472647575,742
financeiro,BBAS3,BMEB3,-2.078144024290863,0.2533933189893912,0.348185429023746,749
financeiro,BMEB4,ITSA3,-2.077948853918987,0.2534734135582053,9.884672319546922,749
energia_eletrica,REDE3,ENGI3,-2.077061170203128,0.25383788328184265,0.20350505520089052,749
financeiro,BBSE3,BRSR6,-2.0768522621973715,0.2539237005811583,0.6544952510879976,749
energia_eletrica,EQPA3,TAEE11,-2.075655985371557,0.2544154327363488,-0.07292917270366582,749
energia_eletrica,TAEE3,EMAE4,-2.075171936187115,0.2546145539037472,-0.034192435236680904,749
energia_eletrica,EQPA3,TAEE4,-2.0746764896171466,0.2548184540252056,-0.21690496232891293,749
energia_eletrica,CPLE3,CMIG4,-2.074373175691767,0.2549433274571379,0.7302756602866015,749
financeiro,BNBR3,BMEB3,-2.0738502935554757,0.25515867693123234,1.368284144443112,749
energia_eletrica,ENGI3,CGAS3,-2.072675807458652,0.25564276119997226,-0.04309514278091412,749
financeiro,PABY11,BNBR3,-2.0724072902748962,0.2557535071813547,0.12195322689479633,749
industria,AERI3,KEPL3,-2.0722040164695166,0.2558373623213808,-13.896270944591654,749
industria,LOGN3,RAPT4,-2.0719009947426383,0.25596239430765694,1.6466605542056472,749
energia_eletrica,CMIG4,ENMT3,-2.0712825298616533,0.25621768950142176,0.009394911657394747,749
financeiro,ITUB3,CGRA4,-2.0709689044008868,0.25634720480067036,-0.4934026406912788,749
financeiro,ABCB4,ITSA4,-2.0709139312826164,0.25636991035607115,2.369009473689371,749
financeiro,ITUB4,SANB3,-2.070611200488565,0.2564949674120207,-0.3429737949037944,749
mineracao_siderurgia,VALE3,USIM6,-2.070550338906329,0.2565201132325602,2.0554031813015485,749
financeiro,ABCB4,BPAC11,-2.0688527367812797,0.25722205544708476,0.44021396806044455,749
financeiro,INBR32,BBAS3,-2.068003130625278,0.25757376074790206,2.1600231999572146,585
industria,PLAS3,RAPT4,-2.067798943551866,0.2576583264571216,-0.30552100193873283,749
energia_eletrica,CBEE3,CGAS5,-2.067051763544249,0.257967908665976,0.15817010726208386,749
industria,ROMI3,MYPK3,-2.0667692805769846,0.2580850048540362,-0.10770766733532618,749
financeiro,RPAD3,BBAS3,-2.066734292785853,0.2580995102157288,0.1767078153813998,749
oleo_gas,DEXP4,BRAV3,-2.0657982857818897,0.25848773142008274,-0.0968675461732993,749
financeiro,BRSR3,RPAD5,-2.0656030330615267,0.2585687558966065,0.23389776054457095,749
financeiro,BSLI3,BRSR3,-2.0652205840194795,0.25872750250462107,-1.3906064218407193,749
oleo_gas,DEXP3,RAIZ4,-2.0647769138727807,0.25891172843954313,-0.19917802971170426,749
financeiro,ITUB4,BMIN3,-2.0645993249206134,0.2589854893923438,0.10558588429757204,749
energia_eletrica,CBEE3,ENGI11,-2.0641824978631123,0.25915866281262456,-0.20355507960691846,749
industria,VLID3,TGMA3,-2.0627881282506113,0.25973842850902473,0.9131039719042743,749
financeiro,BPAC3,PSSA3,-2.0622150555091388,0.25997691466179673,0.21191689844855433,749
energia_eletrica,EGIE3,EQTL3,-2.061581361347499,0.26024076953745257,0.17525079741955676,749
industria,FRAS3,TGMA3,-2.0612847421911,0.26036432538358323,0.602160922369775,749
financeiro,RPAD3,B3SA3,-2.0610675316295137,0.26045482436004064,-0.1741575534303957,749
energia_eletrica,CMIG4,CEBR6,-2.0608018327698434,0.26056554920145414,0.1576597207472502,749
agro_alimentos,SOJA3,CAML3,-2.0606176204513362,0.2606423313616022,0.4662356610510164,749
industria,TGMA3,MYPK3,-2.059953445212307,0.260919272156043,-1.4819032366082003,749
financeiro,ABCB4,CXSE3,-2.0588882762432723,0.26136375377512927,0.8000024656251485,749
energia_eletrica,ENMT3,EGIE3,-2.058757986953098,0.2614181504788706,-0.38399611793002086,749
energia_eletrica,TAEE11,EMAE4,-2.0560036469436285,0.26256956516535307,-0.09799507438804703,749
mineracao_siderurgia,BRAP3,FESA4,-2.0554016570209965,0.2628215893372514,1.1410038867984609,749
financeiro,BPAC11,SANB11,-2.054970873338831,0.26300201917008886,-0.223112793970113,749
energia_eletrica,ENGI11,COCE3,-2.0544063337458836,0.26323857428530584,-0.024202901874060608,749
financeiro,PSSA3,SANB11,-2.0540367924517606,0.26339348375851046,-1.0092512426064055,749
energia_eletrica,EQPA3,EQPA7,-2.053882979957583,0.26345797574535723,0.4782347414670047,749
financeiro,ITSA3,PABY11,-2.0538038141932624,0.26349117250309917,0.044627235459203364,749
mineracao_siderurgia,BRAP3,USIM3,-2.053743391604913,0.26351651118467767,0.9463422278343024,749
energia_eletrica,ENMT3,CMIG4,-2.0536185388403942,0.2635688733894306,0.5774270111031383,749
financeiro,BPAC11,PABY11,-2.053581021316899,0.26358460903834363,0.4938173928802848,749
energia_eletrica,RNEW3,EQPA5,-2.052020889678271,0.2642394168437966,-0.6829958378492372,749
energia_eletrica,EMAE4,AURE3,-2.050839365984429,0.26473590914560696,0.9659420110142307,691
energia_eletrica,ALUP4,CMIG3,-2.0507518163665477,0.2647727189444217,0.19469921789872377,749
financeiro,BPAC11,SANB3,-2.050295432863469,0.2649646483464766,-0.4539494510385467,749
financeiro,BPAC11,BSLI3,-2.0501932492579473,0.26500763146152617,-0.6453926988276324,749
agro_alimentos,SMTO3,TTEN3,-2.0501538953373037,0.2650241865417397,-1.1964153720882882,749
energia_eletrica,EQPA5,EQPA7,-2.049809388040457,0.26516913509498885,0.7560331376163952,749
energia_eletrica,EQPA3,EQPA5,-2.0496279332358736,0.2652454980611197,0.3241680078782049,749
financeiro,BSLI3,BPAC11,-2.044389002664188,0.2674553974231477,-0.6430816116251235,749
energia_eletrica,CPLE3,ENMT4,-2.044151449099495,0.26755583890501344,-0.050760905431104925,749
energia_eletrica,ENGI3,CGAS5,-2.043780350051672,0.26771278646908253,-0.0635607023662979,749
industria,INEP4,AERI3,-2.042801332868677,0.26812707782221024,0.03679879702215503,702
financeiro,PABY11,CGRA3,-2.042790118468367,0.26813182543608377,-0.7757514656800434,749
agro_alimentos,SOJA3,SLCE3,-2.041817994965231,0.2685435464948945,-0.16125454048030582,749
financeiro,BBAS3,BRSR3,-2.040059464499167,0.26928919971174825,2.453238648230834,749
financeiro,BBAS3,RPAD3,-2.039469954998241,0.2695394135884357,3.6927431046995154,749
financeiro,PSSA3,CGRA4,-2.0380631417774575,0.27013703319837634,-1.068024150216467,749
financeiro,BPAC3,BBSE3,-2.0377900892668266,0.2702531095090314,0.1450374811794218,749
energia_eletrica,CPLE3,CGAS5,-2.0374086824893856,0.27041529278704446,-0.05940096842880616,749
mineracao_siderurgia,CBAV3,PMAM3,-2.037238813561843,0.270487541954247,1.712433963166786,749
energia_eletrica,EQTL3,CGAS5,-2.0370180669409255,0.27058144607726015,-0.14758622589211443,749
agro_alimentos,SOJA3,MDIA3,-2.035712117031901,0.2711373465650218,0.017621551479788822,749
financeiro,BAZA3,PSSA3,-2.034644343636562,0.2715923179944777,3.304360438453569,749
energia_eletrica,COCE5,TAEE11,-2.034544475247282,0.271634892190627,1.9004313567452564,749
energia_eletrica,CMIG3,CPFE3,-2.0344856899730837,0.27165995420253797,0.1361969212606294,749
energia_eletrica,CMIG4,CEBR5,-2.034037945094622,0.27185088257810686,0.1851099409806504,749
energia_eletrica,CPLE3,EQPA5,-2.0335461558794314,0.27206067521877114,0.6246428148536587,749
energia_eletrica,CEBR5,COCE3,-2.03271860734017,0.2724138951031268,-0.16006570251234842,749
financeiro,ITUB4,PABY11,-2.031217933988279,0.2730550476139665,0.15214442624195296,749
energia_eletrica,REDE3,CBEE3,-2.0302145639935114,0.27348417948306536,-0.016934918009491883,749
energia_eletrica,ENMT3,TAEE3,-2.029575167668346,0.2737578306826526,2.6146080805264944,749
energia_eletrica,ENMT3,CEBR3,-2.0293464016070315,0.2738557742413237,0.5694457900493362,749
agro_alimentos,SOJA3,JALL3,-2.0287077048717816,0.2741293236466832,0.28046374775411653,749
energia_eletrica,CMIG4,EMAE4,-2.028595256465478,0.27417749957129967,-0.006928906612394163,749
financeiro,BNBR3,WIZC3,-2.028506102738145,0.2742156986294146,-9.994461375693346,749
financeiro,INBR32,BMEB4,-2.027681522126082,0.27456913490908263,0.7633011771657774,585
financeiro,PABY11,IRBR3,-2.027602664658264,0.27460294790985584,-0.11323953037839019,749
financeiro,ITUB3,B3SA3,-2.0274656007125293,0.2746617243150802,-0.3510300079308784,749
energia_eletrica,COCE5,TAEE3,-2.026826900752336,0.2749357027508421,5.6170234117014415,749
financeiro,ABCB4,BMIN3,-2.024861490013447,0.2757796998739435,0.16232586637715962,749
energia_eletrica,TAEE4,EMAE4,-2.0246733521221945,0.2758605629539334,-0.03242658127668801,749
industria,ROMI3,POMO3,-2.0232394136833856,0.27647729272046084,-0.3912366249266491,749
financeiro,BRSR6,BPAC5,-2.0232141291736236,0.2764881739971523,0.6866643244021567,749
energia_eletrica,TAEE11,CEBR5,-2.0230594798455006,0.2765547327990662,-0.29420742344022993,749
financeiro,BSLI4,BMEB4,-2.0226610902655935,0.2767262328224078,-0.19248101749455138,742
energia_eletrica,CMIG4,ENGI3,-2.021982868436127,0.2770183250963423,0.005648670048799051,749
oleo_gas,VBBR3,UGPA3,-2.0209819870649226,0.27744967538893545,0.4275161820439142,749
financeiro,PABY11,BAZA3,-2.0208750965798044,0.277495762944699,0.11374767907244107,749
energia_eletrica,COCE3,COCE5,-2.0194115599533293,0.2781271959300101,0.958685000214223,749
energia_eletrica,CMIG4,ALUP4,-2.019146553569111,0.27824161191893027,1.2016708060642753,749
energia_eletrica,CEBR6,EQPA3,-2.019106495304868,0.27825890914972984,2.421987513244536,749
financeiro,PABY11,CGRA4,-2.018381894611645,0.27857189063477855,-0.756174522628532,749
energia_eletrica,ALUP11,ENGI3,-2.017830643788692,0.27881011980719905,0.6230828424807878,749
energia_eletrica,CMIG4,ENMT4,-2.017790251521453,0.2788275799798142,-0.006048871217918699,749
energia_eletrica,EGIE3,CMIG3,-2.017600376679884,0.2789096639627837,0.14535366041383022,749
energia_eletrica,ENMT3,TAEE11,-2.014426607173968,0.2802835781673721,0.898375610202844,749
financeiro,BPAC3,INBR32,-2.0144246915820796,0.28028440848798897,0.1618130820081703,585
oleo_gas,UGPA3,PRIO3,-2.013670889309462,0.2806112467506619,0.4737217272705737,749
energia_eletrica,EGIE3,ALUP11,-2.013227038226741,0.2808037875293315,0.3900312803979163,749
energia_eletrica,TAEE3,CGAS3,-2.0130865705538925,0.2808647361929035,0.04146667882398125,749
energia_eletrica,ENMT3,TAEE4,-2.012714233679996,0.28102632587467,2.7800824673143603,749
financeiro,RPAD3,BPAC3,-2.0116259960714395,0.2814988856470737,0.2821144087078038,749
industria,ROMI3,POMO4,-2.0105195509037945,0.2819797760016548,-0.2840470570852265,749
energia_eletrica,ENMT3,ALUP4,-2.009732094480387,0.28232228554181693,-1.828258068502096,749
energia_eletrica,EQPA3,ENMT3,-2.0094868800588066,0.28242898735791433,-0.013404197678618826,749
mineracao_siderurgia,FESA4,BRAP4,-2.008375701274072,0.2829127645683401,0.3625194080416339,749
energia_eletrica,ENGI3,EGIE3,-2.0083339289270103,0.2829309595006289,0.39799240340961495,749
industria,INEP3,RAPT4,-2.007984342538573,0.2830832539028287,-0.4351410028336417,749
energia_eletrica,ALUP4,ENGI11,-2.0074637141533485,0.28331014009467914,0.11366205446041,749
industria,RAIL3,FRAS3,-2.0066177456429743,0.2836790080789331,0.30905035383162666,749
oleo_gas,LUXM4,RECV3,-2.004930300621005,0.2844155271722855,0.17059458113570464,749
industria,PTBL3,SHUL4,-2.0046272618744445,0.28454789902761757,-0.903173095274346,749
industria,SHUL4,INEP4,-2.0030444789664443,0.2852397988043166,-0.392720984637646,702
energia_eletrica,CEBR5,TAEE11,-2.002570919436572,0.28544697958580234,-0.3451569522392684,749
energia_eletrica,CEBR3,CBEE3,-2.001709579258376,0.2858240116999675,-0.35103438361460676,749
financeiro,BRSR3,B3SA3,-2.0016632208813183,0.28584431128906257,0.3396139234256496,749
energia_eletrica,ENMT3,CEBR5,-2.0014958199469426,0.28591761964322626,0.21349555053391484,749
financeiro,PABY11,ITSA4,-2.0014187182302816,0.2859513873414331,1.227831824527382,749
financeiro,CXSE3,BMEB4,-2.001032555323381,0.28612054324811415,0.24117501200667424,749
industria,INEP3,INEP4,-2.0007375101656084,0.28624982031891827,1.0524723794203583,702
mineracao_siderurgia,CBAV3,VALE3,-2.0006788816711216,0.2862755125698795,0.3299457134883952,749
energia_eletrica,ENMT3,CEBR6,-2.0001006809219173,0.28652895583755256,0.008602983820203698,749
financeiro,BSLI4,BNBR3,-1.9998543530593254,0.2866369639278857,-0.12838897194796622,742
financeiro,BRSR3,SANB3,-1.9998489249039975,0.28663934426206866,0.11305197470794658,749
industria,WEGE3,PLAS3,-1.9997493265508237,0.2866830215561269,-2.553300823151084,749
energia_eletrica,ENMT3,CGAS3,-1.9988378817715815,0.2870828798739491,-0.005845492019780153,749
financeiro,BPAC11,BMEB3,-1.9983896287550411,0.28727963693746167,0.4026522075978656,749
financeiro,BNBR3,PSSA3,-1.997429183119384,0.28770144920522744,2.3026323680400256,749
financeiro,BAZA3,BBSE3,-1.9970172697409208,0.2878824519420318,3.9780869076838767,749
industria,ROMI3,VLID3,-1.995898208566663,0.2883744828453199,-0.11580269137124283,749
energia_eletrica,ENMT3,ALUP11,-1.9947347446965573,0.28888649151845114,-0.40824814066541576,749
energia_eletrica,ENMT3,EQPA3,-1.994319180472579,0.28906948220715045,-1.5629056791032363,749
oleo_gas,VBBR3,BRAV3,-1.9930789304712733,0.2896159680749528,-0.14732723086859395,749
energia_eletrica,CEBR5,ENGI3,-1.9920543782097355,0.290067807891092,1.0338196563708777,749
energia_eletrica,EGIE3,ALUP4,-1.9916731290280607,0.29023603468002074,1.2176660735242786,749
energia_eletrica,AURE3,CEBR6,-1.9915688035881292,0.2902820770681138,-0.25447285903059574,691
industria,WEGE3,PTBL3,-1.9902550448617073,0.29086220078555547,-2.4104539576522677,749
agro_alimentos,SOJA3,SMTO3,-1.9901974804405278,0.2908876332495779,0.013046827622193353,749
mineracao_siderurgia,CSNA3,FESA3,-1.9889049469420512,0.29145898223180455,-0.7771044987669518,749
financeiro,PSSA3,SANB3,-1.9871368686028854,0.2922414579608139,-2.057296798477106,749
industria,AERI3,SHUL4,-1.9871037065774189,0.2922561441698685,-19.266165004353372,749
energia_eletrica,REDE3,TAEE3,-1.9849560878345303,0.2932080352739582,-0.04301608113928043,749
energia_eletrica,COCE5,TAEE4,-1.983878534833207,0.29368622682032053,5.704763432543229,749
energia_eletrica,ENMT3,CPLE3,-1.9830695328821257,0.2940454991914848,-1.6316793647209544,749
oleo_gas,DEXP3,CSAN3,-1.9827392264509451,0.29419224942333566,-0.01152666272142769,749
financeiro,BNBR3,RPAD3,-1.982455412583481,0.2943183730221065,14.088599238345944,749
financeiro,ITSA4,BMIN3,-1.9816196448723224,0.29468993582752745,0.05414129487128965,749
energia_eletrica,ENMT3,ALUP3,-1.9814527725295772,0.29476415148455737,-0.730033676203533,749
mineracao_siderurgia,CBAV3,USIM5,-1.9801057341472883,0.29536358245931493,1.3407748859031725,749
financeiro,BMEB3,CXSE3,-1.9800134327375642,0.2954046787907495,2.5424765602212527,749
energia_eletrica,ENMT3,COCE5,-1.979740649066442,0.2955261498334961,-0.24054107706501351,749
agro_alimentos,JALL3,LAND3,-1.9796269499243768,0.2955767876207932,0.07531945491912338,749
agro_alimentos,SOJA3,AGRO3,-1.9792535645230331,0.2957431114227034,0.03444931835551942,749
financeiro,INBR32,BMEB3,-1.979107556399247,0.2958081631543956,0.9112419046842442,585
financeiro,PABY11,ITSA3,-1.976314080187644,0.29705412723277685,1.3985949900876669,749
energia_eletrica,CEBR6,ENGI3,-1.9756645976336542,0.29734418674112806,1.3882805370472413,749
industria,INEP4,RAPT4,-1.9746968506448335,0.2977766440624058,-0.3708047497424501,702
energia_eletrica,CEBR5,ENGI4,-1.9746772938836192,0.29778538660963544,2.0774012816006047,749
energia_eletrica,CEBR6,CBEE3,-1.9745415149883914,0.2978460879695407,-0.3642645984213498,749
mineracao_siderurgia,FESA4,VALE3,-1.9745292303066293,0.2978515802660907,0.13117897838350764,749
energia_eletrica,COCE5,CBEE3,-1.9744497936934446,0.2978870963932042,1.6919378921315504,749
energia_eletrica,ENMT3,LIGT3,-1.9743611042244673,0.297926751953242,0.3539462740883037,749
financeiro,BBAS3,BMEB4,-1.9737741529862127,0.29818926029547366,0.291330749173258,749
energia_eletrica,EQTL3,CBEE3,-1.9733240354202664,0.2983906486224688,-0.6939390189593133,749
oleo_gas,UGPA3,RECV3,-1.9718956895151007,0.2990301539075353,-0.5640215851400268,749
energia_eletrica,REDE3,TAEE11,-1.9718262368430117,0.29906126680468953,-0.009539970523313505,749
financeiro,PABY11,BSLI4,-1.971745368066494,0.2990974958177216,-0.6901321668618003,742
energia_eletrica,REDE3,ENMT4,-1.9716733591903872,0.2991297574402513,0.007991819079121764,749
energia_eletrica,ALUP3,LIGT3,-1.9714203658436473,0.2992431178568037,-0.11824451899705744,749
energia_eletrica,ENMT3,RNEW3,-1.9700092984921056,0.2998757726740482,1.7426748945746555,749
financeiro,ITSA3,BMIN3,-1.9697226134672514,0.30000438891092984,0.0447226747996723,749
energia_eletrica,ALUP11,CMIG3,-1.9691288429787124,0.30027085999294834,0.5932272324391782,749
energia_eletrica,ENMT3,CBEE3,-1.9687665139664325,0.3004335224076017,0.2615756094917421,749
oleo_gas,UGPA3,OSXB3,-1.9685943090814764,0.300510846500126,-2.7442303109091855,749
energia_eletrica,TAEE11,ENMT4,-1.9683779926071145,0.3006079915997121,0.12243822098845415,749
financeiro,PABY11,ITUB4,-1.9681664118162594,0.3007030248803342,0.2928398728836806,749
financeiro,ITUB3,ABCB4,-1.9680960480508538,0.30073463262201666,0.9674420393176039,749
energia_eletrica,REDE3,LIGT3,-1.9680318626528421,0.3007634664338825,0.09486774563267934,749
energia_eletrica,REDE3,TAEE4,-1.9679794372161483,0.3007870183608463,-0.02708463992992884,749
financeiro,RPAD3,BBSE3,-1.96755753122792,0.30097659096471807,0.14342498658162145,749
financeiro,BPAC5,SANB4,-1.9663188276908825,0.3015335089526331,-0.3560941407786843,749
mineracao_siderurgia,VALE3,USIM3,-1.9653404273525512,0.30197375168437013,3.218954808297167,749
financeiro,RPAD3,IRBR3,-1.964968790789057,0.302141056251257,-0.022273825825325434,749
mineracao_siderurgia,BRAP4,FESA4,-1.9649328381699291,0.3021572439221054,1.4340236053016124,749
financeiro,RPAD6,SANB11,-1.9648423358556828,0.3021979944755119,-0.29896034920923553,749
mineracao_siderurgia,USIM3,CMIN3,-1.9646330095385174,0.302292258300043,0.7316852994563604,749
financeiro,BRSR6,B3SA3,-1.9644226991030924,0.3023869797543196,0.4758453273715576,749
energia_eletrica,REDE3,EMAE4,-1.9644064043793963,0.30239431931949723,-0.0014437833151528306,749
financeiro,PSSA3,B3SA3,-1.9639670576181325,0.30259224525358797,-1.3632742447664599,749
agro_alimentos,JALL3,BEEF3,-1.9638340919870585,0.30265215879544793,0.15184635904157004,749
energia_eletrica,COCE5,CPLE3,-1.9637471897748688,0.30269131955526096,-5.220308136943772,749
industria,RAIL3,VLID3,-1.9637380386708936,0.3026954434627709,0.2947091222195784,749
energia_eletrica,TAEE3,CEBR5,-1.9619521916181442,0.3035007522155564,-0.10824373651041572,749
financeiro,ABCB4,B3SA3,-1.9619125750859505,0.3035186286824447,-0.2050203602578616,749
mineracao_siderurgia,GGBR3,GGBR4,-1.9617813765436074,0.3035778340480839,0.5983209639957295,749
energia_eletrica,EGIE3,CPFE3,-1.961360247127383,0.30376791313623985,0.28666255570726545,749
financeiro,CXSE3,CGRA4,-1.961290956769694,0.3037991932635218,-0.5431380186729491,749
energia_eletrica,TAEE3,ENMT4,-1.9612679811391607,0.30380956562439676,0.04243771635819054,749
financeiro,ITUB4,BRSR5,-1.9602146140122458,0.3042852935236034,0.031497294357270035,749
energia_eletrica,ENMT3,ENGI3,-1.9586326718760303,0.30500041794942656,-1.7752959583206998,749
energia_eletrica,TAEE3,CEBR6,-1.9583380552916068,0.3051336905945893,-0.09852885494432481,749
financeiro,ITSA4,PABY11,-1.9577663527322031,0.3053923861112091,0.047510728152640166,749
energia_eletrica,ENGI11,ALUP3,-1.9569700335766789,0.30575289729588273,1.8774521822448853,749
energia_eletrica,ENMT3,RNEW4,-1.9554382875519616,0.3064469296517668,1.2692664413071102,749
mineracao_siderurgia,FESA4,USIM6,-1.9553904024900959,0.30646863854748146,0.4298352017604482,749
energia_eletrica,CEBR6,ENGI4,-1.9544760946782842,0.30688328591682074,2.8633937868170896,749
financeiro,BBAS3,BRSR5,-1.9536422863429446,0.30726166113005193,0.43365912499545506,749
financeiro,BBSE3,BPAC11,-1.9535772200696218,0.3072911970835009,0.34801585367484683,749
energia_eletrica,EQPA3,EGIE3,-1.9515638751637745,0.30820580106779116,0.058070066884356925,749
industria,TGMA3,WEGE3,-1.951522418979336,0.30822464709709935,0.4435928768758805,749
mineracao_siderurgia,CSNA3,FESA4,-1.9508970716434015,0.3085089976428473,0.5918947217514385,749
energia_eletrica,CEBR5,ENGI11,-1.9500727380176335,0.30888402052558384,0.3546726190239852,749
industria,ETER3,JSLG3,-1.9496145806914718,0.30909254905471445,-0.7410729601254301,749
financeiro,BPAC5,SANB3,-1.9487909591128676,0.30946758615594294,-0.3471813949900468,749
financeiro,PABY11,BSLI3,-1.9487840385462554,0.30947073836362093,-0.42450054626981354,749
energia_eletrica,CBEE3,ENGI4,-1.9478042164771265,0.3099171861387433,-2.099260888795247,749
mineracao_siderurgia,CBAV3,FESA4,-1.9475811450552352,0.3100188696152402,0.9767444639350856,749
mineracao_siderurgia,USIM5,PMAM3,-1.9464121895378272,0.3105519784069828,0.8168567095466097,749
energia_eletrica,RNEW4,EQPA3,-1.946207454361554,0.3106453938478603,-0.4293087597719508,749
financeiro,PINE4,RPAD5,-1.9445096215384718,0.3114205853970011,0.7925705937732717,749
energia_eletrica,ENGI11,EQTL3,-1.9440560237871416,0.31162784273093913,0.6021842895451779,749
energia_eletrica,CPLE3,COCE3,-1.9435401054102701,0.31186365485687617,-0.08241687213255286,749
financeiro,BPAC5,SANB11,-1.9431811809454738,0.31202775913802144,-0.166616794033221,749
energia_eletrica,AURE3,CEBR5,-1.9413587280416276,0.31286163407043477,-0.29752204215614614,691
energia_eletrica,REDE3,EQPA5,-1.9412228727421934,0.3129238375724603,-0.030308533259189314,749
financeiro,PABY11,ITUB3,-1.94078104200213,0.31312617706183843,0.3402606824125072,749
energia_eletrica,CMIG4,EQPA3,-1.9403275150163195,0.3133339369785774,0.18402345841233905,749
financeiro,RPAD6,B3SA3,-1.9395364884478414,0.31369645999653334,-0.3232448663057483,749
financeiro,PABY11,BPAC3,-1.9392787424192721,0.3138146261093555,0.6449566753542813,749
financeiro,BAZA3,RPAD5,-1.9381125599565439,0.3143495346491558,9.475324162945256,749
energia_eletrica,ALUP4,CPFE3,-1.9372161153301173,0.31476100929669565,0.1571911442278794,749
financeiro,CXSE3,CGRA3,-1.9357414995966438,0.3154384166914321,-0.5557499479446257,749
mineracao_siderurgia,PMAM3,GOAU4,-1.9354613897861077,0.3155671701519147,0.6301933507226528,749
industria,FRAS3,PTBL3,-1.933751417149808,0.3163536965558309,-1.1188758328129114,749
energia_eletrica,EQPA6,CGAS5,-1.9321991369702467,0.31706847929400983,0.07498905407952484,749
energia_eletrica,EQPA3,ALUP3,-1.9308532376379788,0.31768883557942523,0.4875664833601267,749
mineracao_siderurgia,FESA4,CMIN3,-1.9289688456933483,0.3185583391371416,-0.7792825139451183,749
industria,WEGE3,ETER3,-1.9289328914027768,0.3185749399889563,-1.6111223828472674,749
financeiro,RPAD6,CXSE3,-1.9285485300885008,0.31875243264655,0.4531919510551612,749
energia_eletrica,ENGI3,RNEW4,-1.9283576487148784,0.3188405959418724,-0.4457978202352752,749
energia_eletrica,EQPA3,CPLE3,-1.9282221538842925,0.31890318441554744,0.4062829566104788,749
industria,ROMI3,INEP4,-1.9280718822999883,0.31897260527094273,0.44165376451456817,702
energia_eletrica,EGIE3,COCE3,-1.9278211062776465,0.31908847160511195,-0.043053384570117106,749
mineracao_siderurgia,VALE3,CSNA3,-1.9272675949335192,0.3193442797302479,1.991821500591669,749
mineracao_siderurgia,VALE3,CBAV3,-1.9253964898122777,0.3202097190098663,1.7889645227619315,749
industria,LUPA3,JSLG3,-1.9248518461937545,0.32046183434075526,-0.39273198059669495,749
energia_eletrica,ALUP3,ENGI3,-1.92451579026732,0.3206174399101238,0.20209299312143514,749
energia_eletrica,ENGI11,CBEE3,-1.9230486552587007,0.32129717966941546,-0.1760842490719144,749
energia_eletrica,REDE3,CPFE3,-1.9213505571986185,0.3220847487916018,0.04607561283554065,749
financeiro,BPAC11,BSLI4,-1.918544995868005,0.3233878781362009,-0.8913134055919868,742
energia_eletrica,ALUP3,ENGI4,-1.9176508398987366,0.3238036985863667,0.840950881383258,749
financeiro,ITUB4,BPAC3,-1.9174676325698932,0.3238889276552069,1.380326783835426,749
industria,PLAS3,RAPT3,-1.916746709140945,0.32422440384192214,0.07234037333160115,749
financeiro,ITUB4,BRSR3,-1.9160190888870634,0.3245631556135824,1.8270513467110374,749
financeiro,ABCB4,IRBR3,-1.9158887625759922,0.3246238473690637,-0.06857028639093066,749
industria,LOGN3,WEGE3,-1.915784236374523,0.3246725279561353,-0.0619425359279054,749
industria,JSLG3,SHUL4,-1.915657430316222,0.324731589280148,1.4227530125821355,749
financeiro,BPAC5,BSLI4,-1.9146082053948181,0.3252204633585547,-0.3413937497839573,742
industria,RAPT4,MYPK3,-1.9143500215180487,0.32534081194302455,0.26059835980576646,749
energia_eletrica,EQPA3,ALUP4,-1.9143456465382054,0.3253428514478054,0.5983611901083272,749
energia_eletrica,ENGI11,ALUP4,-1.9136935061643305,0.3256469271476109,2.4273230565548265,749
energia_eletrica,RNEW4,CBEE3,-1.9134477690482516,0.3257615409821447,0.14141654914453736,749
energia_eletrica,EQTL3,LIGT3,-1.9127801018191217,0.32607303808576804,-0.3456452452495625,749
financeiro,ABCB4,BPAC5,-1.9121834204162322,0.3263515302249562,1.394221404585174,749
financeiro,BAZA3,SANB4,-1.911735052725431,0.3265608693527683,-7.830748440883084,749
energia_eletrica,CEBR3,EGIE3,-1.9117310905065972,0.32656271954795896,0.8175934249606056,749
industria,ETER3,TUPY3,-1.9117084169818321,0.32657330725307737,-0.4132757774557379,749
industria,VLID3,WEGE3,-1.9110253343230221,0.3268923539436569,0.42755280769304,749
industria,JSLG3,RAPT4,-1.9099062529832238,0.3274153434373265,0.9989495366784853,749
energia_eletrica,CEBR5,TAEE4,-1.90692881401737,0.32880863147028233,-1.0472341454935017,749
financeiro,PABY11,PINE4,-1.9059849475563864,0.32925086189203134,1.8186727901967652,749
agro_alimentos,SMTO3,AGRO3,-1.9017034872000345,0.3312601614251874,1.0768495967421612,749
energia_eletrica,REDE3,ENGI11,-1.9012606791190945,0.33146828008510343,0.07077238762027702,749
financeiro,ITUB3,SANB4,-1.8974361568521017,0.33326818308874917,-0.414927297956079,749
financeiro,BNBR3,BBSE3,-1.8969062361458773,0.33351791169465034,2.6231307299796254,749
financeiro,BMEB3,B3SA3,-1.8968515489447453,0.3335436880440372,-2.7349524359689585,749
financeiro,ABCB4,BMEB3,-1.895957168581712,0.33396536992358505,0.2103211037248845,749
industria,PLAS3,KEPL3,-1.8949949665942751,0.33441928737707816,-0.2424287613083132,749
energia_eletrica,CEBR5,EGIE3,-1.8944666542656035,0.33466863200051455,0.606410398245166,749
energia_eletrica,EQPA3,ALUP11,-1.8943802018036549,0.33470944217366466,0.18725170921597467,749
energia_eletrica,CBEE3,CPFE3,-1.8938217165986324,0.33497312903014564,-0.579570720449115,749
financeiro,BNBR3,BSLI4,-1.8937410142152964,0.33501123983189035,-3.2788305899057795,742
energia_eletrica,RNEW3,CGAS5,-1.8933158004619934,0.33521207334053305,0.05731756704521725,749
energia_eletrica,ENGI3,RNEW3,-1.8923188234494333,0.3356831618649996,-0.4082590498511867,749
financeiro,CXSE3,BPAC5,-1.89227310181467,0.33570477297847595,1.4876093543180093,749
energia_eletrica,ALUP4,EGIE3,-1.8904146769331058,0.3365836979752011,0.23881529324587794,749
financeiro,RPAD3,BRSR5,-1.8898920266026555,0.3368310592295136,-0.030688800402643192,749
energia_eletrica,CEBR3,EQPA3,-1.8896799553472172,0.3369314511607583,2.0587601493003977,749
financeiro,PABY11,CXSE3,-1.8896479597189129,0.33694659861667525,0.5335421793181977,749
agro_alimentos,SMTO3,SLCE3,-1.8894098360398912,0.3370593409704451,1.834785844017374,749
industria,INEP4,RAIL3,-1.8875235103461423,0.3379530158472307,-0.3504313174835035,702
mineracao_siderurgia,BRAP4,USIM6,-1.8866528830592424,0.33836583072019255,0.889411313836869,749
energia_eletrica,ALUP3,EQPA3,-1.885319870377205,0.33899830692074473,0.4828683384319001,749
energia_eletrica,ENGI11,ALUP11,-1.8852587259213476,0.3390273303064778,0.7434954684375636,749
financeiro,ITSA3,SANB4,-1.8851948948833068,0.3390576300608877,-0.03404690534119647,749
financeiro,PINE4,BPAC3,-1.8848305898316882,0.33923058298477915,0.49513616185594606,749
financeiro,PABY11,B3SA3,-1.8822747454396742,0.34044501932418825,0.17054790126011193,749
energia_eletrica,EQTL3,ENGI3,-1.8820893860575314,0.3405331664808334,1.6005099385842558,749
financeiro,BSLI4,BMEB3,-1.8817409633818198,0.3406988841328795,-0.21577490940351698,742
energia_eletrica,CEBR6,COCE3,-1.8814895984637132,0.3408184601485642,-0.1986649540220331,749
industria,LUPA3,ROMI3,-1.8793995425114804,0.3418134013101253,0.2883004890688777,749
industria,LOGN3,FRAS3,-1.8792043643932397,0.3419063755712525,-0.08631699880825143,749
energia_eletrica,EQPA6,TAEE11,-1.8755030935521282,0.34367151045098815,0.23589786492711923,749
energia_eletrica,ENMT3,CMIG3,-1.8753305932800288,0.3437538687363275,-1.812252980881428,749
energia_eletrica,EGIE3,CPLE3,-1.873485336923162,0.3446353810489837,0.5931528425195902,749
industria,SHUL4,TGMA3,-1.872904156839568,0.34491321622836535,0.18197637768155,749
mineracao_siderurgia,PMAM3,CSNA3,-1.8726967082117785,0.3450124103442699,0.34432091954476474,749
financeiro,BAZA3,BSLI4,-1.872629405337278,0.34504459459200076,-5.022533395059815,742
energia_eletrica,EQPA6,TAEE3,-1.8725499145164064,0.3450826087264561,0.7090242869328036,749
energia_eletrica,CEBR5,EQPA5,-1.8721073797515735,0.3452942697195519,0.7513926646576715,749
energia_eletrica,ENMT3,EQPA7,-1.8718948293359703,0.3453959501303469,1.7881586417789626,749
financeiro,PABY11,BMIN4,-1.8718669717985272,0.3454092776119732,0.2079290206313303,749
energia_eletrica,EQTL3,CPFE3,-1.8717662774273927,0.3454574531550785,1.0016272395337005,749
energia_eletrica,ENGI11,AURE3,-1.8715046038117307,0.3455826595764805,0.14917163402131367,691
industria,PTBL3,AERI3,-1.8705057041436095,0.3460607892740416,0.03455862626647172,749
financeiro,ITSA3,B3SA3,-1.8691798971560454,0.34669581789326587,-0.015036583034949204,749
energia_eletrica,RNEW4,EQPA5,-1.8685449435305985,0.34700011524355334,-0.5526921385790413,749
financeiro,BPAC11,B3SA3,-1.8675193473914422,0.3474918579116105,0.3267150664480477,749
oleo_gas,VBBR3,OSXB3,-1.8670029240328565,0.3477395759755355,-0.8265898117566851,749
industria,SHUL4,POMO3,-1.8659770517163365,0.34823188178485076,0.5366574064749094,749
financeiro,BPAC5,ABCB4,-1.864736186459125,0.34882774220785495,0.5041735154451946,749
financeiro,BBAS3,BRSR6,-1.8641990345253623,0.34908581054344007,1.8907644912279857,749
energia_eletrica,AURE3,REDE3,-1.8640171160420014,0.34917322882468216,-1.678009682649048,691
financeiro,ITSA4,SANB4,-1.8631080405449252,0.34961020573036494,-0.029518683157166006,749
energia_eletrica,CEBR5,CPFE3,-1.861648413011501,0.35031228932019864,0.2297766004325874,749
financeiro,RPAD6,BMIN4,-1.8613704894931535,0.350446035979535,0.2670253791949344,749
energia_eletrica,CEBR6,ENGI11,-1.8608084602718,0.35071656773571014,0.49106628013734516,749
financeiro,ITUB4,BPAC5,-1.8607077477484144,0.3507650544782236,1.8182596504298896,749
oleo_gas,RAIZ4,CSAN3,-1.8592429526884844,0.35147056809296595,0.32518645290135223,749
energia_eletrica,TAEE4,CEBR6,-1.8592064182418857,0.35148817211919536,-0.08770342750367602,749
financeiro,BAZA3,B3SA3,-1.8589675855527803,0.3516032617970756,-4.457076323255947,749
industria,LOGN3,RAPT3,-1.8583724554035637,0.35189011177075225,0.17759446369492585,749
financeiro,RPAD3,RPAD5,-1.8582132009308239,0.3519668877027249,0.5599501305061982,749
energia_eletrica,EQPA6,CBEE3,-1.858127899878256,0.3520080137711498,0.2094124832000801,749
financeiro,BRSR3,INBR32,-1.8579209803405647,0.3521077836287002,0.04151016677840807,585
financeiro,BMEB4,B3SA3,-1.8564561159396016,0.3528144191251248,-3.5072072390077005,749
mineracao_siderurgia,CBAV3,BRAP3,-1.8555314270024668,0.3532607727137347,1.0763061472934252,749
financeiro,BRSR3,PSSA3,-1.854972807766408,0.3535305316605914,0.0764520946226128,749
energia_eletrica,EQPA3,RNEW4,-1.8543156168704649,0.3538479967344651,-0.29207950745553635,749
energia_eletrica,EQPA3,RNEW3,-1.8537462519410768,0.35412312840357996,-0.32139317757675573,749
mineracao_siderurgia,CSNA3,GGBR4,-1.8529405205854748,0.3545126242866661,0.8546399074728371,749
financeiro,RPAD6,BPAC3,-1.8527728902158356,0.35459367938131625,0.42416203327179686,749
financeiro,ITSA3,BBSE3,-1.8517656858660163,0.3550808529853072,0.11444404071901738,749
energia_eletrica,CEBR6,TAEE3,-1.8517531633236037,0.3550869116757439,-1.4154778309606253,749
energia_eletrica,CEBR6,EQPA7,-1.8508118788266736,0.3555424440780476,1.5664090729722409,749
mineracao_siderurgia,CBAV3,USIM3,-1.8502660561005537,0.35580669986514435,1.6175065185921713,749
financeiro,BSLI4,B3SA3,-1.8498356264655762,0.3560151438682013,1.0528152756972087,742
financeiro,BPAC11,IRBR3,-1.8495208733961386,0.35616759981900237,-0.042521559923014304,749
energia_eletrica,REDE3,ENGI4,-1.8486594177614881,0.3565849923606864,0.4067506271355196,749
financeiro,ITUB3,SANB11,-1.8484038034718322,0.35670887976476084,-0.1691768000522503,749
financeiro,BSLI3,BRSR6,-1.8468071878653631,0.3574830879997183,-1.2490081726585711,749
energia_eletrica,CEBR3,ENGI11,-1.8464226805798858,0.3576696365206449,0.38218784287549873,749
industria,PLAS3,LOGN3,-1.8454158247694903,0.35815830624735256,-0.01819860694362124,749
financeiro,ITSA3,SANB11,-1.845069599203798,0.3583264046109712,-0.0066771195894536825,749
energia_eletrica,EQPA3,CBEE3,-1.8436143482554013,0.359033290983462,-0.11194557426507092,749
financeiro,ITSA3,SANB3,-1.8428080850386515,0.35942516652154444,-0.013128120456736957,749
financeiro,RPAD6,SANB3,-1.842344949246678,0.3596503439973928,-0.6421148428731617,749
energia_eletrica,TAEE4,ENMT4,-1.8420640294786002,0.3597869544491214,0.04056893513092901,749
industria,RAIL3,WEGE3,-1.8420528738985253,0.3597923797912882,0.09806347252430689,749
financeiro,BAZA3,ABCB4,-1.8393122530655477,0.36112619960574116,6.22563881935304,749
industria,ROMI3,TGMA3,-1.838783832233227,0.3613835938798512,-0.04423844000862068,749
financeiro,ITSA4,BRSR5,-1.8376123455842321,0.3619544783027195,0.04608524870068778,749
energia_eletrica,EQTL3,COCE5,-1.8374209403977106,0.36204778613137795,-0.2173475656761737,749
financeiro,ITSA4,B3SA3,-1.8362613270323975,0.3626132819388566,-0.009222136936979167,749
industria,LUPA3,RAPT3,-1.8361393070872785,0.36267280575437627,-0.10570583611658693,749
industria,ROMI3,TUPY3,-1.836055600727187,0.3627136415890844,0.2593942560447072,749
agro_alimentos,JALL3,ABEV3,-1.8358854680662917,0.36279664560313163,0.3508289799240857,749
financeiro,BSLI4,BPAC11,-1.835801572659362,0.36283757902176705,-0.3315270486515505,742
financeiro,BPAC11,BMEB4,-1.8356959672727422,0.3628891074747874,0.32502455963974464,749
industria,SHUL4,POMO4,-1.8338468638306014,0.3637918012910155,0.3914662358850233,749
financeiro,RPAD6,BRSR6,-1.8321957687443795,0.3645985542296051,0.49116836548610665,749
energia_eletrica,EQPA3,COCE3,-1.8303058669028087,0.36552282489140886,-0.010698074912048283,749
energia_eletrica,CEBR6,TAEE4,-1.8302666636137606,0.3655420069330224,-1.3599272827240538,749
energia_eletrica,TAEE4,CEBR5,-1.8296960179365784,0.3658212650632517,-0.0966647278814036,749
financeiro,PABY11,BMEB3,-1.8289915555207246,0.3661661203925806,0.040879101775475,749
financeiro,BPAC5,BRSR5,-1.8278144772577827,0.36674260831896555,0.3423311646679298,749
financeiro,PABY11,BMEB4,-1.8255211943223326,0.36786674802280755,0.038195422192958836,749
mineracao_siderurgia,BRAP4,USIM3,-1.8254267641189554,0.3679130641699904,1.2191865650293372,749
financeiro,ITUB3,SANB3,-1.8244579531157938,0.36838837248535666,-0.33259267981832485,749
financeiro,ITSA4,SANB3,-1.8241110821295061,0.3685586064481262,-0.009074748430564944,749
financeiro,ITSA4,SANB11,-1.824096758131504,0.3685656368698855,-0.003899823848659362,749
energia_eletrica,CPLE3,ENMT3,-1.823896207563503,0.3686640751795922,-0.027109742468289354,749
financeiro,CXSE3,BAZA3,-1.8231239964632644,0.3690431988159546,0.1298487088005003,749
financeiro,BAZA3,SANB11,-1.8229267899068682,0.3691400422628437,-3.8551496709457496,749
energia_eletrica,CEBR6,TAEE11,-1.8227310206115068,0.36923618923203416,-0.4507128088011301,749
energia_eletrica,EQPA3,EQPA6,-1.821126727805869,0.3700244451175285,-0.23553655083621486,749
financeiro,RPAD3,SANB3,-1.8208837247667915,0.37014389684367577,-0.18234593779507036,749
energia_eletrica,CEBR3,EQPA7,-1.8198784824222691,0.37063818964918605,1.744057572527398,749
mineracao_siderurgia,CBAV3,GGBR4,-1.8187203949088013,0.3712079397303868,1.22778847082073,749
industria,ROMI3,WEGE3,-1.817161649136618,0.37197531059275546,-0.02292280649697085,749
industria,SHUL4,FRAS3,-1.8165895688010005,0.3722570913095388,0.19455561666682702,749
mineracao_siderurgia,FESA3,PMAM3,-1.8158078653933043,0.3726422487101061,-0.1350291626160858,749
financeiro,BAZA3,SANB3,-1.813975359752179,0.3735457208271252,-8.160356379940467,749
financeiro,BSLI3,BMIN3,-1.813881612273284,0.37359196208877576,0.3699263170457611,749
financeiro,RPAD3,SANB4,-1.813450123933705,0.37380482191635755,-0.1942127205383904,749
mineracao_siderurgia,GGBR4,GOAU3,-1.8126374562846843,0.37420584249744826,2.2593924887804304,749
industria,LOGN3,PTBL3,-1.8124159570484204,0.37431517090015987,-0.18107456498295266,749
financeiro,ITSA3,BRSR5,-1.812224937513734,0.3744094642805733,0.03363019188788708,749
mineracao_siderurgia,CSNA3,GGBR3,-1.812181387746684,0.3744309630449183,0.20112173894176005,749
financeiro,RPAD6,BRSR3,-1.8099783585320106,0.3755190896709014,0.568055779299535,749
financeiro,RPAD3,SANB11,-1.8094183492257396,0.37579587188738073,-0.08978468965549323,749
industria,LOGN3,ETER3,-1.8091350204996193,0.37593593373451095,-0.5103336364280907,749
financeiro,ITUB4,BBSE3,-1.8090398419000224,0.3759829888931764,0.5500995380899484,749
energia_eletrica,ENGI3,ENGI4,-1.8083631398266296,0.3763176029983457,1.9190251702292793,749
mineracao_siderurgia,BRAP3,USIM5,-1.807007620998377,0.37698819635594993,0.7372191873809397,749
financeiro,ITUB3,BBAS3,-1.8066291687333207,0.3771754976880893,0.6420217682603234,749
financeiro,CXSE3,B3SA3,-1.8054474394564566,0.37776056472364544,-0.6368814341587534,749
energia_eletrica,ALUP3,CMIG3,-1.8053214198226926,0.3778229752582827,0.21204067294104437,749
financeiro,ITUB3,BBSE3,-1.8050015029643296,0.3779814287305546,0.4770722566865281,749
energia_eletrica,ENGI11,CMIG4,-1.8046334278603045,0.37816376386001016,0.4546502091948465,749
financeiro,PABY11,RPAD5,-1.8041340949654603,0.3784111704683149,-1.6520293805950028,749
financeiro,RPAD6,PABY11,-1.8033762023139737,0.37878679588627906,0.1788811546876073,749
industria,PLAS3,TUPY3,-1.801911293155315,0.3795132033364593,0.0009083796077201015,749
energia_eletrica,TAEE11,CEBR6,-1.8018996321653864,0.37951898765612196,-0.2684191783273619,749
industria,LOGN3,MYPK3,-1.8015944408941167,0.3796703857855484,-0.11416195679448798,749
industria,ETER3,RAPT3,-1.8015365601266888,0.37969910144540264,0.42175914524309877,749
industria,SHUL4,ROMI3,-1.7991206308368795,0.3808983633088091,-0.02734103987087836,749
financeiro,INBR32,BPAC3,-1.7984282305018509,0.3812423122909911,3.1667114285769786,585
industria,INEP4,MYPK3,-1.7970375258519855,0.381933468569077,0.3362201761296856,702
mineracao_siderurgia,VALE3,USIM5,-1.7952247885365002,0.38283501755497745,2.545896879775734,749
energia_eletrica,EQPA3,LIGT3,-1.7951629123404675,0.3828658040697054,-0.09614955760518792,749
industria,SHUL4,MYPK3,-1.7941480400173462,0.3833708754564836,-0.15863783968326625,749
energia_eletrica,COCE3,EQPA6,-1.793228421599674,0.38382873911322496,7.599907261173034,749
energia_eletrica,TAEE11,EQPA3,-1.793153781471354,0.3838659094789869,-0.8385439736882253,749
energia_eletrica,ALUP11,ENGI11,-1.7927371529120255,0.38407341077762475,0.33820352238405765,749
energia_eletrica,RNEW3,EMAE4,-1.7927259245895257,0.38407900355907976,-0.021308189730611046,749
financeiro,BSLI4,ABCB4,-1.7905915547436915,0.38514262859306897,-0.7217307694475394,742
financeiro,RPAD3,BRSR6,-1.7893934881888767,0.3857401015106266,0.2568232897534482,749
energia_eletrica,CMIG4,CEBR3,-1.7890141823190642,0.3859293257834677,0.1634033015346553,749
energia_eletrica,TAEE3,EQPA3,-1.7870213961305297,0.3869239809689582,-0.31369382177007604,749
financeiro,RPAD6,RPAD3,-1.7867013345842384,0.3870838128893841,1.467874769907036,749
energia_eletrica,EQPA3,CMIG4,-1.7866173529132323,0.3871257552169626,0.09700310544177128,749
financeiro,ITSA4,BRSR6,-1.785514418900577,0.38767672648866264,0.37149215398108576,749
financeiro,PSSA3,BAZA3,-1.785055179435357,0.38790621710768275,0.2134514196585776,749
financeiro,RPAD6,SANB4,-1.7845650866403358,0.38815117572952734,-0.5999898119048847,749
energia_eletrica,CEBR6,CPFE3,-1.7837413994590623,0.3885629878808394,0.43934079719211844,749
energia_eletrica,COCE5,RNEW3,-1.7822495709063264,0.38930921455709466,5.832749629265927,749
financeiro,BNBR3,B3SA3,-1.7820327188938339,0.3894177254736598,-2.682137012298088,749
financeiro,PABY11,PSSA3,-1.7809274080012807,0.3899709689891526,0.34421510130990174,749
financeiro,ABCB4,BRSR5,-1.7787534082929601,0.3910598798513329,-0.01872442371625797,749
financeiro,PSSA3,CGRA3,-1.778457970476583,0.39120793532615417,-1.0387092170161263,749
financeiro,PABY11,RPAD3,-1.7779541251489912,0.39146047425706676,1.689329543966615,749
financeiro,ABCB4,BMEB4,-1.776855786423265,0.3920111713570686,0.17793631423513664,749
energia_eletrica,COCE3,RNEW3,-1.7768225555474042,0.39202783694863763,7.679604526604929,749
financeiro,RPAD3,BMIN4,-1.7752506839337963,0.392816407996042,0.1810707417460533,749
energia_eletrica,ENGI3,COCE3,-1.7750162344913336,0.39293406980024803,0.0009407262100083421,749
industria,INEP3,SHUL4,-1.7728770885173772,0.3940081561324081,-0.8523913051866786,749
financeiro,BAZA3,BMEB3,-1.772480056189946,0.39420761381769737,1.7791772221827984,749
industria,ROMI3,LUPA3,-1.7718278199293989,0.3945353489504432,0.49345732843122336,749
financeiro,BBAS3,PSSA3,-1.771798499551842,0.3945500838790627,0.638803460587716,749
energia_eletrica,CEBR3,ENGI4,-1.7716030534726657,0.39464830962638586,2.335174778064951,749
financeiro,ITSA3,IRBR3,-1.7671653109628491,0.39688068964453155,-0.004532682295056176,749
energia_eletrica,ENGI3,EQPA5,-1.766842456334942,0.3970432553376648,-0.002662343280904048,749
financeiro,BNBR3,SANB11,-1.764403530340149,0.39827199359011056,-2.166998205482221,749
financeiro,CXSE3,PSSA3,-1.7636922170912133,0.39863057911338734,0.4699047966618691,749
energia_eletrica,ENGI3,EQPA7,-1.7632735736200453,0.39884167167423734,0.011404175867606557,749
energia_eletrica,COCE5,RNEW4,-1.7621800815512911,0.39939320697078706,5.830319818172175,749
energia_eletrica,RNEW4,EMAE4,-1.7620117966187554,0.3994781074888589,-0.014148877499523102,749
financeiro,BMEB4,ITSA4,-1.7613962497380182,0.39978870130469085,8.882541285018608,749
mineracao_siderurgia,CSNA3,GOAU4,-1.7607621265592137,0.40010874641742145,0.9545817103563199,749
mineracao_siderurgia,CBAV3,BRAP4,-1.7607144292844854,0.400132822665414,0.857594109837574,749
energia_eletrica,TAEE3,CGAS5,-1.7595790623271665,0.4007060558231246,0.025506192529969454,749
energia_eletrica,ENGI3,COCE5,-1.759572999270734,0.40070911766520795,-0.0008932090312024102,749
financeiro,ITSA4,IRBR3,-1.7593561417816648,0.4008186353714134,-0.004511960442884715,749
mineracao_siderurgia,GGBR4,GOAU4,-1.7592890509635923,0.4008525195418594,2.5085878857036876,749
financeiro,RPAD3,BMEB4,-1.7580577500282781,0.40147454309241304,0.06422527845147037,749
energia_eletrica,CEBR5,ENMT4,-1.757149256552256,0.40193368108440536,-0.04410206273276548,749
energia_eletrica,CEBR3,COCE3,-1.7570801053033676,0.40196863556642304,-0.201969842195005,749
energia_eletrica,ALUP3,COCE3,-1.7564397759612511,0.40229235233662236,-0.06336108798122946,749
energia_eletrica,EGIE3,AURE3,-1.7555951565453627,0.40271946845453716,0.0291863869606053,691
financeiro,ITUB4,BPAC11,-1.7553261195499488,0.40285554678935964,0.5787542929450176,749
mineracao_siderurgia,PMAM3,CBAV3,-1.7541435711073596,0.40345384202367396,0.3402907936156028,749
energia_eletrica,ENGI3,TAEE11,-1.754133346919807,0.4034590159886379,0.05722240635404762,749
energia_eletrica,ENGI3,TAEE4,-1.7531715052084118,0.4039458466884685,0.17781546769989245,749
industria,INEP4,JSLG3,-1.7529293079125092,0.40406846127672386,-0.3964143439133864,702
energia_eletrica,ENGI3,TAEE3,-1.7529274522271971,0.4040694007774387,0.13138074026571553,749
industria,ROMI3,PTBL3,-1.752123710778539,0.40447638243590445,0.2805142098788219,749
oleo_gas,DEXP4,LUXM4,-1.7519392937513099,0.40456978094389384,-0.6127323228406079,749
financeiro,RPAD3,BRSR3,-1.751293893316048,0.4048966964875481,0.3443152766662213,749
energia_eletrica,ENGI3,CMIG4,-1.7511000660366487,0.40499489146344925,0.008813296149824817,749
energia_eletrica,TAEE4,EQPA3,-1.7510656340875776,0.40501233580013124,-0.27007306951901144,749
financeiro,BPAC5,ITUB4,-1.7509782904121836,0.4050565879294418,0.4104703870518854,749
energia_eletrica,EQTL3,EGIE3,-1.7509126550802023,0.4050898426096066,0.9683290539887576,749
financeiro,INBR32,BPAC5,-1.750288101416827,0.4054063185033152,4.876488094630072,585
energia_eletrica,ALUP11,EGIE3,-1.7501047330257247,0.4054992494930699,0.7430965542750074,749
mineracao_siderurgia,CMIN3,USIM5,-1.7492671652350127,0.40592380869673905,0.1765436291912068,749
energia_eletrica,COCE5,CEBR6,-1.7487313622576977,0.4061954737224147,-1.3026944304566495,749
industria,LOGN3,INEP3,-1.7486073440035186,0.40625836162352635,-0.17517829479615524,749
financeiro,CXSE3,BPAC11,-1.7482812667929504,0.4064237244745955,0.460056986366677,749
agro_alimentos,BEEF3,AGRO3,-1.7469830628742975,0.40708227644340195,0.5598640828821851,749
financeiro,BSLI4,IRBR3,-1.7454952321436803,0.4078374068240017,0.13539671204774545,742
financeiro,ITSA4,BBSE3,-1.7451133628079127,0.40803128591438975,0.12297905244258185,749
financeiro,RPAD6,IRBR3,-1.7447686058489091,0.4082063457278216,-0.05010302573721646,749
financeiro,ITUB3,PABY11,-1.7444866214695705,0.4083495472908719,0.1356948736832735,749
financeiro,ITUB3,BPAC3,-1.7443621782117367,0.4084127485897193,1.1983982092346948,749
financeiro,BMEB4,BMIN4,-1.7440919169825764,0.40855001660357415,3.4378705283374646,749
energia_eletrica,CPLE3,EQPA3,-1.7416112386148295,0.4098105981889429,0.7870659426337084,749
oleo_gas,UGPA3,BRAV3,-1.741072998291729,0.4100842581822905,-0.3937225316196906,749
financeiro,BPAC5,BMEB3,-1.7405608216891861,0.41034471515443177,0.12850922003412987,749
energia_eletrica,RNEW4,CMIG3,-1.7401125013225898,0.41057273821300827,-0.08013876534287095,749
industria,LOGN3,POMO4,-1.7399310878050547,0.4106650183860698,0.3343145850430065,749
oleo_gas,VBBR3,PRIO3,-1.7397767950965435,0.4107435075963546,0.130649972069287,749
mineracao_siderurgia,BRAP3,CBAV3,-1.7394805222784653,0.41089423456265056,0.5151714646843232,749
energia_eletrica,COCE5,CEBR5,-1.7376865814769993,0.4118072269740649,-1.4723692869538079,749
mineracao_siderurgia,CMIN3,USIM3,-1.7370022747365852,0.41215564339522054,0.1825089528382733,749
mineracao_siderurgia,CBAV3,GOAU4,-1.7367069573324094,0.4123060306783677,1.7310853824358248,749
financeiro,PINE4,BBSE3,-1.7360648769398743,0.41263305674122586,0.2186449075397944,749
energia_eletrica,RNEW4,ENGI11,-1.7355311596451795,0.41290494655348126,-0.08616397719145519,749
financeiro,ITUB3,BMIN3,-1.7324330991971355,0.41448417019148576,0.08886402867221335,749
mineracao_siderurgia,BRAP4,CBAV3,-1.7302005321961118,0.4156232488956618,0.6756207065854608,749
industria,LOGN3,POMO3,-1.730022255390901,0.4157142446849945,0.4751407802135706,749
mineracao_siderurgia,PMAM3,USIM3,-1.7293777831406782,0.4160432408622942,0.7047355363990786,749
industria,ROMI3,RAPT3,-1.728199943692196,0.41664469921512953,-0.05739253395265294,749
financeiro,BMEB3,INBR32,-1.7278057324746532,0.41684605430064836,0.8900557646408035,585
energia_eletrica,TAEE11,CEBR3,-1.7265908364371936,0.4174667647320012,-0.1818305803367069,749
mineracao_siderurgia,CBAV3,CMIN3,-1.7264722534950139,0.4175273641206768,-0.18170323508017458,749
energia_eletrica,CEBR3,TAEE4,-1.7257870504109472,0.417877569696028,-0.9429218834544222,749
financeiro,CGRA3,IRBR3,-1.7249145437554783,0.41832362020796915,0.11590952513960417,749
industria,FRAS3,ROMI3,-1.724199033453285,0.4186895050826204,-0.925973511041678,749
industria,ROMI3,SHUL4,-1.7240877400170074,0.4187464240376498,-0.07516964766637448,749
mineracao_siderurgia,VALE3,GOAU4,-1.7228024738123404,0.419403899300941,7.902367050440175,749
financeiro,ITUB4,BRSR6,-1.7221164417983816,0.4197549500385041,1.2763164653500012,749
industria,ROMI3,AERI3,-1.720174095061607,0.42074929385639187,-0.0031114478829786327,749
mineracao_siderurgia,PMAM3,GGBR3,-1.7201488863136063,0.42076220302908945,0.1241222246879979,749
oleo_gas,RAIZ4,RECV3,-1.7189262118494304,0.4213884484777166,0.05582801236166009,749
financeiro,BNBR3,SANB4,-1.7174709384827365,0.4221341469988684,-4.47441450230822,749
financeiro,BPAC5,BRSR6,-1.7170115898967842,0.42236959368276605,0.8004081951572131,749
industria,SHUL4,INEP3,-1.716985950010734,0.4223827368331726,-0.3030197379801444,749
energia_eletrica,CEBR5,ENMT3,-1.7167225006856666,0.4225177885894977,0.024699288162526162,749
financeiro,PINE4,BSLI4,-1.7151768557661158,0.4233103558369111,-0.2849535321477794,742
financeiro,PSSA3,BBSE3,-1.7150672487800347,0.42336657404394806,1.0099530662433847,749
industria,LUPA3,KEPL3,-1.7147744915403202,0.42351674073692985,-0.3450928148866307,749
financeiro,BNBR3,SANB3,-1.7138603182034313,0.4239857441164344,-4.572467658964772,749
industria,PTBL3,RAIL3,-1.7131258745043503,0.42436263600396185,-0.25038015723274,749
industria,ROMI3,RAIL3,-1.7108675660092576,0.4255220575225856,0.16657911126355932,749
financeiro,RPAD3,PABY11,-1.708142525788293,0.4269221611678251,0.061249043359256725,749
financeiro,BPAC5,B3SA3,-1.7081278114231264,0.4269297244111361,-0.012824687634221043,749
financeiro,ITUB4,IRBR3,-1.7077843758622542,0.42710626115205214,-0.0478321562574726,749
industria,ROMI3,ETER3,-1.7068020830316997,0.42761129076875914,0.1662011014889153,749
energia_eletrica,TAEE11,CGAS5,-1.7065018050092697,0.42776570324569185,0.06517085672373536,749
industria,JSLG3,LOGN3,-1.7062332365404738,0.4279038213331015,0.12939741359948959,749
industria,JSLG3,ETER3,-1.7054719691735478,0.42829538194758704,-0.30496415798603493,749
financeiro,PSSA3,BMIN4,-1.7049343816483578,0.42857194507653507,1.3573560080268128,749
financeiro,CXSE3,BSLI4,-1.7030742838004218,0.42952921353069207,-0.5952903887310054,742
industria,ROMI3,JSLG3,-1.7021725426687278,0.4299934665917062,0.03887212792979823,749
energia_eletrica,ENGI11,CPLE3,-1.6969846675080738,0.4326667327384307,1.750714736506213,749
industria,SHUL4,VLID3,-1.6969241804128234,0.4326979244111361,0.1722656332546993,749
energia_eletrica,CEBR5,CMIG3,-1.6944858526660993,0.433955747529183,-0.3558809432781144,749
energia_eletrica,EQPA3,COCE5,-1.6935677875283857,0.43442955632452984,-0.027476468946688034,749
energia_eletrica,COCE5,CEBR3,-1.6931042376579415,0.43466883755830227,-1.3824517026441197,749
financeiro,BPAC11,ITUB4,-1.692280411661891,0.43509416581814164,1.3227515255005828,749
industria,WEGE3,INEP4,-1.6917969453409567,0.43534381631883345,-2.7149197768769713,702
financeiro,PSSA3,CXSE3,-1.6905873627142434,0.43596855954860014,1.5843550103635293,749
energia_eletrica,CEBR6,EQPA5,-1.690543648061713,0.4359911417697265,0.8862479018701349,749
industria,LOGN3,VLID3,-1.6888192879930826,0.4368821275576679,0.22060855347724506,749
industria,ROMI3,KEPL3,-1.688675831795408,0.43695627065086373,0.02716678118776079,749
mineracao_siderurgia,PMAM3,GOAU3,-1.6880276050276002,0.43729133183340485,-0.3672085701149322,749
financeiro,ABCB4,BRSR3,-1.6876800368175044,0.4374710097213186,1.3449147249954343,749
energia_eletrica,TAEE4,CEBR3,-1.6875389533423812,0.4375439485606543,-0.0587210428113947,749
energia_eletrica,ENGI3,EQPA6,-1.6862254710084252,0.4382231370192027,-0.19342917673339907,749
financeiro,CXSE3,SANB4,-1.6861607303166162,0.4382566198462743,-0.8912639388316536,749
financeiro,BSLI4,BPAC5,-1.6798922599794233,0.44150122725449165,-1.285443534233695,742
financeiro,PINE4,SANB4,-1.6794171048403554,0.4417473824864108,-0.4306028788389069,749
industria,SHUL4,AERI3,-1.6789607921493241,0.44198380394422726,-0.021664279477414443,749
energia_eletrica,COCE3,TAEE11,-1.6783042602008036,0.44232400884475837,2.1739008387492245,749
financeiro,RPAD3,BSLI4,-1.6776146657523099,0.4426814060604983,-0.1894668173238484,742
industria,INEP3,AERI3,-1.6775130863051195,0.4427340569659097,0.03219164965698949,749
financeiro,BPAC11,INBR32,-1.6768907870894465,0.4430566374537418,0.418827146223676,585
financeiro,RPAD6,BMIN3,-1.6746819141251108,0.44420204612610764,0.023816403076263055,749
agro_alimentos,JALL3,CAML3,-1.672771073757303,0.44519340582153955,0.275633356462336,749
energia_eletrica,CEBR5,EMAE4,-1.6726891488876023,0.44523591929528833,0.057061455157591465,749
energia_eletrica,CEBR3,TAEE3,-1.6726023195416595,0.44528097877003875,-1.0140200951906495,749
financeiro,BMEB4,INBR32,-1.6724744235779365,0.4453473511782233,1.0235374709016305,585
financeiro,ITSA3,BRSR6,-1.6722046255135838,0.4454873712117117,0.32807681481506434,749
mineracao_siderurgia,CBAV3,FESA3,-1.6721188939185974,0.4455318661547946,-1.8645200119163317,749
energia_eletrica,ENGI3,CBEE3,-1.6705796756557443,0.44633087888097145,-0.028120618206380545,749
financeiro,BPAC5,BBSE3,-1.6659890860120927,0.44871557537873613,0.25366279346566906,749
industria,JSLG3,LUPA3,-1.6657839791266298,0.4488221820787018,-0.859602601742287,749
energia_eletrica,RNEW3,ENGI4,-1.6628807783159272,0.4503316840587902,-0.6661983235886326,749
energia_eletrica,CEBR3,TAEE11,-1.6605540212696703,0.45154217190956175,-0.3161812541564831,749
financeiro,BBAS3,BBSE3,-1.6582807077078898,0.45272544989614866,0.7557561905589134,749
energia_eletrica,EQTL3,CMIG3,-1.6571315018415196,0.453323840893247,0.8339322972826237,749
energia_eletrica,TAEE4,CGAS5,-1.6570285239898848,0.45337746856589856,0.020873255489050148,749
energia_eletrica,CEBR3,CMIG3,-1.6558661556834378,0.45398287498079437,-0.4053141697227628,749
mineracao_siderurgia,CBAV3,USIM6,-1.653392748320228,0.4552716118660585,0.7764693268182378,749
energia_eletrica,CEBR3,ENMT3,-1.6533129077785353,0.45531322275680747,0.09764593972304098,749
financeiro,BPAC5,ITUB3,-1.6530995965169153,0.455424398596206,0.4642977048888562,749
energia_eletrica,AURE3,CBEE3,-1.6526886327655277,0.455638602795822,0.3030717474689783,691
oleo_gas,CSAN3,BRAV3,-1.6523779592239949,0.4558005452885353,0.30662474668102296,749
financeiro,BMEB4,BSLI3,-1.651590354669635,0.45621114004522384,-1.365714559986539,749
agro_alimentos,SMTO3,LAND3,-1.6503860137922421,0.45683911486927814,0.3160389330664258,749
agro_alimentos,MDIA3,ABEV3,-1.6481673498665836,0.45799638064010223,1.675677671954675,749
financeiro,INBR32,IRBR3,-1.6464905158122023,0.4588713614020511,0.5940441488574377,585
industria,TGMA3,SHUL4,-1.645837786418398,0.4592120362215077,3.6814300077525823,749
financeiro,BRSR6,ITSA3,-1.645354550044513,0.45946427629679665,1.0345518178740734,749
financeiro,ITUB3,BRSR5,-1.6422119036582201,0.4611052439142558,-0.015340416232523404,749
oleo_gas,DEXP4,RAIZ4,-1.6409311053145803,0.4617743046602758,-0.3722677518128292,749
energia_eletrica,EQTL3,CMIG4,-1.6407315328233554,0.4618785711990546,2.082940817041731,749
energia_eletrica,AURE3,EQPA7,-1.6400040181860651,0.4622586932045316,-0.9918811791942087,691
agro_alimentos,SMTO3,BEEF3,-1.6373622332027258,0.46363943256014484,0.660683607000085,749
mineracao_siderurgia,USIM5,CMIN3,-1.634814904182841,0.46497142024218774,0.9649128126563731,749
financeiro,ITUB3,BRSR3,-1.6305321223255835,0.4672121913826171,1.5651220946776305,749
energia_eletrica,CEBR5,LIGT3,-1.630247507521202,0.467361160553556,0.11442778707792023,749
industria,ETER3,LOGN3,-1.6298371185078686,0.4675759731160659,-0.09523233167541036,749
energia_eletrica,EQTL3,ENGI11,-1.6295586005551004,0.4677217678630857,0.7944130554072871,749
mineracao_siderurgia,BRAP4,USIM5,-1.6290242512410475,0.4680015004081293,0.955145008740812,749
energia_eletrica,TAEE3,CEBR3,-1.6289569462209548,0.46803673641124893,-0.06815913815913371,749
energia_eletrica,TAEE3,ENGI4,-1.627946164364675,0.46856595467289636,-0.005266089307048567,749
mineracao_siderurgia,CMIN3,CSNA3,-1.6276697979396695,0.4687106678427043,0.11980556261003837,749
energia_eletrica,TAEE4,ENMT3,-1.6276415827139479,0.46872544248570225,0.029687766540258283,749
energia_eletrica,CMIG4,ENGI11,-1.6265522140871684,0.46929593160257943,0.051754183761870506,749
energia_eletrica,RNEW4,ENGI4,-1.626336321835592,0.46940900356378146,-0.5708274914294337,749
mineracao_siderurgia,CBAV3,GGBR3,-1.6251455399116075,0.47003273632825027,0.17765080602006186,749
energia_eletrica,CEBR6,EGIE3,-1.6247834103676244,0.4702224433602299,0.7022518519871813,749
financeiro,ABCB4,BBSE3,-1.622873382643948,0.47122321714734744,0.45325617579492194,749
energia_eletrica,ALUP3,ENGI11,-1.6228099871357173,0.47125643877007306,0.11156919224502165,749
energia_eletrica,COCE3,RNEW4,-1.6212926920670092,0.47205165394503334,7.709819813541611,749
financeiro,RPAD3,BMIN3,-1.6212071779710708,0.4720964773634364,0.02522878979930976,749
financeiro,BNBR3,BMEB4,-1.6208380097041994,0.4722899887179177,1.1478704435376939,749
financeiro,BPAC11,ITUB3,-1.62075554531087,0.47233321652980115,1.4952184669113173,749
energia_eletrica,TAEE11,REDE3,-1.6194481808764127,0.47301860747841,-0.2140830607184733,749
industria,WEGE3,LUPA3,-1.616485282477743,0.474572403928699,-3.206210412658497,749
agro_alimentos,MDIA3,LAND3,-1.616262835966296,0.47468908552523714,0.21557425054228616,749
financeiro,BMEB4,CXSE3,-1.6153142255262887,0.47518670870278085,3.0313412033440303,749
industria,WEGE3,INEP3,-1.615200549917673,0.4752463452395139,-2.322570398106929,749
financeiro,BAZA3,BPAC3,-1.6139498248609288,0.47590256337820297,6.87243174791879,749
energia_eletrica,EGIE3,CMIG4,-1.613535485178405,0.47611998006851924,0.47626551871445916,749
industria,JSLG3,INEP4,-1.611225041672509,0.4773325648745467,-0.488045809524594,702
energia_eletrica,ENGI3,EQTL3,-1.6103073292104182,0.4778143098459832,0.2154773610967589,749
energia_eletrica,CEBR6,EMAE4,-1.607259158281243,0.47994604552641545,0.07456507757276322,749
financeiro,BSLI4,RPAD6,-1.606851863501769,0.4801507387733589,-1.6014704835647473,742
agro_alimentos,SMTO3,ABEV3,-1.6063396292840941,0.48040816408883175,1.05145948027211,749
oleo_gas,VBBR3,LUXM4,-1.604087562461051,0.4815398523160553,-1.399718450689047,749
financeiro,BMEB3,BSLI3,-1.603512774510629,0.48182866353652176,-1.10261871562607,749
financeiro,RPAD6,BRSR5,-1.602879030995126,0.48214708527448846,-0.028514789304204924,749
energia_eletrica,TAEE11,EGIE3,-1.601369928450464,0.4829052728904394,0.22212357259241913,749
industria,PTBL3,JSLG3,-1.5997764500945664,0.4837057657680831,-0.35915731762301223,749
industria,LOGN3,TUPY3,-1.5993016381746312,0.4839442726644226,1.4455240329932961,749
energia_eletrica,TAEE11,ENGI4,-1.5987177241996673,0.48423757227913833,0.08597084694700206,749
financeiro,BPAC5,IRBR3,-1.5981077867726428,0.4845439300003125,-0.024907923409727115,749
financeiro,INBR32,B3SA3,-1.5979186990748278,0.4846389016367493,-2.298866219714154,585
energia_eletrica,EQTL3,COCE3,-1.5965366894433464,0.48533299188238355,-0.22911383974336402,749
industria,PTBL3,RAPT4,-1.5950663190191066,0.48607137845780934,-0.17565160746431688,749
energia_eletrica,CEBR3,LIGT3,-1.591194323581719,0.4880153860975934,0.09930722847292561,749
energia_eletrica,CEBR3,EQPA5,-1.5907930662876013,0.48821680861298744,0.5821590487537073,749
energia_eletrica,CEBR3,EMAE4,-1.5900260546371903,0.48860181239118106,0.0099887808342138,749
energia_eletrica,ALUP3,EGIE3,-1.5887776089981553,0.4892284176775203,0.2613219532882811,749
industria,INEP3,RAIL3,-1.5883613972045751,0.48943730227757437,-0.27270972830053564,749
industria,LOGN3,AERI3,-1.5870081879607285,0.490116383847395,-0.10411001983925293,749
mineracao_siderurgia,CBAV3,CSNA3,-1.586776352083898,0.49023271763076964,0.8460174841372012,749
financeiro,CXSE3,SANB11,-1.5865926603432519,0.4903248912028458,-0.4240920154661852,749
oleo_gas,VBBR3,CSAN3,-1.5860739908730956,0.4905851426571681,-0.02912051894291922,749
energia_eletrica,CEBR3,ENMT4,-1.5860070879471517,0.4906187114410196,0.0009485866191518942,749
financeiro,RPAD6,BSLI4,-1.5845176699124415,0.49136597683185507,-0.37180080513071945,742
energia_eletrica,TAEE4,REDE3,-1.5832620877023267,0.4919958391610583,-0.0658181356087765,749
financeiro,ITUB3,BPAC5,-1.5828001824855684,0.49222753409557696,1.5786884899290206,749
energia_eletrica,COCE3,TAEE3,-1.5819368652797319,0.4926605514057632,6.440202502487322,749
financeiro,PSSA3,RPAD5,-1.5786444870252079,0.4943115699558122,2.0681950307702857,749
financeiro,BSLI4,BPAC3,-1.5779411446902418,0.4946641986101191,-0.5068231713698226,742
financeiro,INBR32,BPAC11,-1.5774369387310565,0.49491697153261843,1.4081949993011988,585
financeiro,PINE4,SANB11,-1.5771828441085782,0.495044351216701,-0.205754013388974,749
mineracao_siderurgia,VALE3,FESA3,-1.5765646827411322,0.4953542257183223,-0.7219640302507845,749
financeiro,PSSA3,ITSA3,-1.575838032160951,0.4957184571463311,4.965669371365135,749
financeiro,CXSE3,BPAC3,-1.5756839519228891,0.4957956856275568,1.0561231496336694,749
industria,SHUL4,KEPL3,-1.5756765504177477,0.49579939539501505,0.4030601710849648,749
agro_alimentos,JALL3,SOJA3,-1.575344478726064,0.4959658325389415,0.11418731302219497,749
energia_eletrica,TAEE3,ENMT3,-1.5707932114872174,0.4982463286472777,0.030136022436822726,749
financeiro,PINE4,ABCB4,-1.5702104103579373,0.4985382638042055,0.39852254737577175,749
industria,LOGN3,KEPL3,-1.5700567427458505,0.4986152351544592,1.7172615625275214,749
industria,INEP3,TUPY3,-1.569419652045078,0.49893433546628213,-0.003434619580041389,749
financeiro,BMEB3,BNBR3,-1.5666281352618527,0.5003322305022875,0.3848508562945476,749
energia_eletrica,TAEE11,CPFE3,-1.5665175531247229,0.500387596165197,0.12638885584061912,749
energia_eletrica,AURE3,CPLE3,-1.5657657117605999,0.5007640033912036,-0.9463059116455697,691
energia_eletrica,RNEW3,CMIG3,-1.565575607290367,0.5008591729301528,-0.15443377618527362,749
energia_eletrica,RNEW4,CPFE3,-1.5655215422964353,0.5008862383644451,-0.11148566951430781,749
industria,INEP4,KEPL3,-1.5654420034074377,0.5009260559240742,-0.24088950512675195,702
industria,INEP3,KEPL3,-1.5651507255448003,0.5010718675813601,-0.17251788529010878,749
energia_eletrica,RNEW4,LIGT3,-1.564959407444943,0.5011676371037573,0.08810813893845802,749
financeiro,PSSA3,BNBR3,-1.5625595566709716,0.5023687452385914,0.24410747242253455,749
oleo_gas,DEXP4,CSAN3,-1.5578375313283912,0.5047309540834874,-0.08432495879293973,749
energia_eletrica,TAEE11,ENMT3,-1.5550026538445638,0.5061483616831931,0.08859119557390376,749
industria,FRAS3,WEGE3,-1.5541949626452018,0.5065520921987374,0.32752491210649104,749
mineracao_siderurgia,PMAM3,FESA3,-1.5541608795459954,0.5065691278420814,-0.3523200689716247,749
mineracao_siderurgia,FESA4,GOAU4,-1.5533216741481795,0.506988558130473,1.430317852124084,749
energia_eletrica,TAEE4,ENGI4,-1.5530573132283803,0.5071206734921878,0.03383000947331256,749
financeiro,CXSE3,SANB3,-1.5522744724413604,0.5075118705953761,-0.8760255582532306,749
industria,SHUL4,WEGE3,-1.5512064621171373,0.5080454969812129,0.05093763580177623,749
industria,JSLG3,PLAS3,-1.549825671239231,0.5087352744190414,-0.49945248448485513,749
energia_eletrica,RNEW3,LIGT3,-1.5497826702915165,0.5087567533034972,0.13894895806361113,749
industria,LOGN3,PLAS3,-1.5496124616069664,0.5088417707926358,-0.43671062463693905,749
oleo_gas,VBBR3,RAIZ4,-1.5494405390527195,0.5089276420750821,0.2608761472284145,749
mineracao_siderurgia,GGBR4,GGBR3,-1.5470782163228143,0.5101073339579603,1.100873260745866,749
industria,INEP3,RAPT3,-1.5466619506465042,0.5103151624061509,0.03925770374581624,749
financeiro,BNBR3,BMIN3,-1.546268784068355,0.5105114455555629,1.1038621192255065,749
financeiro,PSSA3,ITUB4,-1.544940257721367,0.5111746030393759,1.2752232909987409,749
industria,WEGE3,TGMA3,-1.5432147457479992,0.5120357096968723,1.1010624516658494,749
energia_eletrica,AURE3,RNEW4,-1.5422738038311987,0.5125051783966142,1.0443538030895816,691
industria,INEP4,INEP3,-1.541359918823954,0.5129610771608277,0.8779128939498705,702
industria,LOGN3,LUPA3,-1.5412523446203221,0.5130147368173436,-1.3940570974784043,749
agro_alimentos,SMTO3,CAML3,-1.5407357739245673,0.5132723966521673,0.9750980875805337,749
financeiro,BSLI4,BRSR3,-1.5404578815833592,0.5134109970388956,-0.7647117848634539,742
energia_eletrica,AURE3,RNEW3,-1.5403252558588978,0.5134771425772238,1.0374947012635671,691
agro_alimentos,MDIA3,BEEF3,-1.5360129871312511,0.5156270159670349,0.3804497984169229,749
financeiro,RPAD6,RPAD5,-1.5345452834195832,0.5163583670804183,0.5167485841024587,749
oleo_gas,UGPA3,VBBR3,-1.5342993029339258,0.5164809194996612,1.1998573165813258,749
energia_eletrica,RNEW4,ENMT3,-1.5336366569328919,0.5168110361346068,0.01600035118493011,749
energia_eletrica,TAEE3,REDE3,-1.5325359681189028,0.5173592894338535,-0.11282694699894326,749
energia_eletrica,ENGI3,ALUP3,-1.5319114331885075,0.5176703216087553,0.6039988010435907,749
oleo_gas,RAIZ4,DEXP4,-1.5308364271265014,0.5182056149441511,-0.20299935765316887,749
financeiro,PINE4,SANB3,-1.5306795838850986,0.5182837053035556,-0.4233819862099207,749
financeiro,RPAD3,PINE4,-1.5290374588830953,0.5191011628559973,0.5433077539740161,749
energia_eletrica,CEBR3,ENGI3,-1.5280686940046906,0.5195833006135867,1.1222801897759267,749
energia_eletrica,COCE3,TAEE4,-1.5277671743925714,0.519733343773444,6.578072443160223,749
energia_eletrica,CPLE3,ENGI4,-1.5276145042386249,0.5198093127136,1.3476726574941098,749
financeiro,BAZA3,BMEB4,-1.5263564248195793,0.5204352510909767,1.503341188767638,749
energia_eletrica,CEBR3,CMIG4,-1.5255797164938643,0.5208216151528653,1.7221343322302907,749
financeiro,BMEB3,WIZC3,-1.5226991796823268,0.522253993517201,-3.9734797897573024,749
energia_eletrica,CEBR3,CPFE3,-1.521191528723326,0.5230033650026726,0.3168189475061476,749
energia_eletrica,ENGI3,AURE3,-1.5190735313438186,0.5240557235134243,0.03420163573682505,691
financeiro,ITUB3,IRBR3,-1.5171479006381796,0.5250121077304257,-0.03786759428343501,749
industria,WEGE3,FRAS3,-1.5158110885120255,0.5256758254083783,1.5024127696001157,749
energia_eletrica,CEBR6,ENMT4,-1.5143391178077956,0.526406433693518,-0.08239082605178624,749
financeiro,BNBR3,PABY11,-1.5129494946848903,0.5270959603748325,1.3755369684468817,749
energia_eletrica,TAEE3,EGIE3,-1.5127750421988846,0.5271825087345441,0.06557788012451,749
financeiro,BMEB3,RPAD5,-1.5125395026720905,0.5272993581172197,7.026020229523433,749
industria,INEP4,TUPY3,-1.5119296905714568,0.527601853864647,-0.0738526446360786,702
energia_eletrica,ALUP4,AURE3,-1.5116782904458637,0.5277265487062895,-0.23680885734655058,691
financeiro,BPAC11,PSSA3,-1.511672270360078,0.5277295345950525,0.6942562176775198,749
energia_eletrica,ALUP3,CPFE3,-1.5112451846005797,0.5279413539891809,0.1540937007945727,749
energia_eletrica,COCE5,ALUP11,-1.5096091184366494,0.5287526030949457,-2.6255376115201225,749
energia_eletrica,TAEE11,ENGI3,-1.5086997978244407,0.5292033674049043,0.22228541374942043,749
energia_eletrica,TAEE3,ENGI3,-1.5076760840559862,0.5297107299811673,0.05965176174601686,749
industria,WEGE3,AERI3,-1.5044613648818406,0.5313032223377028,-0.1420605503544463,749
financeiro,PSSA3,ITUB3,-1.5020437256692187,0.5325000958599126,1.4824905699882582,749
energia_eletrica,TAEE3,ENGI11,-1.5015575425215022,0.5327407046618591,0.019632709894318656,749
financeiro,INBR32,PSSA3,-1.5007474906244336,0.5331415336292428,1.5661117898103807,585
industria,INEP3,LOGN3,-1.5005605489316143,0.5332340251646441,-0.010763207879977534,749
energia_eletrica,ENGI3,ALUP11,-1.4975366080959356,0.5347295897804974,0.24327989324943072,749
energia_eletrica,RNEW3,ENMT4,-1.4974329104699438,0.5347808570053824,0.0437378846564243,749
financeiro,CXSE3,RPAD6,-1.496789702062123,0.5350988254052261,1.5679255552126858,749
energia_eletrica,AURE3,CEBR3,-1.4963253085673145,0.535328366665205,-0.26546220010195887,691
energia_eletrica,RNEW4,ENMT4,-1.4920707822587203,0.5374300993148293,0.03400235531599095,749
energia_eletrica,CPLE3,LIGT3,-1.4918354536062939,0.5375462875444463,-0.08043449752667796,749
agro_alimentos,LAND3,AGRO3,-1.4909886966177166,0.5379642986978721,0.9644830760954237,749
agro_alimentos,MDIA3,SOJA3,-1.4908943187078743,0.5380108839710341,0.22739391068158138,749
energia_eletrica,CMIG4,CMIG3,-1.4904517577425946,0.5382293190258324,0.4926513507716579,749
industria,WEGE3,VLID3,-1.4889328206992039,0.5389788375582073,1.05292067699229,749
financeiro,BSLI4,PABY11,-1.4882344780172538,0.539323338147853,-0.30456561001497123,742
energia_eletrica,TAEE11,ENGI11,-1.4863153698124383,0.5402697420132857,0.07557350745622428,749
oleo_gas,RAIZ4,PETR3,-1.4845184942022907,0.5411554452663825,-0.03712847676339111,749
financeiro,BBAS3,IRBR3,-1.4825496565239735,0.5421254371170655,-0.0903436054902848,749
industria,PTBL3,KEPL3,-1.4825386145650978,0.542130875777473,0.06399098545688778,749
energia_eletrica,TAEE3,CPFE3,-1.4820207273040518,0.5423859407829852,0.03678155725795836,749
industria,POMO4,MYPK3,-1.4818427544557193,0.542473586289617,-0.5927573430195435,749
energia_eletrica,CEBR6,CMIG3,-1.4816985295894471,0.5425446090611435,-0.33786103596403155,749
industria,INEP3,JSLG3,-1.4810135975913925,0.5428818632810487,-0.34242413869643723,749
mineracao_siderurgia,PMAM3,USIM5,-1.4762963125588127,0.5452029369894283,0.5657910507031332,749
energia_eletrica,TAEE4,ENGI3,-1.4751014801882056,0.545790367597082,0.07480000419285836,749
industria,LOGN3,INEP4,-1.4718813734731842,0.5473725478610989,-0.9393200126660376,702
energia_eletrica,ENGI3,ALUP4,-1.4702198773412012,0.5481883593487163,0.7899880762343611,749
industria,PTBL3,TUPY3,-1.4670009178827352,0.549767810971898,0.04322043154507046,749
energia_eletrica,CEBR6,ENMT3,-1.466970084228854,0.5497829331526548,0.001424518434764081,749
energia_eletrica,TAEE4,EGIE3,-1.4666671921582555,0.549931477633723,0.07185496318719425,749
financeiro,CXSE3,BBSE3,-1.465908460852845,0.550303518179095,0.47366623211546205,749
financeiro,BSLI3,PABY11,-1.4630514464837312,0.5517037086196572,-0.5022618357224548,749
financeiro,BNBR3,BRSR3,-1.4617116603650024,0.5523599197558106,7.88503643781369,749
oleo_gas,RAIZ4,DEXP3,-1.4614083636783741,0.5525084348458416,-0.1295866937110992,749
energia_eletrica,CEBR6,LIGT3,-1.4607000094339422,0.5528552422593329,0.06950130875583292,749
industria,JSLG3,MYPK3,-1.4595612236319402,0.5534126342176291,-0.2842194363525545,749
energia_eletrica,CMIG4,ENGI4,-1.4594262094496289,0.5534787059267274,0.644612810560268,749
industria,PTBL3,ROMI3,-1.4563760920523507,0.5549706235763253,0.3161530653122149,749
financeiro,BPAC11,BBSE3,-1.4558234629536142,0.555240786264877,0.6517434048996463,749
energia_eletrica,COCE5,CGAS3,-1.4542440494786992,0.5560126598003343,0.3870600486543068,749
industria,POMO3,WEGE3,-1.4539383464512587,0.5561620164550117,0.13657766042833117,749
oleo_gas,RAIZ4,PETR4,-1.4536883244273193,0.5562841587233358,-0.034930914983755314,749
energia_eletrica,RNEW4,ENGI3,-1.452471268396656,0.556878587725115,-0.2213741447473806,749
industria,SHUL4,LOGN3,-1.4513638689082557,0.5574192639924993,0.08161635417232686,749
energia_eletrica,TAEE4,ENGI11,-1.4508124488434702,0.5576884195645115,0.025483669343552964,749
agro_alimentos,SMTO3,SOJA3,-1.4505635567396766,0.5578098919705305,0.1435716782924805,749
financeiro,BSLI4,RPAD5,-1.4438409423998684,0.5610872649582864,-0.05153359897642055,742
energia_eletrica,ENGI3,CPLE3,-1.4368333534290283,0.5644959844881061,0.6675979832170635,749
industria,POMO3,AERI3,-1.4360633714377875,0.5648700465593759,-0.02947142705981208,749
industria,LOGN3,SHUL4,-1.4358373800456852,0.5649798162546528,3.736662295071611,749
energia_eletrica,ALUP11,AURE3,-1.435807849540412,0.5649941593471033,-0.795709547271677,691
industria,POMO4,WEGE3,-1.4356577819622904,0.5650670456099692,0.18804897354867622,749
energia_eletrica,RNEW3,EGIE3,-1.4344510427741484,0.5656530123550142,-0.2117934663594739,749
mineracao_siderurgia,BRAP4,GOAU4,-1.433201800635794,0.5662593657078386,3.0132502345660583,749
mineracao_siderurgia,VALE3,GOAU3,-1.4330266010978256,0.5663443829593169,3.846362730963735,749
industria,PTBL3,LOGN3,-1.4329893304068635,0.5663624682645787,-0.012255211449201872,749
mineracao_siderurgia,BRAP3,GOAU4,-1.4326228615294072,0.5665402821324601,2.3624917462292836,749
financeiro,BSLI4,BMIN3,-1.4316405799733178,0.5670167839164484,0.19945659979163063,742
energia_eletrica,COCE3,CEBR5,-1.4314523634620915,0.5671080688867618,-1.8668563797721387,749
financeiro,BSLI4,BRSR6,-1.4302162249144272,0.5677074492092139,-0.6836966713103904,742
agro_alimentos,JALL3,MDIA3,-1.4293521169791827,0.5681262872692247,-0.018847056658003066,749
mineracao_siderurgia,CBAV3,GOAU3,-1.4286890516408979,0.5684475939087206,-0.9421541931488672,749
industria,LOGN3,TGMA3,-1.428146265682067,0.5687105608007625,0.4187839142044719,749
industria,POMO4,AERI3,-1.422817735069946,0.5712894521863194,-0.04059083318074573,749
agro_alimentos,MDIA3,CAML3,-1.420405756326474,0.5724551944693581,-0.17915127661035143,749
energia_eletrica,TAEE4,CPFE3,-1.420187244692331,0.5725607542716158,0.04460915200120847,749
industria,JSLG3,PTBL3,-1.4190240704553219,0.5731225267812697,-0.4075110766553209,749
industria,PTBL3,RAPT3,-1.4168669185676186,0.5741637284874944,0.11844510289533661,749
energia_eletrica,RNEW4,EGIE3,-1.4162366227004948,0.574467801422114,-0.20841157111296327,749
financeiro,CXSE3,ABCB4,-1.4118978011539627,0.5765590588409234,0.8747433647752607,749
agro_alimentos,BEEF3,TTEN3,-1.411621439740227,0.5766921474928153,-0.5647387025309555,749
financeiro,BAZA3,PABY11,-1.4102702279992056,0.577342658640693,2.1055538326722156,749
industria,JSLG3,AERI3,-1.4102071566324894,0.5773730149065411,-0.02647896784184902,749
industria,INEP4,RAPT3,-1.4093732206294944,0.5777743207882639,0.17042057306636343,702
financeiro,BAZA3,BMIN3,-1.4089580230028962,0.5779740747472938,0.9757946630179453,749
financeiro,PSSA3,INBR32,-1.4079246978001982,0.5784710772739039,0.38232221005046285,585
oleo_gas,RAIZ4,UGPA3,-1.407415886318866,0.5787157308048075,-0.08912412244474543,749
energia_eletrica,CPLE3,CMIG3,-1.4066287645621423,0.5790941119189305,0.22455927768605094,749
financeiro,BNBR3,IRBR3,-1.4062162062258237,0.5792923894811757,-0.30994500478010734,749
financeiro,ABCB4,PSSA3,-1.4061619282939728,0.5793184733961877,0.35493674146409215,749
financeiro,ITUB3,BRSR6,-1.4055941255379694,0.5795913054023041,1.0882702357214282,749
financeiro,ABCB4,BRSR6,-1.4027084801787346,0.5809769524571393,1.0474574594669295,749
mineracao_siderurgia,FESA4,FESA3,-1.4016677151652117,0.5814763342656815,0.37305430073967794,749
energia_eletrica,COCE5,REDE3,-1.3998568039670345,0.5823447665758217,-6.799494967819697,749
mineracao_siderurgia,VALE3,CMIN3,-1.3990562397144297,0.5827284853407131,0.7052320395794242,749
financeiro,PINE4,B3SA3,-1.3982824099574198,0.5830992752072574,-0.22628716004197244,749
industria,TGMA3,RAPT3,-1.393687305699205,0.5852987338129764,0.7385534563261877,749
financeiro,BAZA3,BRSR3,-1.3899180485990155,0.5870998751297747,8.978800879208002,749
financeiro,INBR32,BBSE3,-1.3898961675217485,0.5871103229817046,1.6392421340841634,585
industria,VLID3,AERI3,-1.3891434223373127,0.5874696895950681,-0.09559788677262865,749
agro_alimentos,SMTO3,MDIA3,-1.3889369583186006,0.5875682378871411,-0.24696495172178595,749
financeiro,BPAC5,BMEB4,-1.3814376634500107,0.5911420781383991,0.10520858651967605,749
mineracao_siderurgia,VALE3,GGBR3,-1.37958029937532,0.5920254907411595,2.647233296443272,749
energia_eletrica,COCE5,ALUP3,-1.3778970499794487,0.5928254903914637,-7.587938379434342,749
industria,FRAS3,MYPK3,-1.3767052755645217,0.5933915599439277,-0.8889607699415317,749
industria,SHUL4,TUPY3,-1.3756320351563112,0.5939010814591814,0.17216428309445714,749
oleo_gas,RAIZ4,VBBR3,-1.3735998439966508,0.5948652220685137,0.03481967139737704,749
industria,TGMA3,ROMI3,-1.3640080639330423,0.5994043732423429,-0.32551713129261056,749
energia_eletrica,RNEW3,ENMT3,-1.363349965200689,0.5997151021876185,0.024166973271973986,749
agro_alimentos,BEEF3,JALL3,-1.3612074797017901,0.6007260663414812,0.8994863338333042,749
energia_eletrica,COCE3,CEBR6,-1.3607960944907738,0.6009200730953065,-1.6188645959233459,749
financeiro,PINE4,BMEB3,-1.359562110701154,0.6015017959024114,0.12709079803686732,749
industria,WEGE3,POMO4,-1.3578993157645634,0.602285153168349,2.8130316089992475,749
financeiro,BMEB3,CGRA4,-1.355036668448023,0.6036323784822448,-1.4202453782166529,749
financeiro,BSLI4,BRSR5,-1.3504276998571358,0.6057977264669873,0.28880659857389496,742
energia_eletrica,EQTL3,AURE3,-1.3473914616994336,0.6072216447305107,-1.0541152309203898,691
energia_eletrica,EQPA3,AURE3,-1.344003444530142,0.6088081302912778,-0.06827295261335693,691
energia_eletrica,COCE5,CMIG3,-1.3432766027749468,0.60914815087638,-1.635181131492966,749
energia_eletrica,CMIG4,EQTL3,-1.3417216035696469,0.6098751909611448,0.17973309252009317,749
industria,WEGE3,POMO3,-1.3408611865862163,0.6102772457833596,3.777190868754338,749
agro_alimentos,BEEF3,CAML3,-1.3381371579318282,0.6115490264291584,0.9597011565746477,749
industria,POMO3,MYPK3,-1.3370750249006205,0.6120444544592013,-0.42632290353919894,749
industria,VLID3,MYPK3,-1.3366123407018446,0.6122601916331765,-1.2145060027343506,749
industria,FRAS3,AERI3,-1.3360108289361445,0.6125405874937774,-0.055341738655172446,749
energia_eletrica,RNEW3,ENGI3,-1.3330860198016807,0.6139028147900655,-0.22302520441168128,749
energia_eletrica,EQPA6,EQPA5,-1.3301095831487375,0.615287070096855,-0.5483330690368049,749
mineracao_siderurgia,BRAP3,CMIN3,-1.32982492358505,0.6154193499112958,0.008221795427796563,749
energia_eletrica,RNEW3,CPFE3,-1.3287105707346174,0.6159370032031831,-0.1277042711145191,749
mineracao_siderurgia,BRAP3,FESA3,-1.3220201127515745,0.6190388474141539,-0.04557356311950359,749
financeiro,BMEB3,BAZA3,-1.3216255832901924,0.6192214316858693,0.30492324839884233,749
industria,JSLG3,INEP3,-1.3194409893001686,0.6202317730904631,-0.427977556874792,749
financeiro,PSSA3,ITSA4,-1.3180698343122978,0.6208653325858171,4.489564134288009,749
oleo_gas,CSAN3,RECV3,-1.3125885204862295,0.6233935520434238,0.24931614293025953,749
energia_eletrica,CMIG4,CPFE3,-1.3103487241755905,0.6244245607165027,0.13198376578461263,749
energia_eletrica,RNEW3,ENGI11,-1.309106337842052,0.6249959234667262,-0.09532468866598794,749
financeiro,BSLI3,BPAC3,-1.3084295720324366,0.6253070042370571,-1.1452765687199256,749
agro_alimentos,LAND3,JALL3,-1.3046416808772117,0.6270460724680573,1.9986995624243489,749
financeiro,RPAD3,CXSE3,-1.304580798139578,0.6270739957716867,0.2532564701982805,749
financeiro,PINE4,BMEB4,-1.3012797860803125,0.6285866067805062,0.1061421234941657,749
energia_eletrica,COCE5,ALUP4,-1.3000558002071363,0.6291467846317325,-7.804347531901813,749
industria,AERI3,LOGN3,-1.2932624147034015,0.6322491021572065,-2.0222595550779885,749
oleo_gas,LUXM4,RAIZ4,-1.2907648815141057,0.6333867292526267,0.726832159753858,749
energia_eletrica,COCE3,EQPA7,-1.2901626321730426,0.6336608178545426,-7.7556668772579815,749
financeiro,BMEB3,CGRA3,-1.2888155869112201,0.6342735359885492,-1.384868347710439,749
financeiro,ITUB3,BPAC11,-1.2836609328303128,0.6366139127652981,0.5021650023366698,749
agro_alimentos,LAND3,SOJA3,-1.2824817493486762,0.637148342161182,-1.7157234793211265,749
energia_eletrica,ALUP3,AURE3,-1.2816031653160123,0.6375463010292539,-0.3109323865780313,691
financeiro,INBR32,WIZC3,-1.2767976787566393,0.6397194346750612,-3.6054465148357377,585
industria,JSLG3,ROMI3,-1.269782442639724,0.6428810388052607,0.04970905932703409,749
financeiro,RPAD3,BMEB3,-1.2672172055013446,0.6440338948038986,0.07605254472389301,749
oleo_gas,CSAN3,RAIZ4,-1.2666398163442367,0.6442931416117227,2.4260124046007063,749
industria,TGMA3,RAPT4,-1.266369904621669,0.6444143011628618,1.6453878978341232,749
agro_alimentos,BEEF3,SOJA3,-1.260876314918852,0.6468760731210098,-0.7573413727018196,749
energia_eletrica,CPLE3,ENGI3,-1.2585883142148735,0.6478989792801917,0.4369359967584289,749
mineracao_siderurgia,FESA4,USIM3,-1.2585664461301378,0.6479087491350793,0.23334680250091736,749
financeiro,BPAC5,PSSA3,-1.2578158413506788,0.6482440134801217,0.23748677132455936,749
mineracao_siderurgia,FESA4,CBAV3,-1.2570981963366172,0.648564413766082,0.19452574274088663,749
mineracao_siderurgia,BRAP4,FESA3,-1.255082012561643,0.6494638147025386,-0.1850248382052734,749
financeiro,BMEB4,RPAD5,-1.237743324232008,0.6571524955947999,7.868616460940254,749
industria,INEP4,LOGN3,-1.2292035040834834,0.660908660434362,-0.04756203061418283,702
industria,TGMA3,RAIL3,-1.2292001619645618,0.6609101264080711,1.5658054474453371,749
industria,JSLG3,KEPL3,-1.2236422204467283,0.6633436467335173,0.3731635889273112,749
mineracao_siderurgia,FESA4,USIM5,-1.2225645703129961,0.6638144713077826,0.12585371146293656,749
energia_eletrica,COCE3,CEBR3,-1.2221663706702501,0.6639883603323669,-1.5892526902638588,749
energia_eletrica,COCE5,CGAS5,-1.2219844041239414,0.664067807825088,0.32730875214474164,749
energia_eletrica,CMIG4,EGIE3,-1.2177585614886213,0.6659101567937438,0.2270718072531542,749
energia_eletrica,EQPA6,EQTL3,-1.2168591197617518,0.6663016244329486,-0.18107663785655856,749
mineracao_siderurgia,BRAP4,CMIN3,-1.2162145923658365,0.6665820009876243,0.11148511955156555,749
industria,VLID3,ROMI3,-1.2148250674923688,0.667186050979179,-0.8588438218048374,749
industria,POMO3,ROMI3,-1.2137073168508035,0.6676715502146222,-0.2583757058619544,749
agro_alimentos,BEEF3,SMTO3,-1.2090809436802086,0.669677170685392,0.14479747391016848,749
mineracao_siderurgia,CSNA3,CMIN3,-1.195512895373907,0.6755229663163715,1.8407532408072447,749
agro_alimentos,MDIA3,SLCE3,-1.1948780433962283,0.6757951581607898,-0.3482798582802277,749
mineracao_siderurgia,FESA4,GGBR3,-1.1900299895920028,0.6778697867626821,0.5569012092659313,749
industria,LUPA3,LOGN3,-1.1875074451535181,0.678946474935519,-0.04890994396624596,749
oleo_gas,CSAN3,PRIO3,-1.18685950104419,0.6792227257238813,-0.18759867081863002,749
industria,POMO4,ROMI3,-1.180749737648415,0.681821391277533,-0.346807182709965,749
mineracao_siderurgia,FESA4,CSNA3,-1.1771096641303203,0.6833642447017356,0.14616111573227972,749
financeiro,INBR32,BMIN3,-1.1743754740943562,0.6845204821468793,1.043895876124307,585
financeiro,BMEB4,WIZC3,-1.1725708981678555,0.6852823513152134,-4.964750598581738,749
agro_alimentos,MDIA3,AGRO3,-1.1707735147261766,0.6860401917659597,-0.4036500617404142,749
energia_eletrica,CPLE3,CPFE3,-1.1707525216811203,0.686049037318063,0.26843494329382117,749
financeiro,BAZA3,BRSR5,-1.1672057065401857,0.6875415640907706,0.052592954340702346,749
industria,JSLG3,TUPY3,-1.1620775712616687,0.6896926573153392,0.21032375617461221,749
energia_eletrica,COCE5,EQTL3,-1.1576066671624374,0.6915614061737138,-1.1513987487605875,749
energia_eletrica,CPLE3,EGIE3,-1.156180281645267,0.6921562968049071,0.2887856826969831,749
agro_alimentos,MDIA3,SMTO3,-1.1522908064833457,0.6937752156943952,-0.28960506910120987,749
energia_eletrica,COCE3,CBEE3,-1.150180000946347,0.6946518126180532,1.7228353094160267,749
financeiro,BMEB3,BBSE3,-1.1457285050860855,0.696495879664213,1.1614195945217618,749
agro_alimentos,MDIA3,JALL3,-1.1426523957880539,0.6977665267423315,-0.5973613273641825,749
financeiro,BMEB3,BSLI4,-1.1313940890807317,0.7023913505172623,-1.5003463620629245,742
agro_alimentos,MDIA3,TTEN3,-1.1277995512677361,0.7038594252705357,1.2024165657983537,749
oleo_gas,UGPA3,RAIZ4,-1.124520937955033,0.7051948479095291,-1.8740536363309193,749
financeiro,BMEB3,PINE4,-1.1237095111466604,0.7055248179574393,5.243388087397455,749
industria,POMO3,SHUL4,-1.1218512668818605,0.7062796796669356,0.9743989028323355,749
energia_eletrica,ENGI11,ENGI4,-1.118615821933421,0.7075913264218571,5.880712757161677,749
energia_eletrica,RNEW3,EQPA3,-1.1164236160705772,0.7084781160796795,-0.5196781842908381,749
financeiro,BSLI4,BMIN4,-1.1091318630958624,0.7114165182982667,0.16488018511466818,742
financeiro,BNBR3,BRSR5,-1.104559049638742,0.7132503885073324,0.36481823786330764,749
financeiro,BMEB3,SANB4,-1.097138770933906,0.7162115803900543,-1.9710372418609448,749
energia_eletrica,COCE5,EQPA5,-1.0956968767484565,0.7167848866247429,-3.7339052582691723,749
energia_eletrica,CPLE3,ENGI11,-1.09063644242989,0.7187915020217813,0.20350656383657967,749
industria,VLID3,RAPT3,-1.0834102287611806,0.7216421697419003,1.1834953585265204,749
mineracao_siderurgia,BRAP4,GOAU3,-1.0738152260214624,0.7254003510953814,1.4895823363647416,749
energia_eletrica,EQPA6,ENMT3,-1.0722075897764283,0.7260270114294918,-0.030300399744357852,749
mineracao_siderurgia,BRAP3,GGBR3,-1.0713412559701265,0.7263643498996941,0.8177124411621957,749
financeiro,BSLI4,RPAD3,-1.0684650017728645,0.7274825111553319,-2.317593377034795,742
energia_eletrica,COCE5,ENMT4,-1.0662337997137352,0.7283479830780188,-0.11154608228698097,749
agro_alimentos,LAND3,TTEN3,-1.0653482210781486,0.7286910285274317,-0.8044855337958368,749
financeiro,BAZA3,BRSR6,-1.0651426757800762,0.7287706124516031,7.343361931686363,749
financeiro,BMEB4,CGRA4,-1.0619953672726548,0.7299874165809647,-1.7438657649078884,749
industria,VLID3,RAPT4,-1.0590273732223534,0.7311318211701412,2.038010779239486,749
industria,POMO4,SHUL4,-1.052214532511925,0.733747414671928,1.3140732839152645,749
financeiro,RPAD6,BMEB3,-1.0488002444007747,0.7350522873096579,0.11658678931112788,749
financeiro,BMEB3,SANB11,-1.0468544604650076,0.7357941471669119,-0.8441442949624403,749
financeiro,BMEB4,BBSE3,-1.0458596134130145,0.7361729479491207,1.4786449431027768,749
financeiro,BNBR3,BRSR6,-1.0447858292129284,0.7365814252411124,6.215565856962141,749
mineracao_siderurgia,FESA4,GOAU3,-1.0330533719075279,0.7410188018172922,0.8958666834398431,749
mineracao_siderurgia,BRAP3,GOAU3,-1.0321573820496575,0.7413557330057272,1.206618983192895,749
oleo_gas,UGPA3,CSAN3,-1.0295822123326732,0.7423225687090177,-0.4882718838307092,749
financeiro,CXSE3,BRSR5,-1.0288616784545954,0.7425926804052715,-0.12474034669886898,749
oleo_gas,CSAN3,PETR3,-1.0285026286839913,0.7427272130872464,-0.17423139209249874,749
financeiro,BMEB4,BSLI4,-1.0262725443997693,0.7435618086370719,-1.8697190262728431,742
industria,JSLG3,WEGE3,-1.0220290898525353,0.7451451485064384,0.058286395676741806,749
financeiro,INBR32,BRSR3,-1.0219837493475736,0.745162032551464,2.6780133498316037,585
industria,TGMA3,KEPL3,-1.0208135190260594,0.7455975604330974,1.941062236753516,749
financeiro,BMEB4,SANB4,-1.012054189102255,0.748842462123502,-2.9316492417038953,749
financeiro,CXSE3,IRBR3,-1.0088888225254853,0.7500085167735802,-0.04572030849553514,749
agro_alimentos,LAND3,SMTO3,-1.0008139334892885,0.7529673219111277,0.31028315853721566,749
mineracao_siderurgia,BRAP4,GGBR3,-0.993173010886204,0.7557461371951024,1.056171863266996,749
agro_alimentos,BEEF3,MDIA3,-0.9903366401350076,0.7567724523110982,0.07110399093776894,749
financeiro,BAZA3,IRBR3,-0.9776796838198274,0.7613178317335436,-0.5335156788991806,749
financeiro,INBR32,PABY11,-0.9773638605285762,0.7614305300254187,-0.15686149626214993,585
energia_eletrica,COCE5,ENMT3,-0.968087267900347,0.7647251029028593,-0.24027285709172436,749
financeiro,INBR32,BRSR5,-0.9546293397188116,0.7694506345666325,-0.08588350451729027,585
financeiro,BMEB3,BPAC3,-0.9535792814934119,0.7698166493578309,2.459926725119611,749
energia_eletrica,COCE5,ENGI4,-0.9532988953146757,0.7699143164077311,-0.38792804163907885,749
financeiro,PSSA3,BBAS3,-0.9511673543346139,0.7706558860052128,1.0081483152885826,749
financeiro,BMEB4,SANB11,-0.9460610494444196,0.7724258320445332,-1.3092344334990815,749
oleo_gas,LUXM4,PRIO3,-0.9460486468264517,0.7724301197748866,-0.10122944530471215,749
energia_eletrica,AURE3,ENMT3,-0.9437397897388135,0.7732273675467689,-0.04252977845664471,691
financeiro,BSLI3,RPAD3,-0.9407927477002582,0.7742422305423708,-4.198468186037475,749
energia_eletrica,EQPA6,CMIG3,-0.9352709200555899,0.7761354565127891,-0.14478381583783628,749
industria,JSLG3,POMO3,-0.934088552736751,0.7765394366676175,0.9393738987107809,749
financeiro,BMEB4,CGRA3,-0.9286540151451991,0.7783898630139787,-1.6665208060860794,749
financeiro,BMEB3,ABCB4,-0.9274029774727456,0.7788143455272923,2.057190457393666,749
industria,JSLG3,POMO4,-0.9247443281525072,0.7797145866977384,0.6781867307686631,749
financeiro,BSLI3,IRBR3,-0.9241352322654276,0.7799204773956352,0.22052668014789206,749
financeiro,BMEB3,BBAS3,-0.9176254895846998,0.7821126916160162,1.4578990579122078,749
energia_eletrica,COCE3,CPLE3,-0.906379331590575,0.7858643533316156,-6.693199799792276,749
energia_eletrica,COCE5,ENGI3,-0.9057134235306418,0.7860850826930286,-0.03514639660218003,749
energia_eletrica,COCE5,CPFE3,-0.9041797764901857,0.7865928409623838,-0.6230851005556053,749
industria,POMO3,RAPT4,-0.9022436200007194,0.7872326634593865,0.5448414818959458,749
agro_alimentos,LAND3,MDIA3,-0.9002200562861328,0.7878999413388698,0.18048606094651923,749
energia_eletrica,EQPA6,LIGT3,-0.8983320913463305,0.7885211876710772,0.12498128439500739,749
financeiro,INBR32,SANB4,-0.8898227101669397,0.7913054665937767,0.30725053376250616,585
energia_eletrica,AURE3,TAEE3,-0.8897084665633398,0.7913426714461876,0.8728475435299241,691
oleo_gas,CSAN3,PETR4,-0.8878451973718813,0.7919488108105699,-0.1507759696148063,749
industria,VLID3,SHUL4,-0.8815283525401615,0.7939945210894344,3.512543200411173,749
industria,TGMA3,TUPY3,-0.8794401305374943,0.794667660114228,0.7880117220940315,749
financeiro,BMEB3,SANB3,-0.876503254236743,0.7956117300386942,-1.5410399049762147,749
energia_eletrica,AURE3,TAEE11,-0.8749695115128849,0.7961035341121143,0.2948793845913546,691
financeiro,RPAD3,PSSA3,-0.8548518397685421,0.8024767099922531,0.11898062165430759,749
energia_eletrica,EQPA6,EQPA3,-0.8531724431277933,0.8030022093980292,-0.505608488286367,749
financeiro,PINE4,RPAD3,-0.8483239011856165,0.8045137275668259,1.1522804875277508,749
financeiro,PSSA3,BRSR5,-0.8474608091512239,0.8047819160825344,-0.38517314273813824,749
energia_eletrica,AURE3,TAEE4,-0.8414636178920314,0.8066381001536365,0.8815674385639947,691
industria,JSLG3,TGMA3,-0.8396676139922393,0.8071914890826265,0.268063035272237,749
financeiro,INBR32,BRSR6,-0.8348249162502704,0.8086779157445791,1.60907694216946,585
financeiro,RPAD6,PSSA3,-0.8301746897209844,0.8100974196319394,0.2252822487799573,749
industria,POMO3,RAPT3,-0.819631358237094,0.8132873837582302,0.3262171721576767,749
financeiro,PINE4,PABY11,-0.8123371974314317,0.8154712202093685,0.13984656591274722,749
financeiro,INBR32,SANB11,-0.8096307530929577,0.8162767246034879,0.5688923236091797,585
agro_alimentos,LAND3,CAML3,-0.8073246699201357,0.8169610269316554,0.5656648046674994,749
financeiro,BMEB3,BRSR5,-0.8039452970833167,0.8179604184796981,-0.9661059583000685,749
energia_eletrica,AURE3,ENMT4,-0.8034982556119954,0.8180923210747093,-0.02982682755495415,691
energia_eletrica,EQPA6,EMAE4,-0.8013967875206309,0.8187114274997138,0.0053340632488133154,749
industria,FRAS3,SHUL4,-0.7996394922657596,0.8192279411182817,2.1297457808900937,749
industria,POMO4,RAPT4,-0.7978272338015068,0.819759468227949,0.7192862599845977,749
financeiro,BMEB4,PINE4,-0.7933657569348489,0.8210630628149145,6.152985116431189,749
oleo_gas,LUXM4,DEXP4,-0.7884494711118863,0.8224914249190589,-0.5259109125817919,749
industria,WEGE3,ROMI3,-0.78619946020561,0.8231422981079914,-0.41866747463760456,749
financeiro,BMEB4,BAZA3,-0.7837856017897405,0.823838588754574,0.36201709632938084,749
financeiro,PINE4,BRSR3,-0.7834541197844589,0.8239340466031864,0.666024310330495,749
financeiro,PINE4,BRSR6,-0.7816404207834904,0.8244556593122134,0.5005139619211671,749
industria,POMO3,RAIL3,-0.7774443790720988,0.8256579969765829,0.36395319082388966,749
financeiro,CXSE3,PABY11,-0.7768679887127609,0.8258226737548531,0.18921761939956963,749
financeiro,INBR32,SANB3,-0.7636532856672085,0.8295662447189611,1.868175671385882,585
oleo_gas,LUXM4,VBBR3,-0.7589905025444645,0.8308725872130422,-0.29405808738323364,749
financeiro,CXSE3,BMIN3,-0.7555343257139806,0.8318359898423322,0.12090759811363824,749
energia_eletrica,EQPA6,ENMT4,-0.7410051362668248,0.8358405355076255,0.0066417866196478385,749
energia_eletrica,EQPA6,ENGI4,-0.740781186613061,0.8359016874791945,-0.5057136074090751,749
energia_eletrica,AURE3,CMIG3,-0.735964683093488,0.8372126868376994,-0.21928178960612993,691
financeiro,RPAD6,BMEB4,-0.7350731067399029,0.8374544841666555,0.10012857593427558,749
energia_eletrica,COCE3,CGAS3,-0.7343961302078166,0.8376378981376829,0.4389522423738966,749
financeiro,PINE4,BMIN3,-0.7336462431141678,0.8378408810538415,0.1391477242846341,749
financeiro,CXSE3,BRSR6,-0.7296357625473815,0.8389231618573847,0.9734459377326936,749
industria,POMO4,RAPT3,-0.7272015997301615,0.8395773481291207,0.4178036378694447,749
financeiro,BMEB3,BPAC5,-0.7253975511034759,0.8400608732866883,3.475983084612185,749
financeiro,BMEB4,BBAS3,-0.7242896644422393,0.8403572564472213,1.713970665197948,749
financeiro,CXSE3,BRSR3,-0.722696469927077,0.8407827297595433,1.2745130975638734,749
financeiro,BMEB3,BPAC11,-0.7220290798109362,0.8409607014790812,1.0757598594504894,749
financeiro,BMEB4,SANB3,-0.7220127338758764,0.8409650584998838,-2.4724733043088003,749
energia_eletrica,EQPA6,CPFE3,-0.7198549033398465,0.8415394240613356,-0.07846314835808843,749
financeiro,PSSA3,IRBR3,-0.7186220892587426,0.8418668536922223,-0.11413028627627075,749
industria,POMO4,RAIL3,-0.7057731188898946,0.8452484974103789,0.4908377483780315,749
oleo_gas,LUXM4,DEXP3,-0.6853227988916366,0.8505147233748505,-0.44404785173959177,749
energia_eletrica,COCE5,EQPA3,-0.6818365309961502,0.8513983580485533,-3.2001351980357566,749
energia_eletrica,EQPA6,EGIE3,-0.6753277682929615,0.8530371253418101,-0.18761052655485072,749
oleo_gas,CSAN3,UGPA3,-0.6705937846589096,0.8542201037821389,-0.1732349597642239,749
industria,WEGE3,RAPT3,-0.6548544773240031,0.8580993699235093,-1.2143960584468756,749
financeiro,PINE4,IRBR3,-0.6482185568846861,0.8597102451658021,-0.020895631534304814,749
energia_eletrica,COCE3,CMIG3,-0.6388806583546551,0.861952390750155,-3.00592412127763,749
financeiro,CXSE3,RPAD3,-0.6363486356541422,0.8625554155143696,2.477241989684023,749
energia_eletrica,EQPA6,ENGI3,-0.6357727026523168,0.8626922855492706,-0.14028082844180728,749
industria,WEGE3,LOGN3,-0.6327470254097468,0.8634095492815457,-0.06793776310406337,749
industria,VLID3,TUPY3,-0.630794723708375,0.8638707687368932,0.3736965763935267,749
energia_eletrica,EQPA6,ENGI11,-0.6293013678803344,0.8642227237728014,-0.05424434064337849,749
oleo_gas,UGPA3,LUXM4,-0.624132708485089,0.8654352576542453,-2.528180407096933,749
industria,JSLG3,FRAS3,-0.6239711831546492,0.8654730101603196,0.322441903519561,749
financeiro,PSSA3,BMIN3,-0.6089765107524986,0.8689407752738446,0.00503608234139105,749
financeiro,PINE4,BRSR5,-0.5971729513697054,0.87161954530714,0.0852091204585326,749
energia_eletrica,COCE5,ENGI11,-0.594568470900258,0.8722046126760572,0.11819192889233067,749
financeiro,PSSA3,BPAC5,-0.5943066986903355,0.8722632971418753,2.421157800223434,749
energia_eletrica,COCE3,ALUP4,-0.593067104648203,0.872540894405161,-10.537235991384096,749
financeiro,PINE4,RPAD6,-0.591551667314384,0.8728795994890547,0.7566300299661599,749
oleo_gas,CSAN3,DEXP4,-0.5890667438968586,0.8734334062508289,-0.3430488415985047,749
energia_eletrica,COCE3,EQPA5,-0.5874497783519652,0.8737927202574035,-5.820609997568025,749
financeiro,BMEB4,BNBR3,-0.5812386320585379,0.8751652243720414,0.4536377968017434,749
energia_eletrica,COCE5,LIGT3,-0.5800045620738714,0.8754364693010117,2.0726444590307596,749
energia_eletrica,AURE3,EQTL3,-0.5797206156026381,0.8754988118646417,-0.1972242563031114,691
industria,JSLG3,VLID3,-0.5782251187836581,0.8758267396423458,0.26102922746039403,749
oleo_gas,CSAN3,VBBR3,-0.5637092115488087,0.8789732364462546,-0.02899679369818445,749
oleo_gas,CSAN3,DEXP3,-0.549762151127928,0.8819345557345435,-0.05594781566444994,749
energia_eletrica,COCE5,EGIE3,-0.542445399702979,0.8834640679510048,0.03660836441702306,749
industria,VLID3,RAIL3,-0.5296878164357578,0.8860917656234302,1.3254892068416906,749
financeiro,PSSA3,BRSR3,-0.5255419730619431,0.8869350414029011,1.798723028381564,749
energia_eletrica,AURE3,EQPA5,-0.5209186406321458,0.8878693158777385,-0.3212111793377187,691
industria,FRAS3,LOGN3,-0.4944720217132377,0.8930907375941086,-0.02063828789098456,749
industria,TGMA3,LOGN3,-0.4721241734170648,0.8973424456810037,0.18504819991852714,749
energia_eletrica,AURE3,ALUP3,-0.46734944656611827,0.8982320949340818,-1.3828129018566055,691
energia_eletrica,AURE3,EMAE4,-0.46655185847833935,0.8983800674234886,0.016883397816619017,691
energia_eletrica,COCE5,EMAE4,-0.4633660064553992,0.8989693062796447,0.11865492244165213,749
industria,WEGE3,KEPL3,-0.4625011618911545,0.8991287629210926,1.5152914591981717,749
financeiro,BMEB3,BMIN3,-0.4413889242437945,0.9029555920739972,0.0683104340937125,749
financeiro,BMEB3,BRSR3,-0.43735794593183713,0.9036720088567283,2.390754142049459,749
energia_eletrica,AURE3,ALUP4,-0.42687536422881467,0.9055139264454272,-1.3923484364845222,691
financeiro,BMEB4,BPAC11,-0.42514980999461693,0.9058142179062642,1.2201174137699702,749
industria,FRAS3,RAPT4,-0.4206681950006792,0.9065903155721056,1.4136430393576453,749
financeiro,BMEB3,PABY11,-0.4166543830806072,0.9072807356428647,0.12968701013368597,749
industria,TGMA3,JSLG3,-0.4126804667096038,0.9079599679727027,1.5424594191071157,749
financeiro,PSSA3,PABY11,-0.40296637597278073,0.9096023194112582,0.41159051582430695,749
industria,VLID3,LOGN3,-0.39629909147289205,0.9107148651496393,0.09825139318940765,749
industria,WEGE3,RAPT4,-0.3928309316585259,0.9112888913567867,0.2497123756663623,749
financeiro,PSSA3,ABCB4,-0.3909026858481187,0.9116066581969471,1.3085276762270597,749
financeiro,BMEB4,BPAC3,-0.3860054377472539,0.9124092770848033,2.7320839050737415,749
energia_eletrica,AURE3,ENGI11,-0.373853050664478,0.9143737005396035,0.0325531283671835,691
industria,FRAS3,KEPL3,-0.3646397820772911,0.9158373736270815,0.8322409742125866,749
financeiro,BMEB3,IRBR3,-0.35698819434881457,0.9170363182523515,-0.04692717500823565,749
energia_eletrica,AURE3,EGIE3,-0.3485419919482202,0.9183424159411311,0.026918466645047115,691
industria,POMO3,KEPL3,-0.34766004583952914,0.9184777542052065,0.2818815604313886,749
financeiro,PSSA3,BPAC11,-0.3442156732989685,0.9190044265177799,0.6991097104741218,749
energia_eletrica,AURE3,ENGI3,-0.34023166445037784,0.91960989005793,0.04082882886651319,691
energia_eletrica,AURE3,ENGI4,-0.316394965395674,0.9231500039971079,-0.05334239328162549,691
energia_eletrica,AURE3,ALUP11,-0.31173273464822954,0.9238261099624592,-0.47336396312074547,691
industria,FRAS3,RAIL3,-0.3113645184070906,0.9238792831024178,0.7462302088564032,749
industria,WEGE3,SHUL4,-0.3106555293045789,0.9239815739087537,2.557806607002709,749
industria,POMO4,KEPL3,-0.3038913219934737,0.9249513935676702,0.3740988879283848,749
financeiro,BMEB4,BRSR5,-0.2997178279298319,0.9255442867135122,-1.4791208693868327,749
energia_eletrica,AURE3,CPFE3,-0.2995965290401668,0.9255614563372159,0.04495170828962343,691
industria,FRAS3,RAPT3,-0.28603980066365975,0.9274583748439351,0.9251917017045111,749
energia_eletrica,COCE3,CGAS5,-0.2611460095586893,0.9308298001515338,0.3462780219712919,749
energia_eletrica,AURE3,CGAS5,-0.24715247944199925,0.932662783706783,0.07526857535266301,691
energia_eletrica,AURE3,LIGT3,-0.24252364031217993,0.9332594350748482,0.1030801669395971,691
oleo_gas,LUXM4,UGPA3,-0.2330110905756224,0.9344706809025025,-0.1892445825569474,749
energia_eletrica,COCE3,ALUP11,-0.22857247618746027,0.9350290476719597,-3.5060877532119843,749
energia_eletrica,COCE3,LIGT3,-0.21441578302448158,0.9367813376218105,1.0955104919744638,749
industria,POMO4,TUPY3,-0.20909071706436455,0.937429317579621,0.12405864386928316,749
industria,POMO3,JSLG3,-0.20625228601809248,0.9377722465678995,0.48512474969414154,749
industria,WEGE3,TUPY3,-0.20363119265669896,0.9380874025725382,0.5768708062920209,749
financeiro,BMEB3,BRSR6,-0.20060650537987865,0.9384492849822514,1.3751837335581312,749
energia_eletrica,AURE3,CGAS3,-0.1927480785852867,0.9393805247171416,0.06825530200383396,691
energia_eletrica,COCE3,ALUP3,-0.1858978835747782,0.9401818093257044,-10.065327651721574,749
industria,POMO4,LOGN3,-0.18451116284109945,0.9403428384496424,0.02451172867972811,749
financeiro,PSSA3,BPAC3,-0.16106908602207123,0.9430057698831859,1.4140268000336338,749
industria,POMO3,TUPY3,-0.16011796451230714,0.9431114813299676,0.09274864240966985,749
industria,POMO4,JSLG3,-0.1525850975137967,0.9439423848266038,0.6475150219680721,749
energia_eletrica,COCE3,REDE3,-0.15103023533679297,0.9441124991152089,-8.78287959869767,749
financeiro,PSSA3,RPAD6,-0.14605665719655989,0.9446534686801267,2.627924275372595,749
industria,FRAS3,TUPY3,-0.11303408033344942,0.948124713818243,0.1334411998096693,749
financeiro,BMEB3,RPAD6,-0.05381498434824539,0.9538488244970593,3.6082357953917374,749
industria,POMO3,LOGN3,-0.05138955967763644,0.9540701883696114,0.018843228140818916,749
financeiro,BMEB4,ABCB4,-0.048008757279510476,0.9543770867185015,2.445436756356245,749
energia_eletrica,COCE3,ENMT3,-0.03536423354803682,0.955507930767367,-0.11905774995267863,749
industria,VLID3,KEPL3,-0.007843595649590177,0.9578785994102705,1.258340639256369,749
industria,WEGE3,JSLG3,-0.007020909845402198,0.9579475960605509,0.8324753931274137,749
financeiro,PSSA3,BRSR6,0.0506499793628565,0.9625256771222144,1.2745001486578007,749
industria,WEGE3,RAIL3,0.0699470843444538,0.9639483226648924,1.0861649304185401,749
energia_eletrica,COCE3,ENGI3,0.15469936805388965,0.969603253039577,0.05000157849013376,749
energia_eletrica,COCE3,EMAE4,0.17023759059631732,0.9705420293718848,0.06573738960993375,749
energia_eletrica,AURE3,EQPA3,0.17877589015332762,0.9710457572147592,-0.2535750720291747,691
financeiro,PSSA3,RPAD3,0.19488471302786295,0.971973229308297,3.923979594933792,749
energia_eletrica,COCE3,ENMT4,0.21777003653176197,0.9732408337008137,0.07160764306651636,749
energia_eletrica,COCE3,EQPA3,0.21988679931253757,0.9733551845724705,-1.6830840791566661,749
financeiro,BMEB4,IRBR3,0.22039209361173123,0.9733824099815925,-0.09441659127926758,749
financeiro,BMEB4,PABY11,0.2900735900893935,0.9768844570828951,0.17025765385537853,749
energia_eletrica,COCE3,CPFE3,0.3091130949926331,0.9777587481165451,-0.41744587112063936,749
financeiro,BMEB4,BMIN3,0.3654283456172876,0.9801550199800257,-0.13509975207282557,749
industria,VLID3,JSLG3,0.38412948744333664,0.9808916419697514,1.5138660565514042,749
energia_eletrica,COCE3,EQTL3,0.39645600966750644,0.981361924487608,-1.6395137644194533,749
energia_eletrica,COCE3,ENGI11,0.4559902163102923,0.9834722556788441,-0.2284799711035452,749
financeiro,BMEB4,RPAD6,0.48196741473994986,0.984314581461941,4.354154187633601,749
industria,FRAS3,JSLG3,0.5145290123424495,0.9853080677157775,1.0039469251722513,749
financeiro,BMEB4,BPAC5,0.5323707819333008,0.9858244705152481,3.998478350083856,749
financeiro,BMEB3,RPAD3,0.7178896735851752,0.9901882094397334,6.654630572538801,749
financeiro,BMEB4,BRSR3,0.7770986826590475,0.9912573582651408,2.5094503685901506,749
energia_eletrica,COCE3,ENGI4,0.900392322689902,0.9930954441096923,-3.924307054429947,749
financeiro,BMEB4,RPAD3,0.9644879359938353,0.9938767577786022,7.896168237505251,749
financeiro,BMEB4,BRSR6,1.0431110258328347,0.9947006216658673,1.4291832515130605,749
energia_eletrica,COCE3,EGIE3,1.2767991513274508,0.9964758203435025,-1.7022917790034315,749
