data,TAEE3,TAEE11,spread_observado,rho,var_mr,var_rw,mr_filtrado,rw_filtrado,std_mr,zscore_mr,sinal,prob_quebra
2022-01-03 00:00:00+00:00,12.170000076293944,36.47999954223633,-0.2742857446061642,0.1551909451923716,0.0023849564287567,0.0003215616576813,-0.0451594791569359,-0.2274686056806878,0.0548277725317653,-0.8236606572111262,1,0.5
2022-01-04 00:00:00+00:00,12.25,36.65999984741211,-0.25568865186405,0.1145923853425561,0.0022267147190886,0.000442453979295,-0.0207295556693483,-0.2342430810362701,0.0547293552472071,-0.3787648433955597,1,0.5
2022-01-05 00:00:00+00:00,12.130000114440918,36.290000915527344,-0.2494721854609878,0.0948445123632022,0.0021556181196856,0.0004874041151477,-0.0102708875187753,-0.2388050834764379,0.0548241784438905,-0.187342296962771,1,0.5
2022-01-06 00:00:00+00:00,12.020000457763672,36.209999084472656,-0.3321811166905206,0.1049827870998512,0.0022522297587748,0.0004055291793021,-0.0598199008944853,-0.2696653214363089,0.0559202922260704,-1.0697351267881412,1,0.5
2022-01-07 00:00:00+00:00,12.130000114440918,36.2400016784668,-0.2324161327028733,0.0808706190225902,0.002238433475578,0.0004199583444311,0.0215281456606517,-0.2551545232443555,0.0558373380738731,0.3855510739457148,0,0.5
2022-01-10 00:00:00+00:00,12.109999656677246,36.16999816894531,-0.2285365550530897,0.1326255646514351,0.0024184850644858,0.0002841908242465,0.0188610153175927,-0.2480858056844717,0.0573233575773736,0.329028446949128,0,0.5
2022-01-11 00:00:00+00:00,12.039999961853027,36.08000183105469,-0.2678361356887482,0.1207737693225917,0.0023763189237238,0.00032752146747,-0.0123455289903962,-0.2548526796461739,0.0569519375898718,-0.2167710092552094,0,0.5
2022-01-12 00:00:00+00:00,12.029999732971191,36.150001525878906,-0.3017150986906269,0.1319941740686629,0.0024093181695649,0.0003152343789256,-0.0319442277241601,-0.2684634839689707,0.057269158482498,-0.5577911142857565,0,0.5
2022-01-13 00:00:00+00:00,12.09000015258789,36.06999969482422,-0.2144239536262144,0.1244492041220432,0.0024356144243932,0.000300495388253,0.0351513097859792,-0.251240861632616,0.0574492029192119,0.6118676674315375,0,0.5
2022-01-14 00:00:00+00:00,12.039999961853027,36.04999923706055,-0.2576014629991494,0.1182445632685421,0.0024172209435365,0.0003122500594975,-0.0029002628699888,-0.2543989892166097,0.0572693557152061,-0.0506424916741084,0,0.5
2022-01-17 00:00:00+00:00,12.079999923706056,36.130001068115234,-0.2448922265938335,0.1237980655231671,0.0024044028866736,0.000327622995663,0.0062275079734323,-0.2514037423439764,0.057216522458419,0.1088410778190525,0,0.5
2022-01-18 00:00:00+00:00,12.09000015258789,36.2400016784668,-0.2724160945559006,0.1054225245738451,0.0023324334619418,0.0003916444711573,-0.013330015710716,-0.2584665165546656,0.05672209577345,-0.2350056980256252,0,0.5
2022-01-19 00:00:00+00:00,12.25,36.83000183105469,-0.3136807927937362,0.1242959677881701,0.0024142158477202,0.0003298924726291,-0.0371788310521086,-0.2749747355000611,0.0574407620313813,-0.6472551849468317,0,0.5
2022-01-20 00:00:00+00:00,12.59000015258789,37.65999984741211,-0.2568147596121051,0.1284753530505928,0.0024154523273439,0.0003064245349488,0.0105650014832465,-0.2680396544253897,0.0573627925480391,0.1841786463655652,0,0.5
2022-01-21 00:00:00+00:00,12.65999984741211,37.95000076293945,-0.2857419925957298,0.1225232964952137,0.0023943273389735,0.0003188182462003,-0.0113555891111278,-0.2738384137356852,0.057136561294268,-0.1987447066098995,0,0.5
2022-01-24 00:00:00+00:00,12.65999984741211,38.06999969482422,-0.3266767794738889,0.1285823798707923,0.0024273868792988,0.0002925951690662,-0.0361651131901318,-0.2890275563539911,0.0573549798535289,-0.6305487907499738,0,0.5
2022-01-25 00:00:00+00:00,12.710000038146973,38.02000045776367,-0.2596205359809111,0.1243385614743715,0.0023304928482637,0.0003454136666739,0.0177860351885034,-0.2783991143999458,0.0565580276037766,0.3144741063656856,0,0.5
2022-01-26 00:00:00+00:00,12.600000381469728,37.7599983215332,-0.2809266362464981,0.1664445090979541,0.002399273544336,0.0002829384080328,-0.0007650088365591,-0.2799989279887804,0.0571685319914829,-0.0133816421361512,0,0.5
2022-01-27 00:00:00+00:00,12.59000015258789,37.59999847412109,-0.2363467155263183,0.1044188090234723,0.0021733444658247,0.0004750926821069,0.0267558809558451,-0.2643809946760835,0.0553897853455298,0.483047204262264,0,0.5
2022-01-28 00:00:00+00:00,12.640000343322754,37.77999877929688,-0.2477493557554027,0.1833000282257436,0.0024888842703869,0.0001432794858313,0.0132480269327243,-0.2613500022209037,0.0576570745475528,0.2297727908792523,0,0.5
2022-01-31 00:00:00+00:00,12.8100004196167,38.27999877929688,-0.2483124096294311,0.1382003299680616,0.0023330014553714,0.0002425065225868,0.0095182139040876,-0.2581732984825982,0.0560636162243472,0.1697752400772549,0,0.5
2022-02-01 00:00:00+00:00,12.65999984741211,37.7599983215332,-0.2209271703041171,0.1504085975916779,0.0023419725023668,0.0002278900940442,0.0263275771508775,-0.2483618410470421,0.0560274326047905,0.4699051148138173,0,0.5
2022-02-02 00:00:00+00:00,12.65999984741211,37.7400016784668,-0.2141057902356014,0.1323222848396337,0.0022772048435903,0.0002771666964561,0.0243895683644874,-0.239447838524542,0.0554727275578715,0.4396677329241332,0,0.5
2022-02-03 00:00:00+00:00,12.649999618530272,37.959999084472656,-0.2991529115118254,0.1339259208148423,0.002326824263426,0.0002470250750774,-0.0401539065505601,-0.2570633024122608,0.0558686668088969,-0.7187196123349364,0,0.5
2022-02-04 00:00:00+00:00,12.56999969482422,37.59000015258789,-0.2529364832557323,0.1257138173474306,0.0023154783353183,0.0002432473456534,0.0012814987052039,-0.2545009455159648,0.0556811057843545,0.023014965079304,0,0.553106963634491
2022-02-07 00:00:00+00:00,12.6899995803833,37.880001068115234,-0.2318635255044956,0.1528263764021193,0.0024182773817535,0.0001591378906066,0.016411205587609,-0.2489715071134398,0.0563324879436715,0.2913275480397583,0,0.553399384021759
2022-02-08 00:00:00+00:00,12.56999969482422,37.630001068115234,-0.266581845979589,0.134225366764229,0.002348594496674,0.0002151826911047,-0.0118487976521565,-0.25411418433595,0.0556821971057136,-0.2127932852516831,0,0.5537045001983643
2022-02-09 00:00:00+00:00,12.619999885559082,37.84000015258789,-0.2882178576048577,0.1489910078717135,0.0024139433003387,0.0001585747970625,-0.0253532112557082,-0.2618519328747093,0.0560861717496464,-0.452040324108377,0,0.5536103248596191
2022-02-10 00:00:00+00:00,12.619999885559082,37.88999938964844,-0.3052739103629722,0.1460347785920976,0.0023942498187868,0.0001844290763577,-0.0325593715821276,-0.2714672924542842,0.0558855735872085,-0.5826078089959879,0,0.5538235306739807
2022-02-11 00:00:00+00:00,12.5600004196167,37.58000183105469,-0.2595250684289958,0.1461673709708608,0.0023641575772089,0.0001753142827286,0.0073739314220124,-0.2674302651201271,0.0555407203208739,0.1327662187204493,0,0.5535054802894592
2022-02-14 00:00:00+00:00,12.520000457763672,37.5,-0.2722343048343099,0.1673094975426615,0.0024014862051512,0.0001402039555777,-0.0032468772891101,-0.268793734172454,0.0557359131366488,-0.0582546711157253,0,0.5534034371376038
2022-02-15 00:00:00+00:00,12.600000381469728,37.81999969482422,-0.3013946803322831,0.0399100276493804,0.0018942930704131,0.000484331691018,-0.0198291237945029,-0.28051224085853,0.0515274880239251,-0.3848261297988355,0,0.5533292889595032
2022-02-16 00:00:00+00:00,12.510000228881836,37.459999084472656,-0.2685891709922892,0.0819415741354648,0.0020025494541509,0.0003699647906074,0.0069009876331903,-0.275927315312067,0.0527529397439531,0.1308171197033878,0,0.5533338785171509
2022-02-17 00:00:00+00:00,12.5,37.41999816894531,-0.2649440371502685,0.0774319373068929,0.0019938705977418,0.0003664025665689,0.0070727396016918,-0.2723532863961025,0.0526933866508232,0.1342244264647461,0,0.5531444549560547
2022-02-18 00:00:00+00:00,12.619999885559082,37.869998931884766,-0.2984512290010439,0.0370398370769253,0.0018273217233844,0.0004812724773975,-0.0150058602981155,-0.2825979661467293,0.0511091832935528,-0.2936039930813851,0,0.5531349182128906
2022-02-21 00:00:00+00:00,12.619999885559082,37.970001220703125,-0.3325646358106855,0.0822107798178233,0.0018614508434101,0.0004633261185894,-0.0298587511977205,-0.3011217575207223,0.0516410853127202,-0.5781975924190286,0,0.5530765056610107
2022-02-22 00:00:00+00:00,12.890000343322754,38.869998931884766,-0.3695770315733178,-0.0805237260670609,0.0014267763770328,0.0007515726582601,-0.0307564321667941,-0.3365982039392782,0.046481130699996,-0.6616971597637319,0,0.5530362725257874
2022-02-23 00:00:00+00:00,13.109999656677246,39.7599983215332,-0.4531798817108718,-0.0464763411571447,0.0013873887353859,0.0008378121809985,-0.05218374595448,-0.3972229481425485,0.0461610110747793,-1.130472334541026,0,0.5530709624290466
2022-02-24 00:00:00+00:00,13.109999656677246,39.869998931884766,-0.4907039785547731,-0.194693192738524,0.0010840986356525,0.0010413082960433,-0.0293428014947465,-0.4581963570838494,0.0414805457952702,-0.7073870637953926,0,0.5529231429100037
2022-02-25 00:00:00+00:00,13.010000228881836,39.36000061035156,-0.4167295861479516,-0.1145581398415339,0.0013235753478237,0.0007924359488992,0.0210397208717232,-0.4390316045783543,0.0447858882684724,0.4697846059365633,0,0.5529639720916748
2022-03-02 00:00:00+00:00,13.260000228881836,40.04999923706055,-0.4021062373141255,-0.1017063828514889,0.0012829742603623,0.0008255904194152,0.0153199107436182,-0.4187149815135495,0.0443569426635193,0.3453779684463652,0,0.5531051754951477
2022-03-03 00:00:00+00:00,13.25,39.84000015258789,-0.3404702638358312,-0.1491997607542609,0.0011665263253542,0.0009524792733362,0.0307121108700906,-0.3737659144849473,0.042719284058866,0.7189285014180036,0,0.5529585480690002
2022-03-04 00:00:00+00:00,13.699999809265137,41.220001220703125,-0.3612250581964566,-0.2388833897506209,0.0009703862587782,0.0010602915176618,-1.3942777302147422e-05,-0.3618448639118956,0.0394041467720911,-0.0003538403555034,0,0.5530557632446289
2022-03-07 00:00:00+00:00,13.579999923706056,40.540000915527344,-0.2492589826236209,-0.2600326922150853,0.0009348519696513,0.00113142888919,0.0406041076302663,-0.2935009202632648,0.0388148431086253,1.046097430218478,0,0.5528880953788757
2022-03-08 00:00:00+00:00,13.329999923706056,40.06999969482422,-0.3389292238518333,-0.3041456155044772,0.0009026789610416,0.0011296617399724,-0.0242558414639807,-0.3136088877966618,0.0381531058157451,-0.6357501164157077,0,0.553214430809021
2022-03-09 00:00:00+00:00,13.5600004196167,40.900001525878906,-0.3920641486408645,-0.1963828603002032,0.0010959497339138,0.0010185306927771,-0.0288591912917914,-0.3604462990203853,0.0414824780570068,-0.6956959334042682,0,0.552931010723114
2022-03-10 00:00:00+00:00,13.59000015258789,41.09000015258789,-0.426877936667875,-0.2427100878200264,0.0009817707760036,0.0011618834414279,-0.0195853866918845,-0.4050011742786193,0.0397514844944631,-0.4926957305107051,0,0.5526379942893982
2022-03-11 00:00:00+00:00,13.640000343322754,40.70000076293945,-0.2438387126089374,-0.2142656268461833,0.0011563328369346,0.0010761068496551,0.0677026927854733,-0.3164105202319862,0.0425728890147763,1.59027715412912,-1,0.5526189804077148
2022-03-14 00:00:00+00:00,13.630000114440918,40.650001525878906,-0.2367828887326588,-0.1046203324730661,0.0013058726221205,0.0010801493775636,0.0291757139825109,-0.2685908875766735,0.0451987681487234,0.6454979898237537,-1,0.5535077452659607
2022-03-15 00:00:00+00:00,13.65999984741211,41.0099983215332,-0.3295875163959412,-0.1561928070028845,0.0012222357445347,0.0011370208774763,-0.0266558506350782,-0.301293270693126,0.0439810120645342,-0.6060763357597501,0,0.553793728351593
2022-03-16 00:00:00+00:00,13.739999771118164,41.34999847412109,-0.3655705732558427,-0.1023022209692343,0.0013209288517888,0.0010987000556538,-0.0248436220851715,-0.3387537125704302,0.0455454424980807,-0.5454688926607401,0,0.5533947944641113
2022-03-17 00:00:00+00:00,13.869999885559082,41.75,-0.3720214834666713,-0.1489183219799753,0.0011983989924437,0.0012192755749793,-0.0101962654037814,-0.3607734393344531,0.0437821706306358,-0.2328862470022631,0,0.553377091884613
2022-03-18 00:00:00+00:00,14.0,42.41999816894531,-0.4705753388299989,-0.167601912848103,0.0011728821639069,0.0012358728352533,-0.039966468831046,-0.4274206872272627,0.0433290662253874,-0.9223939565914036,0,0.55352383852005
2022-03-21 00:00:00+00:00,14.149999618530272,42.43000030517578,-0.3239877116273977,-0.1977345902759134,0.0012433952265588,0.0011383988355586,0.0461918425851089,-0.3729089123612821,0.0441821424188332,1.0454867069872793,0,0.5534228086471558
2022-03-22 00:00:00+00:00,14.3100004196167,42.7599983215332,-0.2765578997792577,-0.0250189287896921,0.0016299471155469,0.0009107542422182,0.0460776562067091,-0.3255031906343395,0.0496231342672466,0.928551912069011,0,0.5534598231315613
2022-03-23 00:00:00+00:00,14.449999809265137,42.83000183105469,-0.1604385455442756,-0.1662019865264821,0.001177237782367,0.0014452298919134,0.0522087945292889,-0.2171467645748978,0.0437755011301976,1.1926487003314683,0,0.5539860725402832
2022-03-24 00:00:00+00:00,14.789999961853027,43.81999969482422,-0.1581526619646602,-0.1458926812733679,0.0011020821500409,0.0015788283101501,0.0139531409217594,-0.1738729988484642,0.0427158756251776,0.32665000348337,0,0.5545840263366699
2022-03-25 00:00:00+00:00,15.020000457763672,44.400001525878906,-0.1260060216697027,-0.251849385518339,0.0009082097394206,0.0017378100363503,0.011365529475507,-0.1386908272007253,0.0391870997020261,0.2900324229639137,0,0.5548855662345886
2022-03-28 00:00:00+00:00,14.850000381469728,44.209999084472656,-0.2311912756720335,-0.20487542606313,0.0010415479404054,0.0016244338229384,-0.0313067701653509,-0.1974503664155443,0.0415553415049913,-0.7533753551656069,0,0.55511075258255
2022-03-29 00:00:00+00:00,14.779999732971191,43.720001220703125,-0.1340407853302672,-0.2086877525963107,0.0010494590625323,0.0016077805622421,0.0248337488087386,-0.1603799835112964,0.0416848914774441,0.5957493933305843,0,0.5550220608711243
2022-03-30 00:00:00+00:00,14.550000190734863,43.72999954223633,-0.3674510176008532,-0.3371860417347199,0.0009831204586068,0.001739854381316,-0.0710684084344113,-0.2914943308809985,0.0404944323324998,-1.7550167847981804,1,0.5554701089859009
2022-03-31 00:00:00+00:00,14.84000015258789,44.13999938964844,-0.2173127704338266,-0.3333722596351114,0.0010772326653036,0.0016654801786299,0.0407404961622292,-0.2593080943689269,0.0420558707783907,0.9687231629778226,0,0.5553082823753357
2022-04-01 00:00:00+00:00,14.81999969482422,44.25,-0.274837325041398,-0.341227066616269,0.0010533058682068,0.0017265826122695,-0.0144368995444084,-0.2603610260499741,0.0417194260845879,-0.3460474148215042,0,0.5559312701225281
2022-04-04 00:00:00+00:00,14.920000076293944,44.58000183105469,-0.2874092341033751,-0.3418772486295453,0.0010410047751811,0.0017523578748873,-0.0054551731777408,-0.2811815226596398,0.0415374869318272,-0.1313313245621732,0,0.5560064911842346
2022-04-05 00:00:00+00:00,14.770000457763672,44.27000045776367,-0.331659243463875,-0.3584711275586985,0.0010057067722758,0.0017963576844808,-0.0147168526488522,-0.31568630202435,0.0409548625048774,-0.3593432317615421,0,0.5556000471115112
2022-04-06 00:00:00+00:00,14.619999885559082,43.9900016784668,-0.3861448791882917,-0.3475620824429387,0.0010216729833966,0.0018168705321988,-0.018901180035078,-0.3654313885442055,0.0412717110130605,-0.4579693831713634,0,0.5551543235778809
2022-04-07 00:00:00+00:00,14.75,44.02999877929688,-0.2697888261778196,-0.3462932355032195,0.0010752658473844,0.0017719065313823,0.0359006790593488,-0.3078135180852202,0.0421535357498407,0.8516647161557362,0,0.5549865365028381
2022-04-08 00:00:00+00:00,14.84000015258789,44.33000183105469,-0.2821275927254412,-0.3124648164893562,0.0011376674582715,0.0017518565014132,0.0011888939442721,-0.28419320305388,0.0432214357068147,0.0275070442438982,0,0.5549022555351257
2022-04-11 00:00:00+00:00,14.800000190734863,44.18000030517578,-0.2709580950107124,-0.3430168949688519,0.0010484008273998,0.0018268077601155,0.0039495502361154,-0.2752249228003029,0.0417625642826376,0.0945715452093888,0,0.5546920895576477
2022-04-12 00:00:00+00:00,14.949999809265137,44.52000045776367,-0.236941457046397,-0.3322166109061041,0.0010375389121522,0.0018441800462479,0.0111856896229041,-0.2490634238938272,0.0415997401400237,0.2688884494290922,0,0.554901659488678
2022-04-13 00:00:00+00:00,14.850000381469728,44.13999938964844,-0.2073125415519889,-0.3184530735027805,0.0010349973032218,0.0018630564133629,0.0105773992208519,-0.2189644437265733,0.0415891169649002,0.2543309402259947,0,0.5550731420516968
2022-04-14 00:00:00+00:00,14.850000381469728,44.29999923706055,-0.2618926911540047,-0.3040681034410226,0.0010622099310138,0.0018370992074916,-0.0157837496264288,-0.2451627155692788,0.042051456403285,-0.3753437092655799,0,0.5552171468734741
2022-04-18 00:00:00+00:00,14.880000114440918,44.720001220703125,-0.3751666641964863,-0.2253785399344046,0.0012151351364232,0.001800200272057,-0.041105042819406,-0.3308783043683748,0.0446875330528404,-0.9198324456801336,0,0.5545297265052795
2022-04-19 00:00:00+00:00,14.829999923706056,44.150001525878906,-0.2307249906433313,-0.2701723413944797,0.0012214734885684,0.0017678485502778,0.041324499524211,-0.2740902981979109,0.0446935784772191,0.9246182769919532,0,0.5543281435966492
2022-04-20 00:00:00+00:00,14.760000228881836,44.58000183105469,-0.4474090815154827,-0.3250155799679492,0.0012674377962396,0.0017344579117463,-0.0702984876885318,-0.3735354036905524,0.0452892799392891,-1.552210319589269,1,0.5548561811447144
2022-04-22 00:00:00+00:00,14.739999771118164,44.16999816894531,-0.3275465232997412,-0.3153596822372954,0.0013437993587632,0.0016888962947024,0.0309577841122714,-0.3590344800999597,0.046410402502062,0.6670440772603944,0,0.5547536015510559
2022-04-25 00:00:00+00:00,14.960000038146973,45.0099983215332,-0.3940923670048626,-0.3464089789618422,0.001263648372188,0.0017826838276928,-0.0193149504996226,-0.3742499523850958,0.0452714449615632,-0.4266475372284136,0,0.5547299385070801
2022-04-26 00:00:00+00:00,15.079999923706056,45.459999084472656,-0.427599558855638,-0.3230708569545303,0.0013081286537651,0.0017668516843801,-0.0151182270892144,-0.4111731185415841,0.0459685473715616,-0.3288819846103573,0,0.5547824501991272
2022-04-27 00:00:00+00:00,15.18000030517578,45.75,-0.4265261051937585,-0.3305999210435204,0.0012423694628389,0.0018253048627349,-0.0020196963500304,-0.4240635424385259,0.0450142614667456,-0.0448679215035553,0,0.5538661479949951
2022-04-28 00:00:00+00:00,15.06999969482422,45.09000015258789,-0.3113834357753298,-0.3126350335479378,0.001306074829247,0.0018156637478129,0.0401931745825422,-0.3540232342189756,0.0460200794057636,0.8733834252686737,0,0.5530545711517334
2022-04-29 00:00:00+00:00,14.789999961853027,44.290000915527344,-0.3184824207364478,-0.2656542661921887,0.0013795848456377,0.0017921151557154,0.0059022021798183,-0.32539364483019,0.0471913139441999,0.125069672499419,0,0.5525580048561096
2022-05-02 00:00:00+00:00,14.6899995803833,43.54999923706055,-0.1660487969884734,-0.361140087222293,0.0011824759980347,0.0020461717934557,0.0501492196029304,-0.2194942231102483,0.0442939399626951,1.132191438493995,0,0.5525698661804199
2022-05-03 00:00:00+00:00,14.829999923706056,44.150001525878906,-0.2307249906433313,-0.3734860303530803,0.0011301979596479,0.0020938736685059,-0.0163602040596915,-0.2145209058871021,0.0434676755946588,-0.3763763264512307,0,0.5530968904495239
2022-05-04 00:00:00+00:00,15.039999961853027,45.150001525878906,-0.3618512128323079,-0.289615368252922,0.0013748732806762,0.0019729404579221,-0.0483206982411514,-0.3103134452340649,0.047307165657385,-1.021424504505445,0,0.5533100366592407
2022-05-05 00:00:00+00:00,14.970000267028809,44.58000183105469,-0.2374090433685101,-0.2970089779105429,0.0014247021520672,0.0019223492964514,0.0351983799512945,-0.2738008296154492,0.0479959889739723,0.7333608641835089,0,0.553095281124115
2022-05-06 00:00:00+00:00,14.989999771118164,44.720001220703125,-0.2651670075192402,-0.2725116871452033,0.0014818606707805,0.0019053957678239,-0.0030064909146262,-0.262531123876312,0.0488562536167188,-0.0615374837827797,0,0.5536940693855286
2022-05-09 00:00:00+00:00,15.100000381469728,45.0099983215332,-0.2540920236821069,-0.2986217288045553,0.0013954369095255,0.0019621828894404,0.0035218450896068,-0.2577650553658318,0.0476199525115072,0.0739573414894899,0,0.553589403629303
2022-05-10 00:00:00+00:00,13.699999809265137,41.09999847412109,-0.3202889700248832,-0.3015241296754496,0.0013909884952035,0.0019769771903421,-0.0224405574175713,-0.296607483543963,0.0475607925422852,-0.4718289207989948,0,0.5537315607070923
2022-05-11 00:00:00+00:00,13.34000015258789,40.209999084472656,-0.3766864632100866,-0.2680991414910221,0.0014565570694871,0.0019719528888122,-0.0243737282001353,-0.3505695529104765,0.0485834012224291,-0.5016883871210501,0,0.5536980628967285
2022-05-12 00:00:00+00:00,13.510000228881836,40.720001220703125,-0.3806615084117837,-0.2957271892265982,0.0013737233579767,0.0020510757371435,-0.0054226456510837,-0.374500057424722,0.0474086168358935,-0.1143810136847999,0,0.5536062121391296
2022-05-13 00:00:00+00:00,13.369999885559082,40.33000183105469,-0.3876228184104651,-0.3003657160265104,0.0013582911809628,0.0020650103019872,-0.0033447345522256,-0.3839836947275787,0.0471786471034092,-0.0708950925382508,0,0.5536366701126099
2022-05-16 00:00:00+00:00,13.359999656677246,40.34999847412109,-0.404444427360815,-0.301812537643263,0.0013561618873668,0.0020640592116066,-0.0062329283839188,-0.3977821519081682,0.0471416596054327,-0.1322169910030187,0,0.5532380938529968
2022-05-17 00:00:00+00:00,13.600000381469728,40.7400016784668,-0.2974840371858196,-0.2979086171003955,0.0013988852407567,0.0020561622827754,0.035628216673455,-0.3350714350303109,0.0477838009680551,0.7456128635993923,0,0.5530593395233154
2022-05-18 00:00:00+00:00,13.630000114440918,41.0,-0.3561765593328747,-0.2920296826823292,0.0013844647241205,0.0020472772736003,-0.0140474019427103,-0.3419158903516178,0.0475692692086573,-0.2953041359768004,0,0.5531460642814636
2022-05-19 00:00:00+00:00,13.75,41.06999969482422,-0.2600554078938355,-0.313639507789613,0.0012666479689913,0.0021674398051774,0.0291786903614703,-0.2907653035682331,0.045850268661598,0.6363908263401072,0,0.5530198216438293
2022-05-20 00:00:00+00:00,13.579999923706056,40.79999923706055,-0.3379512377418656,-0.3818608289226064,0.001151138749969,0.0021843123514416,-0.0224390279402384,-0.3147971541659369,0.04391998403741,-0.5109070149279977,0,0.553342342376709
2022-05-23 00:00:00+00:00,13.649999618530272,40.88999938964844,-0.2986529583996216,-0.3311626734760965,0.0012954168261521,0.0020393299662029,0.0103691643785303,-0.3092026096514472,0.0461213806097546,0.2248233734862924,0,0.5533551573753357
2022-05-24 00:00:00+00:00,13.920000076293944,41.84999847412109,-0.356133398248037,-0.3473484873299842,0.0012644125819151,0.0020660268556286,-0.0179818360280364,-0.3372757749036936,0.0456534818135093,-0.3938765525374543,0,0.5534601807594299
2022-05-25 00:00:00+00:00,13.880000114440918,41.560001373291016,-0.2972077335866334,-0.3494107849022538,0.0012725177607198,0.0020578029756258,0.0175694770917384,-0.315462287502787,0.0457685760261511,0.3838764195263506,0,0.5532741546630859
2022-05-26 00:00:00+00:00,13.5,40.40999984741211,-0.2849121281238478,-0.348361927266463,0.0012282809551537,0.0020472173534183,0.0059284075215155,-0.2915922479318515,0.0450520818651413,0.1315900903150632,0,0.5538217425346375
2022-05-27 00:00:00+00:00,13.34000015258789,40.0099983215332,-0.3084609508842142,-0.364350074574326,0.001205917424918,0.002020961998276,-0.0070121508260539,-0.3011440803383723,0.044642380902917,-0.1570738541320883,0,0.5538017749786377
2022-05-30 00:00:00+00:00,13.390000343322754,40.02999877929688,-0.265283441511281,-0.2990715605050483,0.0013635337268284,0.0018347618831324,0.014175652094838,-0.280186961069744,0.0469448197210282,0.3019641395808418,0,0.5538004636764526
2022-05-31 00:00:00+00:00,13.550000190734863,40.380001068115234,-0.2246785659927983,-0.3330851756602052,0.0013042603829937,0.001794550846457,0.0166457272978425,-0.2426072708742773,0.0459445737744655,0.362300178897159,0,0.5539506673812866
2022-06-01 00:00:00+00:00,13.449999809265137,40.18999862670898,-0.2598641251709086,-0.4201929391074494,0.0008772161677511,0.0020216612604396,-0.0099772403521276,-0.2496648953499148,0.0388111973043877,-0.2570711816458108,0,0.5539831519126892
2022-06-02 00:00:00+00:00,13.65999984741211,40.77000045776367,-0.2477179426396247,-0.4854869262446762,0.0007556261432162,0.0020160675585381,0.0040332252298084,-0.2516833474548237,0.0364017561783271,0.1107975453175994,0,0.5534234046936035
2022-06-03 00:00:00+00:00,13.850000381469728,41.27000045776367,-0.2282805387499795,-0.4413245516941985,0.0008592196367103,0.0018792562147291,0.0057596291470907,-0.2346637380582941,0.0383060490810884,0.1503582145707179,0,0.5531805753707886
2022-06-06 00:00:00+00:00,13.789999961853027,40.93000030517578,-0.1722979778007225,-0.4381781893861521,0.0008666910841961,0.0018867915709595,0.016942899307903,-0.1908148231820106,0.0384591523936092,0.4405427122912481,0,0.5529930591583252
2022-06-07 00:00:00+00:00,13.600000381469728,40.400001525878906,-0.1815010566198616,-0.4478304724924908,0.0008416672713475,0.0018591730975453,-0.0025306798431351,-0.1793830771343753,0.0379413080057252,-0.0666998576525945,0,0.5531108975410461
2022-06-08 00:00:00+00:00,13.56999969482422,40.47999954223633,-0.2387911674196718,-0.4308340698513921,0.0008556884332797,0.0018650386250677,-0.0169750079206557,-0.2203248342107472,0.0382182096842445,-0.4441602068987999,0,0.5533757209777832
2022-06-09 00:00:00+00:00,13.600000381469728,40.52000045776367,-0.2224358434980207,-0.4102072050213722,0.0008660763862167,0.0018621565444804,0.0042625329386879,-0.2264740203891931,0.0384144881055084,0.1109615967543442,0,0.5530663132667542
2022-06-10 00:00:00+00:00,13.510000228881836,40.34000015258789,-0.251033165121969,-0.4087287448713451,0.0008507726567196,0.0018771816842209,-0.0084419476650163,-0.2420280287175722,0.0381324042611987,-0.2213851402390158,0,0.5530681014060974
2022-06-13 00:00:00+00:00,13.520000457763672,40.459999084472656,-0.2819677231182922,-0.4036988460468561,0.0008586715648652,0.001875328285756,-0.0093530824392931,-0.2715411031921068,0.0382848149035998,-0.2443026683776308,0,0.5530808568000793
2022-06-14 00:00:00+00:00,13.520000457763672,40.38999938964844,-0.2580889889982476,-0.3850358348541308,0.0008889627945712,0.0018426036860196,0.0065509806132236,-0.2648854997013753,0.0388354249277482,0.1686856941931621,0,0.5531286001205444
2022-06-15 00:00:00+00:00,13.59000015258789,40.400001525878906,-0.1915012855016993,-0.3735078375969067,0.0009180422303089,0.001838748174205,0.0205363879718541,-0.2139145732849051,0.039386989808545,0.5214002916109824,0,0.5531406998634338
2022-06-17 00:00:00+00:00,13.550000190734863,40.02000045776367,-0.101872904064912,-0.3515613713890023,0.0009463495842418,0.0019096487133266,0.0285030233613655,-0.1332647034015308,0.040007069780814,0.7124496624602725,0,0.5533198714256287
2022-06-20 00:00:00+00:00,13.5,40.18999862670898,-0.2098639344360453,-0.3629180827815739,0.0009685335697429,0.001887158351915,-0.0306195132435733,-0.1776619703576961,0.0403874413407446,-0.7581444188365312,0,0.5535154342651367
2022-06-21 00:00:00+00:00,13.220000267028809,39.79999923706055,-0.356824634083166,-0.2049170229252568,0.0013046942437736,0.001825294870743,-0.0580338233757734,-0.2943922423092387,0.0461539964631753,-1.257395411512772,1,0.5533958673477173
2022-06-22 00:00:00+00:00,13.31999969482422,39.68999862670898,-0.2193011094438528,-0.2529770269694409,0.0012698464811448,0.0018592557331362,0.0349616492360173,-0.2555946008394417,0.0456214848017466,0.7663417661206611,0,0.5530396103858948
2022-06-23 00:00:00+00:00,13.149999618530272,39.220001220703125,-0.2289727282594285,-0.1965833695022481,0.0013844290420132,0.0018119810123035,0.0048667617304313,-0.2345878521896406,0.0474383484493407,0.1025912977478247,0,0.5531396269798279
2022-06-24 00:00:00+00:00,13.039999961853027,39.0,-0.2639241912488739,-0.2091701665646952,0.0013505593680893,0.0018528283636281,-0.0106721448318909,-0.2526340813681358,0.0469724537399937,-0.2272000711515824,0,0.5531383752822876
2022-06-27 00:00:00+00:00,13.100000381469728,39.09000015258789,-0.234625187114144,-0.2105527503137559,0.0013502134677218,0.0018529838725497,0.007628379471797,-0.2425982630330778,0.0469612490184261,0.1624398760945194,0,0.5531731843948364
2022-06-28 00:00:00+00:00,13.050000190734863,39.33000183105469,-0.3664962528987381,-0.2296943261848164,0.001358648399427,0.0018885609532092,-0.0435423821484806,-0.320329428388427,0.0470916010722565,-0.9246315936820646,0,0.553135335445404
2022-06-29 00:00:00+00:00,12.93000030517578,38.58000183105469,-0.2306514432058612,-0.2516372429110532,0.0013914087751221,0.0018531608600911,0.0386346098186369,-0.2709601027027986,0.0474963935729658,0.8134219655916611,0,0.5530466437339783
2022-06-30 00:00:00+00:00,12.93000030517578,38.619998931884766,-0.2442955046363071,-0.2094676049651297,0.0014592972248715,0.0018233293578284,0.0043701786312861,-0.2494115398497839,0.0485528173446288,0.090008754801323,0,0.5530554056167603
2022-07-01 00:00:00+00:00,13.130000114440918,39.27999877929688,-0.2694389751411581,-0.2117131587102645,0.0013982713494991,0.0018897623364386,-0.007489164024034,-0.2615448968957016,0.0477468510517851,-0.1568514752085211,0,0.5530555248260498
2022-07-04 00:00:00+00:00,12.970000267028809,38.650001525878906,-0.2145302154728767,-0.2480371508538051,0.0013351652909317,0.0019115277274907,0.0171222568925508,-0.2326068026760537,0.0467318950736882,0.3663933779178429,0,0.5530555248260498
2022-07-05 00:00:00+00:00,12.770000457763672,38.470001220703125,-0.3531271937740694,-0.2597222903368203,0.0013750644995528,0.0018956251998039,-0.0447877012619607,-0.3058856244712973,0.0472866647504851,-0.9471528917991866,0,0.5529332756996155
2022-07-06 00:00:00+00:00,12.920000076293944,38.7400016784668,-0.2952318216897129,-0.2508260543406023,0.0014099938407586,0.0018655203979672,0.0110290822437299,-0.306248648295425,0.0477910528569466,0.2307771347231756,0,0.5526748299598694
2022-07-07 00:00:00+00:00,13.079999923706056,39.18000030517578,-0.285327060359787,-0.2467987106126296,0.0013792874136649,0.0019036266982995,0.0054364648993436,-0.2912611399132019,0.0473928474266984,0.1147106619358986,0,0.5529196858406067
2022-07-08 00:00:00+00:00,12.970000267028809,39.08000183105469,-0.3612146115208059,-0.2431977451405641,0.001403978073899,0.0018881314118437,-0.0253040271321154,-0.3344638488417112,0.0477492118267078,-0.5299360170372907,0,0.5528872013092041
2022-07-11 00:00:00+00:00,13.0,39.11000061035156,-0.3414482499458007,-0.2338640748441297,0.0014277159938489,0.0018733900219194,0.0013718633253922,-0.3425482852939593,0.0481053885870684,0.0285178722319078,0,0.5526286363601685
2022-07-12 00:00:00+00:00,13.020000457763672,39.16999816894531,-0.3419145349745012,-0.2320458362200168,0.0014287720925313,0.001873414314344,1.6583518365228698e-05,-0.3419511254185015,0.0481289848829924,0.0003445640585511,0,0.5525305867195129
2022-07-13 00:00:00+00:00,13.050000190734863,39.09000015258789,-0.2846253778490091,-0.2435171700024143,0.0014059789001103,0.0018908004717876,0.0199808578770726,-0.3058056639931008,0.0477887478494762,0.4181080019088968,0,0.5526007413864136
2022-07-14 00:00:00+00:00,13.130000114440918,39.56999969482422,-0.3683659029489998,-0.2465859051965737,0.0014144797259715,0.0018840357411292,-0.0251584816184056,-0.3420000810184362,0.0478967153060661,-0.5252652808786512,0,0.552773654460907
2022-07-15 00:00:00+00:00,13.220000267028809,39.59999847412109,-0.2885991217572918,-0.2590318390881566,0.0014072238988749,0.0018878581642512,0.0229788013277588,-0.3125548940071003,0.0477685113581742,0.4810449535565586,0,0.5526644587516785
2022-07-18 00:00:00+00:00,13.15999984741211,39.470001220703125,-0.3042540644615776,-0.2602172810339859,0.0013982125029352,0.0018940775980926,-0.000983947504049,-0.3035682001334721,0.0476381091610432,-0.0206546296941116,0,0.5527752041816711
2022-07-19 00:00:00+00:00,13.109999656677246,39.27000045776367,-0.2860287428705703,-0.2709716695226541,0.0013477677102079,0.0019416960634473,0.0061551020071158,-0.2925432668215682,0.046914633403641,0.131197913328215,0,0.5527359843254089
2022-07-20 00:00:00+00:00,13.09000015258789,39.470001220703125,-0.3742537592857964,-0.2813296158986746,0.0013457771473715,0.0019549788228989,-0.0290512017188517,-0.3435405292121257,0.0468785961962466,-0.6197114264521798,0,0.5526982545852661
2022-07-21 00:00:00+00:00,13.1899995803833,39.650001525878906,-0.3356571624543303,-0.2625158927782019,0.0013948471477045,0.0019131841878771,0.0077161293398483,-0.3433786704736854,0.047601399634591,0.1620987911927111,0,0.5524327158927917
2022-07-22 00:00:00+00:00,13.390000343322754,40.25,-0.3403316351990799,-0.2667276403597656,0.0013816687601501,0.0019265825979225,-0.0002911570636904,-0.340146495650801,0.0474179063293374,-0.0061402344858546,0,0.5525594353675842
2022-07-25 00:00:00+00:00,13.5,40.619998931884766,-0.356548330483978,-0.2646682793575997,0.0013883156201411,0.0019210452070077,-0.0056465271431994,-0.3505589267046434,0.04751378041737,-0.1188397785568581,0,0.552548348903656
2022-07-26 00:00:00+00:00,13.5,40.40999984741211,-0.2849121281238478,-0.2652951160214153,0.0014021808359571,0.0019174354174651,0.0239142152140719,-0.3101568792374809,0.0477160274983245,0.5011778320169596,0,0.5528311133384705
2022-07-27 00:00:00+00:00,13.520000457763672,40.45000076293945,-0.2785570330840325,-0.254914944879483,0.0014211914595374,0.0019195266892833,0.0071143639297294,-0.286452120979192,0.0480232616100122,0.1481441220611765,0,0.5526413321495056
2022-07-28 00:00:00+00:00,13.529999732971191,40.59000015258789,-0.3163152261166004,-0.2643397303280559,0.0013768654536507,0.0019426293633076,-0.0114904087194102,-0.3042470958009638,0.0473743293854694,-0.2425450421876481,0,0.5527157187461853
2022-07-29 00:00:00+00:00,13.600000381469728,40.459999084472656,-0.2019677994122357,-0.2704140903110048,0.0014010411343747,0.0019369581805332,0.037668287500671,-0.2416814134655725,0.047714139298309,0.7894575497876779,0,0.5527211427688599
2022-08-01 00:00:00+00:00,13.59000015258789,40.84999847412109,-0.3450070616181424,-0.3019003013042889,0.0014063635122128,0.0019159747506282,-0.0439342650368291,-0.2992013962326721,0.0477113653078885,-0.9208343704548126,0,0.5529612898826599
2022-08-02 00:00:00+00:00,13.850000381469728,41.27000045776367,-0.2282805387499795,-0.3186402538975376,0.0014084851056865,0.001915919126074,0.0343034977636423,-0.2637358848961563,0.0477128785051404,0.7189567856390511,0,0.552983283996582
2022-08-03 00:00:00+00:00,13.84000015258789,41.27000045776367,-0.2382807676318172,-0.2970016634598719,0.0014570782957868,0.0019017649511793,0.0027015748521828,-0.2417061369008456,0.0484428445390927,0.0557682951504364,0,0.5527438521385193
2022-08-04 00:00:00+00:00,13.970000267028809,41.81999969482422,-0.2958998361169875,-0.2859379153995409,0.0014997130181339,0.001872201077017,-0.020384241334037,-0.2744359425160697,0.0490438738580547,-0.4156327738920897,0,0.5528346300125122
2022-08-05 00:00:00+00:00,14.140000343322754,42.15999984741211,-0.2418827403890002,-0.288831051796875,0.0014959249218847,0.0018726821597878,0.0156532976079665,-0.2580718989786907,0.0489895036667971,0.3195234986341704,0,0.5528295040130615
2022-08-08 00:00:00+00:00,14.149999618530272,42.59000015258789,-0.3785678612294116,-0.3146752876941525,0.0014815089348178,0.0019109759540362,-0.0470696791570127,-0.3292126984552049,0.0487863457531429,-0.9648125603664516,0,0.5528417229652405
2022-08-09 00:00:00+00:00,14.380000114440918,43.09999847412109,-0.3225411855209952,-0.3052681748655652,0.001512837501472,0.0018993232071408,0.0115319013057761,-0.3339205415349975,0.0492338650956458,0.234227015964992,0,0.5529268383979797
2022-08-10 00:00:00+00:00,14.40999984741211,43.150001525878906,-0.3095988066013326,-0.2989909054454815,0.0015187263128783,0.0019137985763972,0.0067439418581674,-0.3168902338464837,0.049352580346208,0.1366482119244573,0,0.5528433322906494
2022-08-11 00:00:00+00:00,14.149999618530272,42.150001525878906,-0.2284727751472246,-0.3175015513280183,0.0014700157475071,0.0019942412412793,0.0302022906630542,-0.2604310215132057,0.0487299834127062,0.6197886505986183,0,0.5529136061668396
2022-08-12 00:00:00+00:00,14.359999656677246,42.65999984741211,-0.1924465572024818,-0.3108073884959711,0.001464447656167,0.0020530190682217,0.017845744579222,-0.2117870618436804,0.0487341976613224,0.3661852546181392,0,0.5531129240989685
2022-08-15 00:00:00+00:00,14.5,43.380001068115234,-0.2980575377355006,-0.3096558944837452,0.0015121990803737,0.0020064194329784,-0.0346486116474338,-0.261852049474678,0.0493663677285573,-0.7018667412994704,0,0.5532364249229431
2022-08-16 00:00:00+00:00,13.760000228881836,41.400001525878906,-0.3626274695437015,-0.2607967289521626,0.0016365605267095,0.0019831204683952,-0.0317712549107472,-0.3287432072774288,0.0511697618123728,-0.6208990189800917,0,0.5531058311462402
2022-08-17 00:00:00+00:00,13.899999618530272,42.040000915527344,-0.4409486783033252,-0.3024133405281236,0.001477985366102,0.0021664061196893,-0.0321165767177124,-0.4065809020092942,0.0491009400789556,-0.6540929087318521,0,0.552921712398529
2022-08-18 00:00:00+00:00,14.06999969482422,41.900001525878906,-0.2231911337692889,-0.2901543082170808,0.0017187001687327,0.001943009303864,0.0766019390930535,-0.3030624312920347,0.0521581424671972,1.468647759862791,-1,0.5530800819396973
2022-08-19 00:00:00+00:00,13.90999984741211,41.5,-0.246739956529657,-0.2152994488212639,0.0018960496884499,0.0019145903424573,0.0125268302478123,-0.2606166138748705,0.0546053950388839,0.2294064577115891,-1,0.5532724857330322
2022-08-22 00:00:00+00:00,13.859999656677246,41.459999084472656,-0.2830947845406637,-0.2551952362151612,0.0017569680484443,0.0020395456975968,-0.0104019817480799,-0.2723488086228454,0.052933256113123,-0.1965112768776212,0,0.5535708069801331
2022-08-23 00:00:00+00:00,13.75,41.34000015258789,-0.3521596543397507,-0.23557256830091,0.0018222197926036,0.0019990748713015,-0.0290924876593859,-0.3215775866225481,0.0537629162663854,-0.5411255504675002,0,0.5534741282463074
2022-08-24 00:00:00+00:00,13.649999618530272,40.91999816894531,-0.3088863297958077,-0.2406679190485803,0.0018123194775772,0.0020050934502092,0.0091713071548509,-0.3181598812615487,0.0536403749357029,0.1709776854812133,0,0.5534023642539978
2022-08-25 00:00:00+00:00,13.4399995803833,40.369998931884766,-0.3312671850166904,-0.2214292343885242,0.0018439551826986,0.0019403629196491,-0.0063244533373356,-0.3247405385841789,0.0540089266658466,-0.1171001485821972,0,0.5534740090370178
2022-08-26 00:00:00+00:00,13.399999618530272,40.2400016784668,-0.3269216699573043,-0.2163348076493585,0.0018212155484917,0.001962239826222,9.89357081507985e-06,-0.3268667333877734,0.0537665166274246,0.0001840098900889,0,0.5534231066703796
2022-08-29 00:00:00+00:00,13.630000114440918,40.720001220703125,-0.2606616228527016,-0.2595523308929934,0.0017071537619734,0.0020110128604962,0.0245622302783288,-0.2864239497764956,0.0522198299279758,0.4703621270350025,0,0.5534501075744629
2022-08-30 00:00:00+00:00,13.579999923706056,40.709999084472656,-0.3072498222598927,-0.234382305466704,0.0018263737724861,0.0018594325814028,-0.0117118878791657,-0.2952560720783584,0.0536084589699609,-0.2184708925456792,0,0.5533750653266907
2022-08-31 00:00:00+00:00,13.81999969482422,41.68000030517578,-0.3981429400814882,-0.2153665256106004,0.0017705803221794,0.0019044926239193,-0.0377899834786376,-0.3583732226941089,0.0530189580301891,-0.71276360159926,0,0.5532996654510498
2022-09-01 00:00:00+00:00,14.100000381469728,42.2599983215332,-0.3159948077582548,-0.2835990122494553,0.0016483799260667,0.0018733146707591,0.0226810911048101,-0.3392692636396582,0.0511717145518863,0.4432349258458464,0,0.5534223914146423
2022-09-02 00:00:00+00:00,14.130000114440918,42.119998931884766,-0.2382376065469795,-0.2277494108165794,0.0017947157314617,0.0018054244347227,0.0371126607651885,-0.2774052175829997,0.0531101326659582,0.6987868209370243,0,0.5531139969825745
2022-09-05 00:00:00+00:00,14.149999618530272,42.2599983215332,-0.2659955706977115,-0.2680683911710895,0.0016792191454116,0.0018604635183659,-0.001798532263075,-0.2646010528071392,0.051598225246948,-0.0348564752850964,0,0.5535868406295776
2022-09-06 00:00:00+00:00,14.020000457763672,42.0,-0.3073024763460665,-0.2346673730127735,0.0018043299281609,0.0017481600732231,-0.016979512902809,-0.2894864426251207,0.0531353709999562,-0.3195519779625341,0,0.553301990032196
2022-09-08 00:00:00+00:00,14.010000228881836,41.720001220703125,-0.2217877687477312,-0.2275624780173843,0.0018419415605593,0.0016699358926056,0.0301276191891226,-0.2531557497410534,0.053530140839914,0.5628159895790593,0,0.5532741546630859
2022-09-09 00:00:00+00:00,13.949999809265137,41.5,-0.2067399946766297,-0.1920137246332035,0.0018439647152184,0.0016994594074313,0.0154152681838965,-0.2231792610103264,0.0537107483025727,0.2870052768033796,0,0.5536105632781982
2022-09-12 00:00:00+00:00,13.899999618530272,41.4900016784668,-0.2533294953772369,-0.2778439824313236,0.0016222945645672,0.001771147133511,-0.01415936235994,-0.2386714713268545,0.0506827855282422,-0.2793722210088454,0,0.5538589954376221
2022-09-13 00:00:00+00:00,13.8100004196167,41.150001525878906,-0.2273457137248513,-0.1965743716378465,0.0019288365766139,0.0013546253461837,0.0066428805079758,-0.2341686129104443,0.0540887501096465,0.122814457618444,0,0.5540006160736084
2022-09-14 00:00:00+00:00,13.789999961853027,41.08000183105469,-0.2234674373684786,-0.191755331619338,0.0019860973415495,0.0012416593379719,0.0043048755116314,-0.2280252893926142,0.0546032919348084,0.0788391204832676,0,0.5538615584373474
2022-09-15 00:00:00+00:00,13.68000030517578,40.84000015258789,-0.2515962189959992,-0.1602516713963769,0.0021197819854232,0.0011048002028663,-0.0119839175795269,-0.2391206993447442,0.0559565509492743,-0.2141646934313479,0,0.5538340210914612
2022-09-16 00:00:00+00:00,13.609999656677246,40.650001525878906,-0.2567833464963307,-0.1546197377621453,0.0020899235993611,0.0011173835859681,-0.0076655720409079,-0.2486971305299937,0.0556807631457736,-0.1376700247595261,0,0.553792417049408
2022-09-19 00:00:00+00:00,13.770000457763672,40.93999862670898,-0.1957081719243341,-0.1401198560356881,0.0021063662235385,0.0011143272303728,0.0264762680432571,-0.2233079571348811,0.055913125107659,0.4735250979493267,0,0.5537500381469727
2022-09-20 00:00:00+00:00,13.779999732971191,41.29999923706055,-0.3085145586447027,-0.0474928844573503,0.0022810166027673,0.0008731759715824,-0.0460208520133326,-0.2605720612663724,0.0576388141388941,-0.7984350944909223,0,0.5539988279342651
2022-09-21 00:00:00+00:00,13.920000076293944,41.65999984741211,-0.2913198772498369,-0.0047944152422399,0.0022900717966181,0.0008733877699094,-0.016286549158888,-0.2743140078325071,0.0579391719741441,-0.2810973751256932,0,0.5538085699081421
2022-09-22 00:00:00+00:00,14.0,41.77000045776367,-0.2488440503876816,0.0103379885170298,0.0023694681204336,0.0007728399971124,0.0139652245747058,-0.2634083835940212,0.058639162107002,0.2381552544905521,0,0.5539255142211914
2022-09-23 00:00:00+00:00,13.859999656677246,41.83000183105469,-0.4093124377962205,-0.0090421624418326,0.0024526741348122,0.0007272444249126,-0.0825391873262108,-0.3234257582679358,0.0592758531478031,-1.3924588671950628,1,0.5531717538833618
2022-09-26 00:00:00+00:00,13.56999969482422,40.68000030517578,-0.3070166797455425,-0.0017382981395294,0.0025603536365754,0.00062020841088,0.0097687753958516,-0.3171611347431062,0.0600380371769166,0.1627097729238815,0,0.5531015992164612
2022-09-27 00:00:00+00:00,13.40999984741211,39.95000076293945,-0.2179945132676231,0.0990962942935244,0.0030464706848174,0.0002459523218341,0.0696469497201767,-0.2899623928052582,0.0635108545368286,1.096614905091379,0,0.553070068359375
2022-09-28 00:00:00+00:00,13.18000030517578,39.290000915527344,-0.2228507757339652,0.0788824218422367,0.0027782797793378,0.0005275052787988,0.0451677004126863,-0.2694813359810947,0.0617776816790405,0.7311329785301824,0,0.5534258484840393
2022-09-29 00:00:00+00:00,12.949999809265137,38.52999877929688,-0.1935945850649805,0.0239132090027046,0.0025380642401633,0.0007257390915327,0.0445880375737021,-0.239912305256752,0.0601146357794679,0.7417168380970393,0,0.5538336634635925
2022-09-30 00:00:00+00:00,13.039999961853027,38.95000076293945,-0.2468681384907594,0.0415314035709267,0.0026516785587327,0.0006147411755692,-0.003446530601089,-0.2432187056086663,0.0611094998381005,-0.0563992605113783,0,0.5544811487197876
2022-10-03 00:00:00+00:00,13.350000381469728,40.04999923706055,-0.3121060847262331,0.0663711465794656,0.0027584818358172,0.0005587242413891,-0.0428076384941793,-0.2677187498667035,0.0620498273447208,-0.689891339364401,0,0.5548579096794128
2022-10-04 00:00:00+00:00,13.279999732971191,39.63999938964844,-0.2422450185387692,0.0497003609452744,0.0027242893817769,0.0005756534342649,0.0147899047874712,-0.2576671602049791,0.0617349983173013,0.2395708300088569,0,0.5545689463615417
2022-10-05 00:00:00+00:00,13.199999809265137,39.59000015258789,-0.3051888894867094,0.0406500402697359,0.002686623976474,0.0006111142060801,-0.0284903015015343,-0.2755994380330517,0.0614412817227972,-0.4636996609229792,0,0.5549260377883911
2022-10-06 00:00:00+00:00,13.220000267028809,39.709999084472656,-0.3261232186011948,0.0220264206975174,0.0025720266826902,0.0006371033839544,-0.0300139239435418,-0.2949568479091374,0.0603557018839663,-0.4972839848875168,0,0.5550724864006042
2022-10-07 00:00:00+00:00,13.300000190734863,39.959999084472656,-0.331404859979127,0.04750742324023,0.0025149391801037,0.0006929047834962,-0.0217034014510313,-0.3088802682500475,0.0600216679464812,-0.3615927746357097,0,0.5550661683082581
2022-10-10 00:00:00+00:00,13.34000015258789,40.040000915527344,-0.318695623573813,0.2119985508940589,0.0029450944633174,0.0002411187129962,-0.0082485402326718,-0.3103156753862467,0.0632254148434225,-0.1304624137793219,0,0.5545768141746521
2022-10-11 00:00:00+00:00,13.300000190734863,39.75,-0.2597686576189968,0.2192511075659611,0.0028784840531248,0.0002885784718635,0.034651179572507,-0.2957633893380589,0.0625922282005998,0.5536019497732945,0,0.5543821454048157
2022-10-13 00:00:00+00:00,13.149999618530272,39.06999969482422,-0.1778032686916724,0.3099205688834205,0.0033969379601016,1e-06,0.0965399863705258,-0.2770276824525525,0.0658482225581856,1.4660985918825664,-1,0.5544101595878601
2022-10-14 00:00:00+00:00,13.029999732971191,38.84999847412109,-0.2227549605629502,0.2376949971837756,0.0029827781007553,0.0002145835049579,0.0461766431172525,-0.2697519592266086,0.0626003247560037,0.7376422294490392,-1,0.5549190640449524
2022-10-17 00:00:00+00:00,13.010000228881836,38.720001220703125,-0.1984089877398922,0.2495675983745845,0.0030711146174686,0.000123257336188,0.0573094976533978,-0.2572895314453922,0.0630072030812666,0.9095705705184232,-1,0.555266797542572
2022-10-18 00:00:00+00:00,13.0600004196167,38.95000076293945,-0.2268676807270875,0.2322349679308106,0.0028832285736924,0.0002576070984073,0.0258146545615323,-0.2531386117568472,0.061741979388453,0.4181053930765335,-1,0.5561656951904297
2022-10-19 00:00:00+00:00,13.109999656677246,39.04999923706055,-0.2109805491827696,0.2007752705846355,0.0027706010025438,0.0003239819144005,0.0310492036689736,-0.243010937819921,0.0611101425121895,0.5080859312802335,-1,0.5568594932556152
2022-10-20 00:00:00+00:00,13.119999885559082,39.130001068115234,-0.2282710457486469,0.3260036964097021,0.0034220465743793,1e-06,0.013888474504999,-0.2422760138246974,0.0656473297207036,0.2115619106532978,-1,0.5576591491699219
2022-10-21 00:00:00+00:00,13.31999969482422,39.93000030517578,-0.3011719844935836,0.3252854962923545,0.0034325744552738,1e-06,-0.0482213713616595,-0.2513349885402273,0.0651477845130714,-0.7401843627082089,0,0.5583809018135071
2022-10-24 00:00:00+00:00,13.520000457763672,40.2599983215332,-0.2137422107924198,0.1629013828626768,0.0025365581181707,0.000311984616038,0.0240441830022195,-0.2390940592058624,0.0581588397939787,0.4134226729314649,0,0.5583298802375793
2022-10-25 00:00:00+00:00,13.40999984741211,40.130001068115234,-0.2793973442315653,0.2063667181052787,0.0026324144195286,0.0002177496309274,-0.0277715181423701,-0.250320852021172,0.0590503036151995,-0.4703027155176517,0,0.5585298538208008
2022-10-26 00:00:00+00:00,13.18000030517578,39.27999877929688,-0.2194387844062966,0.1369447827077805,0.0023636494703488,0.0004477681327498,0.0185886791300072,-0.2390127790651918,0.0572383122155585,0.3247593859861313,0,0.5588054656982422
2022-10-27 00:00:00+00:00,13.300000190734863,39.630001068115234,-0.2188338707408395,0.1810576943047681,0.0025660120779467,0.0002594184345569,0.0150023171224007,-0.2343126352689105,0.05891970451107,0.2546230882672214,0,0.5589650273323059
2022-10-28 00:00:00+00:00,13.229999542236328,39.52999877929688,-0.2547211124297348,0.1970421052741151,0.0026248547812009,0.0001929133482193,-0.0137601681294175,-0.2402910142639243,0.0591578432460226,-0.2326009092689948,0,0.5590528249740601
2022-10-31 00:00:00+00:00,13.420000076293944,40.18999862670898,-0.2898638581421018,0.1692121354521068,0.0025142982539856,0.0002610625411256,-0.0351705075219244,-0.2533268797901719,0.0581626645671158,-0.6046921643581166,0,0.5592944025993347
2022-11-01 00:00:00+00:00,13.350000381469728,39.880001068115234,-0.2541152450899613,0.1813268462755304,0.0026156134441427,0.000143653493167,-0.002298635171713,-0.2519798059697635,0.0586162842921436,-0.0392149587690799,0,0.5585561394691467
2022-11-03 00:00:00+00:00,13.229999542236328,39.45000076293945,-0.2274316882754306,0.2071560963568874,0.0027451245143467,2.8732359149793732e-05,0.0190151094638371,-0.2471891754079801,0.0589952946465908,0.3223156961541844,0,0.5576686263084412
2022-11-04 00:00:00+00:00,13.220000267028809,39.5099983215332,-0.2578977062753225,0.2019445151794679,0.0027281460508998,4.297874265623896e-05,-0.0076918365804681,-0.2497666234970772,0.0583548726141849,-0.1318113849947544,0,0.5574100017547607
2022-11-07 00:00:00+00:00,13.140000343322754,39.209999084472656,-0.2355600121392758,0.2126845706964537,0.0026997774757392,3.925895750725352e-05,0.0111287804533109,-0.247179130641518,0.0577294271490699,0.1927748291105326,0,0.557123601436615
2022-11-08 00:00:00+00:00,13.210000038146973,39.5099983215332,-0.2678979351571584,0.2075457975600008,0.0026529227361807,7.747662827752022e-05,-0.0161700108969563,-0.251007620987093,0.057221738823516,-0.2825851019107979,0,0.5570725798606873
2022-11-09 00:00:00+00:00,13.140000343322754,39.45000076293945,-0.3174308871890048,0.3043981285014976,0.0031151778377727,1e-06,-0.0577470154265784,-0.2579277417947254,0.060862646098893,-0.9488088199903086,0,0.5571085214614868
2022-11-10 00:00:00+00:00,12.920000076293944,38.38999938964844,-0.1758368497960845,0.2916176054663743,0.0031785421930886,1e-06,0.0690313306033556,-0.2476544942613129,0.0610910255598327,1.129974983571788,0,0.5568983554840088
2022-11-11 00:00:00+00:00,13.229999542236328,39.52000045776367,-0.2513104223954734,0.2963728762757013,0.0032589993773458,1e-06,-0.0007171984044348,-0.2499250539264706,0.0615106319832716,-0.0116597469626042,0,0.5573698282241821
2022-11-14 00:00:00+00:00,13.460000038146973,40.2599983215332,-0.273742630409119,0.3804736251215144,0.0037996199950664,1e-06,-0.0216245487326582,-0.2515424694932676,0.0656604426044036,-0.3293390643578747,0,0.5575751066207886
2022-11-16 00:00:00+00:00,12.420000076293944,37.31999969482422,-0.3108318553400941,0.3681723062748572,0.0036221615866112,1e-06,-0.0543820692613927,-0.255137183108648,0.0641504114179138,-0.8477275212954706,0,0.5574713945388794
2022-11-17 00:00:00+00:00,12.399999618530272,37.209999084472656,-0.2933082162598666,0.3360407888171245,0.0034079248954379,1e-06,-0.0361545439027993,-0.256616461679246,0.0622941411792919,-0.5803843382115358,0,0.5570833086967468
2022-11-18 00:00:00+00:00,12.380000114440918,36.900001525878906,-0.207559412472861,0.3634986679232191,0.0036546120623588,1e-06,0.0434849355400713,-0.2526270266744079,0.0641426297090181,0.6779412652293793,0,0.556159257888794
2022-11-21 00:00:00+00:00,12.380000114440918,37.09999847412109,-0.2757836235053172,0.3505187069795418,0.0035983566532808,1e-06,-0.0197174817576683,-0.2550745506783795,0.0635871927903798,-0.3100857404205366,0,0.5546666383743286
2022-11-22 00:00:00+00:00,12.300000190734863,36.93000030517578,-0.2977927075751019,0.3707753570180015,0.003737428794605,1e-06,-0.0397945097266886,-0.2571124478281527,0.0645869844283306,-0.6161382216388641,0,0.5537336468696594
2022-11-23 00:00:00+00:00,12.149999618530272,36.70000076293945,-0.3693343960576349,0.3462225076349396,0.0035252580933206,1e-06,-0.1036345151062137,-0.2631019436853625,0.0628131067884389,-1.6498867896355691,1,0.5526781678199768
2022-11-24 00:00:00+00:00,12.300000190734863,37.29999923706055,-0.4240090595372461,0.3707221095430653,0.0036410072035556,1e-06,-0.1510195223448803,-0.269841484483498,0.0636528769411386,-2.372548258651872,1,0.5522910952568054
2022-11-25 00:00:00+00:00,12.119999885559082,36.56999969482422,-0.3549873508229968,0.3392119305152992,0.0034719698733922,1e-06,-0.0822607107865805,-0.2718168722310933,0.0622113346069504,-1.322278509315088,1,0.5523342490196228
2022-11-28 00:00:00+00:00,12.079999923706056,36.06999969482422,-0.2244241825080486,0.4484166950491389,0.0044257516421756,1e-06,0.0423833829991886,-0.268622253772614,0.0694474986553599,0.6102938740748646,0,0.5524436831474304
2022-11-29 00:00:00+00:00,12.020000457763672,36.0099983215332,-0.2639556043646482,0.4251915728682383,0.0041441811659854,1e-06,0.0055201362572787,-0.2691698773964572,0.0673371000124894,0.0819776357499047,0,0.5527403354644775
2022-11-30 00:00:00+00:00,11.579999923706056,35.0099983215332,-0.3628298780863179,0.484246340772304,0.0047896983108125,1e-06,-0.0886844850702579,-0.272217040873409,0.07195809533568,-1.2324462544005697,0,0.5525712370872498
2022-12-01 00:00:00+00:00,11.899999618530272,35.13999938964844,-0.0871769614679305,0.3074842719063551,0.0041058223524465,1e-06,0.1700716169562638,-0.2621184161209527,0.0669458660046429,2.540434938050824,-1,0.5524640679359436
2022-12-02 00:00:00+00:00,11.720000267028809,35.2599983215332,-0.3081110998475527,0.1955345492603595,0.0038153134659507,1e-06,-0.0395606388740771,-0.2666212433996862,0.0646296121548786,-0.6121132025250877,0,0.5531188249588013
2022-12-05 00:00:00+00:00,11.640000343322754,34.70000076293945,-0.1970811505932612,0.1597974228356793,0.003625592903823,1e-06,0.0630970895277757,-0.2621109866367254,0.0630377033193529,1.0009420744299962,0,0.5534327626228333
2022-12-06 00:00:00+00:00,11.75,34.97999954223633,-0.1825964303961882,0.2024324988592327,0.0038572397377976,1e-06,0.0744798004132423,-0.2586917840504367,0.0647867893728412,1.149614005173474,0,0.5542776584625244
2022-12-07 00:00:00+00:00,11.789999961853027,35.41999816894531,-0.2926915546253479,0.1945175291589518,0.0038822553791415,1e-06,-0.0304315738138322,-0.2610923246869098,0.0649116496257405,-0.4688152895403329,0,0.555541455745697
2022-12-08 00:00:00+00:00,11.75,35.119998931884766,-0.2303538986362738,0.1754155243620991,0.0038164718049933,1e-06,0.0280666285895658,-0.2593031298091642,0.0643321813159642,0.436276650588265,0,0.5557088851928711
2022-12-09 00:00:00+00:00,11.739999771118164,34.849998474121094,-0.1482498810721946,0.2631360861869881,0.0043694344811706,1e-06,0.1048617659318191,-0.2553621410598835,0.0684728153776686,1.5314364591764438,-1,0.5566369295120239
2022-12-12 00:00:00+00:00,11.609999656677246,34.279998779296875,-0.083808131225096,0.1181183668602626,0.0032762594632233,1e-06,0.1579843821867717,-0.2462667786627058,0.0598353537718142,2.6403183440555007,-1,0.5578093528747559
2022-12-13 00:00:00+00:00,11.25,34.15999984741211,-0.4028730010241848,0.1459747087329222,0.0040360025597528,1e-06,-0.1445623541317041,-0.2541320123284017,0.0658477899904724,-2.195401761435288,0,0.5596766471862793
2022-12-14 00:00:00+00:00,11.029999732971191,33.43000030517578,-0.3738512541629628,0.2871734005761875,0.0049362937178804,1e-06,-0.1158855839806911,-0.2564484152266003,0.0723596403470683,-1.601522387685365,1,0.5586100220680237
2022-12-15 00:00:00+00:00,11.18000030517578,33.810001373291016,-0.3534790252481894,0.1953571237093445,0.0040468150105505,1e-06,-0.0923706293997068,-0.2593730437713939,0.065867151800296,-1.4023777691157389,1,0.5585631728172302
2022-12-16 00:00:00+00:00,10.869999885559082,33.099998474121094,-0.421278811043372,0.1946027848227359,0.0040715723834355,1e-06,-0.1530749401886934,-0.2648632175835632,0.0660167839115415,-2.318727619233989,1,0.5578923225402832
2022-12-19 00:00:00+00:00,11.149999618530272,33.25,-0.1924485376399385,0.1538675630334883,0.0040526863388917,1e-06,0.0664318206343593,-0.2611133440127456,0.0658299039657521,1.0091435143049936,0,0.5578828454017639
2022-12-20 00:00:00+00:00,11.1899995803833,33.560001373291016,-0.2581981849566812,0.2564188000022914,0.0046368855374217,1e-06,0.0036254219495158,-0.2615325745003891,0.0701187583000341,0.0517040238220265,0,0.5578670501708984
2022-12-21 00:00:00+00:00,11.359999656677246,33.77000045776367,-0.1598343110228661,0.0915454092600408,0.0034618329501024,0.0004882714408005,0.0834050144624513,-0.24564915516001,0.0640379953340194,1.3024301280421784,-1,0.55793297290802
2022-12-22 00:00:00+00:00,11.6899995803833,34.66999816894531,-0.1368472408431156,0.1410607252704864,0.0037535986837103,0.0002505224005313,0.0907175806290716,-0.2297057688626486,0.067226839190782,1.3494250469165388,-1,0.5583164691925049
2022-12-23 00:00:00+00:00,11.729999542236328,34.810001373291016,-0.1446060485235865,0.1262340916417708,0.0036143675969798,0.0003872188439854,0.0676197386657978,-0.2138123819240057,0.0673870374320745,1.003453204690263,-1,0.5589867234230042
2022-12-26 00:00:00+00:00,11.619999885559082,34.630001068115234,-0.1932028742368903,0.164064172930752,0.0037286426955645,0.0002564469352043,0.0184063483981298,-0.2118115533898404,0.068592532862551,0.2683433258692066,-1,0.5600506663322449
2022-12-27 00:00:00+00:00,11.479999542236328,34.27000045776367,-0.2103975556317561,0.1545761265705777,0.0036363019233649,0.0003393625092564,0.0017824952564213,-0.2121498660365444,0.0684237426049085,0.0260508295594675,-1,0.5603936910629272
2022-12-28 00:00:00+00:00,11.68000030517578,34.790000915527344,-0.1877826042222068,0.1442774627199918,0.0035893363415586,0.0003680699438371,0.0177141680977484,-0.205999715209946,0.0684636271355149,0.2587383818079853,-1,0.5608370900154114
2022-12-29 00:00:00+00:00,11.630000114440918,34.599998474121094,-0.1729679726654538,0.1443469196215989,0.0035440217095827,0.0003992828553504,0.0241678178310629,-0.1977678956471325,0.0684577899440895,0.3530323992463264,-1,0.5621399879455566
2023-01-02 00:00:00+00:00,11.5600004196167,34.31999969482422,-0.1474527310095013,0.1352163124835709,0.0034926562068594,0.0004419927829029,0.0358493282120288,-0.1842692536124302,0.0683616880747814,0.5244067140766473,-1,0.563819169998169
2023-01-03 00:00:00+00:00,11.329999923706056,33.959999084472656,-0.2546475649922559,0.1327176246932624,0.0035661541588532,0.0003973074366962,-0.0476682610455962,-0.2054550441615192,0.0689437276853662,-0.6914082345987537,0,0.5640244483947754
2023-01-04 00:00:00+00:00,11.350000381469728,33.91999816894531,-0.2210017445047274,0.1499004593051039,0.0036542633874214,0.0003203331816797,-0.0131549415529629,-0.2076757618531921,0.0694406315274032,-0.1894415598419733,0,0.5629637241363525
2023-01-05 00:00:00+00:00,11.470000267028809,34.060001373291016,-0.1487606284791471,0.1900794573017167,0.00388092505151,0.0001358295559215,0.0443958202124987,-0.1944188839703301,0.070480481080734,0.629902343623963,0,0.5634505748748779
2023-01-06 00:00:00+00:00,11.81999969482422,35.369998931884766,-0.2456357688960402,0.1889766218584159,0.0039098284304965,0.0001098043867463,-0.0381921249281973,-0.2062040138281839,0.0701558463991108,-0.5443897677597024,0,0.5620241761207581
2023-01-09 00:00:00+00:00,11.93000030517578,35.75,-0.2652635018342959,0.2208926939962637,0.0041154100811296,1e-06,-0.0501251128869429,-0.2140852453245489,0.0708542376111841,-0.7074398734202294,0,0.5619356036186218
2023-01-10 00:00:00+00:00,11.989999771118164,35.790000915527344,-0.2189093986157679,0.2211958407731121,0.0041372295544957,1e-06,-0.0058211540343461,-0.2132199169576379,0.0703976600054,-0.0826895955618356,0,0.5604565143585205
2023-01-11 00:00:00+00:00,11.600000381469728,34.40999984741211,-0.1381541846384433,0.257876750859784,0.0043726918921813,1e-06,0.0647489180400875,-0.2044664470046288,0.071645708698352,0.9037375610687048,0,0.5596351027488708
2023-01-12 00:00:00+00:00,11.649999618530272,35.029998779296875,-0.299652864624031,0.2144130527889846,0.0042860758304973,1e-06,-0.0806578258412691,-0.2167314244569028,0.0706180079773609,-1.1421707883225312,0,0.5599731206893921
2023-01-13 00:00:00+00:00,11.619999885559082,34.88999938964844,-0.2818951293551333,0.2814759630967047,0.0047987534185323,1e-06,-0.0606740743666991,-0.2204099569410723,0.0739365831387554,-0.8206231853158975,0,0.5590511560440063
2023-01-16 00:00:00+00:00,11.600000381469728,34.900001525878906,-0.3053066247721574,0.2350177472428583,0.0043507897502376,1e-06,-0.0767776423354029,-0.2270585671691152,0.0705367049000231,-1.0884778704112348,0,0.557492733001709
2023-01-17 00:00:00+00:00,11.68000030517578,35.11000061035156,-0.2969429034262365,0.2408814446565115,0.0043549051282386,1e-06,-0.0643210562742839,-0.2315466079846245,0.0703237999871883,-0.9146413630378613,0,0.5573028326034546
2023-01-18 00:00:00+00:00,11.739999771118164,35.099998474121094,-0.2335314461561815,0.230777336470012,0.0043222510865269,1e-06,-0.0033306404909689,-0.2304724715933335,0.0698676972933434,-0.0476706778668414,0,0.5571034550666809
2023-01-19 00:00:00+00:00,11.81999969482422,35.58000183105469,-0.317273272549583,0.2184677918824479,0.0042888438845345,1e-06,-0.0780556385796002,-0.2373821370375552,0.0694226134485533,-1.1243546548048704,0,0.5574049949645996
2023-01-20 00:00:00+00:00,11.789999961853027,35.220001220703125,-0.2244673435928881,0.2111548680145438,0.0042031904790213,1e-06,0.009989798781503,-0.2350975172856434,0.068611845082658,0.1455987485756747,0,0.5573156476020813
2023-01-23 00:00:00+00:00,11.760000228881836,35.540000915527344,-0.3636273757681092,0.1987583993919456,0.0040737862739275,9.854981747047484e-05,-0.1130874184458396,-0.2476712784278882,0.0680496894925993,-1.6618359215017184,1,0.5577508807182312
2023-01-24 00:00:00+00:00,11.899999618530272,35.720001220703125,-0.2850308170836175,0.2363467534104169,0.0042866645702094,1e-06,-0.036293919103126,-0.2485095119845928,0.0694199715543994,-0.522816680711042,1,0.5566526055335999
2023-01-25 00:00:00+00:00,11.93000030517578,35.83000183105469,-0.2925542272820092,0.208856727376771,0.0040862387708511,7.159243026852273e-05,-0.0397976318743925,-0.2519545786189515,0.0681654511954479,-0.583838750810619,1,0.5562744140625
2023-01-26 00:00:00+00:00,12.0,36.27000045776367,-0.3726496185399774,0.2165169388839525,0.004172412594617,1e-06,-0.1089354241096752,-0.261265307537185,0.0685887237415261,-1.5882410134965326,1,0.5547594428062439
2023-01-27 00:00:00+00:00,12.09000015258789,36.5099983215332,-0.3645190397084032,0.2313695928329069,0.004232040374464,1e-06,-0.0956408072776747,-0.2671842908439601,0.0688476874067673,-1.3891651394564315,1,0.5532534718513489
2023-01-30 00:00:00+00:00,12.149999618530272,36.43999862670898,-0.2806408396459758,0.2983512689398696,0.0046925987699349,1e-06,-0.0146642497682448,-0.2662772562950269,0.0720189363868678,-0.2036165834145632,1,0.5525712370872498
2023-01-31 00:00:00+00:00,12.300000190734863,37.08000183105469,-0.348962167142858,0.2706913609695831,0.0044880458942955,1e-06,-0.0761417939338925,-0.2711858134165225,0.0704551299630428,-1.0807132706139726,1,0.5525272488594055
2023-02-01 00:00:00+00:00,12.0600004196167,36.34999847412109,-0.3399386230775771,0.2728540492835584,0.0045167699972659,1e-06,-0.0649158062572121,-0.2740303155581086,0.070549834485671,-0.9201411559710578,1,0.5522769689559937
2023-02-02 00:00:00+00:00,12.0600004196167,36.0099983215332,-0.2239556425116209,0.3117315645570576,0.0049733665190352,1e-06,0.0452585055654346,-0.2705498930961318,0.0736485192348619,0.6145202379576329,0,0.5519086718559265
2023-02-03 00:00:00+00:00,11.84000015258789,35.72999954223633,-0.3484409730602564,0.2551093738157068,0.0046931023849783,1e-06,-0.0712360526676147,-0.2754174421369101,0.0716165912039847,-0.9946864472327908,0,0.5515239238739014
2023-02-06 00:00:00+00:00,12.0,36.09000015258789,-0.3112467875760334,0.2861046866918593,0.0048522622459756,1e-06,-0.0347731435222202,-0.2761731638771788,0.0726494815277816,-0.4786426935328198,0,0.5512686967849731
2023-02-07 00:00:00+00:00,11.859999656677246,35.529998779296875,-0.2602159566450286,0.2421848787837984,0.0045368752519758,1e-06,0.0141542803323576,-0.2748740138386118,0.0703478637724634,0.2012041243802214,0,0.5514051914215088
2023-02-08 00:00:00+00:00,12.0,35.95000076293945,-0.2634893193359477,0.2759660956283133,0.0049230529094568,1e-06,0.0108996007345151,-0.2745326329955739,0.0729851326082345,0.1493400141234436,0,0.5514442920684814
2023-02-09 00:00:00+00:00,11.890000343322754,35.58000183105469,-0.2472726240510496,0.3292261501941482,0.0049114828924013,1e-06,0.0258228811349024,-0.2735536544276825,0.0728578536326012,0.3544282441412418,0,0.5514718890190125
2023-02-10 00:00:00+00:00,11.9399995803833,36.09999847412109,-0.3746578972269887,0.19765309498651,0.0040535947663995,1e-06,-0.0926187685164786,-0.2796016879858391,0.0665865730434606,-1.390952624277974,1,0.5518966317176819
2023-02-13 00:00:00+00:00,12.0600004196167,36.29999923706055,-0.3228825703194644,0.2350587158805341,0.0043905648851031,1e-06,-0.0417744536438631,-0.2806476110028769,0.0690109847541343,-0.6053304961911953,1,0.5517579913139343
2023-02-14 00:00:00+00:00,11.989999771118164,35.779998779296875,-0.2154974072880975,0.2934471242716168,0.0049693724778339,1e-06,0.0606597006174087,-0.2776393246541103,0.0730521373635892,0.8303617499307124,0,0.5515692234039307
2023-02-15 00:00:00+00:00,12.0,35.91999816894531,-0.253254646646349,0.2916984016209019,0.0049152529626514,1e-06,0.0239983153317895,-0.2773824907639649,0.0726357822105874,0.3303924677538823,0,0.5515706539154053
2023-02-16 00:00:00+00:00,11.949999809265137,35.84000015258789,-0.2759654132269098,0.3046474349115434,0.0050302132757372,1e-06,0.0017414013869502,-0.2775950310769167,0.0733864143153231,0.023729206600392,0,0.5518221259117126
2023-02-17 00:00:00+00:00,11.979999542236328,36.060001373291016,-0.3210138739435191,0.2981035838950024,0.0049562536203335,1e-06,-0.0409868527227676,-0.2791816978922715,0.0728408578213762,-0.5626904178322213,0,0.5517954230308533
2023-02-22 00:00:00+00:00,11.979999542236328,35.619998931884766,-0.1709174865679195,0.2690237309605039,0.0048723132103666,1e-06,0.1014828238960619,-0.2747301818808617,0.0722180735450703,1.405227513203157,-1,0.551811158657074
2023-02-23 00:00:00+00:00,11.890000343322754,35.709999084472656,-0.2916181009634648,0.2432036606425733,0.0047791962788955,1e-06,-0.0144671574957803,-0.2763248549440556,0.0715240136827735,-0.2022699335630934,0,0.5526021718978882
2023-02-24 00:00:00+00:00,11.800000190734863,35.45000076293945,-0.2929259984331107,0.2548099850893574,0.00480940257619,1e-06,-0.015871964939113,-0.2767985439941583,0.0716968364662072,-0.2213760846560362,0,0.5527534484863281
2023-02-27 00:00:00+00:00,11.869999885559082,35.310001373291016,-0.1751688353688063,0.2873467834763553,0.0051668912594577,1e-06,0.0962540898677176,-0.2733895780123261,0.0741242327403503,1.298550909860827,-1,0.5528551340103149
2023-02-28 00:00:00+00:00,11.859999656677246,35.560001373291016,-0.2704506293346291,0.2068466586278758,0.0045506035677483,1e-06,0.0039584912380316,-0.2740559419487754,0.0697857017296857,0.0567235284580908,-1,0.5535414814949036
2023-03-01 00:00:00+00:00,11.93000030517578,35.70000076293945,-0.2482074490761814,0.2379986633590626,0.0048352136082664,1e-06,0.0244908196472716,-0.2731889023532319,0.0717670126386208,0.3412545506191535,-1,0.5539786219596863
2023-03-02 00:00:00+00:00,11.920000076293944,35.65999984741211,-0.2445623152341607,0.2216345554627354,0.00467564474488,1e-06,0.0273233992139535,-0.2723573733056874,0.0706069852086229,0.386978698116354,-1,0.554387629032135
2023-03-03 00:00:00+00:00,11.949999809265137,35.70000076293945,-0.2282079449868241,0.2291605185103502,0.0046666389636539,1e-06,0.0420591440688617,-0.2710396634594588,0.0705096846946839,0.5965016614523703,-1,0.555001437664032
2023-03-06 00:00:00+00:00,11.989999771118164,35.93000030517578,-0.2666668668558554,0.2007447655976656,0.0044729354771371,1e-06,0.0046081921836317,-0.2711887437868586,0.0690806444550683,0.066707428976419,-1,0.5553151965141296
2023-03-07 00:00:00+00:00,12.0,35.90999984741211,-0.2498439566120911,0.2069605494038096,0.0045108742969008,1e-06,0.0201972748353213,-0.270470653827038,0.0693215840644409,0.2913562219891871,-1,0.5556807518005371
2023-03-08 00:00:00+00:00,12.079999923706056,36.20000076293945,-0.2687709607138782,0.2041319619729952,0.0044826768686206,1e-06,0.0018352271167975,-0.2705548263176222,0.0690845451218416,0.0265649446422618,-1,0.5560494065284729
2023-03-09 00:00:00+00:00,12.0600004196167,36.09999847412109,-0.2546570579935903,0.2010780754056211,0.0044623095644802,1e-06,0.0150354657457833,-0.2700232433463407,0.0689049730980184,0.2182058140331199,-1,0.5565510988235474
2023-03-10 00:00:00+00:00,12.0,36.040000915527344,-0.2941907348179189,0.1970657500493753,0.0044344038670059,1e-06,-0.0226678711770796,-0.2709413788730065,0.0686710331293105,-0.3300936383816311,0,0.5571672916412354
2023-03-13 00:00:00+00:00,12.100000381469728,36.34999847412109,-0.299938661224548,0.19978408503137,0.0044538192765388,1e-06,-0.0276703075844535,-0.2717457003598399,0.0687842190286103,-0.4022769753763469,0,0.5570911765098572
2023-03-14 00:00:00+00:00,12.239999771118164,36.59999847412109,-0.2452208366600992,0.1999805998272505,0.0044509390751373,1e-06,0.0248068602528772,-0.2707132834538178,0.0687362342872737,0.3608993205708703,0,0.5573863983154297
2023-03-15 00:00:00+00:00,12.489999771118164,37.25,-0.2169534263958308,0.234308203014086,0.0045923900434042,1e-06,0.0513524336635069,-0.2693033504601747,0.0697393882755095,0.7363476355805724,0,0.5575082302093506
2023-03-16 00:00:00+00:00,11.93000030517578,35.75,-0.2652635018342959,0.2013002272571024,0.0043673061030495,1e-06,0.0043757310591021,-0.2695019598622659,0.0680764964917778,0.0642766782164044,0,0.5579142570495605
2023-03-17 00:00:00+00:00,11.880000114440918,35.47999954223633,-0.2231594461232422,0.1940492260433975,0.0043228468960749,1e-06,0.0439075964261996,-0.2680685323879644,0.0677231480139314,0.6483395665122856,0,0.5577319860458374
2023-03-20 00:00:00+00:00,11.899999618530272,35.54999923706055,-0.2270386761539331,0.2220719545973639,0.004324839669579,1e-06,0.0394054057271755,-0.2671336755623824,0.0677176990738858,0.5819070385746696,0,0.5582228302955627
2023-03-21 00:00:00+00:00,11.640000343322754,34.849998474121094,-0.2482493088676047,0.2342894010941713,0.0043249723627076,1e-06,0.0183920663645778,-0.2668543745021776,0.0676994316471261,0.2716723895178898,0,0.5587495565414429
2023-03-22 00:00:00+00:00,11.640000343322754,34.689998626708984,-0.1936691592655908,0.1272746616505485,0.0036025015680426,1e-06,0.0686294399203959,-0.2641471916621274,0.0620796927407861,1.1055054703147176,0,0.559295654296875
2023-03-23 00:00:00+00:00,11.510000228881836,34.5,-0.2588557527083068,0.1466861688345763,0.003834594472769,1e-06,0.0055733904802382,-0.2643114127420452,0.0638990888923913,0.0872217519348992,0,0.5594203472137451
2023-03-24 00:00:00+00:00,11.6899995803833,35.0,-0.2494195313748157,0.1750358566383083,0.0040404457170727,1e-06,0.0141333244838385,-0.2638800797635517,0.0654725267063043,0.2158664892717152,0,0.5595974326133728
2023-03-27 00:00:00+00:00,11.68000030517578,34.970001220703125,-0.2491854351861508,0.1759678375802281,0.0040171458018163,1e-06,0.01403311223749,-0.263507338386228,0.0652724203021951,0.214992981300834,0,0.55985027551651
2023-03-28 00:00:00+00:00,11.68000030517578,35.029998779296875,-0.2696521779785232,0.1513288887060302,0.0038525204824917,1e-06,-0.0056764905056595,-0.2637723257009022,0.0639710155995068,-0.088735350728171,0,0.5604112148284912
2023-03-29 00:00:00+00:00,11.619999885559082,34.91999816894531,-0.2921285007513212,0.1666577201585765,0.0039132819347139,1e-06,-0.0268569919958836,-0.2646063924371636,0.0644250972407936,-0.4168715787188278,0,0.5594733953475952
2023-03-30 00:00:00+00:00,11.619999885559082,34.849998474121094,-0.2682497666312766,0.1779744497034409,0.0039651884541337,1e-06,-0.0037037362167284,-0.2645732926900963,0.06480935252579,-0.0571481749529072,0,0.559304416179657
2023-03-31 00:00:00+00:00,11.609999656677246,34.83000183105469,-0.2714286154445968,0.1572926097897887,0.003833387821474,1e-06,-0.0065102525447743,-0.2647630710394196,0.0637608928197582,-0.1021041622358989,0,0.5592965483665466
2023-04-03 00:00:00+00:00,11.5600004196167,34.650001525878906,-0.2600250215412014,0.1656255062469036,0.0039045464098661,1e-06,0.0044281726156365,-0.2645948159434031,0.0642999161045276,0.068867471124503,0,0.5582442879676819
2023-04-04 00:00:00+00:00,11.699999809265137,35.18000030517578,-0.3008221334569221,0.1639978300767568,0.0039044342834195,1e-06,-0.0342743221986376,-0.2656476927207835,0.0642815735479558,-0.5331904666749961,0,0.5580743551254272
2023-04-05 00:00:00+00:00,11.670000076293944,35.18000030517578,-0.3308218664281153,0.170049652132556,0.0039228650481016,1e-06,-0.0620894219202954,-0.2672923772301471,0.0644092481135792,-0.9639830263319796,0,0.5576052665710449
2023-04-06 00:00:00+00:00,11.65999984741211,35.04999923706055,-0.2964753171041216,0.1497791974157614,0.0038134557186852,1e-06,-0.0281176782238985,-0.2678622875908424,0.0635341609610894,-0.4425599991966336,0,0.557117223739624
2023-04-10 00:00:00+00:00,11.270000457763672,33.95000076293945,-0.3112363409003826,0.1640245335794303,0.0039121148248922,1e-06,-0.0413806062935941,-0.2689122340070465,0.0642931320022632,-0.6436240544656847,0,0.5566984415054321
2023-04-11 00:00:00+00:00,11.31999969482422,33.939998626708984,-0.2578251125121635,0.1610900158739701,0.0039080669264858,1e-06,0.0101788023098451,-0.2684365634002654,0.0642469364991601,0.1584324928859162,0,0.5563670992851257
2023-04-12 00:00:00+00:00,11.550000190734863,34.70000076293945,-0.2870813031811519,0.1661363738402242,0.0039456380527787,1e-06,-0.0176242906326269,-0.2689656499785822,0.064526076076963,-0.2731343931654188,0,0.556158185005188
2023-04-13 00:00:00+00:00,11.59000015258789,34.95000076293945,-0.3323629064121114,0.1794249638415028,0.0040441649694127,1e-06,-0.0604872932229324,-0.2704528424674278,0.0652754193771364,-0.9266473321827312,0,0.5559079051017761
2023-04-14 00:00:00+00:00,11.609999656677246,34.79999923706055,-0.2611939427549981,0.1731946499647421,0.0040462356160869,1e-06,0.0083085781846832,-0.269968446558149,0.0652796238590913,0.127276747222344,0,0.5556531548500061
2023-04-17 00:00:00+00:00,11.729999542236328,35.36000061035156,-0.3322252314496747,0.1534109409059512,0.0039275979908415,1e-06,-0.0590942852969253,-0.2715886613321787,0.0643494705446143,-0.9183336676555012,0,0.5555483102798462
2023-04-18 00:00:00+00:00,11.670000076293944,35.11000061035156,-0.3069431323080724,0.1718656358976047,0.003984677296491,1e-06,-0.0341376960913984,-0.2722014700446262,0.0647822000351434,-0.5269610490671698,0,0.5554226040840149
2023-04-19 00:00:00+00:00,11.579999923706056,34.72999954223633,-0.2673149416061449,0.193563963158772,0.0041107486249175,1e-06,0.0043573083775705,-0.2719399489916954,0.065741641683924,0.0662792754479705,0,0.5549184083938599
2023-04-20 00:00:00+00:00,11.56999969482422,34.650001525878906,-0.2500257463336801,0.2114595815620643,0.0042033963555558,1e-06,0.0209821216836056,-0.2714868329540722,0.0664368134701494,0.3158207112542061,0,0.5543578267097473
2023-04-24 00:00:00+00:00,11.8100004196167,35.439998626708984,-0.2795137782236043,0.1963601132028931,0.0041060284235497,1e-06,-0.007473039028223,-0.271757399164137,0.0656899247641232,-0.113762331971866,0,0.554389476776123
2023-04-25 00:00:00+00:00,11.779999732971191,35.45000076293945,-0.3129264561967826,0.203625312135353,0.0041495897798295,1e-06,-0.0393943250881509,-0.2726162515022512,0.066013946715798,-0.5967576102933312,0,0.5537924766540527
2023-04-26 00:00:00+00:00,11.699999809265137,35.130001068115234,-0.2837660806988076,0.1935514960163466,0.0040896912770964,1e-06,-0.0109896054781198,-0.2726939177162686,0.0655497045606338,-0.1676530131109043,0,0.5530644059181213
2023-04-27 00:00:00+00:00,11.720000267028809,35.31999969482422,-0.3285791439333376,0.1911477726440888,0.0040763819858714,1e-06,-0.0534401355835807,-0.273875301845974,0.0654401032775342,-0.8166266999448156,0,0.5526425242424011
2023-04-28 00:00:00+00:00,12.06999969482422,36.40999984741211,-0.3504073919558426,0.1919250347257443,0.0040774614105978,1e-06,-0.0735339705382248,-0.275316331526796,0.0654409572279559,-1.1236689323183002,0,0.551601231098175
2023-05-02 00:00:00+00:00,12.0,36.08000183105469,-0.3078360975417755,0.1924647127194894,0.004091260530505,1e-06,-0.0316952241915821,-0.2757106738210121,0.0655393905868281,-0.4836057202819366,0,0.5513659715652466
2023-05-03 00:00:00+00:00,12.0600004196167,36.09000015258789,-0.2512463679593342,0.2111882985100504,0.0042248738496967,1e-06,0.0231269986850613,-0.2750815216599954,0.0665473971100635,0.3475267206441052,0,0.5510868430137634
2023-05-04 00:00:00+00:00,11.8100004196167,35.689998626708984,-0.3647953433075912,0.1984676807907856,0.0042427461990788,1e-06,-0.0856683365853763,-0.2769929076854909,0.0666753902558622,-1.284856920321426,1,0.5510859489440918
2023-05-05 00:00:00+00:00,12.0,35.93000030517578,-0.2566666379740194,0.1603418207475362,0.0040672882772405,1e-06,0.0187788419995482,-0.2762472671507528,0.0653352794056404,0.2874226936867907,0,0.550753653049469
2023-05-08 00:00:00+00:00,11.960000038146973,36.040000915527344,-0.3341906966709462,0.1593447056709562,0.0039382899361084,1e-06,-0.0550990285198604,-0.2776122073074534,0.0643308473919434,-0.8564946795145248,0,0.5507475733757019
2023-05-09 00:00:00+00:00,12.079999923706056,36.25,-0.2858270134719927,0.1444748163312816,0.0038057910466573,1e-06,-0.0082024989189295,-0.2776181354177752,0.0632813782095309,-0.1296194733902643,0,0.5505878329277039
2023-05-10 00:00:00+00:00,12.199999809265137,36.54999923706055,-0.2681647457550138,0.1321517178734685,0.0037363479154351,1e-06,0.0089339033064008,-0.277367503778643,0.0627194737801375,0.1424422554583049,0,0.5504734516143799
2023-05-11 00:00:00+00:00,12.3100004196167,37.06999969482422,-0.3355499469333516,0.1491085173209251,0.003909799909507,1e-06,-0.0554109220990095,-0.2786836766454258,0.0640829495001019,-0.8646749647333488,0,0.5504173040390015
2023-05-12 00:00:00+00:00,12.359999656677246,37.18999862670898,-0.326485496750962,0.1590859509757813,0.0039705504716461,1e-06,-0.0460296392382363,-0.2795159510270872,0.0645497691877134,-0.7130875883441233,0,0.5502801537513733
2023-05-15 00:00:00+00:00,12.34000015258789,37.16999816894531,-0.339662319478391,0.1382114318863509,0.0037836059590715,1e-06,-0.0575694680327097,-0.2807357963354426,0.0630738509449062,-0.9127311424665588,0,0.5504748225212097
2023-05-16 00:00:00+00:00,12.34000015258789,37.02000045776367,-0.2884941612040457,0.1440256498739062,0.0038008345376922,1e-06,-0.0077836118053856,-0.2807239476950302,0.0632034389147306,-0.123151713562401,0,0.5506149530410767
2023-05-17 00:00:00+00:00,12.329999923706056,37.09000015258789,-0.3223731242059244,0.118746193134069,0.0036582296792587,1e-06,-0.0396328158258379,-0.2816795845978382,0.0620533340677124,-0.6386895470046895,0,0.5509087443351746
2023-05-18 00:00:00+00:00,12.369999885559082,37.15999984741211,-0.3062518964729417,0.1377266210214701,0.0037947808010652,1e-06,-0.0236711710482611,-0.2820995481132093,0.0631398107334644,-0.3749008869884895,0,0.5506917238235474
2023-05-19 00:00:00+00:00,12.43000030517578,37.08000183105469,-0.2189620527019418,0.1372613561840421,0.0038712138269258,1e-06,0.0600787983417511,-0.2806808027266111,0.0637368588533594,0.9426068278635366,0,0.550560474395752
2023-05-22 00:00:00+00:00,12.350000381469728,37.08000183105469,-0.2989619764079929,0.1377540025702663,0.0038975131833418,1e-06,-0.0170703950227421,-0.2812396565605044,0.0639371852361228,-0.2669869647795788,0,0.551117479801178
2023-05-23 00:00:00+00:00,12.359999656677246,37.25,-0.3469535408367488,0.1213204462750812,0.0037331101072102,1e-06,-0.0626775670483858,-0.2826486835953368,0.0626284456696126,-1.0007843301593708,0,0.5510640740394592
2023-05-24 00:00:00+00:00,12.40999984741211,37.33000183105469,-0.3242440755495988,0.1198314432895958,0.003753839637212,1e-06,-0.0399832950502309,-0.2833937578530745,0.06278727918953,-0.636805664560446,0,0.551134467124939
2023-05-25 00:00:00+00:00,12.420000076293944,37.619998931884766,-0.4131694731821955,0.0619182111876455,0.0033916775695246,1e-06,-0.1229946146559934,-0.286616193904354,0.0598150947467556,-2.0562470924225127,1,0.5510527491569519
2023-05-26 00:00:00+00:00,12.479999542236328,37.68000030517578,-0.3736380513255959,0.1331736615042079,0.0032548205084081,1e-06,-0.0832548226452426,-0.2883229555310827,0.0586523367874568,-1.4194630121377745,1,0.5508201718330383
2023-05-29 00:00:00+00:00,12.59000015258789,37.86000061035156,-0.3250402719379774,0.2746783577862344,0.0036630784444257,1e-06,-0.0361043388964774,-0.2885735171430362,0.0620452813811115,-0.5819030568127724,1,0.5507778525352478
2023-05-30 00:00:00+00:00,12.5,37.59000015258789,-0.3229361780799529,0.313936458905351,0.0038632528230094,1e-06,-0.0334158311158394,-0.2889472635712434,0.0636414458530897,-0.5250639841366387,1,0.5510097146034241
2023-05-31 00:00:00+00:00,12.399999618530272,36.91999816894531,-0.194381288452023,0.2200025116879604,0.0033625231663158,1e-06,0.0895448483013322,-0.286817244322305,0.0595624228635854,1.5033782038453158,0,0.5510907173156738
2023-06-01 00:00:00+00:00,12.369999885559082,37.08000183105469,-0.2789624723186392,0.1994545500096541,0.0032028742624516,1e-06,0.0083753437121994,-0.2870406990280504,0.0581973709106132,0.1439127503725779,0,0.5510843992233276
2023-06-02 00:00:00+00:00,12.270000457763672,36.93000030517578,-0.3277924405462933,0.2754372758460987,0.0036252222444475,1e-06,-0.0388403220902738,-0.2878137571932233,0.0617273403563525,-0.6292239689260587,0,0.5514604449272156
2023-06-05 00:00:00+00:00,12.220000267028809,36.66999816894531,-0.2890990748694992,0.1808338418071808,0.0030324018285391,1e-06,-0.0016012581431427,-0.2876772309955867,0.0567008213966994,-0.0282404752470827,0,0.5517236590385437
2023-06-06 00:00:00+00:00,12.4399995803833,37.36000061035156,-0.3044777139745935,0.1866399207987826,0.0031501928410751,1e-06,-0.0159292646827681,-0.2880506834782658,0.0577271037628416,-0.2759408257897326,0,0.5519765019416809
2023-06-07 00:00:00+00:00,12.489999771118164,37.459999084472656,-0.288589628755961,0.2570986643005396,0.0026678419999026,1e-06,-0.0007507352665683,-0.287964756006153,0.0533721808114363,-0.0140660406817687,0,0.5517235398292542
2023-06-09 00:00:00+00:00,12.600000381469728,38.0099983215332,-0.366208201330485,-0.053598167627308,0.0017593625986559,0.0003994503800243,-0.058547016488861,-0.3043409075303501,0.0468900490586691,-1.2486021589699487,0,0.5523687601089478
2023-06-12 00:00:00+00:00,12.619999885559082,38.15999984741211,-0.3973781568088874,0.1257323283526801,0.0024764151238984,1e-06,-0.0799223402882127,-0.3144789927342103,0.0538086277926712,-1.4853071629360184,1,0.5524097084999084
2023-06-13 00:00:00+00:00,12.470000267028809,37.650001525878906,-0.3734039551369292,0.1113131685404649,0.002374221898799,1e-06,-0.0514738959105657,-0.320112221738494,0.0525382611070695,-0.9797411415209456,1,0.5527761578559875
2023-06-14 00:00:00+00:00,12.6899995803833,38.11000061035156,-0.3103224092265542,0.2461422998374597,0.0025927304148333,1e-06,0.0071462064111877,-0.3182481497347975,0.0544611274063537,0.1312166448165379,0,0.5525001883506775
2023-06-15 00:00:00+00:00,12.619999885559082,38.0099983215332,-0.3462086972411313,0.1247585718940927,0.0021246999979507,1e-06,-0.0237417294070226,-0.3212911252425954,0.0496647844191134,-0.4780395140079517,0,0.5523868203163147
2023-06-16 00:00:00+00:00,12.460000038146973,37.38999938964844,-0.2947106276071096,0.3087174515931795,0.0030239728388016,1e-06,0.0235814592672169,-0.3193302841629158,0.0580214159034999,0.4064268149959859,0,0.5523892641067505
2023-06-19 00:00:00+00:00,12.5600004196167,37.810001373291016,-0.3379839521510543,0.2230274289845888,0.0026300649385412,1e-06,-0.0161568447649563,-0.3210005614695941,0.0543752006786354,-0.2971362783642011,0,0.552431583404541
2023-06-20 00:00:00+00:00,12.609999656677246,37.83000183105469,-0.2948073964524358,0.2409375024036207,0.0027605731140711,1e-06,0.0233157059601284,-0.3191225252525731,0.0554802708115364,0.4202522017120404,0,0.5522118806838989
2023-06-21 00:00:00+00:00,12.59000015258789,37.84999847412109,-0.3216282806103052,0.2335438891571357,0.002713213270184,1e-06,-0.0017499162639495,-0.3196096380075691,0.0549615237319712,-0.0318389328593462,0,0.5524069666862488
2023-06-22 00:00:00+00:00,12.529999732971191,37.58000183105469,-0.2895257550745036,0.2139907508133021,0.0026404656362197,1e-06,0.0271525076430222,-0.317733704371946,0.0542026190306972,0.5009445692586291,0,0.5526835918426514
2023-06-23 00:00:00+00:00,12.65999984741211,38.04999923706055,-0.3198540981119606,0.2154511298753224,0.0026529199408445,1e-06,-0.0013772312143624,-0.3182012390493692,0.0542404055048486,-0.0253912411152489,0,0.5529475212097168
2023-06-26 00:00:00+00:00,12.619999885559082,37.810001373291016,-0.2779844862086715,0.1986657115607218,0.0025900052543313,1e-06,0.0364099185835508,-0.3158262391568289,0.0535751809306623,0.6796042113357116,0,0.5526071786880493
2023-06-27 00:00:00+00:00,12.470000267028809,37.459999084472656,-0.3085891328453165,0.1993820853567101,0.0026061069707186,1e-06,0.007239146498186,-0.3158274908353252,0.0536570707759575,0.1349150520797675,0,0.5531219244003296
2023-06-28 00:00:00+00:00,12.4399995803833,37.27999877929688,-0.2771869885268838,0.2054557100506915,0.0025486584019558,1e-06,0.0352751743332166,-0.3138014785863874,0.0530526340871675,0.6649090085754862,0,0.5535658001899719
2023-06-29 00:00:00+00:00,12.43000030517578,37.16999816894531,-0.2496621668905021,0.2005097814397657,0.0025283269982976,1e-06,0.0590277502827763,-0.310764842443985,0.0527986327679166,1.1179787655153983,0,0.5542199015617371
2023-06-30 00:00:00+00:00,12.59000015258789,37.63999938964844,-0.2499920782501767,0.1518523409229111,0.002286665051193,1e-06,0.0556439471420273,-0.3076950766029757,0.0503652066170415,1.1048092697231129,0,0.5548410415649414
2023-07-03 00:00:00+00:00,12.460000038146973,37.5099983215332,-0.3356454144852669,0.1871556480406714,0.0023935510965655,1e-06,-0.0244673262663096,-0.3097077776543938,0.0513698161695142,-0.476297718986777,0,0.5560272932052612
2023-07-04 00:00:00+00:00,12.43000030517578,37.400001525878906,-0.3281223519059733,0.1373799896561759,0.0021983772842282,1e-06,-0.0169260326574519,-0.3105745974122707,0.0493491026111377,-0.3429856220654329,0,0.5559735298156738
2023-07-05 00:00:00+00:00,12.369999885559082,37.119998931884766,-0.2926065337490851,0.1542850874024365,0.0022585783295381,1e-06,0.0160458134754328,-0.3094846793761416,0.049906011004004,0.3215206575846245,0,0.5560758113861084
2023-07-06 00:00:00+00:00,12.34000015258789,37.02999877929688,-0.2919048512383071,0.1190763081782125,0.0021116450581524,1e-06,0.0160267677104496,-0.3086044221900899,0.0483366743198558,0.3315653783790872,0,0.5552511811256409
2023-07-07 00:00:00+00:00,12.449999809265137,37.16999816894531,-0.2296626628011449,0.157712867745851,0.0020426739112563,1e-06,0.0714579693127049,-0.3045212055057167,0.0475651007635206,1.5023193090239084,-1,0.5556421279907227
2023-07-10 00:00:00+00:00,12.279999732971191,36.75,-0.2563903343748297,0.0507785035446735,0.0017394938534167,1e-06,0.0429314618203359,-0.3015890790134537,0.0441429850717182,0.9725545689895244,-1,0.5562677979469299
2023-07-11 00:00:00+00:00,12.149999618530272,36.47999954223633,-0.294286202369836,0.1467232156307848,0.0020980873377093,1e-06,0.0072107555920031,-0.3015406880391406,0.0480326641896772,0.1501219162761501,-1,0.5566704869270325
2023-07-12 00:00:00+00:00,12.09000015258789,36.220001220703125,-0.2655934131939723,0.1397096818037116,0.0020773720513072,1e-06,0.0327564410111032,-0.2998873857757511,0.0477751684281501,0.6856373737408421,-1,0.5569579601287842
2023-07-13 00:00:00+00:00,12.100000381469728,36.220001220703125,-0.2555931843121346,0.1384241417268263,0.0020486515022877,1e-06,0.0406720801176298,-0.2980395347257224,0.0474342978925768,0.8574403316717959,-1,0.5575004816055298
2023-07-14 00:00:00+00:00,12.109999656677246,36.16999816894531,-0.2285365550530897,0.1552216121613477,0.0020420279190527,1e-06,0.0638616073648815,-0.2952334343951937,0.0473326849535457,1.3492073696549851,-1,0.5581227540969849
2023-07-17 00:00:00+00:00,12.130000114440918,36.40999984741211,-0.2904069723391451,0.1937869632964561,0.0021447320635094,1e-06,0.0054501040189017,-0.295532150379209,0.0483900783770252,0.1126285429099314,-1,0.558983325958252
2023-07-18 00:00:00+00:00,12.09000015258789,36.36000061035156,-0.313350881434058,0.3620655851354089,0.002709539552876,1e-06,-0.0166321483310138,-0.2960289486590577,0.0539380398428033,-0.3083565583674623,0,0.5594838261604309
2023-07-19 00:00:00+00:00,12.0600004196167,36.18999862670898,-0.2853584734755614,0.3565862022398292,0.0026128978283782,1e-06,0.0096430560510331,-0.2956003892001245,0.0530241275694903,0.1818616636057907,0,0.5596479773521423
2023-07-20 00:00:00+00:00,12.06999969482422,36.380001068115234,-0.3401740205596564,0.3137657628962881,0.0024544837160547,1e-06,-0.0413805638818824,-0.2969743819866492,0.0514892140300739,-0.8036744133968093,0,0.5600339770317078
2023-07-21 00:00:00+00:00,12.210000038146973,36.61000061035156,-0.2786325609589628,0.2669356136612722,0.0022322312690989,1e-06,0.0161403672988862,-0.2959982807780689,0.0492546767520594,0.3276920764323442,0,0.5597686767578125
2023-07-24 00:00:00+00:00,12.170000076293944,36.75,-0.3663899910520776,0.1985850928643209,0.0020571358480824,1e-06,-0.0642703534679369,-0.2988195570531755,0.0474058247390588,-1.3557480293130084,1,0.559828519821167
2023-07-25 00:00:00+00:00,12.079999923706056,36.2400016784668,-0.2824163234377348,0.1342846980953603,0.0018484946747967,1e-06,0.0140575391076299,-0.2977077827749886,0.0450999907598535,0.3116971615910721,0,0.5595337152481079
2023-07-26 00:00:00+00:00,12.079999923706056,36.31999969482422,-0.3097057475920355,0.1676672047951807,0.0019153716317241,1e-06,-0.0107307685462394,-0.2982878414824953,0.0458194042098372,-0.2341970335776569,0,0.5596296787261963
2023-07-27 00:00:00+00:00,12.010000228881836,36.09999847412109,-0.3046572487284535,0.1380034726783517,0.0018188336148924,1e-06,-0.0059157596026638,-0.2984964035944138,0.0447165675649182,-0.1322945817358519,0,0.5592560172080994
2023-07-28 00:00:00+00:00,12.079999923706056,36.18999862670898,-0.2653589693862042,0.1033141999985278,0.001642391604194,1e-06,0.0296906007105788,-0.2969028667129495,0.0426459915698868,0.6962108188274357,0,0.5590437650680542
2023-07-31 00:00:00+00:00,12.06999969482422,36.0,-0.2105456772698417,0.1874330996555256,0.0017419589502852,1e-06,0.0789040121175027,-0.2936841929772777,0.0437943579724688,1.801693546166505,-1,0.5587342381477356
2023-08-01 00:00:00+00:00,12.050000190734863,36.130001068115234,-0.2748919595650267,0.1170928630156128,0.0015800496994098,1e-06,0.0178099514710919,-0.2932469626806915,0.0418534943276647,0.4255308130704808,-1,0.5590810179710388
2023-08-02 00:00:00+00:00,12.06999969482422,36.20000076293945,-0.2787711895957141,0.1112647155517735,0.0015495024479465,1e-06,0.0131805103741063,-0.292677717494621,0.0414551750847033,0.3179460790401989,-1,0.5587782859802246
2023-08-03 00:00:00+00:00,12.18000030517578,36.41999816894531,-0.2438174716385415,0.1168504488601259,0.0015869807534865,1e-06,0.0441253769124996,-0.2906380970323841,0.0418850188890401,1.0534882896769018,-1,0.5584640502929688
2023-08-04 00:00:00+00:00,12.229999542236328,36.5,-0.2211089600257079,0.1422960303653078,0.0016565211965281,1e-06,0.0635646747905519,-0.2881478195455514,0.0426968650435271,1.488743370871635,-1,0.5588180422782898
2023-08-07 00:00:00+00:00,12.1899995803833,36.34999847412109,-0.2099394623109756,0.1607064908822253,0.0015972538945628,1e-06,0.0716850432158141,-0.2854921074864143,0.041975471248327,1.7077841197237609,-1,0.5598284006118774
2023-08-08 00:00:00+00:00,11.800000190734863,35.310001373291016,-0.2451685301930251,0.1388234543750354,0.001542856750978,1e-06,0.0373146161218889,-0.2842649212230215,0.0412954302950405,0.903601581465308,-1,0.5610125660896301
2023-08-09 00:00:00+00:00,11.619999885559082,34.689998626708984,-0.2136696170292626,0.0004444995286366,0.0011841569369069,0.0001572004472251,0.0550829411970407,-0.2734029426024179,0.0380058634242689,1.4493274519811885,-1,0.5613324046134949
2023-08-10 00:00:00+00:00,11.630000114440918,34.880001068115234,-0.2684842104390395,0.0030803325042045,0.0012217319995966,0.0001017547990341,0.0037495113346515,-0.2725268692219176,0.0390249525964221,0.0960798434126819,-1,0.561747133731842
2023-08-11 00:00:00+00:00,11.59000015258789,34.83000183105469,-0.2914281195339523,0.0198191390188917,0.0012530037177298,8.049842363332007e-05,-0.0141224875634079,-0.2761686565901338,0.0396476456358975,-0.3561999038505647,0,0.561028242111206
2023-08-14 00:00:00+00:00,11.619999885559082,34.81999969482422,-0.2580163952350904,0.0235389969810164,0.0012738358555635,4.0789322683599735e-05,0.0137340941984804,-0.2728596037478326,0.0397834152117425,0.345221598633058,0,0.5606215000152588
2023-08-15 00:00:00+00:00,11.539999961853027,34.5,-0.2288560197371154,0.0770033237316572,0.0012403109382826,4.447733712741237e-05,0.0338872080700386,-0.2654249118985455,0.0393270035360069,0.8616778554972357,0,0.5607656240463257
2023-08-16 00:00:00+00:00,11.5,34.45000076293945,-0.2517999288320283,0.1352899276835858,0.0012453687675665,3.5940558393145455e-05,0.0116004570037045,-0.2639755139450599,0.039365577239974,0.2946853016529581,0,0.5606938004493713
2023-08-17 00:00:00+00:00,11.539999961853027,34.5,-0.2288560197371154,0.0001307352122365,0.0010159646867001,0.0002024316968049,0.02285647156233,-0.2539621385385062,0.0370236920967183,0.6173471706339095,0,0.5602571964263916
2023-08-18 00:00:00+00:00,11.619999885559082,34.720001220703125,-0.2239042897188614,-0.050833828657429,0.0008606498413767,0.0003044092111453,0.0157919916435203,-0.2416310065286605,0.0353036153578929,0.4473193887772647,0,0.5599851012229919
2023-08-21 00:00:00+00:00,11.529999732971191,34.45000076293945,-0.2218001958608368,-0.0181923920755873,0.0008470956769545,0.0003160583416929,0.010140070878797,-0.2331623398914422,0.0353846296991898,0.2865671045592209,0,0.5601977705955505
2023-08-22 00:00:00+00:00,11.529999732971191,34.5,-0.2388562486189513,-0.0562577522762765,0.000802814022845,0.0003387470845842,-0.0030865439403667,-0.2354643406539891,0.0346737377827875,-0.0890167642064532,0,0.560445249080658
2023-08-23 00:00:00+00:00,11.520000457763672,34.56999969482422,-0.2727342579465137,-0.0318603878856594,0.0008442545973883,0.000305496245126,-0.0190774768335237,-0.2514161503699287,0.03535170093795,-0.5396480601317839,0,0.56035315990448
2023-08-24 00:00:00+00:00,11.619999885559082,34.900001525878906,-0.2853071206828037,-0.0259246211614876,0.0008465265339188,0.0003103674269045,-0.0171050023206154,-0.2661460467974206,0.0354289191353758,-0.4827977465317597,0,0.5603731274604797
2023-08-25 00:00:00+00:00,11.600000381469728,34.77000045776367,-0.2609598465663296,-0.0256540429910358,0.0008413673953084,0.0003142181998745,0.0028508957629441,-0.2640942474556271,0.0353655190324208,0.0806122981068262,0,0.5603566765785217
2023-08-28 00:00:00+00:00,11.579999923706056,34.72999954223633,-0.2673149416061449,-0.0257789999693609,0.0008396955005995,0.000315371009984,-0.0016685370101628,-0.2654585779172321,0.0353450386986403,-0.0472071066151355,0,0.5606501698493958
2023-08-29 00:00:00+00:00,11.640000343322754,34.939998626708984,-0.2789507243495777,-0.0143362943535728,0.0008560538905522,0.0003003320585347,-0.0069509866667027,-0.2711899103756402,0.0356052030445349,-0.1952239019114262,0,0.5605835318565369
2023-08-30 00:00:00+00:00,11.619999885559082,34.810001373291016,-0.2546057052008326,-0.0142942199562801,0.0008587588560674,0.0002982316108278,0.008628741281963,-0.2642216550307746,0.0356450136962234,0.2420742871779912,0,0.5603242516517639
2023-08-31 00:00:00+00:00,11.4399995803833,34.20000076293945,-0.2265187833647406,0.0109410198029786,0.0008873686412423,0.0002783007248532,0.0201080881208505,-0.2488921990990319,0.0361197400960837,0.556706334745491,0,0.5601249933242798
2023-09-01 00:00:00+00:00,11.630000114440918,34.90999984741211,-0.2787175818352256,-0.0114671958454072,0.0008770111256382,0.0002823697094855,-0.0158231881931107,-0.2611250012535107,0.0359134804310748,-0.4405918892622681,0,0.5597677826881409
2023-09-04 00:00:00+00:00,11.640000343322754,34.86000061035156,-0.2516613001952752,-0.0167166021215016,0.0008564098475287,0.0002958202499047,0.0050278186588838,-0.2572413580348784,0.0355852853993799,0.1412892605034848,0,0.5588517189025879
2023-09-05 00:00:00+00:00,11.460000038146973,34.29999923706055,-0.2406304311172977,-0.0373044611835642,0.0008377398866591,0.0002916261080692,0.0084465989471986,-0.2500908217900795,0.0351895612598408,0.2400313798978263,0,0.558478593826294
2023-09-06 00:00:00+00:00,11.350000381469728,34.0,-0.2482924699524407,-0.0295734197775243,0.0008343234061578,0.0002934326082697,0.0008051835638863,-0.2492225030590957,0.0351247321384256,0.0229235502982102,0,0.5581349730491638
2023-09-08 00:00:00+00:00,11.43000030517578,34.25,-0.2535741113303764,-0.0180215424971155,0.0008391303140764,0.0002891630651966,-0.0022625381162428,-0.2510457012183586,0.0352154902882561,-0.0642483775668854,0,0.5574596524238586
2023-09-11 00:00:00+00:00,11.529999732971191,34.70000076293945,-0.3070817609448237,-0.0331978236654643,0.0008286122394007,0.0003076428005583,-0.0284937438947129,-0.275189575588977,0.0350664201638109,-0.8125649485064609,0,0.5563830733299255
2023-09-12 00:00:00+00:00,11.550000190734863,34.779998779296875,-0.3143707273354525,-0.0218637026906685,0.0008325427410115,0.0003162768692956,-0.0195588851002358,-0.2924103529921749,0.0352019176719519,-0.5556198751018581,0,0.5550557971000671
2023-09-13 00:00:00+00:00,11.600000381469728,34.779998779296875,-0.2643705366005875,-0.0082364034350888,0.0008485201546464,0.0003033782535555,0.0144872317134721,-0.2805402680003719,0.0354896494482281,0.4082100538808061,0,0.5543981194496155
2023-09-14 00:00:00+00:00,11.619999885559082,34.91999816894531,-0.2921285007513212,0.0166173185347952,0.0008598805286801,0.0002939008017137,-0.0059036452860232,-0.2855053879540903,0.0357248846468151,-0.1652530258498565,0,0.5538644790649414
2023-09-15 00:00:00+00:00,11.75,35.310001373291016,-0.2951687209278884,-0.006438463126276,0.000829197473356,0.0003156698882784,-0.0048335382157896,-0.2897493510641282,0.035225589054073,-0.137216675308677,0,0.5537557005882263
2023-09-18 00:00:00+00:00,11.75,35.150001525878906,-0.2405885713258726,0.0162075388724124,0.0008823245421847,0.0002734814078748,0.0260902389139219,-0.2696641320726923,0.0360401658828623,0.723921166143363,0,0.5536842942237854
2023-09-19 00:00:00+00:00,11.670000076293944,35.0099983215332,-0.2728297254984309,0.0126786422753411,0.0008810366320947,0.0002751933870719,-0.0015250655777769,-0.2710929242560112,0.0360125333125246,-0.0423481892968246,0,0.5534944534301758
2023-09-20 00:00:00+00:00,11.699999809265137,35.09000015258789,-0.2701207179749509,0.0114174093272009,0.0008786923738637,0.0002734423962797,0.0005079262567773,-0.2706887100733653,0.035960472367243,0.0141245713234846,0,0.5530456900596619
2023-09-21 00:00:00+00:00,11.710000038146973,34.97999954223633,-0.2225963922492155,0.0277648902040834,0.0009117449584672,0.0002508361375509,0.026376734071588,-0.2518957128326636,0.0364582042804019,0.7234786954596899,0,0.5529335737228394
2023-09-22 00:00:00+00:00,11.649999618530272,34.93000030517578,-0.265540759107802,0.0144513088494775,0.0009054828945902,0.0002554532583714,-0.0072618521042103,-0.2574299923860557,0.036338055656412,-0.1998415152663512,0,0.5528957843780518
2023-09-25 00:00:00+00:00,11.539999961853027,34.72999954223633,-0.307314903459174,0.0743088061748971,0.0010017816212788,0.000189059711512,-0.0299538227736174,-0.2743512965555913,0.0377267114981355,-0.7939685592553637,0,0.5527963042259216
2023-09-26 00:00:00+00:00,11.43000030517578,34.470001220703125,-0.3286223050181771,0.062455362755303,0.000952114394893,0.0002516790357825,-0.0313272300150155,-0.2941316436887993,0.037181045482723,-0.8425591483050786,0,0.5526989102363586
2023-09-27 00:00:00+00:00,11.510000228881836,34.38999938964844,-0.2213316558644074,0.0377748071656383,0.0009907176470345,0.0002230434421906,0.0413950506209047,-0.2670838930949424,0.0376783418505757,1.0986431086874449,0,0.5527842044830322
2023-09-28 00:00:00+00:00,11.510000228881836,34.54999923706055,-0.2759118054664213,0.0552051087374853,0.001031184797837,0.0001938122691853,-0.0043566787169998,-0.2708988060063195,0.0381948827352036,-0.1140644611269958,0,0.5530402660369873
2023-09-29 00:00:00+00:00,11.510000228881836,34.560001373291016,-0.2793237967940918,0.075601272154621,0.0010571001012037,0.0001809116614124,-0.0052803064944473,-0.2735636232965842,0.0385445449897793,-0.1369923161850137,0,0.5530391335487366
2023-10-02 00:00:00+00:00,11.529999732971191,34.5,-0.2388562486189513,0.1036028341490381,0.0011066038332146,0.0001309064565773,0.0221573728003173,-0.2631293264751164,0.0390728770478848,0.5670780980157375,0,0.552923321723938
2023-10-03 00:00:00+00:00,11.270000457763672,33.83000183105469,-0.2703015540222253,0.0982833955458022,0.0010986535025292,0.0001367931722919,-0.003855049199878,-0.2658815100992853,0.0388899748020295,-0.0991270685954998,0,0.5530465841293335
2023-10-04 00:00:00+00:00,11.399999618530272,34.25,-0.2835747979758842,0.0758972383928914,0.0010491987543315,0.0001712003970947,-0.011113015737631,-0.2714062077411578,0.0382537564787075,-0.2905078287884414,0,0.5531265735626221
2023-10-05 00:00:00+00:00,11.350000381469728,34.2400016784668,-0.3301633450021697,0.081179630864861,0.0010170299325182,0.0002157461548347,-0.0354042095322673,-0.2912782513906657,0.0380222426076516,-0.9311446959507492,0,0.5529195070266724
2023-10-06 00:00:00+00:00,11.390000343322754,34.13999938964844,-0.2560499763395025,0.0954342893202515,0.0010472708827939,0.0001887008271959,0.0200686094669987,-0.2784264962788983,0.0384892217520439,0.5214085542255219,0,0.5527313947677612
2023-10-09 00:00:00+00:00,11.289999961853027,33.970001220703125,-0.2980595181729555,0.079492974750535,0.0010312499829358,0.0002000066358551,-0.0110849657432145,-0.2857119656153398,0.0382797757113113,-0.2895776042893346,0,0.5528293251991272
2023-10-10 00:00:00+00:00,11.369999885559082,34.15999984741211,-0.2828731154651027,0.0426082716525041,0.0009610805050409,0.0002557477758398,0.0013761896020363,-0.2844447238236336,0.0373480603705482,0.0368476860212425,0,0.5528731942176819
2023-10-11 00:00:00+00:00,11.3100004196167,34.02000045776367,-0.2951151131673999,0.0366420382126729,0.0009629248662193,0.0002402008974666,-0.0059658807693846,-0.2885157086257025,0.0373296569378846,-0.1598161156238763,0,0.5528792142868042
2023-10-13 00:00:00+00:00,11.170000076293944,33.5,-0.2577296449602535,0.0346426716789986,0.0009616563197215,0.0002436102314149,0.0171772531452955,-0.2767383259806099,0.0373017372092424,0.4604947230457529,0,0.5528230667114258
2023-10-16 00:00:00+00:00,11.239999771118164,33.779998779296875,-0.283244886616206,0.0104801702717238,0.0009286887174214,0.0002604721884977,-0.0034724913832112,-0.2793774521247494,0.0367729032290944,-0.0944307106125867,0,0.5528554320335388
2023-10-17 00:00:00+00:00,11.109999656677246,33.459999084472656,-0.3040847018530943,0.0377121548912556,0.0009672202012364,0.0002309829371949,-0.0140905950795633,-0.2885306930484325,0.0373257346954486,-0.3775034890681344,0,0.5529316663742065
2023-10-18 00:00:00+00:00,11.15999984741211,33.599998474121094,-0.3018419793583167,0.0512181954622468,0.0009746108878309,0.000224017597033,-0.0079419332260068,-0.2931454376942249,0.0374378857128577,-0.2121362645027593,0,0.5529772043228149
2023-10-19 00:00:00+00:00,11.279999732971191,33.77000045776367,-0.2398342347289208,0.0283510447535318,0.0009621663584785,0.0002344885287797,0.0300710897504216,-0.2730876033813368,0.0372279693198063,0.8077553060199549,0,0.5527815818786621
2023-10-20 00:00:00+00:00,11.140000343322754,33.7599983215332,-0.3764216330496879,-0.0202182758429173,0.0009882385534792,0.0002305771620924,-0.0594519074430099,-0.3110607237574294,0.0374994962873958,-1.5854054941797329,1,0.5529772043228149
2023-10-23 00:00:00+00:00,11.229999542236328,33.88999938964844,-0.3307692123419414,-0.0088699348015849,0.0010087352887946,0.000202803754683,-0.0114088216601728,-0.3181808907054984,0.0376907368728377,-0.3026956384181153,1,0.5528422594070435
2023-10-24 00:00:00+00:00,11.289999961853027,33.88999938964844,-0.2707687927252422,0.1038732048202207,0.0011264917278754,0.0001190776298021,0.0307588199252748,-0.3044467779751374,0.0392190517822364,0.7842826006111264,0,0.5526379942893982
2023-10-25 00:00:00+00:00,11.239999771118164,33.810001373291016,-0.2934795593058048,0.1654499274009961,0.0011388250788862,0.0001123561004196,0.0090492205153312,-0.3028911471198416,0.039403649671532,0.2296543744238245,0,0.5526099801063538
2023-10-26 00:00:00+00:00,11.369999885559082,34.310001373291016,-0.3340425750328588,0.2716633613242968,0.0013373326593424,1e-06,-0.0234317339815649,-0.3085782620358122,0.0415212545433533,-0.5643310694550259,0,0.5526745915412903
2023-10-27 00:00:00+00:00,11.270000457763672,33.959999084472656,-0.3146470309346405,0.3077749993123045,0.0014189420970318,1e-06,-0.0062931427613053,-0.3084214159789164,0.0422052671568667,-0.14910799493142,0,0.5524274706840515
2023-10-30 00:00:00+00:00,11.220000267028809,33.75,-0.2930110193093753,0.2728402203315975,0.0013368182056306,1e-06,0.0120015540274038,-0.306078625575758,0.0408640827683814,0.2936944430009327,0,0.5524604916572571
2023-10-31 00:00:00+00:00,11.229999542236328,33.790000915527344,-0.2966571068257124,0.277180512253977,0.0012978818321673,1e-06,0.0082522637557219,-0.3053023690808062,0.0401053805077548,0.2057645046934863,0,0.552484929561615
2023-11-01 00:00:00+00:00,11.289999961853027,33.9900016784668,-0.3048821995348838,0.2439702536154628,0.0012312632807361,1e-06,0.0007293356969205,-0.3055039727150433,0.0389738929127698,0.0187134423177324,0,0.5528439283370972
2023-11-03 00:00:00+00:00,11.56999969482422,34.72999954223633,-0.2773151704879808,0.2713003612608201,0.0013112740808061,1e-06,0.0233825405573472,-0.3025143189305302,0.039832228562238,0.5870256674394174,0,0.5523887276649475
2023-11-06 00:00:00+00:00,11.6899995803833,35.189998626708984,-0.3142330523730159,0.2754136692467331,0.0013144911768516,1e-06,-0.0087446532021592,-0.3043042894380365,0.0397182358787755,-0.2201672105691937,0,0.5526970624923706
2023-11-07 00:00:00+00:00,11.93000030517578,35.79999923706055,-0.2823195545924104,0.2705727311169977,0.0013007387071456,1e-06,0.0180946285623824,-0.3020234257516853,0.0394005546704192,0.4592480667782929,0,0.5527036190032959
2023-11-08 00:00:00+00:00,11.829999923706056,35.709999084472656,-0.3516185205801623,0.2222224761706606,0.0012262360674005,1.4850638092324918e-06,-0.0406294505732311,-0.3072725649918829,0.0382673277993798,-1.0617268805973314,0,0.5527945160865784
2023-11-09 00:00:00+00:00,11.859999656677246,35.650001525878906,-0.3011520448166003,0.162139184040413,0.0010838069169559,9.99035383301575e-05,0.0030488698647405,-0.3051057868877241,0.0369638438770273,0.0824824895074117,0,0.5526553988456726
2023-11-10 00:00:00+00:00,12.029999732971191,36.02999877929688,-0.2607790105190588,0.3067892361445096,0.0013322611610496,1e-06,0.0370428118475307,-0.3006090920816838,0.0401638210537134,0.9222930208256648,0,0.552713930606842
2023-11-13 00:00:00+00:00,11.970000267028809,36.27000045776367,-0.4026493515111689,0.0987546752348277,0.001075144036882,0.0001180268769753,-0.072707447859643,-0.3227264627316651,0.0372608994678914,-1.9513068363338035,1,0.5531298518180847
2023-11-14 00:00:00+00:00,12.140000343322754,36.38999938964844,-0.2735840620953809,0.0572241875508078,0.0011433199295958,4.786413263481101e-05,0.0353156835323127,-0.3123915072779589,0.0380837787346124,0.9273156368860032,0,0.5527339577674866
2023-11-16 00:00:00+00:00,12.050000190734863,36.2400016784668,-0.312416056408928,0.1676955667538754,0.001333175481492,1e-06,0.0011313558461761,-0.3131796540002472,0.0403170558662105,0.0280614698139283,0,0.5527952909469604
2023-11-17 00:00:00+00:00,12.0,36.20000076293945,-0.3487708844199346,0.191518443292024,0.0013781913972791,1e-06,-0.0293354406753586,-0.3172437401045655,0.0406731553205788,-0.7212482150485188,0,0.5528600811958313
2023-11-20 00:00:00+00:00,12.010000228881836,36.27000045776367,-0.3626493896581415,0.118428254076186,0.0011904553371854,7.982007666450935e-06,-0.0370850004330675,-0.3226951048351844,0.0380240393980128,-0.9753040713240376,0,0.5527405142784119
2023-11-21 00:00:00+00:00,12.020000457763672,36.25,-0.3458264794143773,0.1234125576787365,0.0012195926842144,1e-06,-0.0197525089370795,-0.3248112797386089,0.0382109853083961,-0.5169327296236794,0,0.5526445508003235
2023-11-22 00:00:00+00:00,12.15999984741211,36.560001373291016,-0.3115766989357116,0.2151914198049948,0.0013672621397331,1e-06,0.0106143301896489,-0.32329684431225,0.0400356806402543,0.2651217618859874,0,0.5525798201560974
2023-11-23 00:00:00+00:00,12.140000343322754,36.83000183105469,-0.4236804494709822,0.21239749840406,0.0014044703534771,1e-06,-0.085844497177786,-0.3314663523663854,0.0404026869842652,-2.124722477275287,1,0.5526701807975769
2023-11-24 00:00:00+00:00,12.149999618530272,36.650001525878906,-0.3522783432995204,0.04863275722837,0.0011055793781448,1e-06,-0.017788539849637,-0.3332513051613528,0.036224949451692,-0.4910576859012324,1,0.552452027797699
2023-11-27 00:00:00+00:00,12.18000030517578,36.720001220703125,-0.3461563907740554,0.1427764257008641,0.0012864406724578,1e-06,-0.0113849754412297,-0.3340764917430235,0.0386125643649969,-0.294851575606578,1,0.5524562001228333
2023-11-28 00:00:00+00:00,12.140000343322754,36.52000045776367,-0.3179308403012104,0.0982768545857268,0.0011780022825306,1e-06,0.0134474378375993,-0.332625109175626,0.0370445253767255,0.3630074268962859,0,0.5523313879966736
2023-11-29 00:00:00+00:00,12.109999656677246,36.400001525878906,-0.3069967400685591,0.1110814709367715,0.0011992682311834,1e-06,0.0220490772713615,-0.3307739459672627,0.0372542783468771,0.5918535601753178,0,0.5524659156799316
2023-11-30 00:00:00+00:00,12.119999885559082,36.459999084472656,-0.3174632539790973,0.130448244190294,0.0012033516214577,1e-06,0.0118215042763285,-0.3300345266744515,0.0372440412096436,0.3174065942464811,0,0.5523118376731873
2023-12-01 00:00:00+00:00,12.079999923706056,36.4900016784668,-0.3676978885217217,0.0732523429036654,0.0011270529648218,1e-06,-0.0318555463076241,-0.332923014806662,0.0360997213101062,-0.8824319177972729,0,0.5524462461471558
2023-12-04 00:00:00+00:00,12.119999885559082,36.41999816894531,-0.3038178912552389,0.0882186272263592,0.0011958391743449,1e-06,0.0246752091524815,-0.3308044278308296,0.0369992403842714,0.666911236452601,0,0.5523887872695923
2023-12-05 00:00:00+00:00,12.0,36.540000915527344,-0.4647538649858926,-0.0561445853078342,0.0010518650745176,1.6291155917850337e-05,-0.1115654706701219,-0.3427674477270255,0.035007280796928,-3.186921923964797,1,0.5526686310768127
2023-12-06 00:00:00+00:00,12.050000190734863,36.310001373291016,-0.3362947905289708,-0.0935918801703809,0.0010821862141239,1e-06,0.0071102356580908,-0.3431000044746115,0.0353434892694364,0.2011752604245425,0,0.5522171854972839
2023-12-07 00:00:00+00:00,12.0,35.970001220703125,-0.2703120006978761,0.1802301166147323,0.001672097631567,1e-06,0.0658918228955863,-0.3400900311384742,0.0429814251926919,1.533030200841032,-1,0.5522471070289612
2023-12-08 00:00:00+00:00,11.989999771118164,36.09999847412109,-0.3246577064921254,0.10736258591737,0.0014517548292245,1e-06,0.0145015709066159,-0.3396733969432894,0.040270995048663,0.3600996421641039,-1,0.5527694225311279
2023-12-11 00:00:00+00:00,11.970000267028809,35.810001373291016,-0.2457315840670517,0.0739894232064922,0.0013967768802437,1e-06,0.0832476238114585,-0.3348838136453113,0.0395352986070272,2.105653093427291,-1,0.5527629852294922
2023-12-12 00:00:00+00:00,11.9399995803833,35.88999938964844,-0.303021694866862,0.0640062276930589,0.0013927487202687,1e-06,0.0288326534852896,-0.3335471900506521,0.0394493614712163,0.7308775708911526,-1,0.5534953474998474
2023-12-13 00:00:00+00:00,12.15999984741211,36.75,-0.3763902199339117,0.1698057238655082,0.0016762989980251,1e-06,-0.0384698709176446,-0.3353209339104732,0.0429167316910465,-0.8963839836310366,0,0.5539560914039612
2023-12-14 00:00:00+00:00,12.279999732971191,36.95000076293945,-0.3246158467007021,0.1451528866424631,0.0016117437056398,1e-06,0.0091562712087276,-0.3346908661808239,0.0421323824166898,0.2173214682752096,0,0.5542970299720764
2023-12-15 00:00:00+00:00,12.300000190734863,37.209999084472656,-0.3933076440552749,0.1129651616147928,0.0015391588265867,1e-06,-0.0526768740722365,-0.3371271225095602,0.0412316293225515,-1.27758410079189,1,0.5541775226593018
2023-12-18 00:00:00+00:00,12.239999771118164,37.0,-0.3816718613118439,0.1388048828164887,0.0015975742525153,1e-06,-0.041024827619944,-0.3385278378756157,0.0419261521393847,-0.9785020930028542,1,0.553683340549469
2023-12-19 00:00:00+00:00,12.43000030517578,37.43000030517578,-0.3383557233021594,0.1648520994961758,0.0016771242222898,1e-06,-0.0004444481094002,-0.3382896352691293,0.0428611769036903,-0.0103694798301723,1,0.554270327091217
2023-12-20 00:00:00+00:00,12.43000030517578,37.31999969482422,-0.3008316264582582,0.1573565171635668,0.0016411902417008,1e-06,0.0340650579447235,-0.3369853235831187,0.0424238671371047,0.80296918323435,0,0.5542936325073242
2023-12-21 00:00:00+00:00,12.390000343322754,37.34999847412109,-0.3510649597074682,0.150179568638558,0.0016490043856128,1e-06,-0.0123567256981406,-0.3376444037809551,0.0425038712284782,-0.2907200059899815,0,0.5544365048408508
2023-12-22 00:00:00+00:00,12.550000190734863,37.619998931884766,-0.2831693587412758,0.111378045189251,0.0015320964470745,1e-06,0.0490699870638241,-0.3355437456827105,0.0410761543752335,1.194610055643633,0,0.554293692111969
2023-12-26 00:00:00+00:00,12.5,37.70000076293945,-0.3604602749238541,0.0553095319637443,0.0014523008882176,1e-06,-0.0220767102107398,-0.3366729019985939,0.04006035141253,-0.551086284376294,0,0.5545889139175415
2023-12-27 00:00:00+00:00,12.56999969482422,37.7599983215332,-0.310927322892006,0.0443137704068949,0.0014366842958628,1e-06,0.0229866225227424,-0.3355849059425084,0.0398438645201504,0.5769174953176869,0,0.5548302531242371
2023-12-28 00:00:00+00:00,12.800000190734863,38.380001068115234,-0.2924260453209069,0.0710416856554805,0.0015030296242184,1e-06,0.03911215026174,-0.3340377296960169,0.0406632140308109,0.96185584917376,0,0.5547212362289429
2024-01-02 00:00:00+00:00,12.720000267028809,38.130001068115234,-0.2871444039429747,0.0765463750254469,0.001498569953601,1e-06,0.0426409818832172,-0.3324376443170204,0.0405952925950065,1.0503922784500963,0,0.5552833676338196
2024-01-03 00:00:00+00:00,12.800000190734863,38.369998931884766,-0.2890140539932364,0.0731861397394648,0.0014880132826686,1e-06,0.0395152966609263,-0.3309810075084161,0.0404511266625573,0.9768651684429548,0,0.555942177772522
2024-01-04 00:00:00+00:00,12.350000381469728,37.400001525878906,-0.4081222756120244,0.0540117856614673,0.0015018157894826,1e-06,-0.0695194862354412,-0.3338230568127139,0.0406088254628328,-1.7119304841522416,1,0.5567628145217896
2024-01-05 00:00:00+00:00,12.489999771118164,37.59999847412109,-0.3363470969960449,0.0486967008482124,0.001517107115901,1e-06,-0.0026057222306543,-0.3337928472843168,0.0407862515687681,-0.0638872691269739,1,0.5562950968742371
2024-01-08 00:00:00+00:00,12.380000114440918,37.400001525878906,-0.3781225426408348,0.0168806206535788,0.0014397616382324,1e-06,-0.0399114752407676,-0.3354402979118275,0.0398026990594768,-1.002732884549568,1,0.5560043454170227
2024-01-09 00:00:00+00:00,12.520000457763672,37.84000015258789,-0.3882172854002679,0.0377598579063285,0.001490330531506,1e-06,-0.0478814224920173,-0.3372203102779357,0.0404291528265749,-1.1843291076963642,1,0.5559415221214294
2024-01-10 00:00:00+00:00,12.510000228881836,37.720001220703125,-0.3572827274039465,0.0437781560645077,0.0014861644164089,1e-06,-0.0183549719177843,-0.3378322134679064,0.0403677961593637,-0.4546934354633272,1,0.5562418103218079
2024-01-11 00:00:00+00:00,12.369999885559082,37.45000076293945,-0.4051788242807852,0.0045135151492111,0.0014169091219438,1e-06,-0.0606334239250045,-0.3402712618468917,0.0394783157441088,-1.5358665328586736,1,0.5559982657432556
2024-01-12 00:00:00+00:00,12.449999809265137,37.58000183105469,-0.3695256787805583,0.0110054572707627,0.0014393850096858,1e-06,-0.0264635341956028,-0.3412692878485514,0.039754527557027,-0.665673467195441,1,0.5564523935317993
2024-01-15 00:00:00+00:00,12.529999732971191,37.84999847412109,-0.3816287002270044,0.0249195163832402,0.0014553341307956,1e-06,-0.0365571028774047,-0.3426029729775435,0.0399483856781135,-0.915108389409418,1,0.5559911131858826
2024-01-16 00:00:00+00:00,12.399999618530272,37.650001525878906,-0.4434046036354662,0.0581145963746674,0.0015291961427243,1e-06,-0.0918904157567325,-0.345634677221453,0.0408654537614618,-2.248608722005424,1,0.5549677014350891
2024-01-17 00:00:00+00:00,12.420000076293944,37.630001068115234,-0.416581464509866,0.0994102933055069,0.0015896312292728,1e-06,-0.0656406239388486,-0.3473782126792529,0.0416021382031077,-1.5778185154421975,1,0.554519534111023
2024-01-18 00:00:00+00:00,12.31999969482422,37.220001220703125,-0.3767201312935881,0.1671179934675793,0.0017324219274414,1e-06,-0.0279177859330595,-0.3478215882793375,0.0432975498391403,-0.6447890478047846,1,0.5535439252853394
2024-01-19 00:00:00+00:00,12.329999923706056,37.34999847412109,-0.4110653793241656,0.1398065736043835,0.0016614054687361,1e-06,-0.0584261447234129,-0.3493491530196823,0.0424610195627858,-1.3759948612873028,1,0.5533198714256287
2024-01-22 00:00:00+00:00,12.170000076293944,36.91999816894531,-0.4243808306883512,0.1651891609891086,0.0017415249205153,1e-06,-0.0699941416798582,-0.3509130939991853,0.0434001894465792,-1.6127612015614166,1,0.5533164143562317
2024-01-23 00:00:00+00:00,12.1899995803833,37.09999847412109,-0.4657841575629344,0.1460455657142126,0.0016707262726414,1e-06,-0.1064476514164703,-0.3535623730261245,0.0425691493734081,-2.500582064319226,1,0.5532640218734741
2024-01-24 00:00:00+00:00,12.18000030517578,36.91999816894531,-0.4143806018065152,0.1172711585988434,0.0016209812386658,1e-06,-0.0567858968499488,-0.3548551131750714,0.0419724815028361,-1.3529316070128423,1,0.5533397793769836
2024-01-25 00:00:00+00:00,12.199999809265137,36.790000915527344,-0.3500356208047428,0.2006708226217476,0.0018390224133293,1e-06,0.0036480479806734,-0.3545035372768714,0.0445131981043541,0.0819542997589435,0,0.5533576607704163
2024-01-26 00:00:00+00:00,12.220000267028809,36.900001525878906,-0.3675592598849704,0.1492227080607221,0.0016684466856463,1e-06,-0.0119630436223835,-0.3548446645323778,0.0425389322795609,-0.2812257614686671,0,0.5534816384315491
2024-01-29 00:00:00+00:00,12.119999885559082,36.77000045776367,-0.4232128631488674,0.1742431380646482,0.0017524363272043,1e-06,-0.0633207599710128,-0.356389197759797,0.0435214945761157,-1.4549307322217462,1,0.5533501505851746
2024-01-30 00:00:00+00:00,12.079999923706056,36.43000030517578,-0.3472298444359349,0.1391055139812444,0.001707760035567,1e-06,0.0077431401011227,-0.3559445142650989,0.0429988317431751,0.1800779181018497,0,0.5531275868415833
2024-01-31 00:00:00+00:00,12.1899995803833,36.43000030517578,-0.2372301877586906,0.2894000676874053,0.0022670656589792,1e-06,0.1120104825013446,-0.3540876538226077,0.0491080587794553,2.28089819237988,-1,0.5526817440986633
2024-02-01 00:00:00+00:00,12.199999809265137,37.02000045776367,-0.4284945045267996,0.1733411519754924,0.0021567377533032,1e-06,-0.0685169818584062,-0.3558921055996601,0.0479642896818798,-1.4284998759043603,0,0.5537018775939941
2024-02-02 00:00:00+00:00,12.09000015258789,36.52999877929688,-0.3713417210703333,0.2715042834660706,0.0025591246143113,1e-06,-0.0156127098134702,-0.3558459831718136,0.0520091209329513,-0.3001917650866988,0,0.5529699921607971
2024-02-05 00:00:00+00:00,12.029999732971191,36.290000915527344,-0.3494725669307144,0.2978876221501858,0.0026253918095747,1e-06,0.0058214143504087,-0.3556932068364598,0.052649102053814,0.1105700595702196,0,0.5524893999099731
2024-02-06 00:00:00+00:00,12.130000114440918,36.630001068115234,-0.3654551660269458,0.253402190444603,0.0024211099490971,1e-06,-0.0091432149255318,-0.3558727139765245,0.0506683581941418,-0.1804521648500729,0,0.552096962928772
2024-02-07 00:00:00+00:00,12.130000114440918,36.810001373291016,-0.4268579969908899,0.2762448094360866,0.0025381233837942,1e-06,-0.0674023511711996,-0.3568964136761436,0.0518176855349321,-1.300759585754969,1,0.5520322322845459
2024-02-08 00:00:00+00:00,12.0,36.060001373291016,-0.3010134161798472,0.2122897192175722,0.0024099315822759,1e-06,0.0519287951134906,-0.3556958290495075,0.050562042171568,1.0270312052920054,0,0.5523511171340942
2024-02-09 00:00:00+00:00,11.9399995803833,36.08000183105469,-0.3678365171584747,0.2237699847468331,0.0024959349806126,1e-06,-0.0108488981537524,-0.3560858250009268,0.0514108894168457,-0.2110233508272579,0,0.5523402690887451
2024-02-14 00:00:00+00:00,11.869999885559082,35.70000076293945,-0.3082078686928788,0.1765024943112095,0.0022987126185428,1e-06,0.0448996855049567,-0.3551482786210327,0.0494490234228678,0.9079994385529704,0,0.5524178147315979
2024-02-15 00:00:00+00:00,11.899999618530272,35.900001525878906,-0.3464336480475616,0.1651511430715599,0.0022635807167011,1e-06,0.0086353946327536,-0.355123058122026,0.0490916809957942,0.1759034210601487,0,0.5525546073913574
2024-02-16 00:00:00+00:00,11.829999923706056,35.650001525878906,-0.3311517777877899,0.1650934265629478,0.0022641385319403,1e-06,0.0225959836920955,-0.3546847259165782,0.0490982281386164,0.4602199417115714,0,0.5527993440628052
2024-02-19 00:00:00+00:00,11.670000076293944,35.400001525878906,-0.405870060115916,0.1421491870645054,0.0022004501794759,1e-06,-0.0477491790003252,-0.355800174418139,0.0484421199163524,-0.9856954873728944,0,0.5530227422714233
2024-02-20 00:00:00+00:00,11.720000267028809,35.43000030517578,-0.3661032407772371,0.1377563547636323,0.0021946144651034,1e-06,-0.0100667801704341,-0.3558771556153693,0.0483814310907315,-0.2080711534050237,0,0.5527758598327637
2024-02-21 00:00:00+00:00,11.529999732971191,34.900001525878906,-0.3753072732706943,0.1378757576099288,0.0021995984287954,1e-06,-0.0182882086839909,-0.3562491707193311,0.0484331356297319,-0.3775970406666022,0,0.5529165267944336
2024-02-22 00:00:00+00:00,11.65999984741211,35.310001373291016,-0.385168873515779,0.1398931979701102,0.0022017847392832,1e-06,-0.0272538906751042,-0.3567910815371786,0.0484559585258879,-0.5624466320389401,0,0.5531697273254395
2024-02-23 00:00:00+00:00,11.640000343322754,35.20000076293945,-0.3676442807612332,0.1374120864744484,0.0021958009802437,1e-06,-0.0104024886311831,-0.3569379844868121,0.0483938457009682,-0.2149547836198317,0,0.5532388091087341
2024-02-26 00:00:00+00:00,11.5600004196167,35.060001373291016,-0.3998867362272023,0.1331407267882419,0.0021868120947873,1e-06,-0.0402994278567064,-0.3578042160021978,0.048300229080017,-0.8343527271877754,0,0.5532277822494507
2024-02-27 00:00:00+00:00,11.649999618530272,35.349998474121094,-0.4088131638280607,0.1412363596495683,0.0022092999654077,1e-06,-0.0481556753403019,-0.3587315146230872,0.0485338083890633,-0.9922088733336116,0,0.5529742240905762
2024-02-28 00:00:00+00:00,11.539999961853027,35.02000045776367,-0.4062418312670175,0.1295963527731378,0.0021646142348373,1e-06,-0.044851410112248,-0.3596031104635767,0.0480687281892272,-0.9330683752581528,0,0.5528573989868164
2024-02-29 00:00:00+00:00,11.68000030517578,35.400001525878906,-0.39586983123408,0.1361975396728711,0.0021678962740925,1e-06,-0.0343308286781347,-0.3602345118991173,0.0481031522555941,-0.713691869832547,0,0.5529594421386719
2024-03-01 00:00:00+00:00,11.5600004196167,35.0,-0.3794186921414173,0.1368471822162524,0.0021636403667866,1e-06,-0.0182528596034311,-0.3605380635489111,0.04805863467813,-0.3798039566808051,0,0.5529868602752686
2024-03-04 00:00:00+00:00,11.479999542236328,34.790000915527344,-0.3877833671616582,0.1279800972203072,0.002132125304,1e-06,-0.025617143072329,-0.3610720866361317,0.0477275102595871,-0.5367374692917973,0,0.5527696013450623
2024-03-05 00:00:00+00:00,11.539999961853027,34.790000915527344,-0.3277829475449589,0.121745297121987,0.0021293387413097,1e-06,0.0309022169947974,-0.3602860547123861,0.0476973148405191,0.6478816909950208,0,0.5525984168052673
2024-03-06 00:00:00+00:00,11.470000267028809,34.630001068115234,-0.3432024927671637,0.1280710228126742,0.0021480836404118,1e-06,0.0162320641467267,-0.3600071145934276,0.0478941140045188,0.3389156367981936,0,0.5529404282569885
2024-03-07 00:00:00+00:00,11.800000190734863,35.400001525878906,-0.2758699456749962,0.0976840715012195,0.0020403266418292,1e-06,0.0784646738277281,-0.3581094671600323,0.0467480014721177,1.678460497921551,-1,0.5528606176376343
2024-03-08 00:00:00+00:00,11.710000038146973,35.380001068115234,-0.3590474169009585,0.0687437946323668,0.0020074092608757,1e-06,-0.0004926084581195,-0.3582611445383757,0.0463892496480312,-0.0106190219039346,0,0.5530704855918884
2024-03-11 00:00:00+00:00,11.609999656677246,35.349998474121094,-0.4488131256810863,0.1698905872828932,0.0023640756476741,1e-06,-0.0852727881644428,-0.3599298402248873,0.0501051413671373,-1.7018770097787013,1,0.5535356402397156
2024-03-12 00:00:00+00:00,11.649999618530272,35.380001068115234,-0.4190478365176595,0.1347129594267882,0.0021876179615058,1e-06,-0.0560924839958119,-0.3609122746385477,0.0483046680568493,-1.1612228435106358,1,0.5534204244613647
2024-03-13 00:00:00+00:00,11.649999618530272,35.43000030517578,-0.436103889275774,0.1184606848682052,0.0021222768020714,1e-06,-0.0706875145623234,-0.3623928554440122,0.0476195962178017,-1.4844207044304638,1,0.5534144043922424
2024-03-14 00:00:00+00:00,11.699999809265137,35.41999816894531,-0.3826917072132385,0.1011127564406253,0.002054937018805,1e-06,-0.0194035861566291,-0.3626906007536505,0.0469022118333083,-0.4137030088386869,1,0.5535511374473572
2024-03-15 00:00:00+00:00,11.699999809265137,35.33000183105469,-0.3519915930246799,0.126358214773367,0.0021259718234359,1e-06,0.0098392274465972,-0.3624101067951667,0.0476573194150078,0.2064578446159676,0,0.5540363192558289
2024-03-18 00:00:00+00:00,11.699999809265137,35.29999923706055,-0.3417569203350812,0.1094731243507029,0.0020501648320476,1e-06,0.0193224001111915,-0.3619709705786951,0.0468501633395794,0.4124297277501219,0,0.5532964468002319
2024-03-19 00:00:00+00:00,11.81999969482422,35.709999084472656,-0.3616187494619982,0.1012055733741702,0.0020092007514497,1e-06,0.0004635162531691,-0.3620078680652009,0.0464072273131784,0.009988018677374,0,0.5529537200927734
2024-03-20 00:00:00+00:00,11.949999809265137,35.95000076293945,-0.313489510070811,0.0998987527052623,0.0020058109651062,1e-06,0.0451495395735213,-0.3608918230130696,0.0463690708338052,0.9736994673743868,0,0.5523624420166016
2024-03-21 00:00:00+00:00,11.93000030517578,36.06999969482422,-0.3744238010383256,0.0590684879698943,0.0018982943459994,1e-06,-0.0123331997243237,-0.3612993607399288,0.045184229147608,-0.2729536379614584,0,0.5524544715881348
2024-03-22 00:00:00+00:00,11.93000030517578,36.0099983215332,-0.3539557569525406,0.0741069473060917,0.0019677153669668,1e-06,0.0067561563419541,-0.3611023017244339,0.0459483052164007,0.1470382054383708,0,0.5525448322296143
2024-03-25 00:00:00+00:00,11.880000114440918,35.81999969482422,-0.3391424266892002,0.0783272954568463,0.0019031037817363,1e-06,0.0203911607221906,-0.3605789446134467,0.0452343999492574,0.4507887966915631,0,0.5525281429290771
2024-03-26 00:00:00+00:00,11.880000114440918,35.91999816894531,-0.373254532205431,0.0723936850389191,0.0018759768073569,1e-06,-0.0116252577672748,-0.3609298143302878,0.0449292896722347,-0.2587456390270736,0,0.5528532266616821
2024-03-27 00:00:00+00:00,11.949999809265137,36.04999923706055,-0.34760161558704,0.0603537568525499,0.0018525191755377,1e-06,0.0122724502865943,-0.3605753613540402,0.0446626946182937,0.2747807849812879,0,0.5531721115112305
2024-03-28 00:00:00+00:00,12.0,36.310001373291016,-0.3862949812638341,0.0494756741488378,0.0018162272831019,1e-06,-0.0236988041865731,-0.3612563495129285,0.0442485997177758,-0.535583144726109,0,0.5540362596511841
2024-04-01 00:00:00+00:00,12.06999969482422,36.34000015258789,-0.3265286578357997,0.0380488384917478,0.0017981055719376,1e-06,0.0319634594666103,-0.3603215869775328,0.0440381318597534,0.7258132467653969,0,0.5539616346359253
2024-04-02 00:00:00+00:00,11.989999771118164,36.150001525878906,-0.3417150605436543,0.0389034209874018,0.0018006453752849,1e-06,0.0172642166584507,-0.3598698359392702,0.0440638885249267,0.391799662634959,0,0.5540739297866821
2024-04-03 00:00:00+00:00,12.029999732971191,36.41999816894531,-0.3938180438431296,0.0623235657379424,0.001887927681125,1e-06,-0.0313786483519397,-0.3607180664467672,0.0450476350055169,-0.6965659428757316,0,0.5545681715011597
2024-04-04 00:00:00+00:00,11.989999771118164,36.369998931884766,-0.4167619529380424,0.0824790263691924,0.0018922741084759,1e-06,-0.0521579074093106,-0.3619802193653537,0.0450957626558023,-1.1566032890365072,0,0.5548807978630066
2024-04-05 00:00:00+00:00,12.010000228881836,36.209999084472656,-0.3421813455723566,0.0800082054220586,0.0019138969473945,1e-06,0.018074691276988,-0.3614202849780009,0.0453346402544064,0.3986949311951635,0,0.554629921913147
2024-04-08 00:00:00+00:00,11.979999542236328,36.20000076293945,-0.3687713421836065,0.0927720375898807,0.0019590535555366,1e-06,-0.006718503294714,-0.361623578952691,0.0458321889195568,-0.146589186619607,0,0.5547107458114624
2024-04-09 00:00:00+00:00,12.100000381469728,36.560001373291016,-0.3715761648780926,0.095138754061675,0.0019631680908126,1e-06,-0.009302037417029,-0.361832107316019,0.0458768155969198,-0.2027611833122429,0,0.554602861404419
2024-04-10 00:00:00+00:00,12.029999732971191,36.400001525878906,-0.3869966637746138,0.0965776863147308,0.0019583328812049,1e-06,-0.0234669316704173,-0.3623753115569827,0.0458233936971272,-0.5121168420113876,0,0.5541134476661682
2024-04-11 00:00:00+00:00,12.109999656677246,36.59999847412109,-0.3752209511010171,0.0969282955425055,0.00195612460973,1e-06,-0.0121056332380816,-0.3626118747877027,0.04579868770637,-0.2643227097617882,0,0.5535783171653748
2024-04-12 00:00:00+00:00,11.90999984741211,35.689998626708984,-0.264795915512181,0.1013026486166837,0.0020273682601198,1e-06,0.0911209288031461,-0.3604796438457641,0.0465734146634859,1.956500923574879,-1,0.5530911684036255
2024-04-15 00:00:00+00:00,11.880000114440918,35.81999969482422,-0.3391424266892002,0.0885781864669335,0.0020264936513901,1e-06,0.0204367888401561,-0.3601903651480072,0.0465630822960384,0.4389054124515055,-1,0.5536977052688599
2024-04-16 00:00:00+00:00,11.890000343322754,35.79999923706055,-0.322319516445436,0.0919941130538614,0.0020087902921456,1e-06,0.035410780453311,-0.3594022056855904,0.0463716285069432,0.7636302970901488,-1,0.5541395545005798
2024-04-17 00:00:00+00:00,11.859999656677246,35.70000076293945,-0.3182080975747148,0.1300778970101389,0.0019940345508312,1e-06,0.0387050510660236,-0.358626542668819,0.0462137931991805,0.8375216225858299,-1,0.5547158122062683
2024-04-18 00:00:00+00:00,11.81999969482422,35.61000061035156,-0.3275066439457692,0.0909661992259717,0.0018640297825953,1e-06,0.0290967857726732,-0.357977894813864,0.0447754740381497,0.6498375817949376,-1,0.5553841590881348
2024-04-19 00:00:00+00:00,11.850000381469728,35.709999084472656,-0.3316180628164904,0.0432484710135474,0.0017107827987029,1e-06,0.0243416982811545,-0.3573104803779562,0.0430146968235278,0.5658925920370617,-1,0.5561113357543945
2024-04-22 00:00:00+00:00,11.869999885559082,35.79999923706055,-0.3423199742091078,0.0546834458478841,0.0017526270504836,1e-06,0.0139217815931412,-0.3569610408963903,0.0434992187508496,0.3200467041231467,-1,0.5566179156303406
2024-04-23 00:00:00+00:00,11.75,35.47999954223633,-0.3531595605641602,0.0384599431007818,0.0016986192252906,1e-06,0.0035376742575112,-0.3568741492128655,0.0428662123936742,0.0825282678353293,-1,0.5567501783370972
2024-04-24 00:00:00+00:00,11.720000267028809,35.36000061035156,-0.3422245066571943,0.0415557858870411,0.0017087657475824,1e-06,0.0134877116426878,-0.356493722752381,0.0429823734371914,0.3137963440384918,-1,0.5568694472312927
2024-04-25 00:00:00+00:00,11.65999984741211,35.04999923706055,-0.2964753171041216,0.0394811158574949,0.0017095112266649,1e-06,0.0552596164800665,-0.3549393172090152,0.0429881894330277,1.2854604301527237,-1,0.5566534399986267
2024-04-26 00:00:00+00:00,11.699999809265137,35.25,-0.3247008675769667,0.0387483269722071,0.0017141353140927,1e-06,0.027999441517651,-0.3542102409241276,0.0430395736699256,0.6505510889206594,-1,0.5572372674942017
2024-04-29 00:00:00+00:00,11.65999984741211,35.20000076293945,-0.3476447766718777,0.0509306072609001,0.0017493168372826,1e-06,0.0061654455175572,-0.3540814613137021,0.0434473398314952,0.1419061682825478,-1,0.5575899481773376
2024-04-30 00:00:00+00:00,11.710000038146973,35.220001220703125,-0.3044672672989428,0.0484559176156399,0.0017508003403193,1e-06,0.0457806788239826,-0.3528485635655058,0.0434624572061969,1.0533384849086522,-1,0.5576149225234985
2024-05-02 00:00:00+00:00,12.050000190734863,36.220001220703125,-0.3055933750469997,0.0615759062737373,0.0017764321490753,1e-06,0.0438629751509779,-0.3517698264975908,0.0437572510257663,1.002416150986024,-1,0.5581108331680298
2024-05-03 00:00:00+00:00,12.170000076293944,36.54999923706055,-0.298164478726207,0.0593116267019472,0.0017591658567874,1e-06,0.0496772025332776,-0.3505211061744255,0.0435568738474781,1.1405134975303983,-1,0.558434247970581
2024-05-06 00:00:00+00:00,11.84000015258789,35.560001373291016,-0.2904501334239846,0.081974502092224,0.0017997649532066,1e-06,0.0558780566749752,-0.3492111855792363,0.0440234115304239,1.2692804744666064,-1,0.5590632557868958
2024-05-07 00:00:00+00:00,11.789999961853027,35.34000015258789,-0.2654021304710472,0.0880069651835853,0.0017994372523877,1e-06,0.077913518414504,-0.3473789223688859,0.0440195069703842,1.7699770800914063,-1,0.5595967173576355
2024-05-08 00:00:00+00:00,11.779999732971191,35.650001525878906,-0.381151968522655,0.0351790523133012,0.0017234621375387,1e-06,-0.0308928169902344,-0.3483059995441616,0.043138210986686,-0.7161357943139801,0,0.5606205463409424
2024-05-09 00:00:00+00:00,11.600000381469728,34.810001373291016,-0.2746052092901863,0.0114397808661187,0.0016115859054925,2.072372852614116e-05,0.0667049756722491,-0.3454724960538525,0.0420035933530672,1.588077836854359,-1,0.5607563853263855
2024-05-10 00:00:00+00:00,11.529999732971191,34.619998931884766,-0.2797910354971105,0.1244156948005297,0.0017908765991829,1e-06,0.0609824660591662,-0.3437241108221702,0.0441001634085106,1.3828172357156738,-1,0.561750054359436
2024-05-13 00:00:00+00:00,11.550000190734863,35.0,-0.3894189210232532,0.1255602903244759,0.0018805860832128,1e-06,-0.0415396283265271,-0.3452557693376981,0.0451047062729439,-0.9209599564878356,0,0.5624943375587463
2024-05-14 00:00:00+00:00,11.550000190734863,35.0,-0.3894189210232532,0.1398675066316264,0.0018867261477869,1e-06,-0.0412107059007478,-0.3463263172286328,0.0451680916434305,-0.9123853676634518,0,0.5624871253967285
2024-05-15 00:00:00+00:00,11.539999961853027,35.0099983215332,-0.402829839939347,0.1047024896982478,0.0017684059211238,1e-06,-0.0521996597744813,-0.3479151417594287,0.0438206908633134,-1.1912103334313866,0,0.5625484585762024
2024-05-16 00:00:00+00:00,11.630000114440918,35.0,-0.3094189973171986,0.0986659134241728,0.0018004549191896,1e-06,0.0349626183133008,-0.3466150709463826,0.044179008704354,0.7913853057969402,0,0.5624347925186157
2024-05-17 00:00:00+00:00,11.59000015258789,34.849998474121094,-0.298249499602468,0.1330650786084868,0.001873471738165,1e-06,0.0450068034887223,-0.3454163263713871,0.0449992027462338,1.0001689083811407,0,0.5625452399253845
2024-05-20 00:00:00+00:00,11.670000076293944,35.400001525878906,-0.405870060115916,0.1686160904296761,0.001984011258261,1e-06,-0.0555719051981918,-0.3471055487859862,0.0462160457068842,-1.2024374727047225,0,0.5618574619293213
2024-05-21 00:00:00+00:00,11.84000015258789,35.75,-0.3552636544221847,0.1830976929612431,0.0020036188890274,1e-06,-0.008300490952562,-0.3470569921462779,0.0464270957816902,-0.178785487500504,0,0.5611587762832642
2024-05-22 00:00:00+00:00,11.699999809265137,35.459999084472656,-0.3963370699370951,0.1133227199742519,0.0017856074577215,1e-06,-0.0453948410907908,-0.3484460371364397,0.0439934149946054,-1.0318553605433272,0,0.5605737566947937
2024-05-23 00:00:00+00:00,11.5600004196167,34.970001220703125,-0.3691853207452311,0.1362366016295469,0.0018758271547045,1e-06,-0.0196332920686551,-0.3488331179233248,0.0450095657762039,-0.43620265448184,0,0.5599412322044373
2024-05-24 00:00:00+00:00,11.739999771118164,35.29999923706055,-0.3017569584820538,0.1640881743097431,0.0019941333443946,1e-06,0.0435083999945017,-0.3476151151679157,0.0463104237985824,0.9394947492541328,0,0.559702455997467
2024-05-27 00:00:00+00:00,11.739999771118164,35.06999969482422,-0.2232980747599953,0.1906568280890983,0.0020492841309011,1e-06,0.116381428639123,-0.3449680735175553,0.0469047737886204,2.4812277991916947,-1,0.5595046281814575
2024-05-28 00:00:00+00:00,11.56999969482422,34.880001068115234,-0.3284846300557369,0.1407041742822301,0.0019620680762521,1e-06,0.0164756154622669,-0.3449653689405935,0.04595539096926,0.3585132258647868,-1,0.5603775382041931
2024-05-29 00:00:00+00:00,11.489999771118164,34.560001373291016,-0.2993242545577637,0.1889464009902272,0.0020917814944242,1e-06,0.0427923144765674,-0.3440184245921051,0.0473531590500215,0.9036844707945209,-1,0.5604583024978638
2024-05-31 00:00:00+00:00,11.399999618530272,34.279998779296875,-0.2938081693720704,0.3052779628937567,0.0023354681496276,1e-06,0.0480641394239363,-0.343373176271169,0.0498765714307335,0.9636616560680358,-1,0.5610119700431824
2024-06-03 00:00:00+00:00,11.270000457763672,34.15999984741211,-0.3828725432605129,0.3974599405858079,0.0026613324486695,1e-06,-0.0366179222866667,-0.344161662472891,0.0530592297250177,-0.6901329415530733,0,0.5611916780471802
2024-06-04 00:00:00+00:00,11.380000114440918,34.34000015258789,-0.3342757175472108,0.1246998541515327,0.0016478821108529,8.769421746200839e-05,0.0080400749314983,-0.3430830974136366,0.0431863693930117,0.1861715871119131,0,0.5609002709388733
2024-06-05 00:00:00+00:00,11.279999732971191,33.95000076293945,-0.3012370656928631,0.246597717669392,0.002050521234077,1e-06,0.0381702509630368,-0.3411884805412536,0.0476435475287792,0.8011630733412544,0,0.5609248876571655
2024-06-06 00:00:00+00:00,11.3100004196167,34.0,-0.2882924318054698,0.2883162620723361,0.002139426678908,1e-06,0.0493305823325719,-0.3394303219698509,0.0485488995008332,1.0161009382246704,0,0.5606156587600708
2024-06-07 00:00:00+00:00,11.210000038146973,33.689998626708984,-0.2825432041054263,0.2998345048220019,0.0021444906898596,1e-06,0.0533761337260143,-0.3377340433424483,0.0485760376931095,1.098816129533467,0,0.5607248544692993
2024-06-10 00:00:00+00:00,11.130000114440918,33.529998779296875,-0.3079629782094653,0.1997684449194317,0.0017772516624998,1e-06,0.027788852416933,-0.3367242516711836,0.0445490340729269,0.6237812557606196,0,0.5603352189064026
2024-06-11 00:00:00+00:00,11.15999984741211,33.790000915527344,-0.3666568016499312,0.2490341236735666,0.0019360296452894,1e-06,-0.0265387838468278,-0.3383749622331732,0.0462830706443638,-0.5734015370490461,0,0.5599067807197571
2024-06-12 00:00:00+00:00,11.100000381469728,33.41999816894531,-0.3004386143367554,0.2778419969299369,0.0020557065471656,1e-06,0.0340984701986356,-0.336570446815128,0.0475447200218304,0.7171873171822046,0,0.5589362382888794
2024-06-13 00:00:00+00:00,11.09000015258789,33.349998474121094,-0.2865601090985485,0.3002068930001122,0.0021368340550428,1e-06,0.0468318631547295,-0.3351171157926348,0.0483772377446512,0.9680557497292706,0,0.559368371963501
2024-06-14 00:00:00+00:00,11.079999923706056,33.349998474121094,-0.2965603379803827,0.2697841572086702,0.0019957679229746,1e-06,0.0363303597695939,-0.3340871587659535,0.0468610072335212,0.7752791054735498,0,0.5589858889579773
2024-06-17 00:00:00+00:00,11.020000457763672,33.22999954223633,-0.31562501704461,0.259007771531165,0.0019748707447877,1e-06,0.0176792385893106,-0.3337261361741026,0.0466108266039175,0.3792946806016244,0,0.5591849684715271
2024-06-18 00:00:00+00:00,11.010000228881836,33.290000915527344,-0.3460932900122309,0.2770247818410196,0.0020123500044915,1e-06,-0.0109267369939703,-0.3343745690362146,0.0469948005540105,-0.2325094875424024,0,0.5598592162132263
2024-06-19 00:00:00+00:00,11.029999732971191,33.36000061035156,-0.3499725200429182,0.3127897505268945,0.0020953021487965,1e-06,-0.0146456383355184,-0.3347875487377095,0.0478618530233118,-0.3059981469665427,0,0.5601285099983215
2024-06-20 00:00:00+00:00,11.09000015258789,33.4900016784668,-0.3343188786320485,0.3632242114550735,0.0022450167739032,1e-06,5.888425710894214e-05,-0.3346185972474327,0.0494027805955257,0.0011919219201656,0,0.5602458119392395
2024-06-21 00:00:00+00:00,11.1899995803833,33.599998474121094,-0.2718422463871253,0.3881078216582984,0.0023558303539625,1e-06,0.0586107986321875,-0.3329509981437963,0.0505111601844649,1.1603534430439335,0,0.5598587393760681
2024-06-24 00:00:00+00:00,11.239999771118164,33.84000015258789,-0.303712930701991,0.3405469055604077,0.0021540164373168,1e-06,0.02855192736356,-0.332666007444162,0.0484480126892852,0.5893312393776379,0,0.5603582859039307
2024-06-25 00:00:00+00:00,11.270000457763672,33.86000061035156,-0.2805349254184115,0.3424324659069684,0.0021761311829475,1e-06,0.0490430011337714,-0.3313921465699983,0.0486660118467661,1.007746459442624,0,0.5610594749450684
2024-06-26 00:00:00+00:00,11.270000457763672,33.970001220703125,-0.318059022262311,0.3285189543315011,0.0021306140232038,1e-06,0.0135404558944629,-0.3314781232566137,0.0481810480345217,0.2810328219668699,0,0.5614199042320251
2024-06-27 00:00:00+00:00,11.289999961853027,34.15999984741211,-0.3628730391711574,0.3776856212411024,0.0022303347331551,1e-06,-0.0288661290302113,-0.3324765751381986,0.0492061491462347,-0.5866366202407889,0,0.5618037581443787
2024-06-28 00:00:00+00:00,11.31999969482422,34.22999954223633,-0.356752040320007,0.3941272405661338,0.0022267865591897,1e-06,-0.0233923470311258,-0.3328179412521391,0.0491650018358498,-0.4757926605846023,0,0.5616012215614319
2024-07-01 00:00:00+00:00,11.380000114440918,34.369998931884766,-0.344509088943397,0.4327520293380993,0.00241625302957,1e-06,-0.0115941964324098,-0.3328538461042667,0.0510620966065122,-0.2270607202394255,0,0.5607568025588989
2024-07-02 00:00:00+00:00,11.380000114440918,34.400001525878906,-0.3547437616329958,0.4053704270402611,0.0022880318624119,1e-06,-0.0207552836728454,-0.3332842971829763,0.0497790503324557,-0.416948164624047,0,0.5592347383499146
2024-07-03 00:00:00+00:00,11.470000267028809,34.56999969482422,-0.322734448681377,0.4024243505842972,0.0022729186883099,1e-06,0.0092939881886341,-0.3328075858154044,0.0496209263192554,0.1872997720525752,0,0.5590113997459412
2024-07-04 00:00:00+00:00,11.43000030517578,34.599998474121094,-0.3729677819305923,0.4007511066623195,0.0022679483763005,1e-06,-0.0372412158105902,-0.3339138373217784,0.0495653236789523,-0.7513562516369579,0,0.5587867498397827
2024-07-05 00:00:00+00:00,11.479999542236328,34.72999954223633,-0.3673153230758732,0.4309427304616335,0.0023940457317808,1e-06,-0.0323257373944764,-0.334307967661032,0.0508252593452237,-0.6360171656952744,0,0.5581894516944885
2024-07-08 00:00:00+00:00,11.40999984741211,34.5,-0.3588561341780334,0.4246383693545031,0.0023593831996858,1e-06,-0.0238666907866913,-0.3345585063515323,0.0504782763138887,-0.4728111284601175,0,0.5580567717552185
2024-07-09 00:00:00+00:00,11.449999809265137,34.689998626708984,-0.383669693323208,0.4008527714858761,0.0022160050815436,1e-06,-0.0464361969070826,-0.3355638880033084,0.049025024101262,-0.9471937598881724,0,0.5576534271240234
2024-07-10 00:00:00+00:00,11.550000190734863,34.88999938964844,-0.351894824179352,0.3946667690111536,0.0022012493822693,1e-06,-0.0164670902406497,-0.3355125268995928,0.0488676832660659,-0.3369730083374877,0,0.5568090081214905
2024-07-11 00:00:00+00:00,11.630000114440918,35.20000076293945,-0.3776445096430691,0.3549927601819782,0.0020294457013692,1e-06,-0.0394074810475024,-0.3365753492867882,0.0470566798149875,-0.837447121268237,0,0.5559582710266113
2024-07-12 00:00:00+00:00,11.640000343322754,35.27000045776367,-0.3915230148812778,0.3828568516452675,0.0021312584639196,1e-06,-0.0521387089449728,-0.3376390613777566,0.0481273218755648,-1.0833494762035505,0,0.5552046298980713
2024-07-15 00:00:00+00:00,11.630000114440918,35.119998931884766,-0.3503537841953559,0.3554120820602229,0.0020401923285577,1e-06,-0.0131468154876979,-0.3374720749027252,0.0471569673286203,-0.2787884003668506,0,0.5548801422119141
2024-07-16 00:00:00+00:00,11.59000015258789,35.130001068115234,-0.3937657373760537,0.3564635806939517,0.0020755729521159,1e-06,-0.0525324897116217,-0.3389178770463006,0.0475249589428325,-1.1053663355041028,0,0.5549380779266357
2024-07-17 00:00:00+00:00,11.619999885559082,35.099998474121094,-0.3535313317152635,0.3577036243992635,0.0020640463916519,1e-06,-0.0149183919815821,-0.3388013767053726,0.0473959139908082,-0.314761141318539,0,0.5541567206382751
2024-07-18 00:00:00+00:00,11.5,34.380001068115234,-0.2279211947119854,0.3737198234867858,0.0022257955090838,1e-06,0.1030475659284085,-0.3358666122764743,0.0490760008735037,2.099754749658996,-1,0.5533674359321594
2024-07-19 00:00:00+00:00,11.289999961853027,33.900001525878906,-0.2741807840529127,0.3804967188364107,0.0022591162368859,1e-06,0.0602041974066065,-0.3353174470978555,0.0494120066206935,1.2184123156292392,-1,0.5538234114646912
2024-07-22 00:00:00+00:00,11.359999656677246,34.08000183105469,-0.265583920192638,0.3333440986706399,0.0020087900293265,1e-06,0.0659942615563443,-0.333875163866971,0.0467867381777164,1.4105335000202257,-1,0.5545743703842163
2024-07-23 00:00:00+00:00,11.289999961853027,33.849998474121094,-0.2571234300013856,0.3683480200813805,0.0020754986131534,1e-06,0.0729997950267599,-0.3324781390118125,0.0474946516165206,1.5370108536887872,-1,0.5556300282478333
2024-07-24 00:00:00+00:00,11.25,33.79999923706055,-0.2800673390962984,0.1844972785227853,0.0014577769237071,7.767081047943807e-05,0.0466450767400455,-0.3290039682907119,0.0410884040511457,1.1352370046298943,-1,0.5569140911102295
2024-07-25 00:00:00+00:00,11.18000030517578,33.709999084472656,-0.3193656184385478,0.4124676142325362,0.0017310636567925,1e-06,0.0106222455331271,-0.3294840290401795,0.0443425194473799,0.2395498872302975,-1,0.5576865673065186
2024-07-26 00:00:00+00:00,11.220000267028809,33.849998474121094,-0.3271231248256043,0.2072633951920107,0.0011585458655921,0.0002984192905242,0.0023110421720894,-0.3294437795646028,0.0393070918378583,0.0587945346255187,-1,0.5574618577957153
2024-07-29 00:00:00+00:00,11.229999542236328,33.84000015258789,-0.3137131595838269,0.2001815653889142,0.0011761296745791,0.0002553318754321,0.0102325787697204,-0.3248118689553257,0.0405702259599607,0.2522189247804314,-1,0.557485818862915
2024-07-30 00:00:00+00:00,11.25,33.869998931884766,-0.3039460732163412,0.2266098300787472,0.0012375141149527,0.0001959515745144,0.0143055824270732,-0.3192764502159168,0.0417516616068919,0.3426350443669967,-1,0.5574029088020325
2024-07-31 00:00:00+00:00,11.210000038146973,33.790000915527344,-0.3166566109150679,0.1985526035757384,0.0011592712728933,0.0002483679378266,0.0027083539651534,-0.3193528677222603,0.0410477051620061,0.065980642631888,-1,0.557755172252655
2024-08-01 00:00:00+00:00,11.3100004196167,34.119998931884766,-0.3292272186836289,0.3031534818687677,0.0012308565731957,0.0001628166076864,-0.0060942890623742,-0.3225252356928154,0.0421218031037532,-0.144682530502385,0,0.5579118132591248
2024-08-02 00:00:00+00:00,11.479999542236328,34.68000030517578,-0.3502592703177587,0.29607443106428,0.0011674651666284,0.0002165469940864,-0.0176488842265518,-0.3311342227632041,0.0415533423680928,-0.4247283905639257,0,0.5579974055290222
2024-08-05 00:00:00+00:00,11.399999618530272,34.5,-0.3688563630598711,0.4354542813317253,0.0015269926816742,1e-06,-0.0309095377020948,-0.3363068419219314,0.0454432139750906,-0.6801793931000939,0,0.5579244494438171
2024-08-06 00:00:00+00:00,11.479999542236328,34.689998626708984,-0.3536699603520166,0.4535174626766017,0.001575731666864,1e-06,-0.016693132189506,-0.3367957634036891,0.0456137527184899,-0.3659670865611412,0,0.5578402280807495
2024-08-07 00:00:00+00:00,11.619999885559082,35.04999923706055,-0.336475278957149,0.4708227277223382,0.0016415604844192,1e-06,-0.0011500529570777,-0.3357571404313059,0.0460530246412579,-0.0249723653557261,0,0.5577380061149597
2024-08-08 00:00:00+00:00,11.600000381469728,35.16999816894531,-0.39740956992466,0.5308537065661154,0.0018980892665671,1e-06,-0.0530214389557159,-0.3415119771093533,0.0486482625775327,-1.0898937833846265,0,0.5579280853271484
2024-08-09 00:00:00+00:00,11.6899995803833,35.38999938964844,-0.3824585646988883,0.5651255929809246,0.002038905613904,1e-06,-0.0395946623775973,-0.3423755882881227,0.0499795707014073,-0.7922169362787752,0,0.5580577254295349
2024-08-12 00:00:00+00:00,11.699999809265137,35.380001068115234,-0.3690476457827945,0.5676936688447971,0.0020593210727302,1e-06,-0.026173348928222,-0.3426891821432548,0.0500750829026833,-0.5226820887962919,0,0.5579133033752441
2024-08-13 00:00:00+00:00,11.720000267028809,35.380001068115234,-0.3490471880191226,0.5630122079661136,0.0020288575059347,1e-06,-0.007354899476918,-0.3420673027993653,0.0496566766834019,-0.1481150163111188,0,0.5579010248184204
2024-08-14 00:00:00+00:00,11.760000228881836,35.43000030517578,-0.3261032789242097,0.5697931502547581,0.0020495609632465,1e-06,0.0136497255474894,-0.3406483166463806,0.0497707687306284,0.2742518529574074,0,0.5576099157333374
2024-08-15 00:00:00+00:00,11.789999961853027,35.459999084472656,-0.3063369173492045,0.5869244276624122,0.0021107130494097,1e-06,0.0314832209533034,-0.3389600999939417,0.0503102944533754,0.6257808922680866,0,0.5578232407569885
2024-08-16 00:00:00+00:00,11.5,34.72999954223633,-0.3473148653122013,0.5405311694044438,0.0019065671673892,1e-06,-0.0052333228670403,-0.3408790433405804,0.0480959213089345,-0.108810117877255,0,0.5582619309425354
2024-08-19 00:00:00+00:00,11.739999771118164,35.38999938964844,-0.332458373964025,0.5620001209064778,0.0020235573815168,1e-06,0.007150646886172,-0.3401205811582224,0.0492272530677831,0.1452578894931645,0,0.5583282113075256
2024-08-20 00:00:00+00:00,11.800000190734863,35.599998474121094,-0.344094156707456,0.5471371993485484,0.0019419336410281,1e-06,-0.0030578690568961,-0.3406677794067039,0.048287658282012,-0.063326099580921,0,0.558692216873169
2024-08-21 00:00:00+00:00,11.829999923706056,35.720001220703125,-0.3550305119078327,0.5519975223500783,0.0019671251265706,1e-06,-0.012938712843606,-0.3415056769949935,0.0484679681049918,-0.2669538944892035,0,0.558540940284729
2024-08-22 00:00:00+00:00,11.859999656677246,35.869998931884766,-0.3761989372109884,0.5524419979104934,0.0019661602575005,1e-06,-0.0316466552214188,-0.3432767985713303,0.0483798130318723,-0.6541293411070077,0,0.5569016337394714
2024-08-23 00:00:00+00:00,11.84000015258789,35.75,-0.3552636544221847,0.5854406133019336,0.0021087092949493,1e-06,-0.0126301255221362,-0.3429184272628087,0.049793958771949,-0.2536477483138245,0,0.5558474659919739
2024-08-26 00:00:00+00:00,11.720000267028809,35.40999984741211,-0.3592805594153088,0.5653647407694338,0.0020052082157034,1e-06,-0.0154018442791946,-0.3434583153487081,0.0486668781296683,-0.3164748771876813,0,0.5546947717666626
2024-08-27 00:00:00+00:00,11.550000190734863,34.7400016784668,-0.3007266659050085,0.6418302937266922,0.0025040619878867,1e-06,0.0387136840680824,-0.3414015279282552,0.0535625080182328,0.7227757903887585,0,0.5536251664161682
2024-08-28 00:00:00+00:00,11.670000076293944,35.220001220703125,-0.3444672291519719,0.7434852213930989,0.0034277269396271,1e-06,-0.0015198450392011,-0.3420630952881393,0.061617103516101,-0.0246659604634611,0,0.5531089305877686
2024-08-29 00:00:00+00:00,11.6899995803833,35.130001068115234,-0.2937663095806435,0.3009239035250524,0.0010849205754504,0.0001758126514345,0.0330964863831625,-0.3301017752733687,0.0386042890220866,0.8573266655481474,0,0.552880048751831
2024-08-30 00:00:00+00:00,11.770000457763672,35.45000076293945,-0.3229257314043021,0.388080852013532,0.0013567719360393,1e-06,0.0083367469123633,-0.330912314320634,0.0418446515788514,0.1992308837045442,0,0.5529066324234009
2024-09-02 00:00:00+00:00,11.720000267028809,35.43000030517578,-0.3661032407772371,0.5000482876876686,0.0017675060564437,1e-06,-0.0297751867174014,-0.3343415402514915,0.0464755294452473,-0.6406637444007922,0,0.5528104901313782
2024-09-03 00:00:00+00:00,11.859999656677246,35.709999084472656,-0.3216187876089726,0.5130196771458976,0.0018238123813332,1e-06,0.0091507700361802,-0.3321495554636727,0.0469758507818951,0.194797324239352,0,0.5524016618728638
2024-09-04 00:00:00+00:00,12.0,36.27000045776367,-0.3726496185399774,0.3858586296480169,0.0014221158930407,1e-06,-0.0327757184928067,-0.3372141486628233,0.0421387410404794,-0.7778048817671516,0,0.552487313747406
2024-09-05 00:00:00+00:00,11.880000114440918,35.84000015258789,-0.3459651080511285,0.4171131165623018,0.0015556147617198,1e-06,-0.0095010192733879,-0.3367413513394811,0.043565788804658,-0.2180844082954392,0,0.5525535345077515
2024-09-06 00:00:00+00:00,11.960000038146973,35.81999969482422,-0.2591425029831455,0.5106363529328133,0.0019933116775844,1e-06,0.0686791216321888,-0.331590421226738,0.0483314036819265,1.4210040760283424,-1,0.5527379512786865
2024-09-09 00:00:00+00:00,11.84000015258789,35.66999816894531,-0.3279729289744715,0.4683765269421016,0.0018470488230931,1e-06,0.0069949284164918,-0.3335720915683257,0.0466808510535369,0.1498457774145881,-1,0.5533623695373535
2024-09-10 00:00:00+00:00,11.770000457763672,35.459999084472656,-0.32633642143856,0.596512400171193,0.0024487793864508,1e-06,0.0069951432105455,-0.3334481302345706,0.0527674167471564,0.1325655800825702,-1,0.5534810423851013
2024-09-11 00:00:00+00:00,11.65999984741211,35.29999923706055,-0.3817568821881085,0.4795749145918212,0.0018080993195691,1e-06,-0.0423229268569718,-0.3368511475469684,0.0461494067879622,-0.9170849595408332,0,0.5536443591117859
2024-09-12 00:00:00+00:00,11.630000114440918,35.0,-0.3094189973171986,0.4065560699252696,0.001616719593366,1e-06,0.0214018340280227,-0.333272075442873,0.0438671541940481,0.4878783322335173,0,0.553691565990448
2024-09-13 00:00:00+00:00,11.75,35.15999984741211,-0.2439992613601305,0.6213423749557877,0.0026971418069633,1e-06,0.0841726673112506,-0.3308179823720582,0.0549029830895424,1.5331164642542594,-1,0.5538163185119629
2024-09-16 00:00:00+00:00,11.770000457763672,35.150001525878906,-0.2205881135622007,0.5823468050601087,0.0022640362947184,1e-06,0.1052668994875201,-0.3283647788931236,0.0507557110709367,2.0739912271231504,-1,0.5545657873153687
2024-09-17 00:00:00+00:00,11.550000190734863,34.650001525878906,-0.2700252504230374,0.5858235346969972,0.0023101928526276,1e-06,0.0586023817155494,-0.3284936703195327,0.0511851360023978,1.144910149555998,-1,0.5559884309768677
2024-09-18 00:00:00+00:00,11.5,34.43000030517578,-0.2449772474700999,0.6512558277343562,0.0027356327802463,1e-06,0.0806953893731587,-0.327233225373667,0.0551985845394122,1.4619104827867755,-1,0.5569244623184204
2024-09-19 00:00:00+00:00,11.449999809265137,34.38999938964844,-0.2813320754811066,0.5730659683060781,0.0021897036586057,1e-06,0.0459296491705611,-0.3272472304385915,0.0499459657419173,0.9195867671853724,-1,0.5581713318824768
2024-09-20 00:00:00+00:00,11.470000267028809,34.290000915527344,-0.2272195122012039,0.4834621388421314,0.0017610540435147,1e-06,0.0914140188815404,-0.3226358001665118,0.045337993949202,2.0162784216691025,-1,0.5592501163482666
2024-09-23 00:00:00+00:00,11.420000076293944,34.29999923706055,-0.2806303929703269,0.4045496698581107,0.001553168020457,1e-06,0.0413461466387419,-0.3222640255553788,0.0428433103088149,0.9650549021706925,-1,0.5606778264045715
2024-09-24 00:00:00+00:00,11.40999984741211,34.15999984741211,-0.2428731536120754,0.4113559500971486,0.0015182019773081,1e-06,0.071233413431307,-0.3177567269487992,0.0423424409616751,1.6823171223355218,-1,0.5616472363471985
2024-09-25 00:00:00+00:00,11.359999656677246,34.08000183105469,-0.265583920192638,0.3746230182925738,0.0014062497876661,1e-06,0.0485786568529841,-0.315755418111263,0.040870672324325,1.1885945126493924,-1,0.562951385974884
2024-09-26 00:00:00+00:00,11.399999618530272,34.220001220703125,-0.273341426579698,0.3867151168905376,0.0014470980438591,1e-06,0.039262650283751,-0.3140484616983928,0.0412930361849336,0.9508298229248784,-1,0.5639155507087708
2024-09-27 00:00:00+00:00,11.369999885559082,34.13999938964844,-0.2760504341031744,0.3921106300006349,0.0014631587969166,1e-06,0.0350851137282914,-0.3125070491185816,0.0414169750054418,0.8471191757409011,-1,0.5647342205047607
2024-09-30 00:00:00+00:00,11.399999618530272,34.2400016784668,-0.2801641079416264,0.3925167668986563,0.0014623181541204,1e-06,0.0299927005076155,-0.3112861253394755,0.0413387880895834,0.7255341023210378,-1,0.5654427409172058
2024-10-01 00:00:00+00:00,11.43000030517578,34.220001220703125,-0.2433407399341902,0.3701963243933757,0.0013155785318061,1e-06,0.0600595705187271,-0.3071941332710733,0.0394150786907013,1.5237714223540573,-1,0.5653339624404907
2024-10-02 00:00:00+00:00,11.479999542236328,34.470001220703125,-0.2786230679576285,0.4190388459572581,0.0014013173355245,1e-06,0.0281468299755049,-0.3069858885444164,0.0404583597772463,0.695698741384337,-1,0.5660291910171509
2024-10-03 00:00:00+00:00,11.40999984741211,34.18000030517578,-0.2496958349740037,0.3671627180148392,0.0012797287363752,1e-06,0.0508230740239077,-0.3037396135981424,0.038822900195479,1.3091003961065777,-1,0.5662317872047424
2024-10-04 00:00:00+00:00,11.40999984741211,34.2599983215332,-0.2769852591283044,0.3638325593603427,0.0012871429241216,1e-06,0.025637752626562,-0.3031875810983617,0.0388534708858761,0.6598574604021208,-1,0.5667974352836609
2024-10-07 00:00:00+00:00,11.520000457763672,34.54999923706055,-0.2659115765845854,0.3676850922994004,0.0012966570842115,1e-06,0.0336082219869313,-0.3014138111545603,0.0389203769092125,0.8635122436076961,-1,0.5673443675041199
2024-10-08 00:00:00+00:00,11.520000457763672,34.45000076293945,-0.2317994710683564,0.3820357543829508,0.0013449911986023,1e-06,0.062550611983064,-0.2980971555720285,0.0394995555997291,1.5835776133008688,-1,0.5677096247673035
2024-10-09 00:00:00+00:00,11.449999809265137,34.189998626708984,-0.2131065631552342,0.3972148307125639,0.0013746102901062,1e-06,0.0778201365137134,-0.2948280001124052,0.0398397430885996,1.9533292757598653,-1,0.5683658123016357
2024-10-10 00:00:00+00:00,11.489999771118164,34.43000030517578,-0.2549774763519359,0.3825152618392908,0.0013589035097484,1e-06,0.0386389721927346,-0.2942773329474545,0.0395958142276144,0.9758347680545368,-1,0.5689699649810791
2024-10-11 00:00:00+00:00,11.4399995803833,34.18000030517578,-0.2196961020028123,0.3712564094320045,0.0013428759631326,1e-06,0.0672974433950204,-0.2909846201046695,0.0393472955388577,1.7103448273480537,-1,0.5690460801124573
2024-10-14 00:00:00+00:00,11.479999542236328,34.45000076293945,-0.2718003865957001,0.3077782973059742,0.0011965164628954,7.793593895562756e-05,0.0194643023565788,-0.2911588775815292,0.03806368705653,0.511361453967178,-1,0.5698109269142151
2024-10-15 00:00:00+00:00,11.5600004196167,34.70000076293945,-0.2770810742993159,0.3667148829215468,0.0013242990422247,1e-06,0.0130686080635991,-0.2906074256792581,0.0396899321121843,0.3292675841989482,-1,0.5701765418052673
2024-10-16 00:00:00+00:00,11.68000030517578,35.0099983215332,-0.2628294966165949,0.3156234275275413,0.0011950659989702,8.141386157995496e-05,0.022909714586767,-0.2873477558585576,0.0385703200733635,0.5939726334443447,-1,0.570355236530304
2024-10-17 00:00:00+00:00,11.579999923706056,34.68000030517578,-0.2502588888480304,0.3370575584077475,0.0012229856021631,5.473428630318219e-05,0.0309992499735369,-0.2832235144340899,0.039248387792559,0.789822250467419,-1,0.5701802372932434
2024-10-18 00:00:00+00:00,11.5600004196167,34.900001525878906,-0.3453065866251865,0.2893439376919552,0.0011984600264952,0.0001010811318408,-0.044353819679951,-0.2963405029236395,0.0394443460071366,-1.124465840349492,0,0.5693386793136597
2024-10-21 00:00:00+00:00,11.539999961853027,34.709999084472656,-0.3004922220972457,0.3114080388885586,0.0012697247215486,4.019746560515866e-05,-0.0063249142142971,-0.2947828017578549,0.0403893937271196,-0.1565983945446114,0,0.5679678320884705
2024-10-22 00:00:00+00:00,11.489999771118164,34.349998474121094,-0.2276867509042226,0.4570500971664299,0.0017533827359026,1e-06,0.0574576911862672,-0.2886962789949419,0.046013154757528,1.2487231420894205,0,0.5671194791793823
2024-10-23 00:00:00+00:00,11.399999618530272,34.29999923706055,-0.3006308507339987,0.3848526119657902,0.0015700519649045,1e-06,-0.0066224145436259,-0.2921143568673391,0.0437445955486556,-0.1513881763122048,0,0.566493034362793
2024-10-24 00:00:00+00:00,11.40999984741211,34.45000076293945,-0.3418000814199189,0.6561592624624387,0.0027882226120585,1e-06,-0.046626455249529,-0.2936450773447564,0.0560793856707787,-0.8314366267001506,0,0.5657694935798645
2024-10-25 00:00:00+00:00,11.420000076293944,34.349998474121094,-0.2976864457284431,0.7976070034958802,0.0044429051681954,1e-06,-0.0051734286803931,-0.293230915446105,0.0693204016543841,-0.0746306795247188,0,0.5643860697746277
2024-10-28 00:00:00+00:00,11.460000038146973,34.52000045776367,-0.3156786248050984,0.5834398754162974,0.0020643820243197,1e-06,-0.0206049746213911,-0.2942084466206289,0.049114759422486,-0.4195271414066551,0,0.563573956489563
2024-10-29 00:00:00+00:00,11.43000030517578,34.5099983215332,-0.3422663664486212,0.5473082223942819,0.0016915209946614,1e-06,-0.0436981574958965,-0.2966090893704151,0.0450392702634793,-0.9702234792052066,0,0.5626072883605957
2024-10-30 00:00:00+00:00,11.510000228881836,34.779998779296875,-0.3543706891884799,0.4130099886417027,0.0013013958409986,1e-06,-0.0510902249772327,-0.3006499008249024,0.0401894021073343,-1.2712362537960993,1,0.5617763996124268
2024-10-31 00:00:00+00:00,11.59000015258789,35.02000045776367,-0.3562416405321542,0.5220576908381269,0.0017165258064438,1e-06,-0.0522274797887069,-0.3024945112049169,0.0450836734863564,-1.1584566152204177,1,0.5610377788543701
2024-11-01 00:00:00+00:00,11.479999542236328,34.619998931884766,-0.3297912262319737,0.5900340113297339,0.0019230466710461,1e-06,-0.0276331537238248,-0.3023257009142324,0.0473168341940434,-0.5840025900824849,1,0.5604031085968018
2024-11-04 00:00:00+00:00,11.59000015258789,34.95000076293945,-0.3323629064121114,0.4430760119529663,0.0013951320947598,1e-06,-0.02744616385128,-0.3037966562788955,0.0411417077623819,-0.6671128969608675,1,0.5597701668739319
2024-11-05 00:00:00+00:00,11.510000228881836,34.68000030517578,-0.3202585836722509,0.424622739562617,0.0011899208608414,1e-06,-0.015658960336378,-0.3042524496109441,0.0383748377122528,-0.4080528093380903,1,0.559002697467804
2024-11-06 00:00:00+00:00,11.5600004196167,34.61000061035156,-0.246379658817343,0.4194279859686376,0.0011941770075949,1e-06,0.0473574311773686,-0.2983847233107241,0.0383033563615547,1.2363781056247454,0,0.5583314895629883
2024-11-07 00:00:00+00:00,11.649999618530272,34.83000183105469,-0.2314286535915712,0.6215983793311626,0.0019009792245039,1e-06,0.0636629966744626,-0.2969036940985192,0.0467378001516692,1.362130790663429,-1,0.5578922033309937
2024-11-08 00:00:00+00:00,11.640000343322754,34.939998626708984,-0.2789507243495777,0.6066663281735211,0.0018533440967099,1e-06,0.0197989845623946,-0.2977272918115834,0.0461994126227833,0.4285548979605593,-1,0.5580337047576904
2024-11-11 00:00:00+00:00,11.640000343322754,35.33000183105469,-0.4119910589670628,0.6842864027348196,0.0024663436837517,1e-06,-0.1062558602149142,-0.3008807941128034,0.0524496493261256,-2.025864073069928,0,0.5578612685203552
2024-11-12 00:00:00+00:00,11.329999923706056,34.11000061035156,-0.3058170245600138,0.3732907847685914,0.0013002169803028,1e-06,-0.0101300867104499,-0.298014996200651,0.0395120947510183,-0.2563793890018677,0,0.556474506855011
2024-11-13 00:00:00+00:00,11.34000015258789,34.099998474121094,-0.2924048043505092,0.8792251359695308,0.0069080689725732,1e-06,0.0053428238810721,-0.2979525051315472,0.0847989501169366,0.0630057786529718,0,0.5553604364395142
2024-11-14 00:00:00+00:00,11.289999961853027,33.720001220703125,-0.2127779530889704,0.4669962019632446,0.0013157143270726,1e-06,0.0740929069333048,-0.2924160772699304,0.0396862005666299,1.8669690188383925,-1,0.5550524592399597
2024-11-18 00:00:00+00:00,11.25,34.08000183105469,-0.3755835768698841,0.2388954843130169,0.0011004182494521,0.0002039702544087,-0.0537534854296041,-0.3151767907336166,0.0381424790450334,-1.409281378017915,0,0.5550267100334167
2024-11-19 00:00:00+00:00,11.359999656677246,34.380001068115234,-0.3679215380347393,0.6053345631845551,0.0021910892078487,1e-06,-0.0507494892393336,-0.3163247643349293,0.0507443771522286,-1.0001007419421009,0,0.5543082356452942
2024-11-21 00:00:00+00:00,11.25,33.849998474121094,-0.2971233918544129,0.6059772535151126,0.0022083721657496,1e-06,0.0145594365005563,-0.3137696892692795,0.0508739739818087,0.2861863416795874,0,0.553895890712738
2024-11-22 00:00:00+00:00,11.359999656677246,34.290000915527344,-0.3372201225527664,0.4776145792380151,0.0016126043447137,1e-06,-0.0191509492261239,-0.3163970468583034,0.0444009019492976,-0.4313189233856737,0,0.5534445643424988
2024-11-25 00:00:00+00:00,11.449999809265137,34.2599983215332,-0.236985297275277,0.3232766489412731,0.0012646318853653,0.000112807794684,0.0579496094933449,-0.300218818515717,0.0407089872893613,1.4235089927793223,-1,0.5532426238059998
2024-11-26 00:00:00+00:00,11.460000038146973,34.439998626708984,-0.2883878993573852,0.3419745587001356,0.0013467222165343,3.920426538167989e-05,0.0136067035523606,-0.3015109129980697,0.0417235491452414,0.3261156788219327,-1,0.5533167719841003
2024-11-27 00:00:00+00:00,11.3100004196167,34.0099983215332,-0.2917031218397294,0.3760412066898798,0.0014201878910501,1e-06,0.0089249339049751,-0.3009087029460564,0.0423619052840263,0.2106830144946405,-1,0.5531294345855713
2024-11-28 00:00:00+00:00,11.18000030517578,33.59000015258789,-0.2784308315603887,0.3338755552862092,0.0012929177134344,7.434239053440324e-05,0.0178724234608521,-0.2975074113042283,0.0410234379904114,0.4356637165570954,-1,0.5529013276100159
2024-11-29 00:00:00+00:00,11.31999969482422,34.09000015258789,-0.3089945720799214,0.3761187262249281,0.0013588108374013,9.627675567183474e-06,-0.0078567191104634,-0.3000129597925827,0.0416552838803383,-0.1886127851879046,0,0.5534934401512146
2024-12-02 00:00:00+00:00,11.329999923706056,34.279998779296875,-0.3638078641962856,0.3258622584660904,0.0012500982150415,0.0001219760100773,-0.0474251024700714,-0.3126236970005047,0.0408130849884389,-1.1620072945602014,0,0.5537948608398438
2024-12-03 00:00:00+00:00,11.350000381469728,34.029998779296875,-0.2585258413486286,0.2809583131576048,0.0012780232247527,0.000104893815772,0.0352402145107616,-0.2977643132300541,0.0413997208963315,0.8512186494929818,0,0.5535464882850647
2024-12-04 00:00:00+00:00,11.4399995803833,34.04999923706055,-0.1753493237969845,0.6225803779258968,0.0026937551877505,1e-06,0.1133830992798314,-0.292201212169502,0.0561896065570881,2.0178660472490626,-1,0.5537189841270447
2024-12-05 00:00:00+00:00,11.359999656677246,34.41999816894531,-0.3815655994651834,0.3645833703561615,0.0019830282663378,1e-06,-0.0694443145974683,-0.3063176297096533,0.0490892995492218,-1.4146527906318285,0,0.5553228259086609
2024-12-06 00:00:00+00:00,11.489999771118164,34.130001068115234,-0.1526398585098345,0.0575763400599448,0.0015310538122301,4.7189199098031896e-05,0.1156820370171193,-0.2762331892732541,0.0437639421132525,2.6433184816339605,-1,0.5549523234367371
2024-12-09 00:00:00+00:00,11.31999969482422,34.2400016784668,-0.3601640316476775,-0.1418851688774042,0.0012968006204261,0.0002826720004608,-0.0597188517998043,-0.2972332948401636,0.0416719779031344,-1.4330697702571116,0,0.5562976002693176
2024-12-10 00:00:00+00:00,11.40999984741211,34.150001525878906,-0.2394624635778175,-0.1860486613373296,0.0012409072583755,0.0003456180332013,0.0386309356915765,-0.2801688207134188,0.041411968261282,0.9328447140652916,0,0.5561515688896179
2024-12-11 00:00:00+00:00,11.399999618530272,34.310001373291016,-0.3040428420616692,-0.2300475392577101,0.0011426835810121,0.0004531049868864,-0.0168973831530251,-0.2865113486118514,0.0404383207865611,-0.4178557077632315,0,0.5565416216850281
2024-12-12 00:00:00+00:00,11.300000190734863,34.0099983215332,-0.3017033507215654,-0.2149261698786527,0.0011663932556068,0.0004453746140923,-0.0064154870652948,-0.294505084500287,0.0408712096870009,-0.1569683675728163,0,0.5562863349914551
2024-12-13 00:00:00+00:00,11.300000190734863,33.720001220703125,-0.2027777242071344,-0.1829202795299966,0.0012658390565183,0.0003878567752181,0.0520750074709651,-0.2585813827541801,0.0422040094145693,1.2338876849219012,0,0.5557788610458374
2024-12-16 00:00:00+00:00,11.210000038146973,33.63999938964844,-0.26548715134731,-0.2041858089065399,0.001238008532134,0.0003914392490197,-0.0085634891431673,-0.2570765904517474,0.0417867362859223,-0.2049331894353369,0,0.5559933185577393
2024-12-17 00:00:00+00:00,11.25,33.939998626708984,-0.3278248073363841,-0.1385857091016442,0.0013964701368513,0.0002934127678945,-0.0425131513264718,-0.2823367526818497,0.0437072333574565,-0.9726799904899284,0,0.5562564134597778
2024-12-18 00:00:00+00:00,10.899999618530272,32.650001525878906,-0.2377733019557357,-0.1506495527405278,0.0014100299135448,0.0002815774058759,0.0298208551607467,-0.2691657696816952,0.043788238371673,0.6810243177089781,0,0.5561697483062744
2024-12-19 00:00:00+00:00,11.010000228881836,33.040000915527344,-0.260811724928244,-0.133631682625635,0.0014489241962656,0.0002607693725665,0.0037576697397523,-0.2650795917049028,0.0442112301237969,0.084993557727989,0,0.5562147498130798
2024-12-20 00:00:00+00:00,11.289999961853027,33.630001068115234,-0.1820765376069975,-0.1741719261978052,0.0013560799372572,0.0003641386485185,0.0484886950342774,-0.2339577579419708,0.0433193060846955,1.1193322196684072,0,0.5562237501144409
2024-12-23 00:00:00+00:00,10.880000114440918,32.59000015258789,-0.2373047619593045,-0.1726312883455237,0.0013634594011126,0.000356938970158,-0.0054327653238613,-0.2320734046315439,0.0434669403244368,-0.124986145408699,0,0.5563384294509888
2024-12-26 00:00:00+00:00,11.0,32.84000015258789,-0.2025864414842093,-0.1867507418028429,0.001335428864598,0.0003779002551965,0.0173535788462312,-0.2210738355169433,0.0431536604384694,0.4021345737512775,0,0.5562759041786194
2024-12-27 00:00:00+00:00,11.079999923706056,32.869998931884766,-0.132819889174339,-0.1539547928656532,0.0014256706538157,0.0003305048215457,0.05179974643217,-0.1882259936046837,0.0442602087893798,1.1703457315049832,0,0.5566904544830322
2024-12-30 00:00:00+00:00,10.90999984741211,32.86000061035156,-0.2994092754340283,-0.1648274656152114,0.0015310694742371,0.0002653467873606,-0.0732207583773102,-0.2222045727885113,0.0453156944037102,-1.6157924829529986,1,0.557076096534729
2025-01-02 00:00:00+00:00,10.9399995803833,32.91999816894531,-0.2898762852552092,-0.0841652603125735,0.0017079338105254,0.0001945425593131,-0.0440044051207595,-0.2430056869924837,0.0472262477278219,-0.9317785603965252,1,0.5568264722824097
2025-01-03 00:00:00+00:00,10.699999809265137,32.209999084472656,-0.2876767238452711,-0.1333054378590751,0.0015414725891945,0.0003613700159981,-0.0252637006923358,-0.2604811013810464,0.0458222774393828,-0.5513410093105159,1,0.5560239553451538
2025-01-06 00:00:00+00:00,10.890000343322754,32.68000030517578,-0.2580059485594397,-0.140231297419049,0.0015261762596884,0.0003733958044437,0.0029029203636626,-0.2608690479326757,0.0458295004623916,0.0633417413319785,0,0.5559945702552795
2025-01-07 00:00:00+00:00,11.050000190734863,33.459999084472656,-0.3640841677954771,-0.145830772014571,0.0015527382581346,0.0003694806647241,-0.0620589182129411,-0.2982668450070237,0.0461990588565568,-1.3432939923219531,1,0.5561501979827881
2025-01-08 00:00:00+00:00,10.899999618530272,33.0,-0.3571669725559516,-0.1146917498686331,0.0016087977461273,0.0003551988851207,-0.0331334960680643,-0.3216322549576664,0.0469384378851263,-0.7058926023305844,1,0.555824339389801
2025-01-09 00:00:00+00:00,10.960000038146973,32.970001220703125,-0.2869331815430644,-0.0960941573167283,0.0016729535641536,0.0003156556267644,0.0228955951658065,-0.3109683741105813,0.0476395259649814,0.4806008183758276,0,0.5554758906364441
2025-01-10 00:00:00+00:00,10.829999923706056,32.7400016784668,-0.3384744122619221,-0.1511943093847001,0.0014979805026325,0.0003768372839712,-0.0175492759458319,-0.3200404370131,0.0455701082250233,-0.385104987224835,0,0.5557001233100891
2025-01-13 00:00:00+00:00,10.720000267028809,32.20000076293945,-0.2642655760473413,-0.1664216382491943,0.0014902981072572,0.0003599356929996,0.034135040988556,-0.30036024792425,0.0453421381543999,0.7528326271760442,0,0.5549130439758301
2025-01-14 00:00:00+00:00,10.729999542236328,32.41999816894531,-0.3293131932342081,-0.164313988875894,0.0015254892522361,0.0003193904058842,-0.0198054458065556,-0.3086335705512524,0.0455919502422594,-0.4344066376041504,0,0.5539772510528564
2025-01-15 00:00:00+00:00,10.789999961853027,32.599998474121094,-0.330715604581453,-0.1481995035971825,0.0015637811167044,0.0002978701495887,-0.0126458985119299,-0.3171247648970101,0.0459647487096954,-0.2751216718663916,0,0.5543233752250671
2025-01-16 00:00:00+00:00,10.729999542236328,32.29999923706055,-0.2883784063560508,-0.145266409598573,0.0015764897413862,0.0002917461019863,0.0187329055528024,-0.3081298877671701,0.0460765620103216,0.4065604015465845,0,0.5534701347351074
2025-01-17 00:00:00+00:00,10.899999618530272,32.63999938964844,-0.2343613106280653,-0.1396362477193971,0.0015858662113314,0.0003051299079828,0.0452785072961848,-0.2825179509924777,0.0462491718603194,0.9790122822725074,0,0.554012656211853
2025-01-20 00:00:00+00:00,10.920000076293944,32.90999984741211,-0.3064650993103086,-0.1453877685749015,0.0016059842750626,0.0002768978072569,-0.0176037524719367,-0.2882088327161484,0.046386324375359,-0.3795030692556453,0,0.5543726086616516
2025-01-21 00:00:00+00:00,10.920000076293944,33.130001068115234,-0.3815132929981093,-0.0879764409950374,0.0017660564511835,0.0002079864443456,-0.0626531405616058,-0.3153183831162881,0.0480561906291221,-1.3037475451422478,1,0.5543974041938782
2025-01-22 00:00:00+00:00,10.880000114440918,32.900001525878906,-0.3430543711290763,-0.1104224305241969,0.0016948186106633,0.0002822699731207,-0.0156522723927929,-0.3261152678686566,0.0474751689152501,-0.3296938747228992,1,0.5543485879898071
2025-01-23 00:00:00+00:00,10.699999809265137,32.150001525878906,-0.2672099810528969,-0.0724705944270845,0.0018224464081736,0.0002098982161388,0.0404912839257141,-0.3098158899294028,0.0487840662841835,0.8300104318864863,0,0.5537566542625427
2025-01-24 00:00:00+00:00,10.720000267028809,31.799999237060547,-0.1278145513955966,-0.0581591594108103,0.0018484633003615,0.000373652393141,0.1171470579293972,-0.2513221352429727,0.0498091007431223,2.3519207570831937,-1,0.5541338920593262
2025-01-27 00:00:00+00:00,10.720000267028809,32.529998779296875,-0.3768365652856289,-0.1108590191849929,0.0020410807725224,0.0002279195459712,-0.0895929182325391,-0.2836160932597411,0.0515003148769405,-1.7396576787272162,0,0.5552381873130798
2025-01-28 00:00:00+00:00,10.829999923706056,32.40999984741211,-0.2259021217302219,-0.1115046103129663,0.0021604993708947,0.0001429235000565,0.0442559946292586,-0.2716956312650477,0.052234205826337,0.8472607926000906,0,0.5541754364967346
2025-01-29 00:00:00+00:00,10.760000228881836,32.349998474121094,-0.2754337724686575,-0.1188717167151731,0.0021109671244671,0.0002343719095729,-0.0041883936311104,-0.2712946170968084,0.0519232792379814,-0.080665044515267,0,0.5542274117469788
2025-01-30 00:00:00+00:00,10.970000267028809,33.189998626708984,-0.3519798450556166,-0.081069930926778,0.0022642377181261,0.0001450591896869,-0.0593093116159784,-0.2900881123614082,0.0532154863319695,-1.1145122539328922,0,0.5536959767341614
2025-01-31 00:00:00+00:00,11.100000381469728,33.5099983215332,-0.3311400298187266,-0.0896817324166287,0.0021978150267839,0.0002165295775721,-0.028021583044151,-0.3016344591618374,0.0527715251638817,-0.5309981653387901,0,0.553464949131012
2025-02-03 00:00:00+00:00,11.06999969482422,33.45000076293945,-0.340673973671862,-0.1013762724470198,0.002152855886571,0.0002528229126922,-0.0264991803627581,-0.3128478620826666,0.0525615323625486,-0.5041553998079306,0,0.5532450675964355
2025-02-04 00:00:00+00:00,11.109999656677246,33.400001525878906,-0.2836179590607219,-0.1062728260706558,0.0021474055150984,0.0002642244760053,0.0210728291599924,-0.3055162627722272,0.0526596803317905,0.4001700927012815,0,0.5532020926475525
2025-02-05 00:00:00+00:00,11.0,33.060001373291016,-0.2776346351720082,-0.0982555624336437,0.0021704825563938,0.0002528596390927,0.0186644895511308,-0.2972284443298327,0.0529377657389553,0.3525741838665516,0,0.5535455942153931
2025-02-06 00:00:00+00:00,11.0,33.18000030517578,-0.3185694220501673,-0.097094868689463,0.0021854379659682,0.0002359313053912,-0.0154046200637842,-0.3025596279038476,0.0530429274699946,-0.2904179840469463,0,0.5538398027420044
2025-02-07 00:00:00+00:00,10.989999771118164,32.97999954223633,-0.2603441386061309,-0.1001540367569548,0.0021976206818521,0.0002174580685334,0.0300959822446798,-0.29170361359053,0.053057221894987,0.5672363001637557,0,0.5536226034164429
2025-02-10 00:00:00+00:00,10.920000076293944,32.88999938964844,-0.2996424179483803,-0.1012253991130653,0.0021924182250365,0.0002220683662663,-0.0064867678614142,-0.2930030291385416,0.0529721537010747,-0.1224561851500228,0,0.5538749098777771
2025-02-11 00:00:00+00:00,11.039999961853027,33.22999954223633,-0.2956255129552545,-0.0999386832090103,0.0021947905358179,0.0002221164130855,-0.0016557269191951,-0.2938676226576987,0.052981877755828,-0.0312508161153843,0,0.5538407564163208
2025-02-12 00:00:00+00:00,10.93000030517578,32.70000076293945,-0.2248286680683424,-0.0892072321331037,0.0022572320615203,0.0001825453830849,0.0497392437867156,-0.2767143218291958,0.0534430513901987,0.93069618019299,0,0.5539348721504211
2025-02-13 00:00:00+00:00,10.81999969482422,32.779998779296875,-0.3621187025742038,-0.1066989575491066,0.0022931304463661,0.0001634958809808,-0.0637763052560724,-0.2958608658825228,0.053601552700291,-1.189821974237812,0,0.5542731881141663
2025-02-14 00:00:00+00:00,11.039999961853027,33.529998779296875,-0.3979631307973559,-0.0363273533279915,0.0025347952806546,4.385941911875038e-05,-0.0798116378700492,-0.314935786168338,0.0553315654323249,-1.442425083159185,1,0.5541829466819763
2025-02-17 00:00:00+00:00,10.949999809265137,33.09000015258789,-0.3378681973030595,-0.0584750448350683,0.0024462258884499,0.000134928016235,-0.016661024326207,-0.320345167511454,0.0546098771900314,-0.3050917742999135,1,0.5541757941246033
2025-02-18 00:00:00+00:00,10.970000267028809,32.86000061035156,-0.239408855817329,-0.0206038367201706,0.0026165665218587,6.835362951083685e-05,0.0648259703443576,-0.3066901443081207,0.0559651198753929,1.158328088793403,0,0.554304838180542
2025-02-19 00:00:00+00:00,10.850000381469728,32.81999969482422,-0.3457633786525527,-0.0359861166966888,0.0026106278189092,6.252090704717038e-05,-0.0319605318908012,-0.3126750181518692,0.0557092375842867,-0.5737025541310934,0,0.5542977452278137
2025-02-20 00:00:00+00:00,10.859999656677246,32.65999984741211,-0.2811839538430192,-0.038976178546191,0.0026063578759316,7.338588595605551e-05,0.0257241758676785,-0.3078412920106771,0.0555918252111684,0.462733068575532,0,0.5541278719902039
2025-02-21 00:00:00+00:00,10.90999984741211,32.88999938964844,-0.3096426468302145,-0.0341299055549706,0.0026133361228413,7.161901174015722e-05,-0.0016286512683055,-0.3079854268878077,0.0555970537565625,-0.0292938412786548,0,0.5537856817245483
2025-02-24 00:00:00+00:00,10.890000343322754,32.77000045776367,-0.2887073640414108,-0.0387668037267118,0.0025874396387285,9.587049784192964e-05,0.015566726527442,-0.3048695751814904,0.0554521388565736,0.2807236447218964,0,0.5539669990539551
2025-02-25 00:00:00+00:00,10.960000038146973,33.209999084472656,-0.3688027552993809,-0.0607652654094299,0.0025161940057686,0.0001598128188368,-0.0502212747547123,-0.3166435766700528,0.0551815698589487,-0.9101095688847648,0,0.5542678833007812
2025-02-26 00:00:00+00:00,10.9399995803833,33.02000045776367,-0.3239896920648508,-0.0563580295833743,0.0025340721922545,0.0001471917709075,-0.0050604628662507,-0.318621131340925,0.0555330085368749,-0.0911253144675303,0,0.5541226267814636
2025-02-27 00:00:00+00:00,10.949999809265137,32.970001220703125,-0.2969334104249004,-0.0353262595233086,0.0026082649472832,9.433402624592314e-05,0.017146333358785,-0.3147259707286567,0.056088817233097,0.3056996778435775,0,0.553313136100769
2025-02-28 00:00:00+00:00,10.9399995803833,32.790000915527344,-0.245530808342794,-0.0440987074472539,0.0025568241090376,0.0001682509466366,0.0531818387706294,-0.300804804863863,0.0559175584759863,0.9510758377168476,0,0.5528108477592468
2025-03-05 00:00:00+00:00,10.920000076293944,33.09000015258789,-0.3678679302742527,-0.0729872580718926,0.002494187495712,0.0001989793371861,-0.051221564121912,-0.314777581054955,0.055618041731501,-0.9209523120067178,0,0.5537161827087402
2025-03-06 00:00:00+00:00,10.9399995803833,32.970001220703125,-0.3069336393067363,-0.0595344112279355,0.0025429586210436,0.0001644228680577,0.0066629516505273,-0.3137368508376263,0.0560922939105754,0.1187855084184956,0,0.5534199476242065
2025-03-07 00:00:00+00:00,11.079999923706056,33.2400016784668,-0.2590375424298958,-0.0412197532306919,0.0026271956933686,0.0001109760234498,0.0421673691615294,-0.302806505681044,0.0566526726760273,0.7443138543995409,0,0.5533298254013062
2025-03-10 00:00:00+00:00,11.09000015258789,33.52000045776367,-0.3445522500282347,-0.0299615745526413,0.0027268240629264,5.030293882204648e-06,-0.0340359487004113,-0.3093213050540109,0.0568681872654151,-0.5985059545077255,0,0.5538740158081055
2025-03-11 00:00:00+00:00,11.010000228881836,33.29999923706055,-0.3495039800464887,-0.0015247016683269,0.0028093417112218,1e-06,-0.0336572986828915,-0.3146470628406245,0.0571351540864194,-0.5890821372772246,0,0.5537002682685852
2025-03-12 00:00:00+00:00,11.050000190734863,33.220001220703125,-0.2822145940391607,-0.0369143977533109,0.0026783230890893,2.3475450035568505e-05,0.0273700483164214,-0.3105549731832701,0.055692528866572,0.491449192080943,0,0.5537815690040588
2025-03-13 00:00:00+00:00,11.119999885559082,33.540000915527344,-0.3213751984189716,-0.0215367755601688,0.0027984135653789,1e-06,-0.0093765520691758,-0.311685484183049,0.0564539372684516,-0.1660920836147908,0,0.5535784363746643
2025-03-14 00:00:00+00:00,11.350000381469728,34.06999969482422,-0.2721712040724853,-0.0295620937211759,0.0027563098137637,1e-06,0.0343011389193405,-0.3077025989261604,0.0558104355244375,0.6146008107089798,0,0.5534860491752625
2025-03-17 00:00:00+00:00,11.40999984741211,34.45000076293945,-0.3418000814199189,-0.0403760909671098,0.002730037525626,1e-06,-0.0299878851415467,-0.3107689008643602,0.0553487498310744,-0.5417987801543916,0,0.5538783073425293
2025-03-18 00:00:00+00:00,11.420000076293944,34.36000061035156,-0.3010984370561136,-0.0346787613108104,0.0027619257347987,1e-06,0.0086661182019647,-0.3100397831973743,0.0554602830467795,0.156258095449225,0,0.5533811450004578
2025-03-19 00:00:00+00:00,11.350000381469728,34.439998626708984,-0.3983875560346295,-0.0543943240753474,0.0026922170948031,1e-06,-0.0783510177932532,-0.3171578805621711,0.05465998788154,-1.4334254512287254,1,0.5532956123352051
2025-03-20 00:00:00+00:00,11.4399995803833,34.650001525878906,-0.3800258607745999,-0.0352939722503828,0.0027556501306422,1e-06,-0.0559938731580206,-0.3219055889214291,0.0551159249392458,-1.0159291206623589,1,0.5532957911491394
2025-03-21 00:00:00+00:00,11.449999809265137,34.59000015258789,-0.3495575878069772,-0.0284487223175246,0.0027801195841889,1e-06,-0.0247550416127024,-0.3238567589077671,0.0552322382159612,-0.4481991389867056,1,0.5531991720199585
2025-03-24 00:00:00+00:00,11.369999885559082,34.349998474121094,-0.3476866364633046,-0.0276159834848748,0.002777507180783,1e-06,-0.0214943596256455,-0.3253952798840067,0.0551148447320909,-0.3899922013774682,1,0.5532061457633972
2025-03-25 00:00:00+00:00,11.350000381469728,33.91999816894531,-0.2210017445047274,-0.0410090280354081,0.0027665459508211,2.168836253974493e-05,0.0941520824293825,-0.3185162131508141,0.0550821296205437,1.70930359951564,0,0.5532839298248291
2025-03-26 00:00:00+00:00,11.300000190734863,34.0,-0.2982926606873057,-0.0445841378296398,0.002783847448466,1.417699139767128e-05,0.017810752090559,-0.3168915994663919,0.0552432318100181,0.3224060487954497,0,0.5535489320755005
2025-03-27 00:00:00+00:00,11.279999732971191,33.90999984741211,-0.2875917029690065,-0.0375433122009364,0.0028070802637072,9.380674370395269e-06,0.0264080309071099,-0.3149619018661653,0.0554252449786056,0.4764621413455822,0,0.5534098148345947
2025-03-28 00:00:00+00:00,11.34000015258789,33.95000076293945,-0.2412366460761639,-0.0318988422300296,0.0028365985140107,1e-06,0.0668751258950155,-0.3104941485432927,0.0556071092934209,1.20263625901028,0,0.5538558959960938
2025-03-31 00:00:00+00:00,11.300000190734863,33.65999984741211,-0.1823096801213477,-0.0231232741744299,0.0028599798500602,1.1918119059833691e-05,0.1163883248059532,-0.3028159432237253,0.0558263477966792,2.084827852788112,-1,0.5548145771026611
2025-04-01 00:00:00+00:00,11.289999961853027,33.970001220703125,-0.2980595181729555,-0.0297092787384447,0.0029095849197774,1e-06,0.0040422808170211,-0.3023591155702785,0.0561966962276132,0.0719309334600149,-1,0.5563276410102844
2025-04-02 00:00:00+00:00,11.270000457763672,33.83000183105469,-0.2703015540222253,-0.0083846115956634,0.0030047849958517,1e-06,0.0294572546318198,-0.3007398454809818,0.056982866645461,0.5169493282094518,-1,0.5568728446960449
2025-04-03 00:00:00+00:00,11.390000343322754,34.45000076293945,-0.3617995855092744,-0.0523049009511698,0.0027995121569582,0.0001343294670523,-0.0536774361704594,-0.3062654563481892,0.056035134278256,-0.9579246460606516,0,0.558026909828186
2025-04-04 00:00:00+00:00,11.399999618530272,34.29999923706055,-0.3006308507339987,-0.0582991840851257,0.0027903950614422,0.0001380613464063,0.0052461964030554,-0.3059524792688063,0.0566633632277731,0.0925853338773237,0,0.5581692457199097
2025-04-07 00:00:00+00:00,11.229999542236328,33.880001068115234,-0.3273585223076836,-0.0612515057505562,0.0027822588147204,0.0001392420978538,-0.0176485413538792,-0.3090921246751448,0.0571091991807982,-0.3090314976753028,0,0.5581655502319336
2025-04-08 00:00:00+00:00,11.260000228881836,34.02000045776367,-0.3451153039022632,-0.0562784918670912,0.0027945255983088,0.0001327435888248,-0.0289393255558864,-0.3151139326910023,0.0575459664063958,-0.502890599690581,0,0.557733952999115
2025-04-09 00:00:00+00:00,11.380000114440918,34.20000076293945,-0.2865182493071234,-0.0543993835309284,0.0028151461428197,0.0001195487955879,0.0232794823187883,-0.3105618909848354,0.0578812727592709,0.4021936838812798,0,0.5577935576438904
2025-04-10 00:00:00+00:00,11.220000267028809,34.16999816894531,-0.436283424029634,-0.0677880160634536,0.0028551744585067,0.0001122434576123,-0.1010975873459615,-0.3317404203129274,0.0582861468035228,-1.734504558806264,1,0.5578406453132629
2025-04-11 00:00:00+00:00,11.300000190734863,34.0099983215332,-0.3017033507215654,-0.0961118625838212,0.0028338290019336,0.000121342679588,0.025865778906932,-0.3281292333432637,0.0581488654441983,0.4448200099751523,0,0.557275116443634
2025-04-14 00:00:00+00:00,11.380000114440918,34.40999984741211,-0.3581544516672537,-0.0883913583155489,0.0028769846490665,0.0001042448971623,-0.0244730979621519,-0.3329222155166516,0.0584859064212075,-0.4184443647996151,0,0.5572563409805298
2025-04-15 00:00:00+00:00,11.470000267028809,34.45000076293945,-0.2817996618032197,-0.1236660794160225,0.0027175591847803,0.0002622522833468,0.0393652530196194,-0.3224705576265779,0.0577978507418063,0.681085066561925,0,0.5572009086608887
2025-04-16 00:00:00+00:00,11.350000381469728,34.400001525878906,-0.3847434946041854,-0.1411260312084645,0.0026515065706121,0.0003030807343887,-0.0465693760255637,-0.336677903991554,0.057733895388116,-0.8066210622460362,0,0.5571914315223694
2025-04-17 00:00:00+00:00,11.4399995803833,34.5,-0.328856401206842,-0.1422682450874522,0.0026533714606732,0.0002999327462274,0.0074754399237824,-0.3363627103452822,0.0579948345418926,0.1288983748782418,0,0.5567272901535034
2025-04-22 00:00:00+00:00,11.550000190734863,34.81999969482422,-0.3280160900593092,-0.1631180460117524,0.0025423504230203,0.0003659280025894,0.0053169717447639,-0.3335782851426424,0.0572914060158599,0.0928057472231015,0,0.5566728115081787
2025-04-23 00:00:00+00:00,11.720000267028809,35.380001068115234,-0.3490471880191226,-0.1575163609696679,0.0025412037174211,0.0003685927258317,-0.0107342548243504,-0.3379416226387889,0.0574274124343793,-0.1869186572983102,0,0.5568561553955078
2025-04-24 00:00:00+00:00,11.949999809265137,36.11000061035156,-0.368069659672825,-0.1809993562595938,0.0024464289355337,0.000415973937648,-0.0191047105873225,-0.3481541595301116,0.0566919528622019,-0.3369915768073702,0,0.5570112466812134
2025-04-25 00:00:00+00:00,12.0,35.970001220703125,-0.2703120006978761,-0.1717798770497349,0.0025201110157646,0.0003684978794567,0.0530988209429009,-0.3252812960577453,0.0573007901060984,0.9266682159981192,0,0.5571612119674683
2025-04-28 00:00:00+00:00,11.979999542236328,36.13999938964844,-0.3483032980978198,-0.1765413178269618,0.0025301965470529,0.0003571861255613,-0.0185439584002563,-0.3294167908098173,0.0573199962050646,-0.3235163926723672,0,0.557844877243042
2025-04-29 00:00:00+00:00,12.020000457763672,36.15999984741211,-0.3151250639324061,-0.1800549452170614,0.0025141539250445,0.0003733162284571,0.0106693372995187,-0.3260697157900783,0.0571910930044867,0.1865559257397256,0,0.5579295754432678
2025-04-30 00:00:00+00:00,11.949999809265137,35.91999816894531,-0.3032548373812123,-0.1765329903440573,0.0025309705901612,0.0003585226880308,0.0147376527493044,-0.3186135363941161,0.0573101756706907,0.2571559513966301,0,0.5578182935714722
2025-05-02 00:00:00+00:00,11.779999732971191,35.400001525878906,-0.2958704034386681,-0.1774212252430014,0.0025262216410285,0.0003637879834875,0.0144348570052565,-0.3109434207055976,0.0572697923367181,0.2520501020919847,0,0.5566854476928711
2025-05-05 00:00:00+00:00,11.6899995803833,35.380001068115234,-0.3790478746646304,-0.1757173234808735,0.0025563769709657,0.0003556619944844,-0.0468750282041545,-0.3305308310202035,0.0575330349659452,-0.8147497908271427,0,0.5563656687736511
2025-05-06 00:00:00+00:00,11.75,35.189998626708984,-0.2542326327563167,-0.1866922729666927,0.0025851876672449,0.0003317151304305,0.0548372930033164,-0.3107521842705133,0.0576845538851375,0.9506408442112486,0,0.55550616979599
2025-05-07 00:00:00+00:00,11.619999885559082,34.880001068115234,-0.2784844393208754,-0.1657235547883657,0.0026726166310427,0.0002859217621248,0.0198683974014948,-0.2993852485563614,0.0583251401924711,0.3406489437647253,0,0.5543531775474548
2025-05-08 00:00:00+00:00,11.9399995803833,35.720001220703125,-0.2450308552305884,-0.1896662162887694,0.0025395370783095,0.000388731845038,0.0354166931899279,-0.2819038118178716,0.0573692669658897,0.6173460994540125,0,0.5530986189842224
2025-05-09 00:00:00+00:00,11.850000381469728,35.58000183105469,-0.2872725859040752,-0.1965013307796823,0.0025344655202894,0.0003609345961481,-0.0058886128729739,-0.2814236629302741,0.0572862749792223,-0.1027927348236512,0,0.5533943176269531
2025-05-12 00:00:00+00:00,11.760000228881836,35.31999969482422,-0.2885791820803103,-0.1914853739878644,0.0025459481678896,0.0003529166887642,-0.0044753659017848,-0.2838965716126627,0.0573631728207152,-0.0780181025859969,0,0.5532822012901306
2025-05-13 00:00:00+00:00,11.579999923706056,34.900001525878906,-0.3253070825358293,-0.2198618646470058,0.0023949993561939,0.0003728994628122,-0.0269997603082585,-0.2972226085972786,0.0558847139705535,-0.4831331931390958,0,0.5536296367645264
2025-05-14 00:00:00+00:00,11.630000114440918,34.869998931884766,-0.265072219111369,-0.2096440920959069,0.0024058572399213,0.000360969904191,0.0232976912026985,-0.2890544142122847,0.0559298372038113,0.4165521011227058,0,0.5535218119621277
2025-05-15 00:00:00+00:00,11.739999771118164,35.40999984741211,-0.3392810553259533,-0.2435567925830225,0.0023027460652461,0.0004053810947803,-0.0346136388078783,-0.3035122897069542,0.0549636600206913,-0.6297549834717665,0,0.5537572503089905
2025-05-16 00:00:00+00:00,11.739999771118164,35.400001525878906,-0.3358703652916954,-0.2030425471953305,0.0024827597503093,0.0002090467265955,-0.0205870492481984,-0.3142392747313563,0.0560411290394345,-0.3673560758155306,0,0.55382239818573
2025-05-19 00:00:00+00:00,11.850000381469728,35.630001068115234,-0.3043286386621897,-0.1929732514969913,0.0024063767139289,0.0002624100784762,0.0081288280192012,-0.3126208158381923,0.0552850474586311,0.1470348384033477,0,0.5538762211799622
2025-05-20 00:00:00+00:00,11.869999885559082,35.869998931884766,-0.3661987083291524,-0.2377580823134656,0.002270283040964,0.0003011436163603,-0.0370923023488596,-0.3276683533771695,0.0539705018323042,-0.6872699176322632,0,0.5541488528251648
2025-05-21 00:00:00+00:00,11.779999732971191,35.40999984741211,-0.299281093472926,-0.2430262140852375,0.0022578748627186,0.0002879797643209,0.0222430130972962,-0.3220672798775087,0.0537650715254364,0.4137074957070036,0,0.5539155006408691
2025-05-22 00:00:00+00:00,11.760000228881836,35.400001525878906,-0.3158699075280236,-0.2375874427724177,0.0022730646334796,0.0002794595030081,0.0026167845647225,-0.3188101361960092,0.0538585567199787,0.0485862363213283,0,0.5539839863777161
2025-05-23 00:00:00+00:00,11.720000267028809,35.529998779296875,-0.4002153462934661,-0.203962282925718,0.0024042931568677,0.0001751488515394,-0.0589781570019166,-0.3389401993436017,0.0547349039608274,-1.0775237140111915,0,0.5538795590400696
2025-05-26 00:00:00+00:00,11.800000190734863,35.84000015258789,-0.4259650317571832,-0.2015305346460741,0.002380276454069,0.0002376111765272,-0.0591096872720035,-0.3640256730072565,0.0546233226705334,-1.0821327664106049,0,0.553740918636322
2025-05-27 00:00:00+00:00,12.119999885559082,36.52000045776367,-0.3379312980648823,-0.2019035956518499,0.002418602201664,0.0002049903326281,0.0221948545913958,-0.3605284353374913,0.0548967894551181,0.4043015049093466,0,0.5535171031951904
2025-05-28 00:00:00+00:00,11.84000015258789,35.61000061035156,-0.3075061861820991,-0.181395829594041,0.0024869928410311,0.0001961275769173,0.037900800482089,-0.3470187091989155,0.0555132921377444,0.6827337926211672,0,0.553511917591095
2025-05-29 00:00:00+00:00,11.770000457763672,35.4900016784668,-0.3365710941281588,-0.1911142307874765,0.0024377001298513,0.0002442579594917,0.0055170672600263,-0.3425868036834513,0.0552385524634709,0.0998771150579079,0,0.5538327097892761
2025-05-30 00:00:00+00:00,11.739999771118164,35.380001068115234,-0.3290476839297671,-0.1974740011785758,0.0024082111943144,0.0002451801457641,0.0093507103600729,-0.3388095766833037,0.0550296432850543,0.1699213333373088,0,0.5540654063224792
2025-06-02 00:00:00+00:00,11.520000457763672,34.86000061035156,-0.3716611857543572,-0.1979836518752467,0.0023568162403406,0.0002908333472322,-0.0235093124349962,-0.3472819860635301,0.0547585668547841,-0.429326656728276,0,0.5535943508148193
2025-06-03 00:00:00+00:00,11.720000267028809,35.29999923706055,-0.3217564625714093,-0.2490200838210893,0.0021848097424058,0.0003116901680281,0.0190811847134613,-0.3413964523517391,0.0530834062554058,0.3594566750606391,0,0.5537196397781372
2025-06-04 00:00:00+00:00,11.510000228881836,34.70000076293945,-0.3270812650341792,-0.2498689402450517,0.0019992307536693,0.0004440738825734,0.007251796228749,-0.3348843858899761,0.0516218004546911,0.1404793355689717,0,0.5538949370384216
2025-06-05 00:00:00+00:00,11.43000030517578,34.400001525878906,-0.3047435708981343,-0.2026630773735879,0.0019189806147806,0.0005233354535119,0.0174789389360299,-0.3231385915782169,0.0512385648663918,0.3411285812084619,0,0.5538858771324158
2025-06-06 00:00:00+00:00,11.479999542236328,34.369998931884766,-0.2445096611479869,-0.0988873814940775,0.0020801963825772,0.0003891297035032,0.0492945549950478,-0.296176241006893,0.0529292058595128,0.9313299565817724,0,0.5539304614067078
2025-06-09 00:00:00+00:00,11.25,34.04999923706055,-0.3653489041802853,-0.079785362753353,0.0021757672020713,0.00027736157518,-0.0473640372943748,-0.3160397652555048,0.0535694750965644,-0.8841609369700997,0,0.554882824420929
2025-06-10 00:00:00+00:00,11.329999923706056,34.18000030517578,-0.3296957586800566,-0.0263846024895773,0.002384084760255,8.550026747021705e-05,-0.0097256785482982,-0.3195129868218241,0.0547782584126798,-0.1775463264098032,0,0.5538390278816223
2025-06-11 00:00:00+00:00,11.220000267028809,34.0099983215332,-0.3817032744276201,-0.066589829373726,0.0022318757711276,0.0002229692755531,-0.043997017090196,-0.3357401945436206,0.0534150618275892,-0.8236818527367379,0,0.553561806678772
2025-06-12 00:00:00+00:00,11.270000457763672,33.97999954223633,-0.3214697122965688,-0.0919886579947966,0.0021135824423793,0.0002974688121534,0.0109920000238721,-0.3327818281938177,0.0525231955214741,0.209278965507308,0,0.5530917048454285
2025-06-13 00:00:00+00:00,11.34000015258789,33.970001220703125,-0.2480593274380922,-0.0489743687803965,0.0022524860839633,0.0002291224192124,0.0594132526426117,-0.3100993854296276,0.0538675107838968,1.102951515264237,0,0.5530589818954468
2025-06-16 00:00:00+00:00,11.380000114440918,34.459999084472656,-0.3752105044253682,-0.1050347182902772,0.0021387650039951,0.0002896051562367,-0.0460582912298188,-0.3273478335441495,0.052840740611493,-0.8716435594356721,0,0.5533697605133057
2025-06-17 00:00:00+00:00,11.399999618530272,34.4900016784668,-0.3654456730256132,-0.0551194204753529,0.0022556599199371,0.0002263388029283,-0.0259742739560078,-0.3382262531253952,0.0539124787355356,-0.4817859346334838,0,0.553210437297821
2025-06-18 00:00:00+00:00,11.380000114440918,34.2400016784668,-0.3001636120309801,-0.0611947846692483,0.0022526491691151,0.0002342410861633,0.0271552106577972,-0.3284349254447426,0.0538714320301607,0.5040744163361762,0,0.553117573261261
2025-06-20 00:00:00+00:00,11.40999984741211,34.540000915527344,-0.37250149690189,-0.0336742534372373,0.0023833564590443,8.983695851268354e-05,-0.0331339773745664,-0.3380270510377591,0.0545233794337505,-0.6077021952541736,0,0.5533824563026428
2025-06-23 00:00:00+00:00,11.359999656677246,34.2599983215332,-0.3269854498631677,-0.0354790338515519,0.0023691247490549,0.0001038711288224,0.0086618525034574,-0.3359607815054811,0.0541007626994176,0.1601059221952649,0,0.5534664988517761
2025-06-24 00:00:00+00:00,11.380000114440918,34.29999923706055,-0.3206303548233524,-0.0194760585323513,0.0024260633629346,5.77064914990791e-05,0.0119870206671414,-0.3331164483625501,0.0542410216896553,0.2209954807954432,0,0.5532068610191345
2025-06-25 00:00:00+00:00,11.350000381469728,34.459999084472656,-0.4052102373965578,-0.0376262791333081,0.0023756563788193,8.412727276459241e-05,-0.0566689524632318,-0.3461918741099785,0.0536132194715996,-1.0569958868679936,0,0.5534237623214722
2025-06-26 00:00:00+00:00,11.4399995803833,34.45000076293945,-0.3118003484487275,-0.0324587160973124,0.0022896565402528,0.0001335632246132,0.0269250687721233,-0.3398142886154972,0.0529569813496762,0.5084328465464544,0,0.5532412528991699
2025-06-27 00:00:00+00:00,11.4399995803833,34.400001525878906,-0.294744295690613,-0.0612450661123816,0.0022065926607877,0.0001670866317103,0.0333186878532203,-0.3296273022490646,0.052364498595453,0.6362839088869554,0,0.5535526871681213
2025-06-30 00:00:00+00:00,11.550000190734863,34.93000030517578,-0.3655401869032104,-0.0235359002557027,0.0024087241096185,1e-06,-0.0289870837245274,-0.3353876273933182,0.0536187594798037,-0.5406145909706451,0,0.5536678433418274
2025-07-01 00:00:00+00:00,11.56999969482422,35.06999969482422,-0.3932981510539388,-0.0030179631749264,0.0024728968303644,1e-06,-0.0480865961086782,-0.3432643926610626,0.0537661501712845,-0.8943656176885876,0,0.5538026094436646
2025-07-02 00:00:00+00:00,11.489999771118164,34.5,-0.2788562104719787,0.0089886174883966,0.0025408658899371,1e-06,0.0547089194250369,-0.3357378463497269,0.0540694940411707,1.0118259916280934,0,0.5532700419425964
2025-07-03 00:00:00+00:00,11.59000015258789,35.060001373291016,-0.3698870032560108,-0.0272130798101574,0.0024664397765717,1e-06,-0.0294268904124254,-0.3393312197735345,0.0530675832452492,-0.554517251641751,0,0.5532016158103943
2025-07-04 00:00:00+00:00,11.619999885559082,35.029998779296875,-0.3296525975952207,-0.0380946162184798,0.0024004305652393,1e-06,0.0084969602610756,-0.3384554868241639,0.0521851036371779,0.1628234815849292,0,0.5530158877372742
2025-07-07 00:00:00+00:00,11.5600004196167,34.72999954223633,-0.2873144456955021,-0.014880426667705,0.0024810073949014,1e-06,0.0447883653447168,-0.3339105384094204,0.0527764960444952,0.8486422688417264,0,0.553022027015686
2025-07-08 00:00:00+00:00,11.420000076293944,34.599998474121094,-0.3829680108124282,0.0008876152605469,0.0025807167525081,1e-06,-0.0435444309574635,-0.3377346137567034,0.0535786497958338,-0.8127198263374208,0,0.5534805059432983
2025-07-09 00:00:00+00:00,11.380000114440918,34.22999954223633,-0.2967516207033096,-0.0035196458518444,0.0025857723124048,1e-06,0.0366045715002969,-0.3347654918754492,0.0535016700107539,0.6841762414694595,0,0.5529732704162598
2025-07-10 00:00:00+00:00,11.359999656677246,34.15999984741211,-0.2928733443469387,0.0085887344177435,0.00263333269894,1e-06,0.0377135674146736,-0.3320079916244682,0.0538463857962956,0.7003918063757617,0,0.5530568361282349
2025-07-11 00:00:00+00:00,11.270000457763672,34.0,-0.3282923936584971,0.0034625575834854,0.0026046144771784,1e-06,0.0033639822278431,-0.331780545902595,0.0534847999053869,0.0628960421240043,0,0.5534237027168274
2025-07-14 00:00:00+00:00,11.15999984741211,33.880001068115234,-0.3973582171319023,0.0035308646953361,0.0026134263388618,1e-06,-0.0593816423892496,-0.3357034379243111,0.0534868076823095,-1.1102110027196457,0,0.553386390209198
2025-07-15 00:00:00+00:00,11.199999809265137,33.70000076293945,-0.2959554243149327,-0.0011596807461388,0.002629854552881,1e-06,0.036128128096955,-0.3334546079218613,0.053568722507972,0.6744257918709643,0,0.5533812046051025
2025-07-16 00:00:00+00:00,11.170000076293944,33.790000915527344,-0.356656572768097,-0.0477348399555865,0.0024565299908572,1e-06,-0.0211332472240955,-0.3347356941989874,0.0518341124812133,-0.4077092519285443,0,0.5533716082572937
2025-07-17 00:00:00+00:00,11.119999885559082,33.58000183105469,-0.3350205611428283,-0.0335602611862084,0.0025186377886446,1e-06,-0.0001947617518743,-0.3347899774652038,0.0523706095086349,-0.0037189132168155,0,0.5537925958633423
2025-07-18 00:00:00+00:00,11.170000076293944,33.810001373291016,-0.3634792541300253,-0.0708660378372398,0.0023481291525143,1e-06,-0.0259485062580949,-0.3364300377034265,0.050635168665241,-0.5124601525403337,0,0.5535569190979004
2025-07-21 00:00:00+00:00,11.270000457763672,33.790000915527344,-0.2566561912983687,-0.0956356254602598,0.0023184236200988,1e-06,0.0724526733726849,-0.3321088451457613,0.0502728719823372,1.441188269453558,-1,0.5532069206237793
2025-07-22 00:00:00+00:00,11.100000381469728,33.369998931884766,-0.2833825615786391,-0.026947456325897,0.0021944731769044,1e-06,0.0439594155749284,-0.3294309525735145,0.048969481907246,0.8976900278053318,-1,0.5536006093025208
2025-07-23 00:00:00+00:00,11.229999542236328,33.70000076293945,-0.2659556913437413,-0.0376668329576487,0.0020103731577804,5.4344994744926194e-05,0.0556078876028404,-0.3244055681693529,0.0474289636171428,1.1724457665092516,-1,0.5542829632759094
2025-07-24 00:00:00+00:00,11.170000076293944,33.56999969482422,-0.2816083790802963,-0.031898334654966,0.0020569189961199,1e-06,0.0377256004572159,-0.3212495795593192,0.047819684793512,0.78891361622556,-1,0.555040717124939
2025-07-25 00:00:00+00:00,11.050000190734863,33.4900016784668,-0.3743188404850759,-0.0664111977985431,0.0019547286259553,4.942057396167127e-05,-0.0462361211205087,-0.3258573713775194,0.0470203818304278,-0.9833208349360618,0,0.5558777451515198
2025-07-28 00:00:00+00:00,11.039999961853027,33.29999923706055,-0.3195042470752973,-0.0613445443940515,0.0020000176310978,1e-06,0.0059096710911476,-0.3255667147050051,0.0473628107738832,0.1247745012296939,0,0.5555940270423889
2025-07-29 00:00:00+00:00,11.09000015258789,33.369998931884766,-0.2933827904604769,-0.0312862377917453,0.0021035151873477,1e-06,0.0285101016114402,-0.323253728875681,0.0483525261705742,0.5896300332037365,0,0.5556537508964539
2025-07-30 00:00:00+00:00,11.130000114440918,33.650001525878906,-0.3488990663810352,-0.0284744900422073,0.0021193082063489,1e-06,-0.022954245847488,-0.3249021611471721,0.0484281577639856,-0.4739855263410061,0,0.5564289093017578
2025-07-31 00:00:00+00:00,11.09000015258789,33.36000061035156,-0.289972100426219,-0.0453223987931362,0.0020910148938614,1e-06,0.0313127819416366,-0.3227280215767502,0.0480490756183776,0.6516833370600835,0,0.5562920570373535
2025-08-01 00:00:00+00:00,11.119999885559082,33.439998626708984,-0.2872617916093301,-0.0321200275208246,0.0021235057802831,1e-06,0.0317707457635875,-0.3205728929476699,0.0483216808730733,0.6574842842706525,0,0.5564115047454834
2025-08-04 00:00:00+00:00,11.010000228881836,33.43000030517578,-0.3938507582523183,-0.0104987957006004,0.0022390080511384,1e-06,-0.0664917580961849,-0.3244059151545699,0.049458570060435,-1.344393054933381,1,0.5567184686660767
2025-08-05 00:00:00+00:00,11.050000190734863,33.31999969482422,-0.3163266995553897,-0.0176405778351446,0.0022430953157241,1e-06,0.0074507819779636,-0.3240570909210816,0.0494504179028297,0.1506717697028249,0,0.5567197203636169
2025-08-06 00:00:00+00:00,11.09000015258789,33.40999984741211,-0.3070281531843353,0.0061419513874723,0.0023254429385259,1e-06,0.0155807636700901,-0.3232771560158999,0.0502430318216625,0.310107951395012,0,0.5564493536949158
2025-08-07 00:00:00+00:00,11.170000076293944,33.630001068115234,-0.3020764231660813,-0.0180750490867332,0.0021967662015519,1e-06,0.0192874077392667,-0.3222538285646397,0.0488943529580291,0.3944710702240616,0,0.5565581321716309
2025-08-08 00:00:00+00:00,11.149999618530272,33.58000183105469,-0.3050208281716386,0.0078618642808722,0.0021716924823148,1e-06,0.0157410983782101,-0.3214800383971827,0.0486015300726786,0.3238807164027751,0,0.55644291639328
2025-08-11 00:00:00+00:00,11.06999969482422,33.439998626708984,-0.3372619823441916,-0.0817018660458682,0.0019160010482977,6.596388479302318e-06,-0.0143052928470425,-0.3222804975831908,0.0458697321153767,-0.3118678088431003,0,0.5562372803688049
2025-08-12 00:00:00+00:00,11.210000038146973,33.56999969482422,-0.2416084172272672,-0.0609435225103708,0.0020260614088134,1e-06,0.0731765673887861,-0.3183419843220894,0.0470213593794071,1.5562410009956784,-1,0.5564838647842407
2025-08-13 00:00:00+00:00,11.029999732971191,33.18000030517578,-0.2885696890789759,-0.1021358786045556,0.0018912029399736,1e-06,0.0260715982436238,-0.3164042745153849,0.0455040862594556,0.5729507037009506,-1,0.5567782521247864
2025-08-14 00:00:00+00:00,11.149999618530272,33.33000183105469,-0.2197392630876518,-0.111198857267724,0.001810610729963,3.2771831012554575e-05,0.0851976594786693,-0.3097700618493154,0.044839854429943,1.900043177253853,-1,0.5569130182266235
2025-08-15 00:00:00+00:00,11.1899995803833,33.83000183105469,-0.3503024314025964,-0.1378451302563249,0.0017911271043215,6.10286510412505e-05,-0.0365033772028053,-0.3124313638988744,0.0450456508429866,-0.8103640755473462,0,0.5578188896179199
2025-08-18 00:00:00+00:00,11.369999885559082,34.25,-0.3135745309470739,-0.1057648472099963,0.001890178154708,1e-06,-0.0005064737697667,-0.3128392754097034,0.0460107734048035,-0.0110077212854212,0,0.5581116080284119
2025-08-19 00:00:00+00:00,10.9399995803833,33.11000061035156,-0.3546911075468237,-0.1341168266984716,0.0017924051441563,9.105002077047872e-05,-0.0349550334423059,-0.3178066461438117,0.0455228995553147,-0.767856041327777,0,0.5582312941551208
2025-08-20 00:00:00+00:00,11.020000457763672,33.2400016784668,-0.3190370083722804,-0.1270654461812475,0.0017960956208226,7.294132276801845e-05,-0.000198177148322,-0.3185846773050633,0.0458624145865192,-0.0043211233012643,0,0.5582630634307861
2025-08-21 00:00:00+00:00,11.020000457763672,33.209999084472656,-0.3088023356826817,-0.1213353425220927,0.0018019873296111,7.05284838421129e-05,0.0079042512235319,-0.3171362910478904,0.0461256811186928,0.1713633496965035,0,0.5582872629165649
2025-08-22 00:00:00+00:00,11.25,33.7599983215332,-0.2664219763724418,-0.1447467986985618,0.0017322156860877,0.0001303038804936,0.0388670085545656,-0.3075437974213642,0.0458493618080159,0.8477110045132729,0,0.5584862232208252
2025-08-25 00:00:00+00:00,11.25,33.900001525878906,-0.31418074590594,-0.1375263931896557,0.001774926453314,6.187215869430198e-05,-0.0063529971953059,-0.3077724439672174,0.0462084894349536,-0.1374854982924476,0,0.5574102997779846
2025-08-26 00:00:00+00:00,11.350000381469728,34.189998626708984,-0.3131059909506426,-0.1234711449098263,0.0017377119456642,8.714635129716624e-05,-0.0039451093238284,-0.3088948880259456,0.0458953062098352,-0.0859588844617621,0,0.5567730069160461
2025-08-27 00:00:00+00:00,11.390000343322754,34.439998626708984,-0.3583875941816039,-0.1432969324880297,0.0016642180414448,0.000153016112233,-0.0364389256341138,-0.3197891473944301,0.0454896865999135,-0.8010370780216166,0,0.5562041997909546
2025-08-28 00:00:00+00:00,11.5,34.72999954223633,-0.3473148653122013,-0.1796172754628377,0.0015633183213436,0.0002083846476279,-0.0171049693256962,-0.3287641816747783,0.0447680164532868,-0.3820801250719795,0,0.5559933185577393
2025-08-29 00:00:00+00:00,11.5,34.869998931884766,-0.395072333552287,-0.1850629187640717,0.0015171728632983,0.0002542476595096,-0.0427626713782303,-0.3494409656601295,0.0446210189798574,-0.9583526408828557,0,0.5559613108634949
2025-09-01 00:00:00+00:00,11.449999809265137,34.58000183105469,-0.3461468977727193,-0.2121783299177094,0.0014688958438654,0.0002687397667896,0.0053833617250026,-0.3512962362801013,0.0441859626788295,0.1218342070338546,0,0.5558301210403442
2025-09-02 00:00:00+00:00,11.329999923706056,34.290000915527344,-0.3672198555239561,-0.2180113219057156,0.0014371707538104,0.0002872411588366,-0.0103942178773069,-0.356231390286483,0.0439016236875069,-0.2367615820155831,0,0.5556136965751648
2025-09-03 00:00:00+00:00,11.380000114440918,34.279998779296875,-0.3138076734614241,-0.230118857213421,0.0014075612530918,0.0003179438483128,0.0268302493132012,-0.3422331842234614,0.0436563371590614,0.6145785711578464,0,0.5558338165283203
2025-09-04 00:00:00+00:00,11.5,34.619998931884766,-0.3097907684683019,-0.207809696912468,0.0014528553995869,0.0002862617858837,0.0180891026633712,-0.3293917566587021,0.0441919551087873,0.40933021901478,0,0.5555724501609802
2025-09-05 00:00:00+00:00,11.609999656677246,34.79999923706055,-0.2611939427549981,-0.2118553156558283,0.0014203866044168,0.0003285757749297,0.0399120194290975,-0.3039546632236892,0.0439391249427397,0.9083480720453532,0,0.5555367469787598
2025-09-08 00:00:00+00:00,11.579999923706056,34.959999084472656,-0.3457738253282034,-0.2175006304013201,0.0014323166413563,0.0003185895858715,-0.0288357524567916,-0.315641296584513,0.0440849468715428,-0.6540952071648146,0,0.5560871362686157
2025-09-09 00:00:00+00:00,11.609999656677246,34.97999954223633,-0.3225967737189421,-0.1746216824517902,0.0015113667656564,0.0002419380153226,-0.0026294821456105,-0.3194899086687179,0.0448551607964261,-0.0586216189825821,0,0.5560622215270996
2025-09-10 00:00:00+00:00,11.529999732971191,34.900001525878906,-0.3753072732706943,-0.2189202182617478,0.0014062223715114,0.0003243796352736,-0.0336428067030575,-0.3394218345530652,0.0437103443511341,-0.7696760847454787,0,0.5558314919471741
2025-09-11 00:00:00+00:00,11.619999885559082,34.84000015258789,-0.2648390765970188,-0.2347681362025854,0.0014159710315843,0.0003185761102697,0.0483825120322486,-0.3158369601400363,0.0438176619632937,1.1041783122243936,0,0.5555016994476318
2025-09-12 00:00:00+00:00,11.539999961853027,34.84000015258789,-0.3448390003030734,-0.2378356600881739,0.0014405023831797,0.0002935626155331,-0.0223000341599319,-0.3218534587437369,0.0440251159845613,-0.5065298219260137,0,0.555699348449707
2025-09-15 00:00:00+00:00,11.649999618530272,35.0099983215332,-0.2928301832621027,-0.2419816628562414,0.0013995335311425,0.0002684858493511,0.0200207929709976,-0.3138042246400733,0.0433426665338622,0.4619188105410183,0,0.5556021332740784
2025-09-16 00:00:00+00:00,11.699999809265137,35.290000915527344,-0.3383462303008233,-0.2512486739335955,0.0013589026557942,0.0002987710564099,-0.016934082546053,-0.3206153433061783,0.0428556389689601,-0.3951424585762961,0,0.5544938445091248
2025-09-17 00:00:00+00:00,11.720000267028809,35.540000915527344,-0.4036273376211365,-0.229031024321537,0.0014254512982149,0.0002647563133451,-0.0507766005154275,-0.3493153577359814,0.0436296236514356,-1.163810188258564,0,0.5537987351417542
2025-09-18 00:00:00+00:00,11.739999771118164,35.45000076293945,-0.3529264180498099,-0.2456654045345034,0.001386584836228,0.0002898751614469,0.0025420800714216,-0.3548139749904563,0.0431863548016623,0.058863038640247,0,0.5532059073448181
2025-09-19 00:00:00+00:00,11.84000015258789,35.810001373291016,-0.3757316985079697,-0.2532041316410278,0.0013753100894026,0.0002564030293439,-0.013283942255921,-0.361611484810648,0.0428826097528989,-0.3097745760453166,0,0.5532891154289246
2025-09-22 00:00:00+00:00,11.81999969482422,35.70000076293945,-0.3582080594277403,-0.2554243759859655,0.0013123341747256,0.0003069378378927,0.003399322257779,-0.3616078162378404,0.0422009170468118,0.0805509096877752,0,0.5531048774719238
2025-09-23 00:00:00+00:00,12.029999732971191,36.09999847412109,-0.2846577446390981,-0.264389600115393,0.0013076135332373,0.0003160343371447,0.0457746403514206,-0.3336550924329168,0.0421863731203865,1.0850574952436502,0,0.5531452894210815
2025-09-24 00:00:00+00:00,11.9399995803833,36.040000915527344,-0.3541911544346181,-0.2156652551408676,0.0014417821353012,0.0001650557261107,-0.0169039108668248,-0.3368343373255963,0.0433787931559883,-0.389681446554751,0,0.5533230900764465
2025-09-25 00:00:00+00:00,11.979999542236328,36.150001525878906,-0.3517152894254902,-0.1994466419587759,0.0014604359897771,0.0001613660571345,-0.0089905569193814,-0.3419284841179644,0.043438168223278,-0.2069736659513072,0,0.5532594323158264
2025-09-26 00:00:00+00:00,12.0,36.34999847412109,-0.3999390426942764,-0.2175552189390711,0.0014126057609947,0.0002125365882497,-0.0376411454756932,-0.3596770115730078,0.0429856310284337,-0.8756680912929887,0,0.5530186891555786
2025-09-29 00:00:00+00:00,12.239999771118164,36.7599983215332,-0.2998009862621149,-0.2300133176059153,0.0014250643398388,0.0002035968109533,0.0424982736255967,-0.3445067294545582,0.0431310568430852,0.985328826516109,0,0.5529151558876038
2025-09-30 00:00:00+00:00,12.130000114440918,36.65999984741211,-0.375688537423132,-0.2363546431644779,0.0014207211154849,0.0002033615756616,-0.0239950278597813,-0.3507830809025421,0.0430634194762646,-0.5572021021927156,0,0.553038477897644
2025-10-01 00:00:00+00:00,12.1899995803833,36.93000030517578,-0.4077933179266644,-0.1788633465428949,0.0014675124735611,0.0001705872823667,-0.0372891068475644,-0.3678166515633514,0.0435828703183475,-0.8555908909897204,0,0.5531628727912903
2025-10-02 00:00:00+00:00,12.119999885559082,36.5,-0.331108616702954,-0.1534382155868918,0.001465348826419,0.0001802612617968,0.0267234595665402,-0.3592035034302109,0.0436225654732333,0.6126063260295347,0,0.5531682968139648
2025-10-03 00:00:00+00:00,12.100000381469728,36.70000076293945,-0.4193336331181783,-0.1761363335761795,0.001443231571499,0.0001770031806412,-0.0420026461306615,-0.3748804560170868,0.0433114783124982,-0.969780939537707,0,0.5534369945526123
2025-10-06 00:00:00+00:00,12.020000457763672,36.369998931884766,-0.3867612662925346,-0.1103232199970771,0.0016098315570332,2.10730147925406e-05,-0.0077340703315066,-0.3782800714603464,0.0445554320019462,-0.1735831072442258,0,0.5532218217849731
2025-10-07 00:00:00+00:00,11.960000038146973,36.0,-0.3205453339470896,-0.0471069621689762,0.0017458028769108,1e-06,0.0463440856862458,-0.3695007340379902,0.0456206780851951,1.0158570111496317,0,0.5531458854675293
2025-10-08 00:00:00+00:00,12.0,36.209999084472656,-0.3521815744541925,-0.0554815801825454,0.00170482265408,1e-06,0.0136753753606439,-0.3668015099183714,0.0447856450976065,0.3053517556984975,0,0.5528709292411804
2025-10-09 00:00:00+00:00,11.970000267028809,35.880001068115234,-0.2696103181870963,-0.0956541494749872,0.0016217329141136,4.122928048590343e-05,0.0781224279256989,-0.3525600043004947,0.0438099276643464,1.7832128946717456,-1,0.5528300404548645
2025-10-10 00:00:00+00:00,11.93000030517578,35.83000183105469,-0.2925542272820092,-0.0822847045327376,0.0016557903715928,1.997851938928411e-05,0.0480104355931961,-0.3438134636733325,0.0440510663084909,1.089881349454234,-1,0.5533639788627625
2025-10-13 00:00:00+00:00,11.9399995803833,36.02000045776367,-0.3473684730726898,-0.0650906835651618,0.001717101353895,1e-06,-0.0034861578100561,-0.3438614590923698,0.0445102984764247,-0.0783224990482294,0,0.5544948577880859
2025-10-14 00:00:00+00:00,11.890000343322754,35.849998474121094,-0.3393755692035523,-0.0675247403145175,0.0016533769860619,2.4600198501513243e-05,0.0037869712505052,-0.3433756251438508,0.0437639544574812,0.086531742788109,0,0.5547736287117004
2025-10-15 00:00:00+00:00,11.989999771118164,36.33000183105469,-0.4031178915075983,-0.0795999237435926,0.0015900046541969,9.893428644819412e-05,-0.0478198761144114,-0.3523389523087174,0.0435649492778036,-1.0976685823613654,0,0.5552464127540588
2025-10-16 00:00:00+00:00,12.010000228881836,36.27000045776367,-0.3626493896581415,-0.0806512251644517,0.001595623296088,8.732431943393737e-05,-0.0072313990537314,-0.3547318486357016,0.0439141879601307,-0.1646711322613256,0,0.5546332597732544
2025-10-17 00:00:00+00:00,12.0600004196167,36.66999816894531,-0.4490989222816086,-0.1174726305891586,0.001529319743371,0.0001530420485344,-0.069445979480178,-0.3751578224779417,0.0436888328827055,-1.5895590451368773,1,0.5549882054328918
2025-10-20 00:00:00+00:00,12.109999656677246,36.470001220703125,-0.3308754741886037,-0.1421490435627051,0.0015412281346102,0.000143981895935,0.0347012741172561,-0.3671360725572473,0.0440584809605926,0.7876184870807065,0,0.554933488368988
2025-10-21 00:00:00+00:00,12.0600004196167,36.4900016784668,-0.3876973926110789,-0.1364193702069062,0.0015413284339788,0.0001366640999073,-0.0160642945570422,-0.3709220545404112,0.0441516761734152,-0.363843367892677,0,0.5549869537353516
2025-10-22 00:00:00+00:00,12.09000015258789,36.540000915527344,-0.374753712398002,-0.1182110051776327,0.0014963042619247,0.0001819758133041,-0.0020739358931977,-0.3724220928381736,0.0439252986527004,-0.0472150664152678,0,0.555054247379303
2025-10-23 00:00:00+00:00,12.220000267028809,36.79999923706055,-0.3334458530753288,-0.1491803355460682,0.0014350676624326,0.0002125932930292,0.0260032817421792,-0.3611632280617878,0.0434017523396757,0.5991297664359125,0,0.5549540519714355
2025-10-24 00:00:00+00:00,12.15999984741211,36.970001220703125,-0.4514384136217124,-0.1154286796643597,0.0016019953580766,6.870428257240921e-05,-0.0663450159226684,-0.3812592530967045,0.0448428019718744,-1.4795020160488686,1,0.5550731420516968
2025-10-27 00:00:00+00:00,12.350000381469728,37.31999969482422,-0.3808315501643093,-0.1114020053156719,0.0016318429393172,4.720805136954444e-05,0.0021352618802432,-0.3826529227364955,0.0447769670288928,0.0476866126029801,0,0.5547875165939331
2025-10-28 00:00:00+00:00,12.449999809265137,37.65999984741211,-0.396815102934859,-0.113309047393307,0.0016220727129508,6.327129786658898e-05,-0.010868634464724,-0.3853065340625537,0.0445111606760623,-0.2441777365416816,0,0.5543761849403381
2025-10-29 00:00:00+00:00,12.399999618530272,37.650001525878906,-0.4434046036354662,-0.0932334558417583,0.0016865580879264,8.791036305295106e-06,-0.0460991680327054,-0.3945600317396637,0.0448165840232242,-1.0286185133792554,0,0.554417610168457
2025-10-30 00:00:00+00:00,12.550000190734863,38.119998931884766,-0.4537324889092495,-0.0864545487469296,0.0016753797637944,2.975815129323961e-05,-0.04692588733136,-0.4038095785383699,0.0445401537292761,-1.053563658908429,0,0.5543566942214966
2025-10-31 00:00:00+00:00,12.619999885559082,38.09999847412109,-0.3769101127230989,-0.0653568573841288,0.0017361294557038,1e-06,0.0228530032920091,-0.4008922405896071,0.0449306523113026,0.5086283442686695,0,0.5545389652252197
2025-11-03 00:00:00+00:00,12.670000076293944,38.61000061035156,-0.5008850434838834,-0.1076219741096604,0.0017060470820395,6.9866179039966905e-06,-0.0839663349055918,-0.4122095169355482,0.0443730358064038,-1.8922828555596365,1,0.5543272495269775
2025-11-04 00:00:00+00:00,12.920000076293944,39.47999954223633,-0.5476645256140014,-0.0173100988954589,0.0019438815243429,1e-06,-0.1174381234842155,-0.4241202066089852,0.0468722395444563,-2.505494182176436,1,0.5539699792861938
2025-11-05 00:00:00+00:00,13.149999618530272,40.02000045776367,-0.5018734762695036,-0.0470437363979392,0.0018236717169012,1e-06,-0.0665829182261652,-0.431354668417808,0.045404719401645,-1.4664316640122848,1,0.5542344450950623
2025-11-06 00:00:00+00:00,13.350000381469728,40.2400016784668,-0.3769209070178476,0.0244169257422838,0.0020710718352092,1e-06,0.0482288808272648,-0.4275611146177782,0.0479959134099137,1.0048539011094848,0,0.5540839433670044
2025-11-07 00:00:00+00:00,13.43000030517578,40.54999923706055,-0.4026692911881557,0.0089335060598433,0.0019791920885895,1e-06,0.0221461501791029,-0.4259133225765311,0.0469307111978237,0.4718903595079108,0,0.5542175769805908
2025-11-10 00:00:00+00:00,13.449999809265137,40.95000076293945,-0.5191208117505415,0.0393732693506183,0.0021165948512936,1e-06,-0.0837152950388818,-0.4313997635222142,0.0483212886339806,-1.7324723202851695,1,0.5541117191314697
2025-11-11 00:00:00+00:00,14.100000381469728,42.43999862670898,-0.3773976387221971,-0.0154042960490467,0.0021014534663414,1e-06,0.0486592950874344,-0.4283088988195427,0.0480903261882438,1.0118312547301809,0,0.553132951259613
2025-11-12 00:00:00+00:00,14.920000076293944,44.88999938964844,-0.3931575419797344,0.0489824382627697,0.0022651242037017,1e-06,0.0322167182154428,-0.4266944994695659,0.0497337161183688,0.6477842544234047,0,0.5528849363327026
2025-11-13 00:00:00+00:00,14.710000038146973,44.95000076293945,-0.6236256242124902,0.1132861215024591,0.0028806823341145,1e-06,-0.1832606059235591,-0.4338526233608035,0.0555839593706766,-3.29700525112715,1,0.5523697733879089
2025-11-14 00:00:00+00:00,14.81999969482422,45.0,-0.5306820202933569,0.1388071575441722,0.0030270109718766,1e-06,-0.0923005072259403,-0.4361638285219651,0.0568712084423508,-1.6229742562882834,1,0.5514587163925171
2025-11-17 00:00:00+00:00,14.800000190734863,45.0,-0.5506815243827141,0.1178598724157146,0.002873674216269,1e-06,-0.1076085297767784,-0.4396945563234432,0.055479231001914,-1.9396182649515457,1,0.5516136288642883
2025-11-18 00:00:00+00:00,14.729999542236328,44.40999984741211,-0.4194176272313044,0.0563448121908207,0.0026308232583632,1e-06,0.0183337629199853,-0.4386807193453902,0.0532047193075496,0.3445890356832276,0,0.5519507527351379
2025-11-19 00:00:00+00:00,14.199999809265137,43.18999862670898,-0.5332429061787476,0.0385742929372521,0.0026292086202135,1e-06,-0.0875681806767011,-0.4423123237838846,0.0531609198990304,-1.6472284686386358,1,0.552566647529602
2025-11-21 00:00:00+00:00,13.979999542236328,42.43000030517578,-0.4939877879213412,0.0395907258925575,0.0026362323493056,1e-06,-0.0481939938771453,-0.4440947037806351,0.0532020956897369,-0.905866456054706,1,0.5523900985717773
2025-11-24 00:00:00+00:00,14.279999732971191,42.93999862670898,-0.367961417388706,0.1112629484513029,0.003063019505415,1e-06,0.0712455184757939,-0.4417152630022508,0.057074355370509,1.248293003281249,0,0.5523064136505127
2025-11-25 00:00:00+00:00,14.350000381469728,42.88999938964844,-0.2809047161320563,0.1450029705304578,0.0031061356063571,1e-06,0.1521168186445873,-0.4376016930964844,0.0574417036657127,2.648194759853312,-1,0.5521593689918518
2025-11-26 00:00:00+00:00,14.229999542236328,43.47999954223633,-0.6021701010154015,0.1228986312460017,0.0036453724500055,1e-06,-0.1554343389594365,-0.4419468638461036,0.0619579753951897,-2.50870590861018,0,0.5532182455062866
2025-11-27 00:00:00+00:00,14.359999656677246,43.4900016784668,-0.4755819779021539,0.1739521594460061,0.0040469118089637,1e-06,-0.0333464685564013,-0.4420791941549188,0.0651199332877725,-0.5120777444448451,0,0.5525810122489929
2025-11-28 00:00:00+00:00,14.270000457763672,43.52000045776367,-0.5758145482119144,0.0653913048851137,0.0033118121118248,1e-06,-0.1264204235497904,-0.4456363718887628,0.0591782343075986,-2.136265554877458,1,0.5524606108665466
2025-12-01 00:00:00+00:00,14.149999618530272,42.5,-0.3478664457474405,-0.0443313798247263,0.0029680537866265,0.0001036919695457,0.0891564852806533,-0.4398336011946021,0.0569352373671563,1.565928050948709,0,0.5526546239852905
2025-12-02 00:00:00+00:00,14.020000457763672,42.5,-0.4778656065140403,-0.0683915617571564,0.0029401405867393,9.627529097216548e-05,-0.0342402352905197,-0.4426726511143205,0.0572570411203439,-0.5980091639481151,0,0.5533011555671692
2025-12-03 00:00:00+00:00,13.869999885559082,41.9900016784668,-0.4538923585163985,-0.0511048857114138,0.0028978538735648,0.0001726266269795,-0.009176654650904,-0.4443404186869851,0.057824863820066,-0.1586973845620992,0,0.5538340210914612
2025-12-04 00:00:00+00:00,13.979999542236328,42.29999923706055,-0.4496410097155117,-0.0925690235240613,0.0027087735354857,0.0003095600742012,-0.0038897266281394,-0.4455787017829314,0.0574914343501782,-0.0676574984100633,0,0.5534732937812805
2025-12-05 00:00:00+00:00,13.699999809265137,41.209999084472656,-0.3578130668687862,-0.1041372487830828,0.002662420815024,0.000371259865442,0.0632053526163462,-0.4233247253362527,0.0580849318538311,1.0881540289209684,0,0.5539962649345398
2025-12-08 00:00:00+00:00,13.65999984741211,41.52000045776367,-0.5035626378915854,-0.1160571550918614,0.0026956479371662,0.000349497699044,-0.0583986355780805,-0.443326836380316,0.0587712529023653,-0.9936598710103428,0,0.5543219447135925
2025-12-09 00:00:00+00:00,13.609999656677246,41.33000183105469,-0.4887493076282467,-0.0755734937341492,0.0028534900754536,0.0002589122760306,-0.0315116799631014,-0.4560030230690967,0.0601140473252049,-0.5241982758643672,0,0.5542505383491516
2025-12-10 00:00:00+00:00,13.869999885559082,41.83000183105469,-0.3993122089143845,-0.0654091346795794,0.0029412835631146,0.0002064562087797,0.0423411090816586,-0.4430006785871859,0.0606757383094875,0.6978260217566731,0,0.5540940761566162
2025-12-11 00:00:00+00:00,13.890000343322754,41.540000915527344,-0.2803848233428692,-0.0431028322866246,0.00298361909574,0.0003227790033059,0.1174318668537759,-0.4017738177023761,0.0615059435218829,1.9092767321258195,-1,0.5541282296180725
2025-12-12 00:00:00+00:00,13.8100004196167,41.77000045776367,-0.4388436307709824,-0.0609139742870816,0.0029951718116342,0.0003175391734536,-0.028538492957016,-0.409602233423126,0.0617940376132161,-0.4618324689453917,0,0.5547707676887512
2025-12-15 00:00:00+00:00,14.06999969482422,42.5,-0.4278663694534916,-0.0388845204854497,0.0030940862847515,0.0002563729064419,-0.0130069379081811,-0.4144076362690896,0.0625517325915355,-0.20793889104746,0,0.5549063086509705
2025-12-16 00:00:00+00:00,13.699999809265137,41.310001373291016,-0.3919264736784278,-0.0486321884991222,0.0030082299754104,0.0003408228090088,0.0161329829967096,-0.4085682622079407,0.0621056558221431,0.2597667278952975,0,0.5551080107688904
2025-12-17 00:00:00+00:00,13.3100004196167,40.59999847412109,-0.5397252295053487,-0.0690580813292554,0.0030302402228111,0.000330420527914,-0.0928642637879789,-0.4438897930920435,0.0623363452567532,-1.489729040184923,1,0.5547666549682617
2025-12-18 00:00:00+00:00,13.43000030517578,40.34000015258789,-0.3310330888280255,-0.1176075095140131,0.0029634311302943,0.0003809021706189,0.0811427321004535,-0.4144649533156114,0.0618505607007554,1.3119158691711326,0,0.5544646978378296
2025-12-19 00:00:00+00:00,13.550000190734863,40.880001068115234,-0.3952416961607721,-0.0690609907617561,0.0031627076456883,0.0002682055409077,0.0123029831439459,-0.4081005149228079,0.0632923033647629,0.1943835583458225,0,0.554663360118866
2025-12-22 00:00:00+00:00,13.229999542236328,40.310001373291016,-0.5208004803712907,-0.0040579314620926,0.0035801043982994,1e-06,-0.090068781128637,-0.4282194847788161,0.065550309956224,-1.3740405070363044,1,0.554663360118866
2025-12-23 00:00:00+00:00,13.5,40.77000045776367,-0.4077177900517341,-0.0385965708327897,0.0034555187006144,8.468037008602276e-05,0.0171165092268893,-0.42522612672485,0.0642114222476888,0.2665648669307494,0,0.554663360118866
2025-12-26 00:00:00+00:00,13.68000030517578,41.36000061035156,-0.4289820305258995,-0.0164284447417111,0.0035173414065871,4.876595408265412e-05,-0.0031376200936053,-0.4257634270892448,0.0643063737682832,-0.0487917434889306,0,0.554663360118866
2025-12-29 00:00:00+00:00,13.59000015258789,41.4900016784668,-0.563328961319618,0.0262315012902271,0.0038153523944322,1e-06,-0.1178042849402678,-0.4424281341884803,0.0661502055558006,-1.7808604516110649,1,0.554663360118866
2025-12-30 00:00:00+00:00,13.899999618530272,42.11000061035156,-0.464827412423368,-0.0061943577188874,0.0036906290845722,1e-06,-0.0192092624997018,-0.4450783235491624,0.0647851681730266,-0.2965071024960252,1,0.554663360118866
