data,TAEE3,TAEE11,spread_observado,rho,var_mr,var_rw,mr_filtrado,rw_filtrado,std_mr,zscore_mr,sinal
2022-01-03 00:00:00+00:00,12.170000076293944,36.47999954223633,-0.2742857446061642,0.15519094519237164,0.0023849564287567026,0.00032156165768130367,-0.04515947915693597,-0.22746860568068789,0.05482777253176533,-0.8236606572111262,1
2022-01-04 00:00:00+00:00,12.25,36.65999984741211,-0.25568865186405,0.11459238534255611,0.0022267147190886947,0.000442453979295081,-0.02072955566934835,-0.23424308103627012,0.0547293552472071,-0.3787648433955597,1
2022-01-05 00:00:00+00:00,12.130000114440918,36.290000915527344,-0.24947218546098782,0.09484451236320224,0.0021556181196856895,0.0004874041151477059,-0.010270887518775302,-0.23880508347643792,0.05482417844389058,-0.18734229696277108,1
2022-01-06 00:00:00+00:00,12.020000457763672,36.209999084472656,-0.33218111669052064,0.10498278709985129,0.0022522297587748126,0.00040552917930213213,-0.059819900894485335,-0.2696653214363089,0.05592029222607041,-1.0697351267881412,1
2022-01-07 00:00:00+00:00,12.130000114440918,36.2400016784668,-0.2324161327028733,0.08087061902259024,0.0022384334755780584,0.00041995834443112143,0.02152814566065174,-0.2551545232443555,0.055837338073873144,0.3855510739457148,0
2022-01-10 00:00:00+00:00,12.109999656677246,36.16999816894531,-0.22853655505308978,0.13262556465143518,0.0024184850644858847,0.0002841908242465041,0.01886101531759277,-0.2480858056844717,0.05732335757737361,0.32902844694912803,0
2022-01-11 00:00:00+00:00,12.039999961853027,36.08000183105469,-0.2678361356887482,0.1207737693225917,0.002376318923723873,0.0003275214674700543,-0.012345528990396228,-0.2548526796461739,0.056951937589871875,-0.21677100925520948,0
2022-01-12 00:00:00+00:00,12.029999732971191,36.150001525878906,-0.30171509869062696,0.13199417406866298,0.0024093181695649005,0.0003152343789256263,-0.03194422772416016,-0.2684634839689707,0.057269158482498035,-0.5577911142857565,0
2022-01-13 00:00:00+00:00,12.09000015258789,36.06999969482422,-0.21442395362621447,0.1244492041220432,0.002435614424393264,0.00030049538825304735,0.035151309785979266,-0.251240861632616,0.057449202919211906,0.6118676674315375,0
2022-01-14 00:00:00+00:00,12.039999961853027,36.04999923706055,-0.25760146299914943,0.11824456326854217,0.002417220943536579,0.0003122500594975558,-0.0029002628699888846,-0.25439898921660975,0.057269355715206145,-0.05064249167410849,0
2022-01-17 00:00:00+00:00,12.079999923706056,36.130001068115234,-0.24489222659383358,0.12379806552316712,0.002404402886673626,0.0003276229956630174,0.006227507973432355,-0.2514037423439764,0.057216522458419065,0.1088410778190525,0
2022-01-18 00:00:00+00:00,12.09000015258789,36.2400016784668,-0.27241609455590066,0.10542252457384511,0.0023324334619418564,0.0003916444711573358,-0.013330015710716007,-0.2584665165546656,0.05672209577345009,-0.23500569802562526,0
2022-01-19 00:00:00+00:00,12.25,36.83000183105469,-0.3136807927937362,0.1242959677881701,0.0024142158477202043,0.0003298924726291689,-0.037178831052108646,-0.2749747355000611,0.0574407620313813,-0.6472551849468317,0
2022-01-20 00:00:00+00:00,12.59000015258789,37.65999984741211,-0.2568147596121051,0.12847535305059285,0.0024154523273439282,0.0003064245349488192,0.010565001483246588,-0.2680396544253897,0.057362792548039165,0.18417864636556527,0
2022-01-21 00:00:00+00:00,12.65999984741211,37.95000076293945,-0.28574199259572985,0.12252329649521371,0.002394327338973534,0.0003188182462003906,-0.011355589111127835,-0.27383841373568524,0.057136561294268,-0.19874470660989954,0
2022-01-24 00:00:00+00:00,12.65999984741211,38.06999969482422,-0.32667677947388896,0.1285823798707923,0.0024273868792988183,0.0002925951690662468,-0.03616511319013182,-0.28902755635399113,0.05735497985352899,-0.6305487907499738,0
2022-01-25 00:00:00+00:00,12.710000038146973,38.02000045776367,-0.25962053598091117,0.12433856147437157,0.0023304928482637925,0.0003454136666739601,0.017786035188503437,-0.2783991143999458,0.05655802760377664,0.3144741063656856,0
2022-01-26 00:00:00+00:00,12.600000381469728,37.7599983215332,-0.28092663624649816,0.16644450909795414,0.002399273544336008,0.0002829384080328622,-0.0007650088365591412,-0.2799989279887804,0.057168531991482974,-0.013381642136151282,0
2022-01-27 00:00:00+00:00,12.59000015258789,37.59999847412109,-0.23634671552631836,0.10441880902347236,0.002173344465824735,0.0004750926821069355,0.026755880955845125,-0.2643809946760835,0.05538978534552987,0.483047204262264,0
2022-01-28 00:00:00+00:00,12.640000343322754,37.77999877929688,-0.2477493557554027,0.18330002822574368,0.0024888842703869526,0.00014327948583134353,0.013248026932724331,-0.26135000222090377,0.05765707454755288,0.22977279087925234,0
2022-01-31 00:00:00+00:00,12.8100004196167,38.27999877929688,-0.24831240962943113,0.13820032996806167,0.002333001455371468,0.0002425065225868466,0.009518213904087643,-0.2581732984825982,0.05606361622434727,0.16977524007725495,0
2022-02-01 00:00:00+00:00,12.65999984741211,37.7599983215332,-0.22092717030411713,0.1504085975916779,0.002341972502366805,0.00022789009404427076,0.0263275771508775,-0.24836184104704215,0.05602743260479052,0.4699051148138173,0
2022-02-02 00:00:00+00:00,12.65999984741211,37.7400016784668,-0.2141057902356014,0.13232228483963376,0.0022772048435903817,0.0002771666964561364,0.024389568364487482,-0.239447838524542,0.05547272755787157,0.43966773292413325,0
2022-02-03 00:00:00+00:00,12.649999618530272,37.959999084472656,-0.29915291151182544,0.13392592081484236,0.002326824263426071,0.0002470250750774899,-0.04015390655056013,-0.2570633024122608,0.055868666808896926,-0.7187196123349364,0
2022-02-04 00:00:00+00:00,12.56999969482422,37.59000015258789,-0.25293648325573237,0.12571381734743062,0.002315478335318375,0.0002432473456534215,0.0012814987052039524,-0.25450094551596486,0.055681105784354507,0.023014965079304027,0
2022-02-07 00:00:00+00:00,12.6899995803833,37.880001068115234,-0.23186352550449563,0.1528263764021193,0.002418277381753504,0.00015913789060666367,0.01641120558760909,-0.2489715071134398,0.05633248794367159,0.2913275480397583,0
2022-02-08 00:00:00+00:00,12.56999969482422,37.630001068115234,-0.266581845979589,0.13422536676422903,0.0023485944966740173,0.00021518269110478057,-0.011848797652156557,-0.25411418433595007,0.0556821971057136,-0.2127932852516831,0
2022-02-09 00:00:00+00:00,12.619999885559082,37.84000015258789,-0.28821785760485774,0.14899100787171354,0.0024139433003387443,0.00015857479706250614,-0.025353211255708278,-0.26185193287470937,0.056086171749646446,-0.452040324108377,0
2022-02-10 00:00:00+00:00,12.619999885559082,37.88999938964844,-0.30527391036297225,0.14603477859209765,0.0023942498187868658,0.00018442907635779797,-0.03255937158212762,-0.27146729245428425,0.05588557358720855,-0.5826078089959879,0
2022-02-11 00:00:00+00:00,12.5600004196167,37.58000183105469,-0.2595250684289958,0.1461673709708608,0.0023641575772089,0.0001753142827286844,0.007373931422012447,-0.2674302651201271,0.0555407203208739,0.1327662187204493,0
2022-02-14 00:00:00+00:00,12.520000457763672,37.5,-0.2722343048343099,0.16730949754266158,0.0024014862051512276,0.00014020395557776252,-0.003246877289110114,-0.268793734172454,0.05573591313664883,-0.058254671115725354,0
2022-02-15 00:00:00+00:00,12.600000381469728,37.81999969482422,-0.3013946803322831,0.03991002764938049,0.0018942930704131612,0.0004843316910180869,-0.019829123794502947,-0.28051224085853005,0.0515274880239251,-0.38482612979883557,0
2022-02-16 00:00:00+00:00,12.510000228881836,37.459999084472656,-0.2685891709922892,0.08194157413546485,0.00200254945415093,0.0003699647906074753,0.006900987633190321,-0.275927315312067,0.052752939743953134,0.1308171197033878,0
2022-02-17 00:00:00+00:00,12.5,37.41999816894531,-0.2649440371502685,0.07743193730689296,0.001993870597741814,0.00036640256656894415,0.007072739601691863,-0.27235328639610257,0.05269338665082327,0.1342244264647461,0
2022-02-18 00:00:00+00:00,12.619999885559082,37.869998931884766,-0.2984512290010439,0.03703983707692534,0.0018273217233844598,0.0004812724773975447,-0.01500586029811553,-0.2825979661467293,0.05110918329355284,-0.2936039930813851,0
2022-02-21 00:00:00+00:00,12.619999885559082,37.970001220703125,-0.3325646358106855,0.0822107798178233,0.001861450843410175,0.00046332611858941803,-0.029858751197720516,-0.3011217575207223,0.05164108531272027,-0.5781975924190286,0
2022-02-22 00:00:00+00:00,12.890000343322754,38.869998931884766,-0.3695770315733178,-0.0805237260670609,0.0014267763770328776,0.0007515726582601608,-0.030756432166794166,-0.3365982039392782,0.046481130699996015,-0.6616971597637319,0
2022-02-23 00:00:00+00:00,13.109999656677246,39.7599983215332,-0.45317988171087187,-0.04647634115714475,0.0013873887353859909,0.0008378121809985005,-0.05218374595448001,-0.3972229481425485,0.04616101107477939,-1.130472334541026,0
2022-02-24 00:00:00+00:00,13.109999656677246,39.869998931884766,-0.4907039785547731,-0.19469319273852406,0.0010840986356525735,0.0010413082960433976,-0.029342801494746502,-0.4581963570838494,0.0414805457952702,-0.7073870637953926,0
2022-02-25 00:00:00+00:00,13.010000228881836,39.36000061035156,-0.41672958614795164,-0.11455813984153394,0.001323575347823741,0.0007924359488992356,0.021039720871723275,-0.43903160457835433,0.044785888268472435,0.4697846059365633,0
2022-03-02 00:00:00+00:00,13.260000228881836,40.04999923706055,-0.40210623731412554,-0.10170638285148892,0.0012829742603623004,0.0008255904194152284,0.015319910743618211,-0.4187149815135495,0.044356942663519326,0.34537796844636526,0
2022-03-03 00:00:00+00:00,13.25,39.84000015258789,-0.34047026383583123,-0.14919976075426092,0.001166526325354238,0.0009524792733362291,0.03071211087009061,-0.37376591448494734,0.042719284058866096,0.7189285014180036,0
2022-03-04 00:00:00+00:00,13.699999809265137,41.220001220703125,-0.36122505819645667,-0.23888338975062093,0.0009703862587782312,0.0010602915176618462,-1.3942777302147422e-05,-0.3618448639118956,0.03940414677209119,-0.00035384035550346403,0
2022-03-07 00:00:00+00:00,13.579999923706056,40.540000915527344,-0.2492589826236209,-0.2600326922150853,0.0009348519696513311,0.0011314288891900192,0.04060410763026636,-0.2935009202632648,0.03881484310862533,1.046097430218478,0
2022-03-08 00:00:00+00:00,13.329999923706056,40.06999969482422,-0.33892922385183333,-0.3041456155044772,0.0009026789610416775,0.0011296617399724695,-0.02425584146398077,-0.31360888779666185,0.03815310581574512,-0.6357501164157077,0
2022-03-09 00:00:00+00:00,13.5600004196167,40.900001525878906,-0.3920641486408645,-0.1963828603002032,0.0010959497339138877,0.00101853069277716,-0.028859191291791444,-0.3604462990203853,0.04148247805700684,-0.6956959334042682,0
2022-03-10 00:00:00+00:00,13.59000015258789,41.09000015258789,-0.426877936667875,-0.24271008782002643,0.0009817707760036466,0.0011618834414279882,-0.01958538669188451,-0.40500117427861937,0.039751484494463196,-0.4926957305107051,0
2022-03-11 00:00:00+00:00,13.640000343322754,40.70000076293945,-0.2438387126089374,-0.2142656268461833,0.001156332836934658,0.0010761068496551397,0.06770269278547338,-0.31641052023198624,0.042572889014776336,1.5902771541291199,-1
2022-03-14 00:00:00+00:00,13.630000114440918,40.650001525878906,-0.23678288873265885,-0.10462033247306614,0.0013058726221205918,0.0010801493775636389,0.02917571398251091,-0.2685908875766735,0.04519876814872347,0.6454979898237537,-1
2022-03-15 00:00:00+00:00,13.65999984741211,41.0099983215332,-0.3295875163959412,-0.15619280700288452,0.0012222357445347753,0.001137020877476374,-0.026655850635078266,-0.301293270693126,0.04398101206453423,-0.6060763357597501,0
2022-03-16 00:00:00+00:00,13.739999771118164,41.34999847412109,-0.36557057325584275,-0.10230222096923434,0.0013209288517888602,0.0010987000556538268,-0.024843622085171532,-0.3387537125704302,0.045545442498080776,-0.5454688926607401,0
2022-03-17 00:00:00+00:00,13.869999885559082,41.75,-0.3720214834666713,-0.1489183219799753,0.001198398992443735,0.001219275574979368,-0.01019626540378148,-0.3607734393344531,0.04378217063063581,-0.2328862470022631,0
2022-03-18 00:00:00+00:00,14.0,42.41999816894531,-0.4705753388299989,-0.16760191284810305,0.0011728821639069207,0.0012358728352533086,-0.03996646883104604,-0.4274206872272627,0.0433290662253874,-0.9223939565914037,0
2022-03-21 00:00:00+00:00,14.149999618530272,42.43000030517578,-0.3239877116273977,-0.19773459027591345,0.0012433952265588442,0.0011383988355586246,0.04619184258510893,-0.3729089123612821,0.04418214241883322,1.0454867069872793,0
2022-03-22 00:00:00+00:00,14.3100004196167,42.7599983215332,-0.2765578997792577,-0.025018928789692106,0.0016299471155469462,0.0009107542422182929,0.04607765620670917,-0.3255031906343395,0.04962313426724669,0.928551912069011,0
2022-03-23 00:00:00+00:00,14.449999809265137,42.83000183105469,-0.1604385455442756,-0.1662019865264821,0.001177237782367025,0.00144522989191348,0.05220879452928896,-0.2171467645748978,0.04377550113019765,1.1926487003314685,0
2022-03-24 00:00:00+00:00,14.789999961853027,43.81999969482422,-0.15815266196466027,-0.14589268127336796,0.0011020821500409255,0.0015788283101501024,0.013953140921759463,-0.17387299884846427,0.042715875625177605,0.32665000348337,0
2022-03-25 00:00:00+00:00,15.020000457763672,44.400001525878906,-0.12600602166970276,-0.251849385518339,0.000908209739420628,0.0017378100363503292,0.011365529475507093,-0.13869082720072531,0.039187099702026114,0.2900324229639137,0
2022-03-28 00:00:00+00:00,14.850000381469728,44.209999084472656,-0.23119127567203357,-0.20487542606313003,0.0010415479404054825,0.0016244338229384433,-0.03130677016535094,-0.1974503664155443,0.04155534150499134,-0.7533753551656069,0
2022-03-29 00:00:00+00:00,14.779999732971191,43.720001220703125,-0.1340407853302672,-0.20868775259631078,0.0010494590625323322,0.001607780562242187,0.024833748808738607,-0.16037998351129643,0.04168489147744417,0.5957493933305843,0
2022-03-30 00:00:00+00:00,14.550000190734863,43.72999954223633,-0.3674510176008532,-0.33718604173471994,0.000983120458606832,0.001739854381316041,-0.07106840843441137,-0.2914943308809985,0.04049443233249985,-1.7550167847981804,1
2022-03-31 00:00:00+00:00,14.84000015258789,44.13999938964844,-0.21731277043382669,-0.33337225963511147,0.0010772326653036583,0.0016654801786299492,0.04074049616222929,-0.25930809436892693,0.04205587077839077,0.9687231629778226,0
2022-04-01 00:00:00+00:00,14.81999969482422,44.25,-0.274837325041398,-0.341227066616269,0.001053305868206866,0.0017265826122695018,-0.014436899544408483,-0.26036102604997413,0.04171942608458793,-0.3460474148215042,0
2022-04-04 00:00:00+00:00,14.920000076293944,44.58000183105469,-0.28740923410337516,-0.3418772486295453,0.0010410047751811026,0.0017523578748873789,-0.005455173177740833,-0.2811815226596398,0.04153748693182724,-0.13133132456217325,0
2022-04-05 00:00:00+00:00,14.770000457763672,44.27000045776367,-0.331659243463875,-0.35847112755869853,0.0010057067722758347,0.0017963576844808476,-0.01471685264885227,-0.31568630202435,0.040954862504877454,-0.3593432317615421,0
2022-04-06 00:00:00+00:00,14.619999885559082,43.9900016784668,-0.38614487918829177,-0.3475620824429387,0.0010216729833966288,0.0018168705321988197,-0.018901180035078086,-0.36543138854420554,0.04127171101306051,-0.45796938317136343,0
2022-04-07 00:00:00+00:00,14.75,44.02999877929688,-0.26978882617781963,-0.34629323550321955,0.0010752658473844898,0.001771906531382382,0.03590067905934881,-0.3078135180852202,0.04215353574984076,0.8516647161557362,0
2022-04-08 00:00:00+00:00,14.84000015258789,44.33000183105469,-0.2821275927254412,-0.3124648164893562,0.0011376674582715103,0.0017518565014132703,0.0011888939442721552,-0.28419320305388,0.04322143570681471,0.027507044243898233,0
2022-04-11 00:00:00+00:00,14.800000190734863,44.18000030517578,-0.27095809501071244,-0.3430168949688519,0.0010484008273998423,0.0018268077601155987,0.003949550236115475,-0.2752249228003029,0.04176256428263764,0.09457154520938889,0
2022-04-12 00:00:00+00:00,14.949999809265137,44.52000045776367,-0.23694145704639702,-0.33221661090610416,0.001037538912152245,0.0018441800462479481,0.011185689622904149,-0.24906342389382727,0.04159974014002373,0.26888844942909224,0
2022-04-13 00:00:00+00:00,14.850000381469728,44.13999938964844,-0.20731254155198897,-0.31845307350278057,0.0010349973032218068,0.0018630564133629507,0.010577399220851942,-0.21896444372657334,0.041589116964900225,0.25433094022599473,0
2022-04-14 00:00:00+00:00,14.850000381469728,44.29999923706055,-0.2618926911540047,-0.30406810344102264,0.0010622099310138005,0.001837099207491678,-0.01578374962642885,-0.24516271556927882,0.042051456403285094,-0.3753437092655799,0
2022-04-18 00:00:00+00:00,14.880000114440918,44.720001220703125,-0.37516666419648637,-0.22537853993440468,0.001215135136423249,0.0018002002720570462,-0.041105042819406065,-0.3308783043683748,0.044687533052840483,-0.9198324456801336,0
2022-04-19 00:00:00+00:00,14.829999923706056,44.150001525878906,-0.2307249906433313,-0.27017234139447976,0.0012214734885684642,0.0017678485502778838,0.04132449952421103,-0.2740902981979109,0.044693578477219165,0.9246182769919532,0
2022-04-20 00:00:00+00:00,14.760000228881836,44.58000183105469,-0.44740908151548275,-0.3250155799679492,0.0012674377962396276,0.0017344579117463046,-0.07029848768853185,-0.3735354036905524,0.045289279939289134,-1.552210319589269,1
2022-04-22 00:00:00+00:00,14.739999771118164,44.16999816894531,-0.3275465232997412,-0.31535968223729544,0.0013437993587632905,0.0016888962947024856,0.030957784112271475,-0.3590344800999597,0.04641040250206205,0.6670440772603944,0
2022-04-25 00:00:00+00:00,14.960000038146973,45.0099983215332,-0.3940923670048626,-0.34640897896184225,0.0012636483721880155,0.0017826838276928144,-0.019314950499622632,-0.3742499523850958,0.04527144496156324,-0.42664753722841364,0
2022-04-26 00:00:00+00:00,15.079999923706056,45.459999084472656,-0.42759955885563805,-0.32307085695453036,0.0013081286537651013,0.0017668516843801086,-0.015118227089214425,-0.4111731185415841,0.04596854737156166,-0.32888198461035734,0
2022-04-27 00:00:00+00:00,15.18000030517578,45.75,-0.42652610519375855,-0.33059992104352043,0.0012423694628389567,0.001825304862734975,-0.00201969635003046,-0.4240635424385259,0.04501426146674566,-0.044867921503555334,0
2022-04-28 00:00:00+00:00,15.06999969482422,45.09000015258789,-0.3113834357753298,-0.3126350335479378,0.0013060748292470037,0.0018156637478129918,0.04019317458254221,-0.35402323421897564,0.04602007940576365,0.8733834252686737,0
2022-04-29 00:00:00+00:00,14.789999961853027,44.290000915527344,-0.31848242073644784,-0.2656542661921887,0.0013795848456377468,0.0017921151557154771,0.005902202179818348,-0.32539364483019007,0.047191313944199904,0.12506967249941903,0
2022-05-02 00:00:00+00:00,14.6899995803833,43.54999923706055,-0.1660487969884734,-0.361140087222293,0.0011824759980347086,0.002046171793455717,0.05014921960293042,-0.2194942231102483,0.0442939399626951,1.132191438493995,0
2022-05-03 00:00:00+00:00,14.829999923706056,44.150001525878906,-0.2307249906433313,-0.3734860303530803,0.0011301979596479138,0.002093873668505989,-0.01636020405969152,-0.21452090588710213,0.04346767559465887,-0.3763763264512307,0
2022-05-04 00:00:00+00:00,15.039999961853027,45.150001525878906,-0.3618512128323079,-0.28961536825292206,0.001374873280676288,0.001972940457922119,-0.04832069824115149,-0.3103134452340649,0.04730716565738501,-1.021424504505445,0
2022-05-05 00:00:00+00:00,14.970000267028809,44.58000183105469,-0.2374090433685101,-0.2970089779105429,0.0014247021520672762,0.001922349296451466,0.035198379951294545,-0.2738008296154492,0.04799598897397238,0.7333608641835089,0
2022-05-06 00:00:00+00:00,14.989999771118164,44.720001220703125,-0.26516700751924027,-0.27251168714520335,0.0014818606707805632,0.0019053957678239223,-0.0030064909146262113,-0.262531123876312,0.04885625361671888,-0.06153748378277972,0
2022-05-09 00:00:00+00:00,15.100000381469728,45.0099983215332,-0.2540920236821069,-0.29862172880455534,0.0013954369095255596,0.0019621828894404378,0.003521845089606841,-0.2577650553658318,0.047619952511507295,0.07395734148948999,0
2022-05-10 00:00:00+00:00,13.699999809265137,41.09999847412109,-0.3202889700248832,-0.3015241296754496,0.0013909884952035118,0.0019769771903421574,-0.022440557417571342,-0.29660748354396305,0.04756079254228528,-0.4718289207989948,0
2022-05-11 00:00:00+00:00,13.34000015258789,40.209999084472656,-0.3766864632100866,-0.2680991414910221,0.0014565570694871212,0.001971952888812279,-0.024373728200135343,-0.35056955291047653,0.04858340122242917,-0.5016883871210501,0
2022-05-12 00:00:00+00:00,13.510000228881836,40.720001220703125,-0.3806615084117837,-0.2957271892265982,0.001373723357976773,0.002051075737143596,-0.005422645651083779,-0.37450005742472203,0.047408616835893584,-0.1143810136847999,0
2022-05-13 00:00:00+00:00,13.369999885559082,40.33000183105469,-0.3876228184104651,-0.30036571602651047,0.0013582911809628929,0.0020650103019872372,-0.003344734552225677,-0.3839836947275787,0.047178647103409216,-0.07089509253825085,0
2022-05-16 00:00:00+00:00,13.359999656677246,40.34999847412109,-0.404444427360815,-0.30181253764326305,0.0013561618873668367,0.0020640592116066853,-0.006232928383918874,-0.39778215190816824,0.047141659605432734,-0.13221699100301879,0
2022-05-17 00:00:00+00:00,13.600000381469728,40.7400016784668,-0.2974840371858196,-0.29790861710039557,0.0013988852407567128,0.00205616228277547,0.03562821667345501,-0.33507143503031095,0.047783800968055144,0.7456128635993923,0
2022-05-18 00:00:00+00:00,13.630000114440918,41.0,-0.35617655933287473,-0.29202968268232926,0.0013844647241205426,0.0020472772736003404,-0.01404740194271036,-0.34191589035161785,0.0475692692086573,-0.29530413597680044,0
2022-05-19 00:00:00+00:00,13.75,41.06999969482422,-0.2600554078938355,-0.313639507789613,0.0012666479689913434,0.0021674398051774583,0.02917869036147032,-0.29076530356823316,0.045850268661598075,0.6363908263401072,0
2022-05-20 00:00:00+00:00,13.579999923706056,40.79999923706055,-0.33795123774186564,-0.3818608289226064,0.0011511387499690629,0.002184312351441602,-0.02243902794023847,-0.3147971541659369,0.043919984037410036,-0.5109070149279977,0
2022-05-23 00:00:00+00:00,13.649999618530272,40.88999938964844,-0.2986529583996216,-0.3311626734760965,0.0012954168261521744,0.002039329966202954,0.010369164378530301,-0.30920260965144725,0.0461213806097546,0.2248233734862924,0
2022-05-24 00:00:00+00:00,13.920000076293944,41.84999847412109,-0.356133398248037,-0.3473484873299842,0.001264412581915108,0.0020660268556286603,-0.01798183602803641,-0.33727577490369365,0.0456534818135093,-0.39387655253745435,0
2022-05-25 00:00:00+00:00,13.880000114440918,41.560001373291016,-0.29720773358663344,-0.3494107849022538,0.0012725177607198998,0.0020578029756258102,0.017569477091738474,-0.31546228750278704,0.04576857602615115,0.38387641952635065,0
2022-05-26 00:00:00+00:00,13.5,40.40999984741211,-0.2849121281238478,-0.34836192726646303,0.0012282809551537668,0.002047217353418341,0.005928407521515572,-0.29159224793185157,0.04505208186514136,0.1315900903150632,0
2022-05-27 00:00:00+00:00,13.34000015258789,40.0099983215332,-0.3084609508842142,-0.36435007457432605,0.0012059174249180447,0.002020961998276026,-0.007012150826053926,-0.3011440803383723,0.044642380902917084,-0.15707385413208838,0
2022-05-30 00:00:00+00:00,13.390000343322754,40.02999877929688,-0.265283441511281,-0.29907156050504835,0.001363533726828466,0.0018347618831324156,0.014175652094838039,-0.28018696106974406,0.04694481972102828,0.30196413958084184,0
2022-05-31 00:00:00+00:00,13.550000190734863,40.380001068115234,-0.22467856599279834,-0.33308517566020523,0.0013042603829937305,0.0017945508464570074,0.016645727297842586,-0.24260727087427733,0.045944573774465536,0.36230017889715904,0
2022-06-01 00:00:00+00:00,13.449999809265137,40.18999862670898,-0.2598641251709086,-0.4201929391074494,0.000877216167751193,0.0020216612604396196,-0.009977240352127666,-0.2496648953499148,0.03881119730438774,-0.25707118164581083,0
2022-06-02 00:00:00+00:00,13.65999984741211,40.77000045776367,-0.24771794263962477,-0.4854869262446762,0.0007556261432162907,0.0020160675585381193,0.004033225229808405,-0.25168334745482374,0.03640175617832712,0.11079754531759946,0
2022-06-03 00:00:00+00:00,13.850000381469728,41.27000045776367,-0.22828053874997956,-0.4413245516941985,0.0008592196367103204,0.0018792562147291738,0.005759629147090752,-0.23466373805829413,0.03830604908108848,0.1503582145707179,0
2022-06-06 00:00:00+00:00,13.789999961853027,40.93000030517578,-0.17229797780072253,-0.4381781893861521,0.000866691084196103,0.0018867915709595662,0.016942899307903044,-0.19081482318201065,0.0384591523936092,0.44054271229124814,0
2022-06-07 00:00:00+00:00,13.600000381469728,40.400001525878906,-0.1815010566198616,-0.4478304724924908,0.0008416672713475008,0.0018591730975453238,-0.0025306798431351182,-0.17938307713437537,0.037941308005725205,-0.06669985765259458,0
2022-06-08 00:00:00+00:00,13.56999969482422,40.47999954223633,-0.23879116741967188,-0.43083406985139217,0.0008556884332797363,0.0018650386250677565,-0.016975007920655795,-0.22032483421074728,0.03821820968424459,-0.4441602068987999,0
2022-06-09 00:00:00+00:00,13.600000381469728,40.52000045776367,-0.2224358434980207,-0.41020720502137226,0.0008660763862167665,0.001862156544480451,0.00426253293868798,-0.22647402038919312,0.03841448810550844,0.11096159675434422,0
2022-06-10 00:00:00+00:00,13.510000228881836,40.34000015258789,-0.25103316512196905,-0.4087287448713451,0.0008507726567196031,0.0018771816842209892,-0.008441947665016334,-0.2420280287175722,0.03813240426119877,-0.2213851402390158,0
2022-06-13 00:00:00+00:00,13.520000457763672,40.459999084472656,-0.2819677231182922,-0.40369884604685613,0.0008586715648652816,0.0018753282857560556,-0.00935308243929313,-0.27154110319210684,0.03828481490359985,-0.2443026683776308,0
2022-06-14 00:00:00+00:00,13.520000457763672,40.38999938964844,-0.2580889889982476,-0.3850358348541308,0.0008889627945712807,0.0018426036860196837,0.0065509806132236425,-0.2648854997013753,0.03883542492774822,0.16868569419316215,0
2022-06-15 00:00:00+00:00,13.59000015258789,40.400001525878906,-0.19150128550169931,-0.37350783759690676,0.0009180422303089683,0.001838748174205091,0.02053638797185417,-0.2139145732849051,0.03938698980854503,0.5214002916109824,0
2022-06-17 00:00:00+00:00,13.550000190734863,40.02000045776367,-0.101872904064912,-0.35156137138900234,0.0009463495842418187,0.00190964871332664,0.02850302336136557,-0.1332647034015308,0.04000706978081409,0.7124496624602725,0
2022-06-20 00:00:00+00:00,13.5,40.18999862670898,-0.20986393443604534,-0.3629180827815739,0.0009685335697429047,0.0018871583519150992,-0.030619513243573378,-0.17766197035769615,0.04038744134074469,-0.7581444188365312,0
2022-06-21 00:00:00+00:00,13.220000267028809,39.79999923706055,-0.356824634083166,-0.2049170229252568,0.0013046942437736286,0.001825294870743002,-0.058033823375773404,-0.29439224230923877,0.04615399646317536,-1.257395411512772,1
2022-06-22 00:00:00+00:00,13.31999969482422,39.68999862670898,-0.21930110944385284,-0.2529770269694409,0.001269846481144856,0.001859255733136245,0.034961649236017384,-0.25559460083944174,0.0456214848017466,0.7663417661206611,0
2022-06-23 00:00:00+00:00,13.149999618530272,39.220001220703125,-0.2289727282594285,-0.19658336950224814,0.0013844290420132492,0.0018119810123035205,0.004866761730431378,-0.23458785218964068,0.047438348449340764,0.10259129774782474,0
2022-06-24 00:00:00+00:00,13.039999961853027,39.0,-0.2639241912488739,-0.20917016656469523,0.0013505593680893933,0.0018528283636281807,-0.01067214483189099,-0.2526340813681358,0.04697245373999374,-0.2272000711515824,0
2022-06-27 00:00:00+00:00,13.100000381469728,39.09000015258789,-0.23462518711414404,-0.21055275031375598,0.0013502134677218054,0.0018529838725497036,0.0076283794717970105,-0.24259826303307788,0.04696124901842611,0.16243987609451946,0
2022-06-28 00:00:00+00:00,13.050000190734863,39.33000183105469,-0.3664962528987381,-0.2296943261848164,0.0013586483994270516,0.001888560953209248,-0.04354238214848063,-0.32032942838842704,0.047091601072256586,-0.9246315936820646,0
2022-06-29 00:00:00+00:00,12.93000030517578,38.58000183105469,-0.23065144320586128,-0.2516372429110532,0.0013914087751221889,0.0018531608600911562,0.03863460981863699,-0.2709601027027986,0.04749639357296581,0.8134219655916611,0
2022-06-30 00:00:00+00:00,12.93000030517578,38.619998931884766,-0.24429550463630711,-0.20946760496512978,0.001459297224871559,0.0018233293578284264,0.004370178631286123,-0.24941153984978398,0.04855281734462887,0.090008754801323,0
2022-07-01 00:00:00+00:00,13.130000114440918,39.27999877929688,-0.2694389751411581,-0.2117131587102645,0.0013982713494991115,0.0018897623364386288,-0.007489164024034026,-0.2615448968957016,0.04774685105178514,-0.1568514752085211,0
2022-07-04 00:00:00+00:00,12.970000267028809,38.650001525878906,-0.21453021547287676,-0.24803715085380512,0.0013351652909317404,0.0019115277274907789,0.017122256892550848,-0.2326068026760537,0.046731895073688266,0.36639337791784293,0
2022-07-05 00:00:00+00:00,12.770000457763672,38.470001220703125,-0.3531271937740694,-0.2597222903368203,0.0013750644995528096,0.0018956251998039928,-0.0447877012619607,-0.3058856244712973,0.04728666475048518,-0.9471528917991866,0
2022-07-06 00:00:00+00:00,12.920000076293944,38.7400016784668,-0.29523182168971296,-0.25082605434060234,0.0014099938407586424,0.001865520397967238,0.01102908224372998,-0.306248648295425,0.04779105285694663,0.23077713472317563,0
2022-07-07 00:00:00+00:00,13.079999923706056,39.18000030517578,-0.28532706035978705,-0.24679871061262962,0.0013792874136649017,0.001903626698299573,0.005436464899343626,-0.2912611399132019,0.04739284742669841,0.11471066193589866,0
2022-07-08 00:00:00+00:00,12.970000267028809,39.08000183105469,-0.3612146115208059,-0.24319774514056416,0.0014039780738990927,0.00188813141184379,-0.02530402713211545,-0.3344638488417112,0.04774921182670785,-0.5299360170372907,0
2022-07-11 00:00:00+00:00,13.0,39.11000061035156,-0.3414482499458007,-0.23386407484412977,0.0014277159938489836,0.0018733900219194636,0.0013718633253922983,-0.34254828529395936,0.04810538858706846,0.028517872231907885,0
2022-07-12 00:00:00+00:00,13.020000457763672,39.16999816894531,-0.3419145349745012,-0.2320458362200168,0.0014287720925313392,0.0018734143143440466,1.6583518365228698e-05,-0.34195112541850153,0.048128984882992415,0.0003445640585511061,0
2022-07-13 00:00:00+00:00,13.050000190734863,39.09000015258789,-0.2846253778490091,-0.24351717000241438,0.0014059789001103665,0.0018908004717876885,0.0199808578770726,-0.30580566399310083,0.04778874784947624,0.4181080019088968,0
2022-07-14 00:00:00+00:00,13.130000114440918,39.56999969482422,-0.36836590294899985,-0.24658590519657378,0.0014144797259715669,0.0018840357411292119,-0.025158481618405608,-0.3420000810184362,0.04789671530606611,-0.5252652808786512,0
2022-07-15 00:00:00+00:00,13.220000267028809,39.59999847412109,-0.28859912175729185,-0.2590318390881566,0.0014072238988749202,0.0018878581642512164,0.02297880132775888,-0.31255489400710035,0.04776851135817426,0.4810449535565586,0
2022-07-18 00:00:00+00:00,13.15999984741211,39.470001220703125,-0.30425406446157766,-0.26021728103398595,0.0013982125029352178,0.0018940775980926933,-0.0009839475040490176,-0.3035682001334721,0.04763810916104322,-0.020654629694111692,0
2022-07-19 00:00:00+00:00,13.109999656677246,39.27000045776367,-0.28602874287057034,-0.27097166952265417,0.0013477677102079018,0.0019416960634473608,0.006155102007115883,-0.2925432668215682,0.04691463340364108,0.131197913328215,0
2022-07-20 00:00:00+00:00,13.09000015258789,39.470001220703125,-0.3742537592857964,-0.2813296158986746,0.001345777147371559,0.0019549788228989404,-0.029051201718851755,-0.34354052921212574,0.04687859619624667,-0.6197114264521798,0
2022-07-21 00:00:00+00:00,13.1899995803833,39.650001525878906,-0.3356571624543303,-0.2625158927782019,0.0013948471477045986,0.0019131841878771677,0.007716129339848374,-0.3433786704736854,0.04760139963459108,0.16209879119271112,0
2022-07-22 00:00:00+00:00,13.390000343322754,40.25,-0.34033163519907994,-0.26672764035976565,0.0013816687601501526,0.0019265825979225416,-0.0002911570636904236,-0.340146495650801,0.04741790632933741,-0.006140234485854662,0
2022-07-25 00:00:00+00:00,13.5,40.619998931884766,-0.35654833048397805,-0.2646682793575997,0.0013883156201411346,0.0019210452070077572,-0.005646527143199443,-0.35055892670464345,0.04751378041737006,-0.11883977855685819,0
2022-07-26 00:00:00+00:00,13.5,40.40999984741211,-0.2849121281238478,-0.2652951160214153,0.001402180835957196,0.0019174354174651236,0.023914215214071936,-0.3101568792374809,0.04771602749832457,0.5011778320169596,0
2022-07-27 00:00:00+00:00,13.520000457763672,40.45000076293945,-0.27855703308403257,-0.254914944879483,0.0014211914595374795,0.0019195266892833675,0.007114363929729468,-0.28645212097919204,0.04802326161001224,0.14814412206117658,0
2022-07-28 00:00:00+00:00,13.529999732971191,40.59000015258789,-0.31631522611660046,-0.2643397303280559,0.0013768654536507614,0.0019426293633076055,-0.011490408719410228,-0.3042470958009638,0.04737432938546946,-0.2425450421876481,0
2022-07-29 00:00:00+00:00,13.600000381469728,40.459999084472656,-0.20196779941223575,-0.2704140903110048,0.001401041134374747,0.0019369581805332068,0.03766828750067104,-0.24168141346557256,0.04771413929830908,0.7894575497876779,0
2022-08-01 00:00:00+00:00,13.59000015258789,40.84999847412109,-0.34500706161814243,-0.30190030130428896,0.001406363512212834,0.0019159747506282705,-0.04393426503682918,-0.2992013962326721,0.04771136530788859,-0.9208343704548126,0
2022-08-02 00:00:00+00:00,13.850000381469728,41.27000045776367,-0.22828053874997956,-0.3186402538975376,0.0014084851056865317,0.0019159191260740877,0.03430349776364238,-0.2637358848961563,0.04771287850514049,0.7189567856390511,0
2022-08-03 00:00:00+00:00,13.84000015258789,41.27000045776367,-0.23828076763181727,-0.2970016634598719,0.0014570782957868803,0.0019017649511793677,0.0027015748521828347,-0.2417061369008456,0.04844284453909277,0.055768295150436464,0
2022-08-04 00:00:00+00:00,13.970000267028809,41.81999969482422,-0.29589983611698756,-0.2859379153995409,0.001499713018133992,0.0018722010770170973,-0.020384241334037045,-0.27443594251606973,0.04904387385805476,-0.41563277389208975,0
2022-08-05 00:00:00+00:00,14.140000343322754,42.15999984741211,-0.24188274038900026,-0.288831051796875,0.0014959249218847346,0.0018726821597878846,0.015653297607966545,-0.25807189897869076,0.04898950366679714,0.31952349863417046,0
2022-08-08 00:00:00+00:00,14.149999618530272,42.59000015258789,-0.37856786122941166,-0.31467528769415254,0.0014815089348178922,0.001910975954036281,-0.04706967915701275,-0.3292126984552049,0.0487863457531429,-0.9648125603664515,0
2022-08-09 00:00:00+00:00,14.380000114440918,43.09999847412109,-0.3225411855209952,-0.3052681748655652,0.0015128375014720175,0.0018993232071408124,0.01153190130577611,-0.33392054153499756,0.049233865095645875,0.234227015964992,0
2022-08-10 00:00:00+00:00,14.40999984741211,43.150001525878906,-0.30959880660133265,-0.29899090544548157,0.0015187263128783623,0.0019137985763972936,0.00674394185816744,-0.3168902338464837,0.04935258034620802,0.1366482119244573,0
2022-08-11 00:00:00+00:00,14.149999618530272,42.150001525878906,-0.22847277514722464,-0.3175015513280183,0.0014700157475071127,0.0019942412412793185,0.03020229066305423,-0.2604310215132057,0.0487299834127062,0.6197886505986183,0
2022-08-12 00:00:00+00:00,14.359999656677246,42.65999984741211,-0.19244655720248183,-0.3108073884959711,0.0014644476561670961,0.002053019068221766,0.017845744579222077,-0.21178706184368049,0.04873419766132243,0.3661852546181392,0
2022-08-15 00:00:00+00:00,14.5,43.380001068115234,-0.2980575377355006,-0.3096558944837452,0.0015121990803737178,0.0020064194329784636,-0.03464861164743385,-0.261852049474678,0.049366367728557306,-0.7018667412994704,0
2022-08-16 00:00:00+00:00,13.760000228881836,41.400001525878906,-0.3626274695437015,-0.2607967289521626,0.0016365605267095649,0.0019831204683952355,-0.03177125491074723,-0.3287432072774288,0.05116976181237281,-0.6208990189800917,0
2022-08-17 00:00:00+00:00,13.899999618530272,42.040000915527344,-0.4409486783033252,-0.3024133405281236,0.0014779853661020786,0.002166406119689334,-0.03211657671771248,-0.4065809020092942,0.04910094007895566,-0.6540929087318521,0
2022-08-18 00:00:00+00:00,14.06999969482422,41.900001525878906,-0.2231911337692889,-0.2901543082170808,0.0017187001687327306,0.0019430093038640358,0.07660193909305353,-0.3030624312920347,0.05215814246719724,1.468647759862791,-1
2022-08-19 00:00:00+00:00,13.90999984741211,41.5,-0.24673995652965708,-0.2152994488212639,0.0018960496884499933,0.001914590342457366,0.012526830247812343,-0.2606166138748705,0.054605395038883904,0.22940645771158918,-1
2022-08-22 00:00:00+00:00,13.859999656677246,41.459999084472656,-0.2830947845406637,-0.25519523621516127,0.001756968048444313,0.0020395456975968386,-0.01040198174807996,-0.2723488086228454,0.052933256113123044,-0.19651127687762127,0
2022-08-23 00:00:00+00:00,13.75,41.34000015258789,-0.3521596543397507,-0.23557256830091,0.001822219792603628,0.0019990748713015973,-0.029092487659385952,-0.3215775866225481,0.05376291626638546,-0.5411255504675002,0
2022-08-24 00:00:00+00:00,13.649999618530272,40.91999816894531,-0.30888632979580777,-0.2406679190485803,0.0018123194775772954,0.002005093450209233,0.009171307154850972,-0.31815988126154876,0.05364037493570293,0.1709776854812133,0
2022-08-25 00:00:00+00:00,13.4399995803833,40.369998931884766,-0.3312671850166904,-0.22142923438852427,0.0018439551826986713,0.0019403629196491144,-0.006324453337335633,-0.32474053858417895,0.05400892666584663,-0.11710014858219722,0
2022-08-26 00:00:00+00:00,13.399999618530272,40.2400016784668,-0.3269216699573043,-0.21633480764935856,0.001821215548491711,0.0019622398262220033,9.89357081507985e-06,-0.32686673338777344,0.053766516627424654,0.0001840098900889823,0
2022-08-29 00:00:00+00:00,13.630000114440918,40.720001220703125,-0.26066162285270167,-0.25955233089299345,0.0017071537619734243,0.0020110128604962168,0.024562230278328802,-0.2864239497764956,0.052219829927975844,0.4703621270350025,0
2022-08-30 00:00:00+00:00,13.579999923706056,40.709999084472656,-0.3072498222598927,-0.234382305466704,0.0018263737724861868,0.0018594325814028205,-0.011711887879165796,-0.2952560720783584,0.05360845896996096,-0.21847089254567925,0
2022-08-31 00:00:00+00:00,13.81999969482422,41.68000030517578,-0.3981429400814882,-0.21536652561060046,0.001770580322179487,0.001904492623919356,-0.03778998347863762,-0.3583732226941089,0.05301895803018915,-0.71276360159926,0
2022-09-01 00:00:00+00:00,14.100000381469728,42.2599983215332,-0.31599480775825484,-0.28359901224945533,0.0016483799260667916,0.0018733146707591822,0.02268109110481016,-0.33926926363965826,0.051171714551886335,0.44323492584584645,0
2022-09-02 00:00:00+00:00,14.130000114440918,42.119998931884766,-0.23823760654697956,-0.22774941081657946,0.0017947157314617543,0.0018054244347227545,0.037112660765188536,-0.2774052175829997,0.0531101326659582,0.6987868209370243,0
2022-09-05 00:00:00+00:00,14.149999618530272,42.2599983215332,-0.2659955706977115,-0.2680683911710895,0.0016792191454116786,0.0018604635183659239,-0.0017985322630750845,-0.2646010528071392,0.05159822524694806,-0.03485647528509645,0
2022-09-06 00:00:00+00:00,14.020000457763672,42.0,-0.30730247634606656,-0.2346673730127735,0.001804329928160939,0.001748160073223174,-0.01697951290280908,-0.28948644262512074,0.05313537099995621,-0.3195519779625341,0
2022-09-08 00:00:00+00:00,14.010000228881836,41.720001220703125,-0.2217877687477312,-0.22756247801738436,0.0018419415605593972,0.0016699358926056218,0.030127619189122653,-0.2531557497410534,0.053530140839914066,0.5628159895790593,0
2022-09-09 00:00:00+00:00,13.949999809265137,41.5,-0.20673999467662973,-0.1920137246332035,0.001843964715218457,0.0016994594074313347,0.01541526818389655,-0.22317926101032648,0.05371074830257277,0.2870052768033796,0
2022-09-12 00:00:00+00:00,13.899999618530272,41.4900016784668,-0.2533294953772369,-0.27784398243132363,0.0016222945645672786,0.0017711471335110324,-0.014159362359940017,-0.23867147132685454,0.050682785528242284,-0.27937222100884546,0
2022-09-13 00:00:00+00:00,13.8100004196167,41.150001525878906,-0.22734571372485135,-0.19657437163784655,0.0019288365766139618,0.0013546253461837554,0.006642880507975801,-0.2341686129104443,0.054088750109646574,0.12281445761844406,0
2022-09-14 00:00:00+00:00,13.789999961853027,41.08000183105469,-0.22346743736847863,-0.19175533161933805,0.0019860973415495504,0.0012416593379719217,0.004304875511631402,-0.22802528939261424,0.054603291934808465,0.07883912048326766,0
2022-09-15 00:00:00+00:00,13.68000030517578,40.84000015258789,-0.25159621899599927,-0.16025167139637697,0.0021197819854232316,0.0011048002028663118,-0.01198391757952695,-0.23912069934474428,0.05595655094927437,-0.21416469343134797,0
2022-09-16 00:00:00+00:00,13.609999656677246,40.650001525878906,-0.2567833464963307,-0.15461973776214538,0.002089923599361159,0.0011173835859681733,-0.00766557204090797,-0.2486971305299937,0.05568076314577365,-0.13767002475952617,0
2022-09-19 00:00:00+00:00,13.770000457763672,40.93999862670898,-0.1957081719243341,-0.14011985603568813,0.0021063662235385368,0.0011143272303728202,0.026476268043257197,-0.2233079571348811,0.05591312510765903,0.4735250979493267,0
2022-09-20 00:00:00+00:00,13.779999732971191,41.29999923706055,-0.3085145586447027,-0.04749288445735032,0.0022810166027673853,0.0008731759715824498,-0.046020852013332676,-0.2605720612663724,0.05763881413889417,-0.7984350944909223,0
2022-09-21 00:00:00+00:00,13.920000076293944,41.65999984741211,-0.2913198772498369,-0.004794415242239943,0.002290071796618192,0.0008733877699094602,-0.01628654915888804,-0.2743140078325071,0.05793917197414411,-0.2810973751256932,0
2022-09-22 00:00:00+00:00,14.0,41.77000045776367,-0.24884405038768165,0.010337988517029818,0.0023694681204336153,0.0007728399971124707,0.013965224574705814,-0.2634083835940212,0.05863916210700204,0.23815525449055217,0
2022-09-23 00:00:00+00:00,13.859999656677246,41.83000183105469,-0.4093124377962205,-0.009042162441832636,0.0024526741348122674,0.0007272444249126877,-0.08253918732621086,-0.3234257582679358,0.05927585314780314,-1.3924588671950628,1
2022-09-26 00:00:00+00:00,13.56999969482422,40.68000030517578,-0.3070166797455425,-0.0017382981395294775,0.0025603536365754512,0.0006202084108800224,0.009768775395851675,-0.31716113474310625,0.060038037176916685,0.16270977292388158,0
2022-09-27 00:00:00+00:00,13.40999984741211,39.95000076293945,-0.2179945132676231,0.09909629429352441,0.0030464706848174028,0.00024595232183418107,0.06964694972017672,-0.2899623928052582,0.06351085453682866,1.096614905091379,0
2022-09-28 00:00:00+00:00,13.18000030517578,39.290000915527344,-0.22285077573396528,0.07888242184223672,0.0027782797793378757,0.0005275052787988917,0.045167700412686376,-0.26948133598109475,0.06177768167904052,0.7311329785301824,0
2022-09-29 00:00:00+00:00,12.949999809265137,38.52999877929688,-0.1935945850649805,0.02391320900270468,0.0025380642401633354,0.0007257390915327536,0.0445880375737021,-0.23991230525675208,0.06011463577946793,0.7417168380970393,0
2022-09-30 00:00:00+00:00,13.039999961853027,38.95000076293945,-0.2468681384907594,0.041531403570926786,0.0026516785587327356,0.0006147411755692937,-0.00344653060108906,-0.24321870560866637,0.0611094998381005,-0.0563992605113783,0
2022-10-03 00:00:00+00:00,13.350000381469728,40.04999923706055,-0.31210608472623314,0.06637114657946565,0.0027584818358172697,0.0005587242413891431,-0.042807638494179304,-0.2677187498667035,0.06204982734472086,-0.689891339364401,0
2022-10-04 00:00:00+00:00,13.279999732971191,39.63999938964844,-0.24224501853876923,0.04970036094527446,0.002724289381776957,0.0005756534342649215,0.014789904787471275,-0.25766716020497915,0.06173499831730138,0.2395708300088569,0
2022-10-05 00:00:00+00:00,13.199999809265137,39.59000015258789,-0.3051888894867094,0.04065004026973598,0.0026866239764740604,0.0006111142060801576,-0.02849030150153431,-0.2755994380330517,0.06144128172279722,-0.4636996609229792,0
2022-10-06 00:00:00+00:00,13.220000267028809,39.709999084472656,-0.32612321860119486,0.02202642069751744,0.0025720266826902696,0.0006371033839544997,-0.030013923943541805,-0.2949568479091374,0.06035570188396637,-0.49728398488751685,0
2022-10-07 00:00:00+00:00,13.300000190734863,39.959999084472656,-0.33140485997912705,0.04750742324023,0.0025149391801037686,0.0006929047834962785,-0.021703401451031393,-0.30888026825004755,0.060021667946481234,-0.36159277463570977,0
2022-10-10 00:00:00+00:00,13.34000015258789,40.040000915527344,-0.318695623573813,0.21199855089405895,0.0029450944633174973,0.00024111871299622046,-0.008248540232671882,-0.31031567538624677,0.06322541484342259,-0.13046241377932197,0
2022-10-11 00:00:00+00:00,13.300000190734863,39.75,-0.2597686576189968,0.21925110756596117,0.0028784840531248363,0.000288578471863555,0.03465117957250704,-0.29576338933805896,0.0625922282005998,0.5536019497732945,0
2022-10-13 00:00:00+00:00,13.149999618530272,39.06999969482422,-0.1778032686916724,0.3099205688834205,0.003396937960101668,1e-06,0.09653998637052588,-0.2770276824525525,0.06584822255818569,1.4660985918825664,-1
2022-10-14 00:00:00+00:00,13.029999732971191,38.84999847412109,-0.2227549605629502,0.23769499718377565,0.0029827781007553214,0.00021458350495793697,0.0461766431172525,-0.26975195922660866,0.06260032475600377,0.7376422294490392,-1
2022-10-17 00:00:00+00:00,13.010000228881836,38.720001220703125,-0.19840898773989224,0.24956759837458453,0.0030711146174686307,0.00012325733618809114,0.05730949765339786,-0.25728953144539224,0.06300720308126664,0.9095705705184233,-1
2022-10-18 00:00:00+00:00,13.0600004196167,38.95000076293945,-0.22686768072708752,0.23223496793081067,0.0028832285736924324,0.00025760709840732263,0.025814654561532376,-0.2531386117568472,0.061741979388453015,0.4181053930765335,-1
2022-10-19 00:00:00+00:00,13.109999656677246,39.04999923706055,-0.21098054918276965,0.20077527058463557,0.0027706010025438546,0.00032398191440055103,0.03104920366897364,-0.243010937819921,0.061110142512189596,0.5080859312802335,-1
2022-10-20 00:00:00+00:00,13.119999885559082,39.130001068115234,-0.22827104574864698,0.3260036964097021,0.003422046574379389,1e-06,0.013888474504999082,-0.24227601382469743,0.06564732972070361,0.21156191065329785,-1
2022-10-21 00:00:00+00:00,13.31999969482422,39.93000030517578,-0.3011719844935836,0.32528549629235454,0.003432574455273861,1e-06,-0.0482213713616595,-0.2513349885402273,0.06514778451307143,-0.7401843627082089,0
2022-10-24 00:00:00+00:00,13.520000457763672,40.2599983215332,-0.21374221079241984,0.16290138286267686,0.0025365581181707965,0.00031198461603805993,0.02404418300221952,-0.2390940592058624,0.0581588397939787,0.4134226729314649,0
2022-10-25 00:00:00+00:00,13.40999984741211,40.130001068115234,-0.27939734423156537,0.20636671810527873,0.002632414419528683,0.00021774963092746537,-0.02777151814237017,-0.25032085202117205,0.05905030361519958,-0.47030271551765174,0
2022-10-26 00:00:00+00:00,13.18000030517578,39.27999877929688,-0.2194387844062966,0.13694478270778054,0.002363649470348811,0.0004477681327498483,0.018588679130007266,-0.23901277906519183,0.057238312215558515,0.32475938598613135,0
2022-10-27 00:00:00+00:00,13.300000190734863,39.630001068115234,-0.2188338707408395,0.18105769430476815,0.0025660120779467063,0.0002594184345569321,0.015002317122400792,-0.23431263526891055,0.058919704511070044,0.2546230882672214,0
2022-10-28 00:00:00+00:00,13.229999542236328,39.52999877929688,-0.25472111242973483,0.19704210527411517,0.002624854781200966,0.00019291334821931478,-0.013760168129417542,-0.2402910142639243,0.05915784324602268,-0.23260090926899485,0
2022-10-31 00:00:00+00:00,13.420000076293944,40.18999862670898,-0.2898638581421018,0.1692121354521068,0.0025142982539856874,0.00026106254112560467,-0.03517050752192443,-0.2533268797901719,0.058162664567115864,-0.6046921643581166,0
2022-11-01 00:00:00+00:00,13.350000381469728,39.880001068115234,-0.2541152450899613,0.1813268462755304,0.0026156134441427076,0.00014365349316702337,-0.002298635171713084,-0.2519798059697635,0.058616284292143654,-0.03921495876907998,0
2022-11-03 00:00:00+00:00,13.229999542236328,39.45000076293945,-0.2274316882754306,0.20715609635688742,0.0027451245143467217,2.8732359149793735e-05,0.019015109463837165,-0.24718917540798013,0.058995294646590875,0.3223156961541844,0
2022-11-04 00:00:00+00:00,13.220000267028809,39.5099983215332,-0.2578977062753225,0.2019445151794679,0.002728146050899834,4.297874265623896e-05,-0.00769183658046819,-0.2497666234970772,0.05835487261418497,-0.13181138499475448,0
2022-11-07 00:00:00+00:00,13.140000343322754,39.209999084472656,-0.2355600121392758,0.21268457069645372,0.002699777475739263,3.925895750725352e-05,0.01112878045331091,-0.24717913064151809,0.05772942714906999,0.1927748291105326,0
2022-11-08 00:00:00+00:00,13.210000038146973,39.5099983215332,-0.26789793515715843,0.20754579756000088,0.0026529227361807134,7.747662827752022e-05,-0.01617001089695634,-0.25100762098709306,0.057221738823516034,-0.28258510191079794,0
2022-11-09 00:00:00+00:00,13.140000343322754,39.45000076293945,-0.3174308871890048,0.30439812850149767,0.0031151778377727377,1e-06,-0.057747015426578424,-0.25792774179472544,0.060862646098893,-0.9488088199903086,0
2022-11-10 00:00:00+00:00,12.920000076293944,38.38999938964844,-0.1758368497960845,0.2916176054663743,0.0031785421930886075,1e-06,0.06903133060335565,-0.24765449426131292,0.0610910255598327,1.129974983571788,0
2022-11-11 00:00:00+00:00,13.229999542236328,39.52000045776367,-0.2513104223954734,0.29637287627570136,0.0032589993773458506,1e-06,-0.0007171984044348177,-0.24992505392647063,0.061510631983271676,-0.011659746962604217,0
2022-11-14 00:00:00+00:00,13.460000038146973,40.2599983215332,-0.27374263040911906,0.3804736251215144,0.0037996199950664855,1e-06,-0.021624548732658226,-0.25154246949326764,0.06566044260440364,-0.3293390643578747,0
2022-11-16 00:00:00+00:00,12.420000076293944,37.31999969482422,-0.31083185534009417,0.3681723062748572,0.0036221615866112813,1e-06,-0.054382069261392746,-0.255137183108648,0.06415041141791383,-0.8477275212954706,0
2022-11-17 00:00:00+00:00,12.399999618530272,37.209999084472656,-0.2933082162598666,0.33604078881712457,0.0034079248954379227,1e-06,-0.03615454390279934,-0.25661646167924607,0.062294141179291954,-0.5803843382115358,0
2022-11-18 00:00:00+00:00,12.380000114440918,36.900001525878906,-0.20755941247286103,0.36349866792321917,0.003654612062358886,1e-06,0.04348493554007131,-0.25262702667440795,0.06414262970901811,0.6779412652293793,0
2022-11-21 00:00:00+00:00,12.380000114440918,37.09999847412109,-0.27578362350531727,0.3505187069795418,0.003598356653280873,1e-06,-0.019717481757668347,-0.25507455067837953,0.06358719279037985,-0.31008574042053666,0
2022-11-22 00:00:00+00:00,12.300000190734863,36.93000030517578,-0.2977927075751019,0.3707753570180015,0.0037374287946050195,1e-06,-0.03979450972668864,-0.25711244782815273,0.06458698442833062,-0.6161382216388641,0
2022-11-23 00:00:00+00:00,12.149999618530272,36.70000076293945,-0.36933439605763496,0.3462225076349396,0.003525258093320614,1e-06,-0.10363451510621376,-0.2631019436853625,0.06281310678843897,-1.6498867896355691,1
2022-11-24 00:00:00+00:00,12.300000190734863,37.29999923706055,-0.4240090595372461,0.37072210954306534,0.003641007203555661,1e-06,-0.15101952234488036,-0.26984148448349804,0.06365287694113865,-2.3725482586518716,1
2022-11-25 00:00:00+00:00,12.119999885559082,36.56999969482422,-0.3549873508229968,0.33921193051529924,0.0034719698733922297,1e-06,-0.08226071078658057,-0.2718168722310933,0.062211334606950434,-1.322278509315088,1
2022-11-28 00:00:00+00:00,12.079999923706056,36.06999969482422,-0.22442418250804863,0.4484166950491389,0.004425751642175624,1e-06,0.0423833829991886,-0.26862225377261406,0.06944749865535998,0.6102938740748646,0
2022-11-29 00:00:00+00:00,12.020000457763672,36.0099983215332,-0.26395560436464827,0.42519157286823833,0.004144181165985422,1e-06,0.005520136257278764,-0.2691698773964572,0.06733710001248941,0.08197763574990477,0
2022-11-30 00:00:00+00:00,11.579999923706056,35.0099983215332,-0.36282987808631795,0.484246340772304,0.004789698310812581,1e-06,-0.08868448507025792,-0.27221704087340903,0.07195809533568,-1.2324462544005697,0
2022-12-01 00:00:00+00:00,11.899999618530272,35.13999938964844,-0.08717696146793052,0.3074842719063551,0.004105822352446501,1e-06,0.17007161695626385,-0.26211841612095277,0.06694586600464295,2.540434938050824,-1
2022-12-02 00:00:00+00:00,11.720000267028809,35.2599983215332,-0.3081110998475527,0.19553454926035954,0.0038153134659507574,1e-06,-0.03956063887407712,-0.26662124339968624,0.06462961215487867,-0.6121132025250877,0
2022-12-05 00:00:00+00:00,11.640000343322754,34.70000076293945,-0.19708115059326126,0.1597974228356793,0.003625592903823076,1e-06,0.06309708952777575,-0.26211098663672544,0.0630377033193529,1.0009420744299962,0
2022-12-06 00:00:00+00:00,11.75,34.97999954223633,-0.18259643039618823,0.20243249885923276,0.003857239737797645,1e-06,0.07447980041324233,-0.2586917840504367,0.06478678937284128,1.149614005173474,0
2022-12-07 00:00:00+00:00,11.789999961853027,35.41999816894531,-0.2926915546253479,0.1945175291589518,0.003882255379141515,1e-06,-0.03043157381383222,-0.2610923246869098,0.06491164962574059,-0.46881528954033297,0
2022-12-08 00:00:00+00:00,11.75,35.119998931884766,-0.23035389863627387,0.17541552436209915,0.0038164718049933954,1e-06,0.028066628589565858,-0.25930312980916426,0.06433218131596427,0.43627665058826504,0
2022-12-09 00:00:00+00:00,11.739999771118164,34.849998474121094,-0.1482498810721946,0.26313608618698814,0.004369434481170615,1e-06,0.10486176593181919,-0.25536214105988353,0.06847281537766862,1.5314364591764438,-1
2022-12-12 00:00:00+00:00,11.609999656677246,34.279998779296875,-0.083808131225096,0.11811836686026264,0.0032762594632233144,1e-06,0.1579843821867717,-0.24626677866270585,0.05983535377181426,2.6403183440555007,-1
2022-12-13 00:00:00+00:00,11.25,34.15999984741211,-0.4028730010241848,0.14597470873292226,0.0040360025597528165,1e-06,-0.1445623541317041,-0.2541320123284017,0.06584778999047244,-2.1954017614352876,0
2022-12-14 00:00:00+00:00,11.029999732971191,33.43000030517578,-0.37385125416296283,0.28717340057618757,0.004936293717880459,1e-06,-0.11588558398069111,-0.2564484152266003,0.07235964034706831,-1.601522387685365,1
2022-12-15 00:00:00+00:00,11.18000030517578,33.810001373291016,-0.3534790252481894,0.19535712370934458,0.004046815010550509,1e-06,-0.09237062939970687,-0.2593730437713939,0.06586715180029604,-1.4023777691157389,1
2022-12-16 00:00:00+00:00,10.869999885559082,33.099998474121094,-0.42127881104337206,0.1946027848227359,0.004071572383435518,1e-06,-0.15307494018869341,-0.26486321758356324,0.06601678391154153,-2.318727619233989,1
2022-12-19 00:00:00+00:00,11.149999618530272,33.25,-0.19244853763993852,0.15386756303348836,0.0040526863388917,1e-06,0.06643182063435939,-0.2611133440127456,0.06582990396575218,1.0091435143049936,0
2022-12-20 00:00:00+00:00,11.1899995803833,33.560001373291016,-0.25819818495668123,0.2564188000022914,0.004636885537421727,1e-06,0.0036254219495158845,-0.2615325745003891,0.07011875830003415,0.051704023822026504,0
2022-12-21 00:00:00+00:00,11.359999656677246,33.77000045776367,-0.15983431102286616,0.09154540926004084,0.0034618329501024995,0.0004882714408005382,0.08340501446245135,-0.24564915516001007,0.06403799533401944,1.3024301280421784,-1
2022-12-22 00:00:00+00:00,11.6899995803833,34.66999816894531,-0.13684724084311561,0.14106072527048644,0.0037535986837103083,0.0002505224005313325,0.09071758062907166,-0.22970576886264862,0.06722683919078204,1.3494250469165388,-1
2022-12-23 00:00:00+00:00,11.729999542236328,34.810001373291016,-0.1446060485235865,0.12623409164177082,0.0036143675969798595,0.000387218843985473,0.06761973866579786,-0.21381238192400573,0.06738703743207451,1.0034532046902627,-1
2022-12-26 00:00:00+00:00,11.619999885559082,34.630001068115234,-0.1932028742368903,0.16406417293075207,0.0037286426955645624,0.000256446935204325,0.01840634839812981,-0.21181155338984045,0.06859253286255108,0.2683433258692066,-1
2022-12-27 00:00:00+00:00,11.479999542236328,34.27000045776367,-0.2103975556317561,0.15457612657057776,0.0036363019233649502,0.0003393625092564592,0.0017824952564213493,-0.21214986603654445,0.06842374260490855,0.026050829559467525,-1
2022-12-28 00:00:00+00:00,11.68000030517578,34.790000915527344,-0.18778260422220683,0.14427746271999184,0.003589336341558646,0.00036806994383718154,0.017714168097748412,-0.20599971520994603,0.06846362713551496,0.2587383818079853,-1
2022-12-29 00:00:00+00:00,11.630000114440918,34.599998474121094,-0.17296797266545383,0.14434691962159898,0.003544021709582758,0.0003992828553504948,0.024167817831062963,-0.19776789564713257,0.06845778994408952,0.35303239924632646,-1
2023-01-02 00:00:00+00:00,11.5600004196167,34.31999969482422,-0.1474527310095013,0.1352163124835709,0.0034926562068594673,0.0004419927829029339,0.03584932821202888,-0.18426925361243024,0.06836168807478148,0.5244067140766473,-1
2023-01-03 00:00:00+00:00,11.329999923706056,33.959999084472656,-0.25464756499225594,0.1327176246932624,0.0035661541588532294,0.0003973074366962195,-0.04766826104559627,-0.20545504416151927,0.06894372768536622,-0.6914082345987537,0
2023-01-04 00:00:00+00:00,11.350000381469728,33.91999816894531,-0.22100174450472743,0.1499004593051039,0.003654263387421404,0.00032033318167970894,-0.013154941552962988,-0.20767576185319217,0.06944063152740326,-0.18944155984197336,0
2023-01-05 00:00:00+00:00,11.470000267028809,34.060001373291016,-0.14876062847914717,0.19007945730171674,0.003880925051510058,0.0001358295559215775,0.044395820212498736,-0.1944188839703301,0.070480481080734,0.629902343623963,0
2023-01-06 00:00:00+00:00,11.81999969482422,35.369998931884766,-0.24563576889604022,0.18897662185841596,0.003909828430496567,0.00010980438674636477,-0.03819212492819732,-0.20620401382818399,0.07015584639911086,-0.5443897677597024,0
2023-01-09 00:00:00+00:00,11.93000030517578,35.75,-0.2652635018342959,0.2208926939962637,0.004115410081129654,1e-06,-0.050125112886942956,-0.21408524532454892,0.07085423761118413,-0.7074398734202294,0
2023-01-10 00:00:00+00:00,11.989999771118164,35.790000915527344,-0.21890939861576797,0.2211958407731121,0.004137229554495741,1e-06,-0.005821154034346136,-0.2132199169576379,0.0703976600054,-0.0826895955618356,0
2023-01-11 00:00:00+00:00,11.600000381469728,34.40999984741211,-0.1381541846384433,0.257876750859784,0.004372691892181373,1e-06,0.06474891804008755,-0.2044664470046288,0.07164570869835203,0.9037375610687047,0
2023-01-12 00:00:00+00:00,11.649999618530272,35.029998779296875,-0.29965286462403107,0.21441305278898468,0.004286075830497314,1e-06,-0.08065782584126913,-0.21673142445690283,0.07061800797736092,-1.1421707883225312,0
2023-01-13 00:00:00+00:00,11.619999885559082,34.88999938964844,-0.2818951293551333,0.2814759630967047,0.0047987534185323245,1e-06,-0.06067407436669918,-0.2204099569410723,0.07393658313875545,-0.8206231853158975,0
2023-01-16 00:00:00+00:00,11.600000381469728,34.900001525878906,-0.3053066247721574,0.23501774724285832,0.004350789750237624,1e-06,-0.07677764233540292,-0.22705856716911524,0.07053670490002316,-1.0884778704112348,0
2023-01-17 00:00:00+00:00,11.68000030517578,35.11000061035156,-0.2969429034262365,0.24088144465651154,0.004354905128238693,1e-06,-0.06432105627428392,-0.2315466079846245,0.07032379998718839,-0.9146413630378611,0
2023-01-18 00:00:00+00:00,11.739999771118164,35.099998474121094,-0.2335314461561815,0.23077733647001206,0.004322251086526945,1e-06,-0.0033306404909689644,-0.2304724715933335,0.06986769729334348,-0.047670677866841406,0
2023-01-19 00:00:00+00:00,11.81999969482422,35.58000183105469,-0.31727327254958304,0.21846779188244791,0.004288843884534519,1e-06,-0.0780556385796002,-0.2373821370375552,0.06942261344855338,-1.1243546548048704,0
2023-01-20 00:00:00+00:00,11.789999961853027,35.220001220703125,-0.2244673435928881,0.21115486801454383,0.004203190479021363,1e-06,0.009989798781503072,-0.2350975172856434,0.06861184508265805,0.1455987485756747,0
2023-01-23 00:00:00+00:00,11.760000228881836,35.540000915527344,-0.3636273757681092,0.19875839939194564,0.004073786273927522,9.854981747047485e-05,-0.1130874184458396,-0.2476712784278882,0.06804968949259932,-1.6618359215017184,1
2023-01-24 00:00:00+00:00,11.899999618530272,35.720001220703125,-0.28503081708361755,0.23634675341041694,0.004286664570209429,1e-06,-0.03629391910312605,-0.24850951198459284,0.0694199715543994,-0.522816680711042,1
2023-01-25 00:00:00+00:00,11.93000030517578,35.83000183105469,-0.2925542272820092,0.20885672737677105,0.004086238770851134,7.159243026852273e-05,-0.03979763187439252,-0.2519545786189515,0.0681654511954479,-0.583838750810619,1
2023-01-26 00:00:00+00:00,12.0,36.27000045776367,-0.37264961853997747,0.21651693888395251,0.0041724125946170105,1e-06,-0.10893542410967524,-0.261265307537185,0.06858872374152619,-1.5882410134965326,1
2023-01-27 00:00:00+00:00,12.09000015258789,36.5099983215332,-0.36451903970840327,0.23136959283290695,0.004232040374464018,1e-06,-0.09564080727767478,-0.2671842908439601,0.06884768740676736,-1.3891651394564315,1
2023-01-30 00:00:00+00:00,12.149999618530272,36.43999862670898,-0.28064083964597586,0.2983512689398696,0.004692598769934964,1e-06,-0.0146642497682448,-0.26627725629502697,0.07201893638686785,-0.20361658341456323,1
2023-01-31 00:00:00+00:00,12.300000190734863,37.08000183105469,-0.348962167142858,0.2706913609695831,0.004488045894295551,1e-06,-0.07614179393389256,-0.2711858134165225,0.07045512996304287,-1.0807132706139726,1
2023-02-01 00:00:00+00:00,12.0600004196167,36.34999847412109,-0.33993862307757716,0.2728540492835584,0.004516769997265958,1e-06,-0.06491580625721216,-0.27403031555810864,0.07054983448567105,-0.9201411559710578,1
2023-02-02 00:00:00+00:00,12.0600004196167,36.0099983215332,-0.22395564251162092,0.3117315645570576,0.004973366519035222,1e-06,0.04525850556543468,-0.2705498930961318,0.07364851923486197,0.6145202379576329,0
2023-02-03 00:00:00+00:00,11.84000015258789,35.72999954223633,-0.34844097306025645,0.25510937381570686,0.004693102384978302,1e-06,-0.07123605266761471,-0.27541744213691016,0.07161659120398473,-0.9946864472327909,0
2023-02-06 00:00:00+00:00,12.0,36.09000015258789,-0.3112467875760334,0.2861046866918593,0.004852262245975677,1e-06,-0.03477314352222023,-0.27617316387717883,0.07264948152778163,-0.4786426935328198,0
2023-02-07 00:00:00+00:00,11.859999656677246,35.529998779296875,-0.2602159566450286,0.24218487878379844,0.004536875251975897,1e-06,0.01415428033235761,-0.2748740138386118,0.07034786377246344,0.20120412438022148,0
2023-02-08 00:00:00+00:00,12.0,35.95000076293945,-0.26348931933594777,0.27596609562831337,0.004923052909456819,1e-06,0.010899600734515156,-0.2745326329955739,0.07298513260823457,0.1493400141234436,0
2023-02-09 00:00:00+00:00,11.890000343322754,35.58000183105469,-0.24727262405104966,0.32922615019414825,0.0049114828924013984,1e-06,0.025822881134902442,-0.2735536544276825,0.07285785363260121,0.3544282441412418,0
2023-02-10 00:00:00+00:00,11.9399995803833,36.09999847412109,-0.3746578972269887,0.19765309498651001,0.00405359476639957,1e-06,-0.09261876851647863,-0.2796016879858391,0.06658657304346068,-1.390952624277974,1
2023-02-13 00:00:00+00:00,12.0600004196167,36.29999923706055,-0.32288257031946443,0.2350587158805341,0.004390564885103135,1e-06,-0.04177445364386316,-0.28064761100287694,0.06901098475413435,-0.6053304961911953,1
2023-02-14 00:00:00+00:00,11.989999771118164,35.779998779296875,-0.21549740728809752,0.2934471242716168,0.004969372477833915,1e-06,0.060659700617408774,-0.27763932465411034,0.07305213736358927,0.8303617499307124,0
2023-02-15 00:00:00+00:00,12.0,35.91999816894531,-0.253254646646349,0.29169840162090194,0.004915252962651438,1e-06,0.023998315331789546,-0.27738249076396493,0.07263578221058749,0.3303924677538823,0
2023-02-16 00:00:00+00:00,11.949999809265137,35.84000015258789,-0.2759654132269098,0.3046474349115434,0.005030213275737273,1e-06,0.001741401386950274,-0.2775950310769167,0.07338641431532317,0.023729206600392076,0
2023-02-17 00:00:00+00:00,11.979999542236328,36.060001373291016,-0.3210138739435191,0.2981035838950024,0.0049562536203335335,1e-06,-0.040986852722767614,-0.2791816978922715,0.07284085782137623,-0.5626904178322213,0
2023-02-22 00:00:00+00:00,11.979999542236328,35.619998931884766,-0.1709174865679195,0.2690237309605039,0.004872313210366633,1e-06,0.10148282389606192,-0.27473018188086173,0.07221807354507036,1.405227513203157,-1
2023-02-23 00:00:00+00:00,11.890000343322754,35.709999084472656,-0.29161810096346485,0.24320366064257334,0.0047791962788955355,1e-06,-0.014467157495780383,-0.2763248549440556,0.07152401368277352,-0.20226993356309342,0
2023-02-24 00:00:00+00:00,11.800000190734863,35.45000076293945,-0.29292599843311073,0.2548099850893574,0.004809402576190029,1e-06,-0.015871964939113085,-0.2767985439941583,0.07169683646620725,-0.22137608465603625,0
2023-02-27 00:00:00+00:00,11.869999885559082,35.310001373291016,-0.17516883536880634,0.2873467834763553,0.005166891259457779,1e-06,0.09625408986771768,-0.2733895780123261,0.07412423274035038,1.298550909860827,-1
2023-02-28 00:00:00+00:00,11.859999656677246,35.560001373291016,-0.27045062933462916,0.2068466586278758,0.0045506035677483165,1e-06,0.003958491238031669,-0.27405594194877547,0.06978570172968575,0.05672352845809084,-1
2023-03-01 00:00:00+00:00,11.93000030517578,35.70000076293945,-0.24820744907618142,0.23799866335906264,0.004835213608266429,1e-06,0.02449081964727166,-0.2731889023532319,0.07176701263862083,0.3412545506191535,-1
2023-03-02 00:00:00+00:00,11.920000076293944,35.65999984741211,-0.24456231523416072,0.22163455546273542,0.004675644744880076,1e-06,0.027323399213953554,-0.2723573733056874,0.0706069852086229,0.38697869811635405,-1
2023-03-03 00:00:00+00:00,11.949999809265137,35.70000076293945,-0.22820794498682417,0.2291605185103502,0.004666638963653926,1e-06,0.042059144068861715,-0.27103966345945885,0.07050968469468391,0.5965016614523703,-1
2023-03-06 00:00:00+00:00,11.989999771118164,35.93000030517578,-0.2666668668558554,0.20074476559766563,0.004472935477137151,1e-06,0.004608192183631727,-0.2711887437868586,0.06908064445506837,0.066707428976419,-1
2023-03-07 00:00:00+00:00,12.0,35.90999984741211,-0.24984395661209113,0.20696054940380965,0.0045108742969008,1e-06,0.02019727483532134,-0.270470653827038,0.06932158406444092,0.2913562219891871,-1
2023-03-08 00:00:00+00:00,12.079999923706056,36.20000076293945,-0.2687709607138782,0.20413196197299524,0.004482676868620694,1e-06,0.0018352271167975664,-0.27055482631762223,0.06908454512184165,0.026564944642261883,-1
2023-03-09 00:00:00+00:00,12.0600004196167,36.09999847412109,-0.2546570579935903,0.20107807540562117,0.004462309564480261,1e-06,0.015035465745783337,-0.2700232433463407,0.06890497309801842,0.2182058140331199,-1
2023-03-10 00:00:00+00:00,12.0,36.040000915527344,-0.2941907348179189,0.19706575004937532,0.004434403867005911,1e-06,-0.02266787117707964,-0.27094137887300657,0.06867103312931053,-0.3300936383816311,0
2023-03-13 00:00:00+00:00,12.100000381469728,36.34999847412109,-0.29993866122454804,0.19978408503137,0.004453819276538854,1e-06,-0.027670307584453546,-0.2717457003598399,0.06878421902861037,-0.4022769753763469,0
2023-03-14 00:00:00+00:00,12.239999771118164,36.59999847412109,-0.2452208366600992,0.19998059982725053,0.004450939075137399,1e-06,0.02480686025287724,-0.27071328345381784,0.0687362342872737,0.3608993205708703,0
2023-03-15 00:00:00+00:00,12.489999771118164,37.25,-0.21695342639583082,0.23430820301408609,0.004592390043404297,1e-06,0.051352433663506954,-0.26930335046017473,0.06973938827550956,0.7363476355805724,0
2023-03-16 00:00:00+00:00,11.93000030517578,35.75,-0.2652635018342959,0.20130022725710245,0.004367306103049587,1e-06,0.004375731059102187,-0.26950195986226594,0.06807649649177783,0.0642766782164044,0
2023-03-17 00:00:00+00:00,11.880000114440918,35.47999954223633,-0.22315944612324223,0.19404922604339753,0.004322846896074938,1e-06,0.043907596426199645,-0.2680685323879644,0.06772314801393141,0.6483395665122856,0
2023-03-20 00:00:00+00:00,11.899999618530272,35.54999923706055,-0.22703867615393314,0.2220719545973639,0.004324839669579075,1e-06,0.039405405727175546,-0.26713367556238243,0.06771769907388582,0.5819070385746696,0
2023-03-21 00:00:00+00:00,11.640000343322754,34.849998474121094,-0.24824930886760477,0.23428940109417135,0.004324972362707665,1e-06,0.01839206636457781,-0.2668543745021776,0.06769943164712615,0.2716723895178898,0
2023-03-22 00:00:00+00:00,11.640000343322754,34.689998626708984,-0.1936691592655908,0.12727466165054854,0.003602501568042629,1e-06,0.0686294399203959,-0.2641471916621274,0.0620796927407861,1.1055054703147176,0
2023-03-23 00:00:00+00:00,11.510000228881836,34.5,-0.25885575270830685,0.1466861688345763,0.0038345944727690862,1e-06,0.005573390480238233,-0.2643114127420452,0.0638990888923913,0.08722175193489928,0
2023-03-24 00:00:00+00:00,11.6899995803833,35.0,-0.24941953137481576,0.17503585663830837,0.0040404457170727485,1e-06,0.014133324483838534,-0.2638800797635517,0.06547252670630432,0.21586648927171528,0
2023-03-27 00:00:00+00:00,11.68000030517578,34.970001220703125,-0.24918543518615088,0.17596783758022813,0.004017145801816331,1e-06,0.014033112237490023,-0.263507338386228,0.06527242030219517,0.214992981300834,0
2023-03-28 00:00:00+00:00,11.68000030517578,35.029998779296875,-0.26965217797852326,0.15132888870603026,0.0038525204824917197,1e-06,-0.005676490505659536,-0.26377232570090225,0.06397101559950683,-0.088735350728171,0
2023-03-29 00:00:00+00:00,11.619999885559082,34.91999816894531,-0.29212850075132124,0.16665772015857658,0.003913281934713998,1e-06,-0.02685699199588365,-0.26460639243716366,0.06442509724079366,-0.4168715787188278,0
2023-03-30 00:00:00+00:00,11.619999885559082,34.849998474121094,-0.26824976663127664,0.1779744497034409,0.003965188454133709,1e-06,-0.003703736216728491,-0.2645732926900963,0.06480935252579001,-0.057148174952907284,0
2023-03-31 00:00:00+00:00,11.609999656677246,34.83000183105469,-0.27142861544459684,0.1572926097897887,0.00383338782147402,1e-06,-0.0065102525447743595,-0.2647630710394196,0.06376089281975822,-0.10210416223589898,0
2023-04-03 00:00:00+00:00,11.5600004196167,34.650001525878906,-0.26002502154120144,0.1656255062469036,0.0039045464098661077,1e-06,0.004428172615636524,-0.26459481594340317,0.0642999161045276,0.06886747112450306,0
2023-04-04 00:00:00+00:00,11.699999809265137,35.18000030517578,-0.3008221334569221,0.1639978300767568,0.0039044342834195496,1e-06,-0.03427432219863767,-0.26564769272078353,0.06428157354795586,-0.5331904666749961,0
2023-04-05 00:00:00+00:00,11.670000076293944,35.18000030517578,-0.3308218664281153,0.170049652132556,0.003922865048101601,1e-06,-0.06208942192029544,-0.2672923772301471,0.06440924811357922,-0.9639830263319796,0
2023-04-06 00:00:00+00:00,11.65999984741211,35.04999923706055,-0.29647531710412167,0.14977919741576146,0.003813455718685285,1e-06,-0.02811767822389852,-0.26786228759084246,0.06353416096108941,-0.44255999919663364,0
2023-04-10 00:00:00+00:00,11.270000457763672,33.95000076293945,-0.31123634090038266,0.1640245335794303,0.003912114824892212,1e-06,-0.04138060629359415,-0.26891223400704656,0.06429313200226326,-0.6436240544656847,0
2023-04-11 00:00:00+00:00,11.31999969482422,33.939998626708984,-0.25782511251216356,0.16109001587397018,0.003908066926485802,1e-06,0.010178802309845105,-0.26843656340026545,0.06424693649916018,0.1584324928859162,0
2023-04-12 00:00:00+00:00,11.550000190734863,34.70000076293945,-0.2870813031811519,0.16613637384022428,0.003945638052778743,1e-06,-0.017624290632626934,-0.26896564997858224,0.064526076076963,-0.2731343931654188,0
2023-04-13 00:00:00+00:00,11.59000015258789,34.95000076293945,-0.3323629064121114,0.1794249638415028,0.004044164969412797,1e-06,-0.06048729322293245,-0.27045284246742785,0.06527541937713645,-0.9266473321827312,0
2023-04-14 00:00:00+00:00,11.609999656677246,34.79999923706055,-0.2611939427549981,0.17319464996474218,0.004046235616086964,1e-06,0.008308578184683267,-0.26996844655814906,0.06527962385909132,0.12727674722234408,0
2023-04-17 00:00:00+00:00,11.729999542236328,35.36000061035156,-0.33222523144967475,0.15341094090595125,0.003927597990841542,1e-06,-0.05909428529692535,-0.2715886613321787,0.06434947054461437,-0.9183336676555011,0
2023-04-18 00:00:00+00:00,11.670000076293944,35.11000061035156,-0.30694313230807246,0.17186563589760476,0.003984677296491081,1e-06,-0.03413769609139841,-0.27220147004462625,0.0647822000351434,-0.5269610490671698,0
2023-04-19 00:00:00+00:00,11.579999923706056,34.72999954223633,-0.2673149416061449,0.19356396315877208,0.004110748624917525,1e-06,0.004357308377570583,-0.2719399489916954,0.06574164168392403,0.06627927544797055,0
2023-04-20 00:00:00+00:00,11.56999969482422,34.650001525878906,-0.25002574633368013,0.21145958156206435,0.004203396355555898,1e-06,0.020982121683605626,-0.2714868329540722,0.06643681347014947,0.3158207112542061,0
2023-04-24 00:00:00+00:00,11.8100004196167,35.439998626708984,-0.27951377822360435,0.19636011320289315,0.004106028423549799,1e-06,-0.007473039028223091,-0.27175739916413705,0.06568992476412322,-0.11376233197186607,0
2023-04-25 00:00:00+00:00,11.779999732971191,35.45000076293945,-0.3129264561967826,0.20362531213535304,0.00414958977982957,1e-06,-0.039394325088150925,-0.27261625150225127,0.06601394671579802,-0.5967576102933312,0
2023-04-26 00:00:00+00:00,11.699999809265137,35.130001068115234,-0.2837660806988076,0.1935514960163466,0.004089691277096425,1e-06,-0.010989605478119861,-0.27269391771626866,0.06554970456063389,-0.16765301311090436,0
2023-04-27 00:00:00+00:00,11.720000267028809,35.31999969482422,-0.32857914393333765,0.1911477726440888,0.00407638198587142,1e-06,-0.05344013558358072,-0.273875301845974,0.06544010327753426,-0.8166266999448156,0
2023-04-28 00:00:00+00:00,12.06999969482422,36.40999984741211,-0.3504073919558426,0.19192503472574438,0.004077461410597862,1e-06,-0.0735339705382248,-0.275316331526796,0.06544095722795594,-1.1236689323183002,0
2023-05-02 00:00:00+00:00,12.0,36.08000183105469,-0.30783609754177554,0.1924647127194894,0.004091260530505063,1e-06,-0.03169522419158218,-0.27571067382101216,0.0655393905868281,-0.4836057202819366,0
2023-05-03 00:00:00+00:00,12.0600004196167,36.09000015258789,-0.2512463679593342,0.21118829851005042,0.0042248738496967675,1e-06,0.02312699868506139,-0.27508152165999544,0.06654739711006355,0.3475267206441052,0
2023-05-04 00:00:00+00:00,11.8100004196167,35.689998626708984,-0.3647953433075912,0.1984676807907856,0.004242746199078847,1e-06,-0.08566833658537633,-0.2769929076854909,0.06667539025586221,-1.284856920321426,1
2023-05-05 00:00:00+00:00,12.0,35.93000030517578,-0.25666663797401945,0.1603418207475362,0.004067288277240501,1e-06,0.018778841999548275,-0.2762472671507528,0.06533527940564043,0.2874226936867907,0
2023-05-08 00:00:00+00:00,11.960000038146973,36.040000915527344,-0.33419069667094625,0.1593447056709562,0.003938289936108468,1e-06,-0.05509902851986042,-0.27761220730745345,0.06433084739194346,-0.8564946795145248,0
2023-05-09 00:00:00+00:00,12.079999923706056,36.25,-0.2858270134719927,0.14447481633128165,0.003805791046657356,1e-06,-0.008202498918929548,-0.2776181354177752,0.06328137820953095,-0.1296194733902643,0
2023-05-10 00:00:00+00:00,12.199999809265137,36.54999923706055,-0.2681647457550138,0.13215171787346852,0.003736347915435131,1e-06,0.008933903306400804,-0.27736750377864305,0.0627194737801375,0.14244225545830494,0
2023-05-11 00:00:00+00:00,12.3100004196167,37.06999969482422,-0.3355499469333516,0.14910851732092517,0.003909799909507038,1e-06,-0.05541092209900959,-0.2786836766454258,0.0640829495001019,-0.8646749647333488,0
2023-05-12 00:00:00+00:00,12.359999656677246,37.18999862670898,-0.32648549675096206,0.15908595097578135,0.0039705504716461715,1e-06,-0.046029639238236365,-0.2795159510270872,0.06454976918771342,-0.7130875883441233,0
2023-05-15 00:00:00+00:00,12.34000015258789,37.16999816894531,-0.339662319478391,0.1382114318863509,0.0037836059590715043,1e-06,-0.05756946803270976,-0.28073579633544266,0.06307385094490629,-0.9127311424665587,0
2023-05-16 00:00:00+00:00,12.34000015258789,37.02000045776367,-0.2884941612040457,0.14402564987390626,0.0038008345376922457,1e-06,-0.007783611805385616,-0.28072394769503023,0.06320343891473064,-0.123151713562401,0
2023-05-17 00:00:00+00:00,12.329999923706056,37.09000015258789,-0.32237312420592446,0.11874619313406909,0.003658229679258743,1e-06,-0.039632815825837935,-0.2816795845978382,0.062053334067712455,-0.6386895470046895,0
2023-05-18 00:00:00+00:00,12.369999885559082,37.15999984741211,-0.3062518964729417,0.1377266210214701,0.0037947808010652933,1e-06,-0.02367117104826119,-0.28209954811320936,0.06313981073346449,-0.37490088698848956,0
2023-05-19 00:00:00+00:00,12.43000030517578,37.08000183105469,-0.2189620527019418,0.1372613561840421,0.003871213826925869,1e-06,0.06007879834175112,-0.28068080272661117,0.06373685885335946,0.9426068278635366,0
2023-05-22 00:00:00+00:00,12.350000381469728,37.08000183105469,-0.29896197640799294,0.13775400257026638,0.003897513183341808,1e-06,-0.01707039502274213,-0.2812396565605044,0.06393718523612281,-0.26698696477957884,0
2023-05-23 00:00:00+00:00,12.359999656677246,37.25,-0.3469535408367488,0.12132044627508123,0.0037331101072102272,1e-06,-0.0626775670483858,-0.2826486835953368,0.0626284456696126,-1.0007843301593708,0
2023-05-24 00:00:00+00:00,12.40999984741211,37.33000183105469,-0.3242440755495988,0.11983144328959587,0.003753839637212054,1e-06,-0.03998329505023093,-0.2833937578530745,0.06278727918953003,-0.636805664560446,0
2023-05-25 00:00:00+00:00,12.420000076293944,37.619998931884766,-0.41316947318219555,0.06191821118764556,0.0033916775695246016,1e-06,-0.12299461465599341,-0.28661619390435406,0.05981509474675565,-2.0562470924225127,1
2023-05-26 00:00:00+00:00,12.479999542236328,37.68000030517578,-0.3736380513255959,0.13317366150420798,0.003254820508408139,1e-06,-0.08325482264524267,-0.2883229555310827,0.05865233678745683,-1.4194630121377745,1
2023-05-29 00:00:00+00:00,12.59000015258789,37.86000061035156,-0.32504027193797747,0.2746783577862344,0.003663078444425737,1e-06,-0.03610433889647741,-0.2885735171430362,0.06204528138111156,-0.5819030568127724,1
2023-05-30 00:00:00+00:00,12.5,37.59000015258789,-0.3229361780799529,0.313936458905351,0.003863252823009457,1e-06,-0.033415831115839484,-0.2889472635712434,0.06364144585308978,-0.5250639841366387,1
2023-05-31 00:00:00+00:00,12.399999618530272,36.91999816894531,-0.19438128845202307,0.22000251168796048,0.00336252316631582,1e-06,0.08954484830133229,-0.286817244322305,0.059562422863585464,1.5033782038453158,0
2023-06-01 00:00:00+00:00,12.369999885559082,37.08000183105469,-0.27896247231863924,0.19945455000965415,0.003202874262451641,1e-06,0.008375343712199411,-0.2870406990280504,0.05819737091061322,0.14391275037257797,0
2023-06-02 00:00:00+00:00,12.270000457763672,36.93000030517578,-0.3277924405462933,0.27543727584609873,0.0036252222444475212,1e-06,-0.03884032209027384,-0.28781375719322333,0.06172734035635258,-0.6292239689260587,0
2023-06-05 00:00:00+00:00,12.220000267028809,36.66999816894531,-0.28909907486949926,0.18083384180718087,0.0030324018285391744,1e-06,-0.0016012581431427498,-0.2876772309955867,0.056700821396699484,-0.028240475247082716,0
2023-06-06 00:00:00+00:00,12.4399995803833,37.36000061035156,-0.30447771397459356,0.18663992079878264,0.0031501928410751713,1e-06,-0.015929264682768108,-0.2880506834782658,0.05772710376284166,-0.2759408257897326,0
2023-06-07 00:00:00+00:00,12.489999771118164,37.459999084472656,-0.28858962875596106,0.2570986643005396,0.002667841999902626,1e-06,-0.0007507352665683822,-0.287964756006153,0.05337218081143638,-0.01406604068176876,0
2023-06-09 00:00:00+00:00,12.600000381469728,38.0099983215332,-0.36620820133048504,-0.053598167627308096,0.0017593625986559625,0.00039945038002433706,-0.05854701648886105,-0.30434090753035015,0.0468900490586691,-1.2486021589699487,0
2023-06-12 00:00:00+00:00,12.619999885559082,38.15999984741211,-0.39737815680888744,0.12573232835268017,0.00247641512389848,1e-06,-0.07992234028821271,-0.31447899273421037,0.05380862779267124,-1.4853071629360184,1
2023-06-13 00:00:00+00:00,12.470000267028809,37.650001525878906,-0.37340395513692926,0.11131316854046497,0.00237422189879907,1e-06,-0.051473895910565795,-0.320112221738494,0.05253826110706953,-0.9797411415209455,1
2023-06-14 00:00:00+00:00,12.6899995803833,38.11000061035156,-0.3103224092265542,0.24614229983745972,0.0025927304148333223,1e-06,0.007146206411187737,-0.3182481497347975,0.05446112740635371,0.13121664481653797,0
2023-06-15 00:00:00+00:00,12.619999885559082,38.0099983215332,-0.34620869724113135,0.12475857189409276,0.0021246999979507596,1e-06,-0.023741729407022672,-0.32129112524259545,0.04966478441911342,-0.4780395140079517,0
2023-06-16 00:00:00+00:00,12.460000038146973,37.38999938964844,-0.29471062760710964,0.3087174515931795,0.0030239728388016035,1e-06,0.02358145926721694,-0.3193302841629158,0.05802141590349998,0.4064268149959859,0
2023-06-19 00:00:00+00:00,12.5600004196167,37.810001373291016,-0.33798395215105437,0.22302742898458885,0.0026300649385412106,1e-06,-0.016156844764956317,-0.32100056146959416,0.05437520067863544,-0.29713627836420115,0
2023-06-20 00:00:00+00:00,12.609999656677246,37.83000183105469,-0.2948073964524358,0.24093750240362077,0.0027605731140711953,1e-06,0.02331570596012843,-0.3191225252525731,0.05548027081153642,0.4202522017120404,0
2023-06-21 00:00:00+00:00,12.59000015258789,37.84999847412109,-0.32162828061030524,0.23354388915713575,0.0027132132701840903,1e-06,-0.0017499162639495955,-0.3196096380075691,0.054961523731971225,-0.03183893285934621,0
2023-06-22 00:00:00+00:00,12.529999732971191,37.58000183105469,-0.2895257550745036,0.21399075081330213,0.0026404656362197746,1e-06,0.02715250764302222,-0.317733704371946,0.05420261903069728,0.5009445692586291,0
2023-06-23 00:00:00+00:00,12.65999984741211,38.04999923706055,-0.31985409811196064,0.21545112987532244,0.0026529199408445534,1e-06,-0.0013772312143624874,-0.31820123904936926,0.05424040550484862,-0.025391241115248944,0
2023-06-26 00:00:00+00:00,12.619999885559082,37.810001373291016,-0.27798448620867156,0.1986657115607218,0.0025900052543313895,1e-06,0.03640991858355086,-0.31582623915682895,0.05357518093066238,0.6796042113357116,0
2023-06-27 00:00:00+00:00,12.470000267028809,37.459999084472656,-0.3085891328453165,0.19938208535671018,0.0026061069707186556,1e-06,0.007239146498186083,-0.31582749083532524,0.05365707077595753,0.13491505207976753,0
2023-06-28 00:00:00+00:00,12.4399995803833,37.27999877929688,-0.27718698852688384,0.20545571005069158,0.002548658401955868,1e-06,0.03527517433321664,-0.31380147858638746,0.05305263408716758,0.6649090085754862,0
2023-06-29 00:00:00+00:00,12.43000030517578,37.16999816894531,-0.24966216689050214,0.20050978143976578,0.0025283269982976455,1e-06,0.05902775028277635,-0.31076484244398506,0.05279863276791667,1.1179787655153985,0
2023-06-30 00:00:00+00:00,12.59000015258789,37.63999938964844,-0.24999207825017677,0.15185234092291114,0.00228666505119305,1e-06,0.05564394714202735,-0.30769507660297574,0.05036520661704153,1.1048092697231129,0
2023-07-03 00:00:00+00:00,12.460000038146973,37.5099983215332,-0.33564541448526697,0.18715564804067145,0.002393551096565578,1e-06,-0.024467326266309687,-0.30970777765439383,0.05136981616951424,-0.476297718986777,0
2023-07-04 00:00:00+00:00,12.43000030517578,37.400001525878906,-0.3281223519059733,0.13737998965617595,0.0021983772842282894,1e-06,-0.016926032657451948,-0.3105745974122707,0.04934910261113771,-0.3429856220654329,0
2023-07-05 00:00:00+00:00,12.369999885559082,37.119998931884766,-0.2926065337490851,0.15428508740243654,0.0022585783295381453,1e-06,0.01604581347543288,-0.30948467937614166,0.04990601100400402,0.3215206575846245,0
2023-07-06 00:00:00+00:00,12.34000015258789,37.02999877929688,-0.2919048512383071,0.1190763081782125,0.0021116450581524712,1e-06,0.016026767710449696,-0.3086044221900899,0.048336674319855805,0.3315653783790872,0
2023-07-07 00:00:00+00:00,12.449999809265137,37.16999816894531,-0.2296626628011449,0.15771286774585105,0.0020426739112563517,1e-06,0.07145796931270491,-0.30452120550571676,0.04756510076352064,1.5023193090239084,-1
2023-07-10 00:00:00+00:00,12.279999732971191,36.75,-0.2563903343748297,0.050778503544673566,0.0017394938534167782,1e-06,0.042931461820335984,-0.3015890790134537,0.04414298507171828,0.9725545689895244,-1
2023-07-11 00:00:00+00:00,12.149999618530272,36.47999954223633,-0.29428620236983605,0.14672321563078486,0.0020980873377093616,1e-06,0.0072107555920031645,-0.30154068803914064,0.04803266418967727,0.1501219162761501,-1
2023-07-12 00:00:00+00:00,12.09000015258789,36.220001220703125,-0.26559341319397234,0.13970968180371168,0.002077372051307245,1e-06,0.03275644101110323,-0.29988738577575114,0.0477751684281501,0.6856373737408421,-1
2023-07-13 00:00:00+00:00,12.100000381469728,36.220001220703125,-0.2555931843121346,0.13842414172682632,0.00204865150228779,1e-06,0.040672080117629836,-0.2980395347257224,0.04743429789257682,0.8574403316717959,-1
2023-07-14 00:00:00+00:00,12.109999656677246,36.16999816894531,-0.22853655505308978,0.15522161216134772,0.002042027919052744,1e-06,0.06386160736488156,-0.29523343439519373,0.04733268495354575,1.3492073696549851,-1
2023-07-17 00:00:00+00:00,12.130000114440918,36.40999984741211,-0.29040697233914514,0.19378696329645612,0.0021447320635094545,1e-06,0.005450104018901737,-0.29553215037920905,0.04839007837702528,0.11262854290993142,-1
2023-07-18 00:00:00+00:00,12.09000015258789,36.36000061035156,-0.313350881434058,0.36206558513540893,0.0027095395528760795,1e-06,-0.016632148331013893,-0.29602894865905777,0.053938039842803334,-0.3083565583674623,0
2023-07-19 00:00:00+00:00,12.0600004196167,36.18999862670898,-0.2853584734755614,0.3565862022398292,0.0026128978283782617,1e-06,0.009643056051033183,-0.2956003892001245,0.05302412756949033,0.18186166360579073,0
2023-07-20 00:00:00+00:00,12.06999969482422,36.380001068115234,-0.3401740205596564,0.31376576289628816,0.0024544837160547003,1e-06,-0.04138056388188246,-0.2969743819866492,0.05148921403007396,-0.8036744133968093,0
2023-07-21 00:00:00+00:00,12.210000038146973,36.61000061035156,-0.2786325609589628,0.2669356136612722,0.0022322312690989292,1e-06,0.016140367298886286,-0.29599828077806895,0.049254676752059495,0.3276920764323442,0
2023-07-24 00:00:00+00:00,12.170000076293944,36.75,-0.3663899910520776,0.1985850928643209,0.002057135848082432,1e-06,-0.06427035346793691,-0.29881955705317553,0.04740582473905886,-1.3557480293130084,1
2023-07-25 00:00:00+00:00,12.079999923706056,36.2400016784668,-0.2824163234377348,0.1342846980953603,0.0018484946747967831,1e-06,0.014057539107629921,-0.29770778277498866,0.04509999075985351,0.31169716159107214,0
2023-07-26 00:00:00+00:00,12.079999923706056,36.31999969482422,-0.3097057475920355,0.1676672047951807,0.0019153716317241694,1e-06,-0.010730768546239482,-0.2982878414824953,0.045819404209837225,-0.2341970335776569,0
2023-07-27 00:00:00+00:00,12.010000228881836,36.09999847412109,-0.30465724872845357,0.1380034726783517,0.0018188336148924182,1e-06,-0.005915759602663826,-0.2984964035944138,0.04471656756491827,-0.13229458173585196,0
2023-07-28 00:00:00+00:00,12.079999923706056,36.18999862670898,-0.2653589693862042,0.1033141999985278,0.0016423916041940852,1e-06,0.029690600710578812,-0.2969028667129495,0.0426459915698868,0.6962108188274357,0
2023-07-31 00:00:00+00:00,12.06999969482422,36.0,-0.21054567726984175,0.18743309965552563,0.0017419589502852366,1e-06,0.0789040121175027,-0.2936841929772777,0.04379435797246882,1.801693546166505,-1
2023-08-01 00:00:00+00:00,12.050000190734863,36.130001068115234,-0.27489195956502677,0.11709286301561289,0.0015800496994098424,1e-06,0.017809951471091948,-0.2932469626806915,0.041853494327664775,0.4255308130704808,-1
2023-08-02 00:00:00+00:00,12.06999969482422,36.20000076293945,-0.2787711895957141,0.11126471555177352,0.0015495024479465088,1e-06,0.013180510374106374,-0.292677717494621,0.04145517508470334,0.31794607904019895,-1
2023-08-03 00:00:00+00:00,12.18000030517578,36.41999816894531,-0.2438174716385415,0.11685044886012598,0.001586980753486598,1e-06,0.044125376912499674,-0.2906380970323841,0.04188501888904019,1.0534882896769018,-1
2023-08-04 00:00:00+00:00,12.229999542236328,36.5,-0.2211089600257079,0.14229603036530783,0.0016565211965281212,1e-06,0.06356467479055192,-0.28814781954555146,0.04269686504352717,1.488743370871635,-1
2023-08-07 00:00:00+00:00,12.1899995803833,36.34999847412109,-0.2099394623109756,0.1607064908822253,0.0015972538945628952,1e-06,0.07168504321581418,-0.2854921074864143,0.04197547124832701,1.7077841197237609,-1
2023-08-08 00:00:00+00:00,11.800000190734863,35.310001373291016,-0.2451685301930251,0.13882345437503546,0.001542856750978021,1e-06,0.037314616121888994,-0.2842649212230215,0.04129543029504051,0.903601581465308,-1
2023-08-09 00:00:00+00:00,11.619999885559082,34.689998626708984,-0.21366961702926268,0.00044449952863669356,0.0011841569369069277,0.00015720044722514377,0.05508294119704078,-0.2734029426024179,0.03800586342426896,1.4493274519811885,-1
2023-08-10 00:00:00+00:00,11.630000114440918,34.880001068115234,-0.2684842104390395,0.0030803325042045478,0.0012217319995966964,0.00010175479903410788,0.003749511334651581,-0.2725268692219176,0.039024952596422184,0.09607984341268198,-1
2023-08-11 00:00:00+00:00,11.59000015258789,34.83000183105469,-0.2914281195339523,0.019819139018891787,0.0012530037177298598,8.049842363332007e-05,-0.014122487563407985,-0.27616865659013384,0.03964764563589759,-0.35619990385056477,0
2023-08-14 00:00:00+00:00,11.619999885559082,34.81999969482422,-0.25801639523509046,0.02353899698101649,0.0012738358555635003,4.0789322683599735e-05,0.013734094198480474,-0.2728596037478326,0.03978341521174253,0.345221598633058,0
2023-08-15 00:00:00+00:00,11.539999961853027,34.5,-0.22885601973711545,0.07700332373165722,0.0012403109382826151,4.447733712741237e-05,0.03388720807003867,-0.26542491189854556,0.039327003536006946,0.8616778554972357,0
2023-08-16 00:00:00+00:00,11.5,34.45000076293945,-0.2517999288320283,0.13528992768358583,0.001245368767566577,3.5940558393145455e-05,0.011600457003704559,-0.2639755139450599,0.039365577239974,0.2946853016529581,0
2023-08-17 00:00:00+00:00,11.539999961853027,34.5,-0.22885601973711545,0.00013073521223654059,0.0010159646867001011,0.0002024316968049567,0.02285647156233008,-0.25396213853850624,0.037023692096718304,0.6173471706339095,0
2023-08-18 00:00:00+00:00,11.619999885559082,34.720001220703125,-0.22390428971886145,-0.05083382865742904,0.000860649841376703,0.0003044092111453377,0.01579199164352032,-0.24163100652866054,0.03530361535789293,0.4473193887772647,0
2023-08-21 00:00:00+00:00,11.529999732971191,34.45000076293945,-0.22180019586083688,-0.01819239207558731,0.0008470956769545346,0.00031605834169298123,0.010140070878797059,-0.23316233989144225,0.035384629699189867,0.28656710455922096,0
2023-08-22 00:00:00+00:00,11.529999732971191,34.5,-0.23885624861895138,-0.05625775227627659,0.0008028140228450985,0.00033874708458422637,-0.003086543940366785,-0.23546434065398916,0.03467373778278753,-0.0890167642064532,0
2023-08-23 00:00:00+00:00,11.520000457763672,34.56999969482422,-0.27273425794651374,-0.031860387885659446,0.000844254597388362,0.00030549624512603323,-0.019077476833523715,-0.2514161503699287,0.03535170093795006,-0.5396480601317839,0
2023-08-24 00:00:00+00:00,11.619999885559082,34.900001525878906,-0.2853071206828037,-0.02592462116148764,0.0008465265339188204,0.00031036742690457634,-0.0171050023206154,-0.26614604679742065,0.035428919135375846,-0.4827977465317597,0
2023-08-25 00:00:00+00:00,11.600000381469728,34.77000045776367,-0.26095984656632965,-0.025654042991035866,0.0008413673953084685,0.0003142181998745824,0.0028508957629441445,-0.26409424745562715,0.035365519032420835,0.08061229810682621,0
2023-08-28 00:00:00+00:00,11.579999923706056,34.72999954223633,-0.2673149416061449,-0.025778999969360963,0.0008396955005995087,0.00031537100998400055,-0.0016685370101628062,-0.2654585779172321,0.035345038698640335,-0.04720710661513555,0
2023-08-29 00:00:00+00:00,11.640000343322754,34.939998626708984,-0.2789507243495777,-0.014336294353572898,0.0008560538905522246,0.0003003320585347719,-0.006950986666702708,-0.2711899103756402,0.03560520304453497,-0.1952239019114262,0
2023-08-30 00:00:00+00:00,11.619999885559082,34.810001373291016,-0.2546057052008326,-0.014294219956280104,0.0008587588560674349,0.00029823161082787,0.008628741281963028,-0.26422165503077466,0.03564501369622346,0.24207428717799123,0
2023-08-31 00:00:00+00:00,11.4399995803833,34.20000076293945,-0.22651878336474063,0.010941019802978659,0.0008873686412423711,0.00027830072485323656,0.020108088120850513,-0.2488921990990319,0.036119740096083715,0.556706334745491,0
2023-09-01 00:00:00+00:00,11.630000114440918,34.90999984741211,-0.27871758183522566,-0.01146719584540722,0.0008770111256382504,0.00028236970948556414,-0.01582318819311078,-0.2611250012535107,0.03591348043107489,-0.4405918892622681,0
2023-09-04 00:00:00+00:00,11.640000343322754,34.86000061035156,-0.2516613001952752,-0.016716602121501674,0.0008564098475287899,0.0002958202499047483,0.005027818658883842,-0.2572413580348784,0.0355852853993799,0.14128926050348484,0
2023-09-05 00:00:00+00:00,11.460000038146973,34.29999923706055,-0.24063043111729776,-0.03730446118356429,0.0008377398866591113,0.00029162610806920215,0.008446598947198689,-0.2500908217900795,0.035189561259840844,0.2400313798978263,0
2023-09-06 00:00:00+00:00,11.350000381469728,34.0,-0.2482924699524407,-0.02957341977752439,0.0008343234061578535,0.00029343260826979016,0.0008051835638863638,-0.24922250305909577,0.035124732138425645,0.02292355029821029,0
2023-09-08 00:00:00+00:00,11.43000030517578,34.25,-0.25357411133037644,-0.018021542497115576,0.0008391303140764518,0.0002891630651966722,-0.0022625381162428675,-0.2510457012183586,0.03521549028825611,-0.06424837756688549,0
2023-09-11 00:00:00+00:00,11.529999732971191,34.70000076293945,-0.30708176094482376,-0.03319782366546433,0.0008286122394007715,0.00030764280055839996,-0.028493743894712934,-0.275189575588977,0.03506642016381091,-0.8125649485064609,0
2023-09-12 00:00:00+00:00,11.550000190734863,34.779998779296875,-0.31437072733545257,-0.02186370269066856,0.0008325427410115113,0.00031627686929563937,-0.019558885100235835,-0.2924103529921749,0.03520191767195195,-0.5556198751018581,0
2023-09-13 00:00:00+00:00,11.600000381469728,34.779998779296875,-0.2643705366005875,-0.008236403435088812,0.0008485201546464562,0.00030337825355552096,0.014487231713472147,-0.2805402680003719,0.03548964944822818,0.4082100538808061,0
2023-09-14 00:00:00+00:00,11.619999885559082,34.91999816894531,-0.29212850075132124,0.016617318534795266,0.0008598805286801432,0.0002939008017137125,-0.0059036452860232805,-0.28550538795409036,0.035724884646815114,-0.16525302584985652,0
2023-09-15 00:00:00+00:00,11.75,35.310001373291016,-0.2951687209278884,-0.0064384631262760445,0.0008291974733560005,0.0003156698882784592,-0.004833538215789636,-0.28974935106412825,0.03522558905407309,-0.13721667530867707,0
2023-09-18 00:00:00+00:00,11.75,35.150001525878906,-0.24058857132587264,0.016207538872412417,0.0008823245421847288,0.00027348140787484187,0.026090238913921933,-0.26966413207269235,0.03604016588286232,0.723921166143363,0
2023-09-19 00:00:00+00:00,11.670000076293944,35.0099983215332,-0.2728297254984309,0.012678642275341176,0.0008810366320947951,0.00027519338707190466,-0.0015250655777769963,-0.2710929242560112,0.0360125333125246,-0.04234818929682467,0
2023-09-20 00:00:00+00:00,11.699999809265137,35.09000015258789,-0.27012071797495096,0.011417409327200926,0.0008786923738637932,0.0002734423962797259,0.0005079262567773224,-0.27068871007336537,0.03596047236724305,0.014124571323484623,0
2023-09-21 00:00:00+00:00,11.710000038146973,34.97999954223633,-0.22259639224921557,0.027764890204083407,0.0009117449584672782,0.0002508361375509108,0.026376734071588092,-0.2518957128326636,0.03645820428040196,0.7234786954596899,0
2023-09-22 00:00:00+00:00,11.649999618530272,34.93000030517578,-0.26554075910780206,0.014451308849477566,0.000905482894590239,0.0002554532583714232,-0.007261852104210379,-0.2574299923860557,0.036338055656412,-0.19984151526635122,0
2023-09-25 00:00:00+00:00,11.539999961853027,34.72999954223633,-0.307314903459174,0.07430880617489716,0.0010017816212788452,0.0001890597115120189,-0.029953822773617442,-0.2743512965555913,0.03772671149813554,-0.7939685592553637,0
2023-09-26 00:00:00+00:00,11.43000030517578,34.470001220703125,-0.32862230501817713,0.06245536275530309,0.0009521143948930492,0.0002516790357825114,-0.03132723001501551,-0.2941316436887993,0.03718104548272303,-0.8425591483050786,0
2023-09-27 00:00:00+00:00,11.510000228881836,34.38999938964844,-0.2213316558644074,0.03777480716563834,0.000990717647034589,0.0002230434421906719,0.04139505062090476,-0.2670838930949424,0.03767834185057572,1.0986431086874449,0
2023-09-28 00:00:00+00:00,11.510000228881836,34.54999923706055,-0.27591180546642136,0.055205108737485346,0.0010311847978370014,0.00019381226918534157,-0.004356678716999803,-0.2708988060063195,0.038194882735203654,-0.11406446112699588,0
2023-09-29 00:00:00+00:00,11.510000228881836,34.560001373291016,-0.2793237967940918,0.075601272154621,0.0010571001012037319,0.00018091166141249418,-0.005280306494447337,-0.2735636232965842,0.038544544989779335,-0.1369923161850137,0
2023-10-02 00:00:00+00:00,11.529999732971191,34.5,-0.23885624861895138,0.10360283414903818,0.0011066038332146577,0.00013090645657732269,0.022157372800317307,-0.26312932647511644,0.039072877047884855,0.5670780980157375,0
2023-10-03 00:00:00+00:00,11.270000457763672,33.83000183105469,-0.27030155402222533,0.09828339554580225,0.0010986535025292589,0.00013679317229195465,-0.0038550491998780444,-0.2658815100992853,0.03888997480202955,-0.09912706859549987,0
2023-10-04 00:00:00+00:00,11.399999618530272,34.25,-0.28357479797588425,0.0758972383928914,0.0010491987543315312,0.0001712003970947111,-0.01111301573763109,-0.2714062077411578,0.0382537564787075,-0.29050782878844145,0
2023-10-05 00:00:00+00:00,11.350000381469728,34.2400016784668,-0.3301633450021697,0.08117963086486109,0.001017029932518297,0.00021574615483472702,-0.03540420953226739,-0.2912782513906657,0.03802224260765162,-0.9311446959507491,0
2023-10-06 00:00:00+00:00,11.390000343322754,34.13999938964844,-0.25604997633950255,0.09543428932025153,0.001047270882793957,0.00018870082719599723,0.02006860946699876,-0.27842649627889837,0.03848922175204398,0.5214085542255219,0
2023-10-09 00:00:00+00:00,11.289999961853027,33.970001220703125,-0.2980595181729555,0.079492974750535,0.0010312499829358164,0.00020000663585512655,-0.01108496574321459,-0.2857119656153398,0.03827977571131131,-0.2895776042893346,0
2023-10-10 00:00:00+00:00,11.369999885559082,34.15999984741211,-0.28287311546510274,0.04260827165250418,0.0009610805050409586,0.0002557477758398796,0.0013761896020363731,-0.2844447238236336,0.03734806037054829,0.0368476860212425,0
2023-10-11 00:00:00+00:00,11.3100004196167,34.02000045776367,-0.2951151131673999,0.036642038212672916,0.0009629248662193642,0.00024020089746668743,-0.00596588076938462,-0.2885157086257025,0.037329656937884696,-0.15981611562387638,0
2023-10-13 00:00:00+00:00,11.170000076293944,33.5,-0.2577296449602535,0.03464267167899865,0.00096165631972158,0.0002436102314149392,0.017177253145295564,-0.27673832598060993,0.03730173720924246,0.46049472304575295,0
2023-10-16 00:00:00+00:00,11.239999771118164,33.779998779296875,-0.28324488661620606,0.010480170271723875,0.0009286887174214887,0.00026047218849772945,-0.0034724913832112777,-0.2793774521247494,0.03677290322909447,-0.09443071061258677,0
2023-10-17 00:00:00+00:00,11.109999656677246,33.459999084472656,-0.30408470185309433,0.037712154891255636,0.0009672202012364903,0.00023098293719497356,-0.014090595079563381,-0.2885306930484325,0.03732573469544864,-0.3775034890681344,0
2023-10-18 00:00:00+00:00,11.15999984741211,33.599998474121094,-0.3018419793583167,0.05121819546224687,0.0009746108878309221,0.00022401759703307908,-0.007941933226006856,-0.2931454376942249,0.03743788571285771,-0.2121362645027593,0
2023-10-19 00:00:00+00:00,11.279999732971191,33.77000045776367,-0.23983423472892085,0.028351044753531802,0.0009621663584785438,0.0002344885287797288,0.030071089750421637,-0.2730876033813368,0.037227969319806306,0.8077553060199549,0
2023-10-20 00:00:00+00:00,11.140000343322754,33.7599983215332,-0.3764216330496879,-0.020218275842917393,0.000988238553479242,0.00023057716209242047,-0.05945190744300993,-0.31106072375742944,0.037499496287395885,-1.5854054941797329,1
2023-10-23 00:00:00+00:00,11.229999542236328,33.88999938964844,-0.33076921234194145,-0.008869934801584923,0.0010087352887946635,0.00020280375468306202,-0.011408821660172834,-0.31818089070549843,0.03769073687283779,-0.3026956384181153,1
2023-10-24 00:00:00+00:00,11.289999961853027,33.88999938964844,-0.27076879272524224,0.1038732048202207,0.0011264917278754874,0.00011907762980215876,0.030758819925274856,-0.3044467779751374,0.039219051782236475,0.7842826006111264,0
2023-10-25 00:00:00+00:00,11.239999771118164,33.810001373291016,-0.2934795593058048,0.1654499274009961,0.0011388250788862608,0.00011235610041968763,0.009049220515331226,-0.3028911471198416,0.039403649671532016,0.22965437442382458,0
2023-10-26 00:00:00+00:00,11.369999885559082,34.310001373291016,-0.33404257503285884,0.27166336132429686,0.0013373326593424865,1e-06,-0.02343173398156492,-0.30857826203581223,0.0415212545433533,-0.5643310694550259,0
2023-10-27 00:00:00+00:00,11.270000457763672,33.959999084472656,-0.3146470309346405,0.3077749993123045,0.0014189420970318926,1e-06,-0.006293142761305318,-0.3084214159789164,0.04220526715686678,-0.14910799493142,0
2023-10-30 00:00:00+00:00,11.220000267028809,33.75,-0.29301101930937534,0.27284022033159755,0.0013368182056306874,1e-06,0.012001554027403815,-0.30607862557575805,0.04086408276838149,0.2936944430009327,0
2023-10-31 00:00:00+00:00,11.229999542236328,33.790000915527344,-0.29665710682571245,0.277180512253977,0.0012978818321673564,1e-06,0.00825226375572197,-0.30530236908080627,0.040105380507754806,0.20576450469348637,0
2023-11-01 00:00:00+00:00,11.289999961853027,33.9900016784668,-0.3048821995348838,0.24397025361546287,0.0012312632807361169,1e-06,0.0007293356969205991,-0.30550397271504337,0.03897389291276984,0.018713442317732427,0
2023-11-03 00:00:00+00:00,11.56999969482422,34.72999954223633,-0.2773151704879808,0.27130036126082013,0.0013112740808061641,1e-06,0.023382540557347203,-0.3025143189305302,0.039832228562238024,0.5870256674394174,0
2023-11-06 00:00:00+00:00,11.6899995803833,35.189998626708984,-0.3142330523730159,0.2754136692467331,0.0013144911768516031,1e-06,-0.008744653202159287,-0.30430428943803656,0.03971823587877558,-0.22016721056919372,0
2023-11-07 00:00:00+00:00,11.93000030517578,35.79999923706055,-0.2823195545924104,0.27057273111699776,0.001300738707145691,1e-06,0.018094628562382458,-0.3020234257516853,0.039400554670419204,0.4592480667782929,0
2023-11-08 00:00:00+00:00,11.829999923706056,35.709999084472656,-0.3516185205801623,0.22222247617066063,0.0012262360674005564,1.4850638092324918e-06,-0.04062945057323113,-0.3072725649918829,0.038267327799379865,-1.0617268805973314,0
2023-11-09 00:00:00+00:00,11.859999656677246,35.650001525878906,-0.3011520448166003,0.16213918404041303,0.0010838069169559327,9.99035383301575e-05,0.0030488698647405162,-0.30510578688772416,0.03696384387702738,0.08248248950741173,0
2023-11-10 00:00:00+00:00,12.029999732971191,36.02999877929688,-0.26077901051905883,0.30678923614450965,0.0013322611610496644,1e-06,0.03704281184753078,-0.30060909208168385,0.04016382105371342,0.9222930208256647,0
2023-11-13 00:00:00+00:00,11.970000267028809,36.27000045776367,-0.4026493515111689,0.09875467523482778,0.001075144036882021,0.00011802687697531292,-0.07270744785964306,-0.3227264627316651,0.0372608994678914,-1.9513068363338033,1
2023-11-14 00:00:00+00:00,12.140000343322754,36.38999938964844,-0.2735840620953809,0.05722418755080781,0.0011433199295958697,4.786413263481101e-05,0.03531568353231272,-0.3123915072779589,0.0380837787346124,0.9273156368860033,0
2023-11-16 00:00:00+00:00,12.050000190734863,36.2400016784668,-0.312416056408928,0.16769556675387548,0.0013331754814920205,1e-06,0.0011313558461761306,-0.3131796540002472,0.04031705586621052,0.02806146981392838,0
2023-11-17 00:00:00+00:00,12.0,36.20000076293945,-0.34877088441993465,0.19151844329202405,0.0013781913972791937,1e-06,-0.02933544067535863,-0.3172437401045655,0.04067315532057881,-0.7212482150485188,0
2023-11-20 00:00:00+00:00,12.010000228881836,36.27000045776367,-0.36264938965814153,0.11842825407618603,0.0011904553371854226,7.982007666450935e-06,-0.0370850004330675,-0.32269510483518443,0.038024039398012806,-0.9753040713240376,0
2023-11-21 00:00:00+00:00,12.020000457763672,36.25,-0.3458264794143773,0.1234125576787365,0.0012195926842144779,1e-06,-0.01975250893707954,-0.32481127973860896,0.038210985308396166,-0.5169327296236794,0
2023-11-22 00:00:00+00:00,12.15999984741211,36.560001373291016,-0.3115766989357116,0.21519141980499482,0.0013672621397331944,1e-06,0.010614330189648944,-0.32329684431225003,0.04003568064025432,0.26512176188598746,0
2023-11-23 00:00:00+00:00,12.140000343322754,36.83000183105469,-0.42368044947098227,0.21239749840406005,0.0014044703534771578,1e-06,-0.08584449717778603,-0.3314663523663854,0.04040268698426523,-2.124722477275287,1
2023-11-24 00:00:00+00:00,12.149999618530272,36.650001525878906,-0.35227834329952046,0.048632757228370016,0.00110557937814483,1e-06,-0.01778853984963702,-0.3332513051613528,0.03622494945169206,-0.4910576859012324,1
2023-11-27 00:00:00+00:00,12.18000030517578,36.720001220703125,-0.34615639077405547,0.14277642570086416,0.0012864406724578665,1e-06,-0.011384975441229768,-0.33407649174302356,0.03861256436499698,-0.29485157560657804,1
2023-11-28 00:00:00+00:00,12.140000343322754,36.52000045776367,-0.31793084030121044,0.09827685458572681,0.0011780022825306552,1e-06,0.013447437837599304,-0.332625109175626,0.037044525376725534,0.36300742689628596,0
2023-11-29 00:00:00+00:00,12.109999656677246,36.400001525878906,-0.30699674006855915,0.11108147093677151,0.0011992682311834952,1e-06,0.022049077271361503,-0.3307739459672627,0.03725427834687717,0.5918535601753178,0
2023-11-30 00:00:00+00:00,12.119999885559082,36.459999084472656,-0.31746325397909736,0.13044824419029402,0.0012033516214577714,1e-06,0.011821504276328595,-0.3300345266744515,0.03724404120964369,0.3174065942464811,0
2023-12-01 00:00:00+00:00,12.079999923706056,36.4900016784668,-0.3676978885217217,0.07325234290366547,0.001127052964821813,1e-06,-0.03185554630762411,-0.332923014806662,0.03609972131010622,-0.8824319177972729,0
2023-12-04 00:00:00+00:00,12.119999885559082,36.41999816894531,-0.30381789125523895,0.0882186272263592,0.001195839174344961,1e-06,0.0246752091524815,-0.33080442783082964,0.03699924038427148,0.666911236452601,0
2023-12-05 00:00:00+00:00,12.0,36.540000915527344,-0.46475386498589266,-0.05614458530783427,0.0010518650745176231,1.6291155917850337e-05,-0.11156547067012193,-0.34276744772702555,0.035007280796928074,-3.1869219239647975,1
2023-12-06 00:00:00+00:00,12.050000190734863,36.310001373291016,-0.3362947905289708,-0.09359188017038096,0.0010821862141239303,1e-06,0.007110235658090895,-0.3431000044746115,0.035343489269436416,0.2011752604245425,0
2023-12-07 00:00:00+00:00,12.0,35.970001220703125,-0.2703120006978761,0.18023011661473234,0.0016720976315670408,1e-06,0.06589182289558634,-0.3400900311384742,0.042981425192691956,1.5330302008410321,-1
2023-12-08 00:00:00+00:00,11.989999771118164,36.09999847412109,-0.32465770649212544,0.10736258591737001,0.0014517548292245937,1e-06,0.014501570906615979,-0.33967339694328946,0.040270995048663084,0.36009964216410395,-1
2023-12-11 00:00:00+00:00,11.970000267028809,35.810001373291016,-0.24573158406705176,0.07398942320649224,0.001396776880243763,1e-06,0.08324762381145852,-0.3348838136453113,0.03953529860702721,2.105653093427291,-1
2023-12-12 00:00:00+00:00,11.9399995803833,35.88999938964844,-0.30302169486686203,0.06400622769305894,0.0013927487202687807,1e-06,0.028832653485289614,-0.33354719005065214,0.039449361471216325,0.7308775708911526,-1
2023-12-13 00:00:00+00:00,12.15999984741211,36.75,-0.37639021993391175,0.16980572386550827,0.0016762989980251667,1e-06,-0.038469870917644616,-0.3353209339104732,0.042916731691046504,-0.8963839836310366,0
2023-12-14 00:00:00+00:00,12.279999732971191,36.95000076293945,-0.3246158467007021,0.14515288664246315,0.0016117437056398759,1e-06,0.00915627120872766,-0.33469086618082394,0.042132382416689845,0.2173214682752096,0
2023-12-15 00:00:00+00:00,12.300000190734863,37.209999084472656,-0.39330764405527496,0.1129651616147928,0.0015391588265867041,1e-06,-0.05267687407223655,-0.33712712250956023,0.041231629322551554,-1.27758410079189,1
2023-12-18 00:00:00+00:00,12.239999771118164,37.0,-0.38167186131184394,0.13880488281648876,0.0015975742525153331,1e-06,-0.041024827619944026,-0.33852783787561574,0.041926152139384706,-0.9785020930028542,1
2023-12-19 00:00:00+00:00,12.43000030517578,37.43000030517578,-0.33835572330215946,0.16485209949617582,0.0016771242222898646,1e-06,-0.0004444481094002684,-0.33828963526912936,0.042861176903690394,-0.010369479830172395,1
2023-12-20 00:00:00+00:00,12.43000030517578,37.31999969482422,-0.30083162645825823,0.15735651716356688,0.0016411902417008259,1e-06,0.03406505794472358,-0.3369853235831187,0.04242386713710475,0.80296918323435,0
2023-12-21 00:00:00+00:00,12.390000343322754,37.34999847412109,-0.3510649597074682,0.15017956863855805,0.0016490043856128922,1e-06,-0.0123567256981406,-0.3376444037809551,0.04250387122847825,-0.29072000598998154,0
2023-12-22 00:00:00+00:00,12.550000190734863,37.619998931884766,-0.2831693587412758,0.11137804518925103,0.0015320964470745594,1e-06,0.04906998706382415,-0.33554374568271056,0.0410761543752335,1.194610055643633,0
2023-12-26 00:00:00+00:00,12.5,37.70000076293945,-0.36046027492385413,0.055309531963744316,0.00145230088821763,1e-06,-0.022076710210739824,-0.33667290199859395,0.04006035141253008,-0.551086284376294,0
2023-12-27 00:00:00+00:00,12.56999969482422,37.7599983215332,-0.310927322892006,0.04431377040689492,0.0014366842958628413,1e-06,0.02298662252274247,-0.3355849059425084,0.039843864520150485,0.5769174953176869,0
2023-12-28 00:00:00+00:00,12.800000190734863,38.380001068115234,-0.2924260453209069,0.07104168565548052,0.001503029624218438,1e-06,0.03911215026174005,-0.33403772969601697,0.04066321403081099,0.9618558491737599,0
2024-01-02 00:00:00+00:00,12.720000267028809,38.130001068115234,-0.2871444039429747,0.07654637502544699,0.001498569953601088,1e-06,0.04264098188321728,-0.3324376443170204,0.04059529259500658,1.0503922784500963,0
2024-01-03 00:00:00+00:00,12.800000190734863,38.369998931884766,-0.28901405399323643,0.07318613973946486,0.0014880132826686112,1e-06,0.039515296660926395,-0.3309810075084161,0.04045112666255737,0.9768651684429547,0
2024-01-04 00:00:00+00:00,12.350000381469728,37.400001525878906,-0.4081222756120244,0.05401178566146732,0.0015018157894826551,1e-06,-0.06951948623544126,-0.3338230568127139,0.040608825462832815,-1.7119304841522416,1
2024-01-05 00:00:00+00:00,12.489999771118164,37.59999847412109,-0.3363470969960449,0.04869670084821241,0.0015171071159010986,1e-06,-0.002605722230654355,-0.3337928472843168,0.04078625156876814,-0.06388726912697398,1
2024-01-08 00:00:00+00:00,12.380000114440918,37.400001525878906,-0.3781225426408348,0.016880620653578867,0.0014397616382324072,1e-06,-0.039911475240767644,-0.3354402979118275,0.03980269905947689,-1.002732884549568,1
2024-01-09 00:00:00+00:00,12.520000457763672,37.84000015258789,-0.3882172854002679,0.03775985790632856,0.0014903305315060904,1e-06,-0.04788142249201739,-0.33722031027793575,0.0404291528265749,-1.1843291076963642,1
2024-01-10 00:00:00+00:00,12.510000228881836,37.720001220703125,-0.3572827274039465,0.04377815606450778,0.00148616441640893,1e-06,-0.018354971917784395,-0.3378322134679064,0.04036779615936372,-0.4546934354633272,1
2024-01-11 00:00:00+00:00,12.369999885559082,37.45000076293945,-0.4051788242807852,0.0045135151492111825,0.0014169091219438411,1e-06,-0.06063342392500451,-0.3402712618468917,0.03947831574410889,-1.5358665328586736,1
2024-01-12 00:00:00+00:00,12.449999809265137,37.58000183105469,-0.3695256787805583,0.011005457270762754,0.0014393850096858394,1e-06,-0.026463534195602878,-0.34126928784855143,0.03975452755702702,-0.665673467195441,1
2024-01-15 00:00:00+00:00,12.529999732971191,37.84999847412109,-0.38162870022700446,0.024919516383240223,0.0014553341307956813,1e-06,-0.036557102877404726,-0.34260297297754355,0.03994838567811352,-0.9151083894094181,1
2024-01-16 00:00:00+00:00,12.399999618530272,37.650001525878906,-0.4434046036354662,0.058114596374667475,0.0015291961427243328,1e-06,-0.09189041575673251,-0.345634677221453,0.04086545376146187,-2.248608722005424,1
2024-01-17 00:00:00+00:00,12.420000076293944,37.630001068115234,-0.416581464509866,0.09941029330550692,0.0015896312292728693,1e-06,-0.0656406239388486,-0.34737821267925295,0.04160213820310775,-1.5778185154421975,1
2024-01-18 00:00:00+00:00,12.31999969482422,37.220001220703125,-0.37672013129358817,0.16711799346757936,0.001732421927441432,1e-06,-0.027917785933059533,-0.3478215882793375,0.04329754983914038,-0.6447890478047846,1
2024-01-19 00:00:00+00:00,12.329999923706056,37.34999847412109,-0.41106537932416565,0.13980657360438356,0.0016614054687361804,1e-06,-0.05842614472341296,-0.34934915301968233,0.04246101956278585,-1.3759948612873028,1
2024-01-22 00:00:00+00:00,12.170000076293944,36.91999816894531,-0.4243808306883512,0.1651891609891086,0.0017415249205153195,1e-06,-0.06999414167985826,-0.35091309399918535,0.04340018944657925,-1.6127612015614166,1
2024-01-23 00:00:00+00:00,12.1899995803833,37.09999847412109,-0.46578415756293445,0.14604556571421268,0.0016707262726414539,1e-06,-0.10644765141647038,-0.35356237302612453,0.042569149373408124,-2.500582064319226,1
2024-01-24 00:00:00+00:00,12.18000030517578,36.91999816894531,-0.41438060180651526,0.11727115859884345,0.0016209812386658317,1e-06,-0.056785896849948884,-0.35485511317507146,0.04197248150283613,-1.3529316070128423,1
2024-01-25 00:00:00+00:00,12.199999809265137,36.790000915527344,-0.3500356208047428,0.20067082262174762,0.0018390224133293504,1e-06,0.0036480479806734745,-0.3545035372768714,0.044513198104354106,0.08195429975894356,0
2024-01-26 00:00:00+00:00,12.220000267028809,36.900001525878906,-0.3675592598849704,0.14922270806072213,0.0016684466856463974,1e-06,-0.01196304362238359,-0.35484466453237784,0.042538932279560945,-0.2812257614686671,0
2024-01-29 00:00:00+00:00,12.119999885559082,36.77000045776367,-0.4232128631488674,0.17424313806464828,0.0017524363272043515,1e-06,-0.06332075997101286,-0.35638919775979705,0.04352149457611576,-1.4549307322217462,1
2024-01-30 00:00:00+00:00,12.079999923706056,36.43000030517578,-0.34722984443593496,0.13910551398124446,0.00170776003556706,1e-06,0.007743140101122713,-0.35594451426509893,0.04299883174317516,0.18007791810184973,0
2024-01-31 00:00:00+00:00,12.1899995803833,36.43000030517578,-0.23723018775869065,0.2894000676874053,0.0022670656589792266,1e-06,0.11201048250134465,-0.35408765382260776,0.04910805877945537,2.28089819237988,-1
2024-02-01 00:00:00+00:00,12.199999809265137,37.02000045776367,-0.4284945045267996,0.17334115197549246,0.0021567377533032706,1e-06,-0.0685169818584062,-0.3558921055996601,0.04796428968187988,-1.4284998759043603,0
2024-02-02 00:00:00+00:00,12.09000015258789,36.52999877929688,-0.37134172107033336,0.2715042834660706,0.0025591246143113304,1e-06,-0.015612709813470226,-0.35584598317181365,0.0520091209329513,-0.3001917650866988,0
2024-02-05 00:00:00+00:00,12.029999732971191,36.290000915527344,-0.3494725669307144,0.2978876221501858,0.0026253918095747605,1e-06,0.005821414350408794,-0.35569320683645983,0.05264910205381405,0.11057005957021966,0
2024-02-06 00:00:00+00:00,12.130000114440918,36.630001068115234,-0.36545516602694583,0.25340219044460305,0.002421109949097154,1e-06,-0.009143214925531825,-0.3558727139765245,0.05066835819414182,-0.18045216485007298,0
2024-02-07 00:00:00+00:00,12.130000114440918,36.810001373291016,-0.4268579969908899,0.27624480943608665,0.002538123383794295,1e-06,-0.06740235117119964,-0.3568964136761436,0.051817685534932184,-1.300759585754969,1
2024-02-08 00:00:00+00:00,12.0,36.060001373291016,-0.3010134161798472,0.21228971921757228,0.0024099315822759407,1e-06,0.051928795113490696,-0.35569582904950753,0.050562042171568004,1.0270312052920054,0
2024-02-09 00:00:00+00:00,11.9399995803833,36.08000183105469,-0.36783651715847476,0.2237699847468331,0.00249593498061263,1e-06,-0.01084889815375241,-0.3560858250009268,0.05141088941684578,-0.21102335082725793,0
2024-02-14 00:00:00+00:00,11.869999885559082,35.70000076293945,-0.30820786869287886,0.17650249431120957,0.002298712618542817,1e-06,0.044899685504956724,-0.35514827862103276,0.049449023422867895,0.9079994385529703,0
2024-02-15 00:00:00+00:00,11.899999618530272,35.900001525878906,-0.3464336480475616,0.16515114307155998,0.0022635807167011037,1e-06,0.008635394632753694,-0.355123058122026,0.04909168099579424,0.17590342106014872,0
2024-02-16 00:00:00+00:00,11.829999923706056,35.650001525878906,-0.3311517777877899,0.16509342656294787,0.0022641385319403275,1e-06,0.022595983692095516,-0.3546847259165782,0.049098228138616494,0.4602199417115714,0
2024-02-19 00:00:00+00:00,11.670000076293944,35.400001525878906,-0.405870060115916,0.14214918706450547,0.0022004501794759064,1e-06,-0.0477491790003252,-0.355800174418139,0.04844211991635244,-0.9856954873728943,0
2024-02-20 00:00:00+00:00,11.720000267028809,35.43000030517578,-0.3661032407772371,0.1377563547636323,0.0021946144651034216,1e-06,-0.010066780170434185,-0.3558771556153693,0.048381431090731536,-0.20807115340502372,0
2024-02-21 00:00:00+00:00,11.529999732971191,34.900001525878906,-0.37530727327069435,0.1378757576099288,0.0021995984287954532,1e-06,-0.018288208683990947,-0.3562491707193311,0.04843313562973193,-0.3775970406666022,0
2024-02-22 00:00:00+00:00,11.65999984741211,35.310001373291016,-0.385168873515779,0.13989319797011027,0.0022017847392832874,1e-06,-0.027253890675104236,-0.3567910815371786,0.048455958525887945,-0.5624466320389401,0
2024-02-23 00:00:00+00:00,11.640000343322754,35.20000076293945,-0.36764428076123323,0.1374120864744484,0.0021958009802437338,1e-06,-0.010402488631183156,-0.3569379844868121,0.04839384570096827,-0.2149547836198317,0
2024-02-26 00:00:00+00:00,11.5600004196167,35.060001373291016,-0.3998867362272023,0.1331407267882419,0.0021868120947873323,1e-06,-0.04029942785670649,-0.35780421600219786,0.04830022908001701,-0.8343527271877754,0
2024-02-27 00:00:00+00:00,11.649999618530272,35.349998474121094,-0.40881316382806077,0.14123635964956832,0.002209299965407798,1e-06,-0.048155675340301914,-0.3587315146230872,0.04853380838906332,-0.9922088733336117,0
2024-02-28 00:00:00+00:00,11.539999961853027,35.02000045776367,-0.4062418312670175,0.1295963527731378,0.002164614234837397,1e-06,-0.044851410112248045,-0.3596031104635767,0.04806872818922726,-0.9330683752581528,0
2024-02-29 00:00:00+00:00,11.68000030517578,35.400001525878906,-0.39586983123408004,0.13619753967287118,0.002167896274092537,1e-06,-0.03433082867813471,-0.3602345118991173,0.04810315225559418,-0.713691869832547,0
2024-03-01 00:00:00+00:00,11.5600004196167,35.0,-0.3794186921414173,0.13684718221625247,0.0021636403667866367,1e-06,-0.018252859603431124,-0.3605380635489111,0.04805863467813,-0.3798039566808051,0
2024-03-04 00:00:00+00:00,11.479999542236328,34.790000915527344,-0.3877833671616582,0.1279800972203072,0.002132125304000054,1e-06,-0.025617143072329096,-0.3610720866361317,0.047727510259587144,-0.5367374692917973,0
2024-03-05 00:00:00+00:00,11.539999961853027,34.790000915527344,-0.32778294754495896,0.121745297121987,0.0021293387413097117,1e-06,0.030902216994797442,-0.3602860547123861,0.04769731484051914,0.6478816909950208,0
2024-03-06 00:00:00+00:00,11.470000267028809,34.630001068115234,-0.34320249276716375,0.1280710228126742,0.002148083640411837,1e-06,0.016232064146726788,-0.3600071145934276,0.047894114004518845,0.33891563679819364,0
2024-03-07 00:00:00+00:00,11.800000190734863,35.400001525878906,-0.27586994567499623,0.09768407150121951,0.002040326641829252,1e-06,0.07846467382772815,-0.35810946716003234,0.046748001472117745,1.678460497921551,-1
2024-03-08 00:00:00+00:00,11.710000038146973,35.380001068115234,-0.35904741690095854,0.06874379463236688,0.0020074092608757784,1e-06,-0.0004926084581195382,-0.3582611445383757,0.04638924964803128,-0.010619021903934678,0
2024-03-11 00:00:00+00:00,11.609999656677246,35.349998474121094,-0.44881312568108633,0.1698905872828932,0.0023640756476741723,1e-06,-0.08527278816444286,-0.3599298402248873,0.050105141367137375,-1.7018770097787013,1
2024-03-12 00:00:00+00:00,11.649999618530272,35.380001068115234,-0.41904783651765953,0.1347129594267882,0.002187617961505863,1e-06,-0.05609248399581199,-0.36091227463854775,0.048304668056849354,-1.1612228435106358,1
2024-03-13 00:00:00+00:00,11.649999618530272,35.43000030517578,-0.43610388927577404,0.11846068486820524,0.0021222768020714836,1e-06,-0.07068751456232346,-0.36239285544401223,0.04761959621780171,-1.4844207044304638,1
2024-03-14 00:00:00+00:00,11.699999809265137,35.41999816894531,-0.38269170721323853,0.10111275644062534,0.0020549370188050744,1e-06,-0.019403586156629148,-0.36269060075365056,0.046902211833308394,-0.4137030088386869,1
2024-03-15 00:00:00+00:00,11.699999809265137,35.33000183105469,-0.35199159302467997,0.12635821477336706,0.00212597182343595,1e-06,0.009839227446597234,-0.3624101067951667,0.04765731941500788,0.20645784461596764,0
2024-03-18 00:00:00+00:00,11.699999809265137,35.29999923706055,-0.3417569203350812,0.10947312435070294,0.0020501648320476146,1e-06,0.019322400111191504,-0.3619709705786951,0.04685016333957947,0.41242972775012193,0
2024-03-19 00:00:00+00:00,11.81999969482422,35.709999084472656,-0.36161874946199823,0.10120557337417026,0.0020092007514497497,1e-06,0.00046351625316916876,-0.3620078680652009,0.04640722731317848,0.009988018677374028,0
2024-03-20 00:00:00+00:00,11.949999809265137,35.95000076293945,-0.31348951007081105,0.09989875270526236,0.00200581096510625,1e-06,0.045149539573521386,-0.3608918230130696,0.04636907083380525,0.9736994673743867,0
2024-03-21 00:00:00+00:00,11.93000030517578,36.06999969482422,-0.3744238010383256,0.05906848796989439,0.00189829434599946,1e-06,-0.012333199724323791,-0.36129936073992885,0.04518422914760807,-0.27295363796145844,0
2024-03-22 00:00:00+00:00,11.93000030517578,36.0099983215332,-0.35395575695254067,0.07410694730609171,0.0019677153669668437,1e-06,0.006756156341954101,-0.3611023017244339,0.04594830521640077,0.1470382054383708,0
2024-03-25 00:00:00+00:00,11.880000114440918,35.81999969482422,-0.33914242668920025,0.07832729545684632,0.0019031037817363703,1e-06,0.020391160722190677,-0.3605789446134467,0.04523439994925747,0.4507887966915631,0
2024-03-26 00:00:00+00:00,11.880000114440918,35.91999816894531,-0.37325453220543103,0.07239368503891914,0.0018759768073569885,1e-06,-0.011625257767274872,-0.3609298143302878,0.044929289672234723,-0.2587456390270736,0
2024-03-27 00:00:00+00:00,11.949999809265137,36.04999923706055,-0.34760161558704006,0.06035375685254993,0.0018525191755377965,1e-06,0.01227245028659431,-0.3605753613540402,0.04466269461829378,0.27478078498128794,0
2024-03-28 00:00:00+00:00,12.0,36.310001373291016,-0.3862949812638341,0.04947567414883784,0.0018162272831019472,1e-06,-0.023698804186573198,-0.3612563495129285,0.04424859971777583,-0.535583144726109,0
2024-04-01 00:00:00+00:00,12.06999969482422,36.34000015258789,-0.32652865783579976,0.038048838491747804,0.0017981055719376517,1e-06,0.03196345946661031,-0.3603215869775328,0.04403813185975344,0.7258132467653969,0
2024-04-02 00:00:00+00:00,11.989999771118164,36.150001525878906,-0.3417150605436543,0.03890342098740188,0.0018006453752849917,1e-06,0.01726421665845074,-0.35986983593927024,0.04406388852492674,0.391799662634959,0
2024-04-03 00:00:00+00:00,12.029999732971191,36.41999816894531,-0.3938180438431296,0.062323565737942496,0.0018879276811250747,1e-06,-0.03137864835193971,-0.3607180664467672,0.04504763500551692,-0.6965659428757316,0
2024-04-04 00:00:00+00:00,11.989999771118164,36.369998931884766,-0.4167619529380424,0.08247902636919249,0.0018922741084759448,1e-06,-0.05215790740931063,-0.36198021936535374,0.0450957626558023,-1.1566032890365072,0
2024-04-05 00:00:00+00:00,12.010000228881836,36.209999084472656,-0.3421813455723566,0.08000820542205868,0.0019138969473945417,1e-06,0.01807469127698807,-0.36142028497800094,0.04533464025440644,0.3986949311951635,0
2024-04-08 00:00:00+00:00,11.979999542236328,36.20000076293945,-0.3687713421836065,0.09277203758988077,0.0019590535555366745,1e-06,-0.006718503294714006,-0.361623578952691,0.04583218891955687,-0.146589186619607,0
2024-04-09 00:00:00+00:00,12.100000381469728,36.560001373291016,-0.37157616487809264,0.09513875406167505,0.001963168090812633,1e-06,-0.009302037417029032,-0.361832107316019,0.045876815596919855,-0.2027611833122429,0
2024-04-10 00:00:00+00:00,12.029999732971191,36.400001525878906,-0.38699666377461384,0.0965776863147308,0.0019583328812049546,1e-06,-0.02346693167041732,-0.3623753115569827,0.04582339369712723,-0.5121168420113876,0
2024-04-11 00:00:00+00:00,12.109999656677246,36.59999847412109,-0.37522095110101716,0.09692829554250552,0.0019561246097300157,1e-06,-0.012105633238081632,-0.3626118747877027,0.04579868770637007,-0.2643227097617882,0
2024-04-12 00:00:00+00:00,11.90999984741211,35.689998626708984,-0.26479591551218107,0.1013026486166837,0.0020273682601198773,1e-06,0.09112092880314614,-0.3604796438457641,0.04657341466348598,1.956500923574879,-1
2024-04-15 00:00:00+00:00,11.880000114440918,35.81999969482422,-0.33914242668920025,0.0885781864669335,0.0020264936513901422,1e-06,0.020436788840156143,-0.36019036514800723,0.04656308229603843,0.43890541245150555,-1
2024-04-16 00:00:00+00:00,11.890000343322754,35.79999923706055,-0.322319516445436,0.0919941130538614,0.00200879029214563,1e-06,0.035410780453311086,-0.35940220568559045,0.04637162850694324,0.7636302970901488,-1
2024-04-17 00:00:00+00:00,11.859999656677246,35.70000076293945,-0.3182080975747148,0.1300778970101389,0.001994034550831245,1e-06,0.03870505106602365,-0.35862654266881905,0.04621379319918051,0.8375216225858299,-1
2024-04-18 00:00:00+00:00,11.81999969482422,35.61000061035156,-0.3275066439457692,0.09096619922597174,0.0018640297825953818,1e-06,0.029096785772673266,-0.357977894813864,0.044775474038149785,0.6498375817949376,-1
2024-04-19 00:00:00+00:00,11.850000381469728,35.709999084472656,-0.3316180628164904,0.043248471013547486,0.0017107827987029264,1e-06,0.02434169828115451,-0.3573104803779562,0.04301469682352781,0.5658925920370617,-1
2024-04-22 00:00:00+00:00,11.869999885559082,35.79999923706055,-0.34231997420910787,0.054683445847884184,0.0017526270504836649,1e-06,0.013921781593141207,-0.35696104089639036,0.04349921875084964,0.3200467041231467,-1
2024-04-23 00:00:00+00:00,11.75,35.47999954223633,-0.3531595605641602,0.0384599431007818,0.0016986192252906574,1e-06,0.003537674257511258,-0.3568741492128655,0.0428662123936742,0.08252826783532934,-1
2024-04-24 00:00:00+00:00,11.720000267028809,35.36000061035156,-0.3422245066571943,0.0415557858870411,0.0017087657475824188,1e-06,0.013487711642687875,-0.35649372275238106,0.042982373437191496,0.3137963440384918,-1
2024-04-25 00:00:00+00:00,11.65999984741211,35.04999923706055,-0.29647531710412167,0.039481115857494975,0.0017095112266649255,1e-06,0.055259616480066574,-0.3549393172090152,0.042988189433027714,1.2854604301527237,-1
2024-04-26 00:00:00+00:00,11.699999809265137,35.25,-0.3247008675769667,0.03874832697220714,0.0017141353140927421,1e-06,0.02799944151765106,-0.3542102409241276,0.04303957366992563,0.6505510889206594,-1
2024-04-29 00:00:00+00:00,11.65999984741211,35.20000076293945,-0.34764477667187776,0.05093060726090015,0.001749316837282675,1e-06,0.00616544551755721,-0.3540814613137021,0.043447339831495256,0.14190616828254785,-1
2024-04-30 00:00:00+00:00,11.710000038146973,35.220001220703125,-0.3044672672989428,0.04845591761563992,0.0017508003403193411,1e-06,0.04578067882398261,-0.35284856356550587,0.04346245720619693,1.0533384849086522,-1
2024-05-02 00:00:00+00:00,12.050000190734863,36.220001220703125,-0.3055933750469997,0.0615759062737373,0.0017764321490753672,1e-06,0.04386297515097794,-0.3517698264975908,0.04375725102576634,1.0024161509860239,-1
2024-05-03 00:00:00+00:00,12.170000076293944,36.54999923706055,-0.298164478726207,0.05931162670194726,0.0017591658567874691,1e-06,0.04967720253327769,-0.35052110617442556,0.04355687384747818,1.1405134975303985,-1
2024-05-06 00:00:00+00:00,11.84000015258789,35.560001373291016,-0.2904501334239846,0.08197450209222402,0.0017997649532066958,1e-06,0.05587805667497524,-0.3492111855792363,0.044023411530423995,1.2692804744666064,-1
2024-05-07 00:00:00+00:00,11.789999961853027,35.34000015258789,-0.2654021304710472,0.08800696518358538,0.0017994372523877178,1e-06,0.077913518414504,-0.34737892236888596,0.04401950697038424,1.7699770800914063,-1
2024-05-08 00:00:00+00:00,11.779999732971191,35.650001525878906,-0.381151968522655,0.03517905231330123,0.0017234621375387161,1e-06,-0.030892816990234478,-0.34830599954416164,0.04313821098668605,-0.7161357943139801,0
2024-05-09 00:00:00+00:00,11.600000381469728,34.810001373291016,-0.2746052092901863,0.011439780866118762,0.001611585905492551,2.072372852614116e-05,0.06670497567224913,-0.3454724960538525,0.04200359335306722,1.588077836854359,-1
2024-05-10 00:00:00+00:00,11.529999732971191,34.619998931884766,-0.2797910354971105,0.12441569480052979,0.0017908765991829097,1e-06,0.06098246605916627,-0.34372411082217025,0.044100163408510695,1.3828172357156738,-1
2024-05-13 00:00:00+00:00,11.550000190734863,35.0,-0.38941892102325326,0.12556029032447594,0.0018805860832128683,1e-06,-0.0415396283265271,-0.34525576933769814,0.045104706272943995,-0.9209599564878355,0
2024-05-14 00:00:00+00:00,11.550000190734863,35.0,-0.38941892102325326,0.13986750663162645,0.0018867261477869541,1e-06,-0.04121070590074789,-0.3463263172286328,0.04516809164343058,-0.9123853676634518,0
2024-05-15 00:00:00+00:00,11.539999961853027,35.0099983215332,-0.40282983993934707,0.10470248969824784,0.0017684059211238888,1e-06,-0.052199659774481315,-0.3479151417594287,0.04382069086331344,-1.1912103334313866,0
2024-05-16 00:00:00+00:00,11.630000114440918,35.0,-0.3094189973171986,0.09866591342417282,0.0018004549191896091,1e-06,0.034962618313300886,-0.34661507094638266,0.04417900870435402,0.7913853057969402,0
2024-05-17 00:00:00+00:00,11.59000015258789,34.849998474121094,-0.29824949960246805,0.13306507860848682,0.0018734717381650129,1e-06,0.04500680348872235,-0.34541632637138714,0.04499920274623387,1.0001689083811407,0
2024-05-20 00:00:00+00:00,11.670000076293944,35.400001525878906,-0.405870060115916,0.16861609042967612,0.001984011258261078,1e-06,-0.05557190519819181,-0.34710554878598626,0.04621604570688423,-1.2024374727047225,0
2024-05-21 00:00:00+00:00,11.84000015258789,35.75,-0.35526365442218477,0.18309769296124317,0.0020036188890274003,1e-06,-0.008300490952562092,-0.3470569921462779,0.04642709578169029,-0.17878548750050402,0
2024-05-22 00:00:00+00:00,11.699999809265137,35.459999084472656,-0.39633706993709517,0.11332271997425199,0.001785607457721521,1e-06,-0.045394841090790804,-0.3484460371364397,0.043993414994605434,-1.0318553605433272,0
2024-05-23 00:00:00+00:00,11.5600004196167,34.970001220703125,-0.36918532074523114,0.13623660162954696,0.0018758271547045346,1e-06,-0.01963329206865514,-0.3488331179233248,0.04500956577620394,-0.43620265448184004,0
2024-05-24 00:00:00+00:00,11.739999771118164,35.29999923706055,-0.30175695848205386,0.16408817430974318,0.0019941333443946854,1e-06,0.04350839999450179,-0.3476151151679157,0.0463104237985824,0.9394947492541327,0
2024-05-27 00:00:00+00:00,11.739999771118164,35.06999969482422,-0.2232980747599953,0.19065682808909834,0.002049284130901142,1e-06,0.11638142863912308,-0.3449680735175553,0.046904773788620485,2.4812277991916947,-1
2024-05-28 00:00:00+00:00,11.56999969482422,34.880001068115234,-0.3284846300557369,0.1407041742822301,0.001962068076252143,1e-06,0.01647561546226691,-0.3449653689405935,0.045955390969260046,0.35851322586478684,-1
2024-05-29 00:00:00+00:00,11.489999771118164,34.560001373291016,-0.2993242545577637,0.18894640099022728,0.002091781494424269,1e-06,0.04279231447656749,-0.3440184245921051,0.04735315905002154,0.9036844707945209,-1
2024-05-31 00:00:00+00:00,11.399999618530272,34.279998779296875,-0.29380816937207044,0.30527796289375675,0.00233546814962766,1e-06,0.04806413942393639,-0.34337317627116903,0.04987657143073357,0.9636616560680358,-1
2024-06-03 00:00:00+00:00,11.270000457763672,34.15999984741211,-0.3828725432605129,0.3974599405858079,0.0026613324486695388,1e-06,-0.036617922286666785,-0.344161662472891,0.05305922972501778,-0.6901329415530733,0
2024-06-04 00:00:00+00:00,11.380000114440918,34.34000015258789,-0.33427571754721086,0.12469985415153272,0.0016478821108529109,8.769421746200839e-05,0.008040074931498341,-0.34308309741363663,0.043186369393011736,0.1861715871119131,0
2024-06-05 00:00:00+00:00,11.279999732971191,33.95000076293945,-0.3012370656928631,0.24659771766939206,0.0020505212340770655,1e-06,0.03817025096303687,-0.34118848054125367,0.0476435475287792,0.8011630733412544,0
2024-06-06 00:00:00+00:00,11.3100004196167,34.0,-0.2882924318054698,0.2883162620723361,0.002139426678908092,1e-06,0.049330582332571926,-0.3394303219698509,0.04854889950083328,1.0161009382246704,0
2024-06-07 00:00:00+00:00,11.210000038146973,33.689998626708984,-0.2825432041054263,0.29983450482200197,0.002144490689859636,1e-06,0.053376133726014394,-0.3377340433424483,0.04857603769310951,1.098816129533467,0
2024-06-10 00:00:00+00:00,11.130000114440918,33.529998779296875,-0.3079629782094653,0.19976844491943177,0.0017772516624998986,1e-06,0.027788852416933005,-0.3367242516711836,0.04454903407292695,0.6237812557606196,0
2024-06-11 00:00:00+00:00,11.15999984741211,33.790000915527344,-0.3666568016499312,0.24903412367356664,0.0019360296452894095,1e-06,-0.026538783846827826,-0.3383749622331732,0.04628307064436387,-0.5734015370490461,0
2024-06-12 00:00:00+00:00,11.100000381469728,33.41999816894531,-0.30043861433675545,0.2778419969299369,0.0020557065471656973,1e-06,0.03409847019863564,-0.336570446815128,0.04754472002183047,0.7171873171822046,0
2024-06-13 00:00:00+00:00,11.09000015258789,33.349998474121094,-0.28656010909854857,0.3002068930001122,0.002136834055042878,1e-06,0.04683186315472956,-0.33511711579263487,0.048377237744651275,0.9680557497292706,0
2024-06-14 00:00:00+00:00,11.079999923706056,33.349998474121094,-0.2965603379803827,0.2697841572086702,0.0019957679229746558,1e-06,0.03633035976959392,-0.3340871587659535,0.046861007233521275,0.7752791054735498,0
2024-06-17 00:00:00+00:00,11.020000457763672,33.22999954223633,-0.31562501704461,0.25900777153116505,0.0019748707447877854,1e-06,0.017679238589310607,-0.33372613617410263,0.04661082660391755,0.37929468060162447,0
2024-06-18 00:00:00+00:00,11.010000228881836,33.290000915527344,-0.3460932900122309,0.2770247818410196,0.002012350004491572,1e-06,-0.010926736993970397,-0.3343745690362146,0.046994800554010514,-0.23250948754240247,0
2024-06-19 00:00:00+00:00,11.029999732971191,33.36000061035156,-0.34997252004291823,0.31278975052689456,0.0020953021487965587,1e-06,-0.014645638335518458,-0.3347875487377095,0.04786185302331188,-0.30599814696654276,0
2024-06-20 00:00:00+00:00,11.09000015258789,33.4900016784668,-0.33431887863204857,0.36322421145507355,0.0022450167739032525,1e-06,5.888425710894214e-05,-0.33461859724743276,0.049402780595525775,0.001191921920165665,0
2024-06-21 00:00:00+00:00,11.1899995803833,33.599998474121094,-0.2718422463871253,0.3881078216582984,0.0023558303539625187,1e-06,0.058610798632187544,-0.3329509981437963,0.050511160184464936,1.1603534430439337,0
2024-06-24 00:00:00+00:00,11.239999771118164,33.84000015258789,-0.303712930701991,0.34054690556040773,0.0021540164373168333,1e-06,0.028551927363560006,-0.332666007444162,0.04844801268928526,0.5893312393776379,0
2024-06-25 00:00:00+00:00,11.270000457763672,33.86000061035156,-0.2805349254184115,0.34243246590696846,0.0021761311829475417,1e-06,0.0490430011337714,-0.3313921465699983,0.048666011846766166,1.007746459442624,0
2024-06-26 00:00:00+00:00,11.270000457763672,33.970001220703125,-0.318059022262311,0.32851895433150113,0.0021306140232038554,1e-06,0.013540455894462969,-0.33147812325661374,0.04818104803452178,0.28103282196686996,0
2024-06-27 00:00:00+00:00,11.289999961853027,34.15999984741211,-0.36287303917115743,0.3776856212411024,0.002230334733155136,1e-06,-0.028866129030211334,-0.33247657513819867,0.04920614914623475,-0.5866366202407889,0
2024-06-28 00:00:00+00:00,11.31999969482422,34.22999954223633,-0.35675204032000707,0.39412724056613385,0.0022267865591897454,1e-06,-0.023392347031125877,-0.33281794125213915,0.04916500183584989,-0.47579266058460234,0
2024-07-01 00:00:00+00:00,11.380000114440918,34.369998931884766,-0.34450908894339705,0.43275202933809936,0.0024162530295700245,1e-06,-0.011594196432409809,-0.33285384610426677,0.05106209660651229,-0.22706072023942556,0
2024-07-02 00:00:00+00:00,11.380000114440918,34.400001525878906,-0.3547437616329958,0.4053704270402611,0.002288031862411923,1e-06,-0.02075528367284549,-0.3332842971829763,0.04977905033245577,-0.416948164624047,0
2024-07-03 00:00:00+00:00,11.470000267028809,34.56999969482422,-0.322734448681377,0.40242435058429726,0.0022729186883099456,1e-06,0.009293988188634172,-0.3328075858154044,0.04962092631925543,0.18729977205257523,0
2024-07-04 00:00:00+00:00,11.43000030517578,34.599998474121094,-0.3729677819305923,0.40075110666231956,0.002267948376300581,1e-06,-0.03724121581059022,-0.3339138373217784,0.049565323678952396,-0.7513562516369579,0
2024-07-05 00:00:00+00:00,11.479999542236328,34.72999954223633,-0.3673153230758732,0.43094273046163356,0.002394045731780848,1e-06,-0.03232573739447647,-0.334307967661032,0.05082525934522376,-0.6360171656952744,0
2024-07-08 00:00:00+00:00,11.40999984741211,34.5,-0.3588561341780334,0.4246383693545031,0.0023593831996858005,1e-06,-0.023866690786691375,-0.3345585063515323,0.05047827631388878,-0.4728111284601175,0
2024-07-09 00:00:00+00:00,11.449999809265137,34.689998626708984,-0.383669693323208,0.40085277148587617,0.002216005081543658,1e-06,-0.04643619690708263,-0.3355638880033084,0.049025024101262006,-0.9471937598881724,0
2024-07-10 00:00:00+00:00,11.550000190734863,34.88999938964844,-0.35189482417935203,0.39466676901115366,0.002201249382269312,1e-06,-0.016467090240649733,-0.3355125268995928,0.0488676832660659,-0.3369730083374877,0
2024-07-11 00:00:00+00:00,11.630000114440918,35.20000076293945,-0.37764450964306917,0.35499276018197823,0.002029445701369291,1e-06,-0.039407481047502475,-0.33657534928678823,0.04705667981498755,-0.837447121268237,0
2024-07-12 00:00:00+00:00,11.640000343322754,35.27000045776367,-0.39152301488127783,0.38285685164526756,0.0021312584639196154,1e-06,-0.05213870894497283,-0.3376390613777566,0.04812732187556482,-1.0833494762035505,0
2024-07-15 00:00:00+00:00,11.630000114440918,35.119998931884766,-0.3503537841953559,0.3554120820602229,0.0020401923285577246,1e-06,-0.013146815487697916,-0.3374720749027252,0.04715696732862039,-0.27878840036685065,0
2024-07-16 00:00:00+00:00,11.59000015258789,35.130001068115234,-0.3937657373760537,0.3564635806939517,0.002075572952115973,1e-06,-0.052532489711621715,-0.33891787704630066,0.04752495894283251,-1.1053663355041028,0
2024-07-17 00:00:00+00:00,11.619999885559082,35.099998474121094,-0.3535313317152635,0.3577036243992635,0.0020640463916519395,1e-06,-0.014918391981582117,-0.33880137670537264,0.04739591399080825,-0.314761141318539,0
2024-07-18 00:00:00+00:00,11.5,34.380001068115234,-0.22792119471198546,0.37371982348678584,0.0022257955090838905,1e-06,0.10304756592840854,-0.3358666122764743,0.04907600087350376,2.0997547496589957,-1
2024-07-19 00:00:00+00:00,11.289999961853027,33.900001525878906,-0.2741807840529127,0.38049671883641073,0.0022591162368859885,1e-06,0.06020419740660654,-0.3353174470978555,0.04941200662069356,1.2184123156292392,-1
2024-07-22 00:00:00+00:00,11.359999656677246,34.08000183105469,-0.265583920192638,0.3333440986706399,0.002008790029326583,1e-06,0.06599426155634432,-0.333875163866971,0.04678673817771646,1.4105335000202257,-1
2024-07-23 00:00:00+00:00,11.289999961853027,33.849998474121094,-0.2571234300013856,0.36834802008138057,0.0020754986131534406,1e-06,0.07299979502675993,-0.33247813901181256,0.047494651616520646,1.5370108536887872,-1
2024-07-24 00:00:00+00:00,11.25,33.79999923706055,-0.28006733909629844,0.1844972785227853,0.0014577769237071401,7.767081047943807e-05,0.04664507674004556,-0.32900396829071193,0.04108840405114579,1.1352370046298943,-1
2024-07-25 00:00:00+00:00,11.18000030517578,33.709999084472656,-0.3193656184385478,0.4124676142325362,0.0017310636567925935,1e-06,0.01062224553312714,-0.3294840290401795,0.04434251944737994,0.23954988723029752,-1
2024-07-26 00:00:00+00:00,11.220000267028809,33.849998474121094,-0.32712312482560435,0.2072633951920107,0.0011585458655921895,0.00029841929052421283,0.0023110421720894084,-0.32944377956460286,0.039307091837858334,0.05879453462551878,-1
2024-07-29 00:00:00+00:00,11.229999542236328,33.84000015258789,-0.31371315958382695,0.20018156538891427,0.0011761296745791982,0.00025533187543213187,0.01023257876972045,-0.3248118689553257,0.040570225959960765,0.2522189247804314,-1
2024-07-30 00:00:00+00:00,11.25,33.869998931884766,-0.30394607321634126,0.22660983007874722,0.0012375141149527356,0.00019595157451440565,0.014305582427073247,-0.3192764502159168,0.041751661606891914,0.34263504436699677,-1
2024-07-31 00:00:00+00:00,11.210000038146973,33.790000915527344,-0.3166566109150679,0.19855260357573842,0.0011592712728933539,0.0002483679378266028,0.0027083539651534335,-0.31935286772226035,0.041047705162006114,0.06598064263188809,-1
2024-08-01 00:00:00+00:00,11.3100004196167,34.119998931884766,-0.3292272186836289,0.3031534818687677,0.0012308565731957326,0.00016281660768645355,-0.006094289062374234,-0.32252523569281544,0.04212180310375324,-0.14468253050238503,0
2024-08-02 00:00:00+00:00,11.479999542236328,34.68000030517578,-0.3502592703177587,0.29607443106428,0.0011674651666284165,0.0002165469940864943,-0.017648884226551854,-0.33113422276320414,0.04155334236809283,-0.42472839056392575,0
2024-08-05 00:00:00+00:00,11.399999618530272,34.5,-0.36885636305987113,0.43545428133172537,0.0015269926816742893,1e-06,-0.03090953770209483,-0.33630684192193144,0.0454432139750906,-0.6801793931000939,0
2024-08-06 00:00:00+00:00,11.479999542236328,34.689998626708984,-0.3536699603520166,0.45351746267660176,0.001575731666864072,1e-06,-0.016693132189506094,-0.3367957634036891,0.04561375271848993,-0.36596708656114124,0
2024-08-07 00:00:00+00:00,11.619999885559082,35.04999923706055,-0.336475278957149,0.47082272772233824,0.0016415604844192263,1e-06,-0.0011500529570777516,-0.33575714043130594,0.046053024641257906,-0.02497236535572615,0
2024-08-08 00:00:00+00:00,11.600000381469728,35.16999816894531,-0.39740956992466003,0.5308537065661154,0.0018980892665671778,1e-06,-0.053021438955715906,-0.3415119771093533,0.048648262577532755,-1.0898937833846263,0
2024-08-09 00:00:00+00:00,11.6899995803833,35.38999938964844,-0.3824585646988883,0.5651255929809246,0.0020389056139040224,1e-06,-0.03959466237759739,-0.34237558828812276,0.04997957070140738,-0.7922169362787752,0
2024-08-12 00:00:00+00:00,11.699999809265137,35.380001068115234,-0.3690476457827945,0.5676936688447971,0.0020593210727302544,1e-06,-0.026173348928222012,-0.34268918214325483,0.050075082902683345,-0.5226820887962919,0
2024-08-13 00:00:00+00:00,11.720000267028809,35.380001068115234,-0.3490471880191226,0.5630122079661136,0.0020288575059347093,1e-06,-0.007354899476918031,-0.34206730279936537,0.049656676683401915,-0.14811501631111887,0
2024-08-14 00:00:00+00:00,11.760000228881836,35.43000030517578,-0.32610327892420976,0.5697931502547581,0.0020495609632465894,1e-06,0.013649725547489437,-0.3406483166463806,0.04977076873062842,0.27425185295740745,0
2024-08-15 00:00:00+00:00,11.789999961853027,35.459999084472656,-0.30633691734920454,0.5869244276624122,0.0021107130494097204,1e-06,0.03148322095330347,-0.3389600999939417,0.05031029445337547,0.6257808922680866,0
2024-08-16 00:00:00+00:00,11.5,34.72999954223633,-0.34731486531220135,0.5405311694044438,0.001906567167389276,1e-06,-0.005233322867040348,-0.34087904334058045,0.0480959213089345,-0.10881011787725509,0
2024-08-19 00:00:00+00:00,11.739999771118164,35.38999938964844,-0.332458373964025,0.5620001209064778,0.0020235573815168204,1e-06,0.007150646886172089,-0.3401205811582224,0.04922725306778314,0.14525788949316457,0
2024-08-20 00:00:00+00:00,11.800000190734863,35.599998474121094,-0.344094156707456,0.5471371993485484,0.0019419336410281295,1e-06,-0.00305786905689618,-0.3406677794067039,0.04828765828201206,-0.063326099580921,0
2024-08-21 00:00:00+00:00,11.829999923706056,35.720001220703125,-0.35503051190783275,0.5519975223500783,0.0019671251265706404,1e-06,-0.012938712843606077,-0.3415056769949935,0.04846796810499186,-0.2669538944892035,0
2024-08-22 00:00:00+00:00,11.859999656677246,35.869998931884766,-0.3761989372109884,0.5524419979104934,0.0019661602575005615,1e-06,-0.031646655221418865,-0.34327679857133037,0.04837981303187232,-0.6541293411070077,0
2024-08-23 00:00:00+00:00,11.84000015258789,35.75,-0.35526365442218477,0.5854406133019336,0.0021087092949493963,1e-06,-0.012630125522136285,-0.3429184272628087,0.04979395877194905,-0.2536477483138245,0
2024-08-26 00:00:00+00:00,11.720000267028809,35.40999984741211,-0.3592805594153088,0.5653647407694338,0.0020052082157034127,1e-06,-0.015401844279194641,-0.3434583153487081,0.04866687812966834,-0.3164748771876813,0
2024-08-27 00:00:00+00:00,11.550000190734863,34.7400016784668,-0.3007266659050085,0.6418302937266922,0.0025040619878867456,1e-06,0.03871368406808243,-0.3414015279282552,0.0535625080182328,0.7227757903887585,0
2024-08-28 00:00:00+00:00,11.670000076293944,35.220001220703125,-0.3444672291519719,0.7434852213930989,0.0034277269396271503,1e-06,-0.0015198450392011412,-0.3420630952881393,0.06161710351610102,-0.024665960463461156,0
2024-08-29 00:00:00+00:00,11.6899995803833,35.130001068115234,-0.29376630958064354,0.3009239035250524,0.0010849205754504885,0.0001758126514345372,0.0330964863831625,-0.3301017752733687,0.03860428902208665,0.8573266655481474,0
2024-08-30 00:00:00+00:00,11.770000457763672,35.45000076293945,-0.32292573140430214,0.388080852013532,0.0013567719360393752,1e-06,0.008336746912363335,-0.330912314320634,0.04184465157885149,0.19923088370454425,0
2024-09-02 00:00:00+00:00,11.720000267028809,35.43000030517578,-0.3661032407772371,0.5000482876876686,0.0017675060564437176,1e-06,-0.029775186717401446,-0.3343415402514915,0.046475529445247354,-0.6406637444007922,0
2024-09-03 00:00:00+00:00,11.859999656677246,35.709999084472656,-0.32161878760897267,0.5130196771458976,0.0018238123813332592,1e-06,0.009150770036180242,-0.3321495554636727,0.04697585078189511,0.19479732423935206,0
2024-09-04 00:00:00+00:00,12.0,36.27000045776367,-0.37264961853997747,0.3858586296480169,0.0014221158930407564,1e-06,-0.03277571849280675,-0.33721414866282334,0.04213874104047947,-0.7778048817671516,0
2024-09-05 00:00:00+00:00,11.880000114440918,35.84000015258789,-0.34596510805112857,0.4171131165623018,0.001555614761719815,1e-06,-0.00950101927338792,-0.3367413513394811,0.04356578880465804,-0.2180844082954392,0
2024-09-06 00:00:00+00:00,11.960000038146973,35.81999969482422,-0.25914250298314556,0.5106363529328133,0.0019933116775844714,1e-06,0.06867912163218881,-0.33159042122673804,0.04833140368192651,1.4210040760283424,-1
2024-09-09 00:00:00+00:00,11.84000015258789,35.66999816894531,-0.3279729289744715,0.4683765269421016,0.0018470488230931724,1e-06,0.0069949284164918385,-0.3335720915683257,0.046680851053536934,0.14984577741458815,-1
2024-09-10 00:00:00+00:00,11.770000457763672,35.459999084472656,-0.32633642143856,0.596512400171193,0.002448779386450817,1e-06,0.00699514321054553,-0.33344813023457065,0.052767416747156494,0.13256558008257022,-1
2024-09-11 00:00:00+00:00,11.65999984741211,35.29999923706055,-0.38175688218810855,0.4795749145918212,0.0018080993195691117,1e-06,-0.042322926856971824,-0.3368511475469684,0.04614940678796226,-0.9170849595408332,0
2024-09-12 00:00:00+00:00,11.630000114440918,35.0,-0.3094189973171986,0.4065560699252696,0.0016167195933660034,1e-06,0.02140183402802273,-0.333272075442873,0.0438671541940481,0.4878783322335173,0
2024-09-13 00:00:00+00:00,11.75,35.15999984741211,-0.2439992613601305,0.6213423749557877,0.0026971418069633244,1e-06,0.08417266731125066,-0.33081798237205823,0.05490298308954241,1.5331164642542594,-1
2024-09-16 00:00:00+00:00,11.770000457763672,35.150001525878906,-0.22058811356220076,0.5823468050601087,0.002264036294718439,1e-06,0.10526689948752013,-0.3283647788931236,0.05075571107093673,2.0739912271231504,-1
2024-09-17 00:00:00+00:00,11.550000190734863,34.650001525878906,-0.2700252504230374,0.5858235346969972,0.002310192852627623,1e-06,0.05860238171554942,-0.3284936703195327,0.05118513600239786,1.144910149555998,-1
2024-09-18 00:00:00+00:00,11.5,34.43000030517578,-0.24497724747009997,0.6512558277343562,0.002735632780246332,1e-06,0.08069538937315876,-0.32723322537366706,0.05519858453941222,1.4619104827867755,-1
2024-09-19 00:00:00+00:00,11.449999809265137,34.38999938964844,-0.2813320754811066,0.5730659683060781,0.002189703658605765,1e-06,0.04592964917056113,-0.32724723043859155,0.04994596574191734,0.9195867671853725,-1
2024-09-20 00:00:00+00:00,11.470000267028809,34.290000915527344,-0.22721951220120395,0.48346213884213146,0.0017610540435147083,1e-06,0.09141401888154047,-0.32263580016651183,0.04533799394920207,2.0162784216691025,-1
2024-09-23 00:00:00+00:00,11.420000076293944,34.29999923706055,-0.2806303929703269,0.4045496698581107,0.0015531680204570115,1e-06,0.04134614663874199,-0.32226402555537886,0.042843310308814914,0.9650549021706923,-1
2024-09-24 00:00:00+00:00,11.40999984741211,34.15999984741211,-0.2428731536120754,0.41135595009714865,0.0015182019773081568,1e-06,0.07123341343130703,-0.3177567269487992,0.04234244096167513,1.6823171223355218,-1
2024-09-25 00:00:00+00:00,11.359999656677246,34.08000183105469,-0.265583920192638,0.37462301829257383,0.0014062497876661435,1e-06,0.04857865685298417,-0.315755418111263,0.04087067232432507,1.1885945126493924,-1
2024-09-26 00:00:00+00:00,11.399999618530272,34.220001220703125,-0.27334142657969807,0.38671511689053767,0.0014470980438591535,1e-06,0.039262650283751054,-0.31404846169839284,0.04129303618493364,0.9508298229248784,-1
2024-09-27 00:00:00+00:00,11.369999885559082,34.13999938964844,-0.2760504341031744,0.39211063000063495,0.001463158796916699,1e-06,0.03508511372829141,-0.3125070491185816,0.04141697500544186,0.8471191757409011,-1
2024-09-30 00:00:00+00:00,11.399999618530272,34.2400016784668,-0.2801641079416264,0.3925167668986563,0.0014623181541204894,1e-06,0.029992700507615523,-0.3112861253394755,0.04133878808958343,0.7255341023210378,-1
2024-10-01 00:00:00+00:00,11.43000030517578,34.220001220703125,-0.24334073993419025,0.3701963243933757,0.001315578531806118,1e-06,0.060059570518727144,-0.30719413327107337,0.039415078690701384,1.5237714223540573,-1
2024-10-02 00:00:00+00:00,11.479999542236328,34.470001220703125,-0.2786230679576285,0.41903884595725815,0.001401317335524596,1e-06,0.028146829975504946,-0.3069858885444164,0.040458359777246315,0.695698741384337,-1
2024-10-03 00:00:00+00:00,11.40999984741211,34.18000030517578,-0.24969583497400372,0.36716271801483924,0.0012797287363752062,1e-06,0.050823074023907705,-0.3037396135981424,0.03882290019547901,1.3091003961065777,-1
2024-10-04 00:00:00+00:00,11.40999984741211,34.2599983215332,-0.2769852591283044,0.36383255936034276,0.0012871429241216779,1e-06,0.025637752626562,-0.3031875810983617,0.038853470885876186,0.6598574604021208,-1
2024-10-07 00:00:00+00:00,11.520000457763672,34.54999923706055,-0.2659115765845854,0.36768509229940044,0.0012966570842115111,1e-06,0.033608221986931336,-0.30141381115456034,0.038920376909212594,0.8635122436076961,-1
2024-10-08 00:00:00+00:00,11.520000457763672,34.45000076293945,-0.2317994710683564,0.38203575438295084,0.0013449911986023022,1e-06,0.06255061198306407,-0.29809715557202854,0.03949955559972916,1.5835776133008688,-1
2024-10-09 00:00:00+00:00,11.449999809265137,34.189998626708984,-0.21310656315523424,0.3972148307125639,0.0013746102901062713,1e-06,0.07782013651371349,-0.29482800011240523,0.039839743088599666,1.9533292757598653,-1
2024-10-10 00:00:00+00:00,11.489999771118164,34.43000030517578,-0.2549774763519359,0.38251526183929085,0.001358903509748467,1e-06,0.03863897219273467,-0.2942773329474545,0.03959581422761444,0.9758347680545368,-1
2024-10-11 00:00:00+00:00,11.4399995803833,34.18000030517578,-0.2196961020028123,0.3712564094320045,0.0013428759631326599,1e-06,0.06729744339502049,-0.2909846201046695,0.03934729553885775,1.7103448273480535,-1
2024-10-14 00:00:00+00:00,11.479999542236328,34.45000076293945,-0.27180038659570016,0.3077782973059742,0.0011965164628954985,7.793593895562756e-05,0.019464302356578846,-0.2911588775815292,0.03806368705653002,0.511361453967178,-1
2024-10-15 00:00:00+00:00,11.5600004196167,34.70000076293945,-0.27708107429931594,0.3667148829215468,0.0013242990422247605,1e-06,0.013068608063599196,-0.2906074256792581,0.03968993211218434,0.3292675841989482,-1
2024-10-16 00:00:00+00:00,11.68000030517578,35.0099983215332,-0.26282949661659494,0.3156234275275413,0.0011950659989702064,8.141386157995496e-05,0.02290971458676704,-0.2873477558585576,0.038570320073363584,0.5939726334443447,-1
2024-10-17 00:00:00+00:00,11.579999923706056,34.68000030517578,-0.2502588888480304,0.3370575584077475,0.0012229856021631182,5.473428630318219e-05,0.030999249973536938,-0.28322351443408994,0.039248387792559014,0.789822250467419,-1
2024-10-18 00:00:00+00:00,11.5600004196167,34.900001525878906,-0.34530658662518654,0.2893439376919552,0.0011984600264952892,0.0001010811318408291,-0.04435381967995107,-0.2963405029236395,0.03944434600713667,-1.124465840349492,0
2024-10-21 00:00:00+00:00,11.539999961853027,34.709999084472656,-0.3004922220972457,0.31140803888855867,0.0012697247215486668,4.019746560515866e-05,-0.0063249142142971304,-0.29478280175785493,0.04038939372711961,-0.1565983945446114,0
2024-10-22 00:00:00+00:00,11.489999771118164,34.349998474121094,-0.22768675090422263,0.45705009716642997,0.0017533827359026216,1e-06,0.05745769118626721,-0.28869627899494194,0.04601315475752806,1.2487231420894205,0
2024-10-23 00:00:00+00:00,11.399999618530272,34.29999923706055,-0.30063085073399876,0.38485261196579024,0.0015700519649045955,1e-06,-0.006622414543625978,-0.29211435686733916,0.043744595548655694,-0.1513881763122048,0
2024-10-24 00:00:00+00:00,11.40999984741211,34.45000076293945,-0.3418000814199189,0.6561592624624387,0.0027882226120585947,1e-06,-0.046626455249529006,-0.2936450773447564,0.0560793856707787,-0.8314366267001506,0
2024-10-25 00:00:00+00:00,11.420000076293944,34.349998474121094,-0.29768644572844316,0.7976070034958802,0.004442905168195458,1e-06,-0.005173428680393138,-0.293230915446105,0.06932040165438419,-0.07463067952471887,0
2024-10-28 00:00:00+00:00,11.460000038146973,34.52000045776367,-0.31567862480509845,0.5834398754162974,0.002064382024319746,1e-06,-0.020604974621391138,-0.2942084466206289,0.04911475942248601,-0.41952714140665515,0
2024-10-29 00:00:00+00:00,11.43000030517578,34.5099983215332,-0.3422663664486212,0.5473082223942819,0.0016915209946614968,1e-06,-0.043698157495896534,-0.29660908937041514,0.04503927026347935,-0.9702234792052066,0
2024-10-30 00:00:00+00:00,11.510000228881836,34.779998779296875,-0.3543706891884799,0.41300998864170274,0.00130139584099861,1e-06,-0.051090224977232736,-0.30064990082490245,0.040189402107334314,-1.2712362537960993,1
2024-10-31 00:00:00+00:00,11.59000015258789,35.02000045776367,-0.35624164053215424,0.5220576908381269,0.0017165258064438423,1e-06,-0.05222747978870698,-0.3024945112049169,0.04508367348635645,-1.1584566152204177,1
2024-11-01 00:00:00+00:00,11.479999542236328,34.619998931884766,-0.32979122623197377,0.5900340113297339,0.0019230466710461434,1e-06,-0.027633153723824855,-0.3023257009142324,0.047316834194043436,-0.5840025900824849,1
2024-11-04 00:00:00+00:00,11.59000015258789,34.95000076293945,-0.3323629064121114,0.4430760119529663,0.00139513209475988,1e-06,-0.027446163851280014,-0.30379665627889557,0.04114170776238192,-0.6671128969608675,1
2024-11-05 00:00:00+00:00,11.510000228881836,34.68000030517578,-0.3202585836722509,0.424622739562617,0.0011899208608414228,1e-06,-0.015658960336378057,-0.3042524496109441,0.03837483771225282,-0.4080528093380903,1
2024-11-06 00:00:00+00:00,11.5600004196167,34.61000061035156,-0.24637965881734303,0.4194279859686376,0.0011941770075949397,1e-06,0.04735743117736861,-0.29838472331072413,0.038303356361554755,1.2363781056247454,0
2024-11-07 00:00:00+00:00,11.649999618530272,34.83000183105469,-0.23142865359157128,0.6215983793311626,0.0019009792245039659,1e-06,0.06366299667446262,-0.2969036940985192,0.04673780015166929,1.362130790663429,-1
2024-11-08 00:00:00+00:00,11.640000343322754,34.939998626708984,-0.2789507243495777,0.6066663281735211,0.0018533440967099149,1e-06,0.01979898456239468,-0.2977272918115834,0.04619941262278332,0.4285548979605593,-1
2024-11-11 00:00:00+00:00,11.640000343322754,35.33000183105469,-0.4119910589670628,0.6842864027348196,0.002466343683751772,1e-06,-0.1062558602149142,-0.30088079411280344,0.05244964932612561,-2.0258640730699278,0
2024-11-12 00:00:00+00:00,11.329999923706056,34.11000061035156,-0.3058170245600138,0.37329078476859145,0.0013002169803028691,1e-06,-0.010130086710449997,-0.298014996200651,0.03951209475101838,-0.25637938900186774,0
2024-11-13 00:00:00+00:00,11.34000015258789,34.099998474121094,-0.2924048043505092,0.8792251359695308,0.0069080689725732275,1e-06,0.005342823881072109,-0.29795250513154725,0.0847989501169366,0.06300577865297186,0
2024-11-14 00:00:00+00:00,11.289999961853027,33.720001220703125,-0.2127779530889704,0.4669962019632446,0.001315714327072639,1e-06,0.07409290693330485,-0.2924160772699304,0.03968620056662999,1.8669690188383925,-1
2024-11-18 00:00:00+00:00,11.25,34.08000183105469,-0.3755835768698841,0.23889548431301696,0.0011004182494521592,0.00020397025440873707,-0.05375348542960415,-0.3151767907336166,0.03814247904503342,-1.409281378017915,0
2024-11-19 00:00:00+00:00,11.359999656677246,34.380001068115234,-0.36792153803473937,0.6053345631845551,0.0021910892078487103,1e-06,-0.05074948923933364,-0.3163247643349293,0.05074437715222862,-1.0001007419421009,0
2024-11-21 00:00:00+00:00,11.25,33.849998474121094,-0.29712339185441294,0.6059772535151126,0.002208372165749602,1e-06,0.014559436500556348,-0.3137696892692795,0.050873973981808714,0.2861863416795874,0
2024-11-22 00:00:00+00:00,11.359999656677246,34.290000915527344,-0.33722012255276645,0.47761457923801515,0.001612604344713721,1e-06,-0.019150949226123922,-0.3163970468583034,0.04440090194929765,-0.4313189233856737,0
2024-11-25 00:00:00+00:00,11.449999809265137,34.2599983215332,-0.23698529727527706,0.32327664894127317,0.0012646318853653052,0.00011280779468409103,0.05794960949334494,-0.300218818515717,0.0407089872893613,1.4235089927793223,-1
2024-11-26 00:00:00+00:00,11.460000038146973,34.439998626708984,-0.2883878993573852,0.3419745587001356,0.001346722216534303,3.920426538167989e-05,0.013606703552360698,-0.3015109129980697,0.04172354914524149,0.3261156788219327,-1
2024-11-27 00:00:00+00:00,11.3100004196167,34.0099983215332,-0.29170312183972946,0.3760412066898798,0.0014201878910501315,1e-06,0.008924933904975112,-0.3009087029460564,0.04236190528402634,0.21068301449464055,-1
2024-11-28 00:00:00+00:00,11.18000030517578,33.59000015258789,-0.2784308315603887,0.3338755552862092,0.0012929177134344714,7.434239053440324e-05,0.017872423460852195,-0.2975074113042283,0.04102343799041145,0.43566371655709546,-1
2024-11-29 00:00:00+00:00,11.31999969482422,34.09000015258789,-0.3089945720799214,0.37611872622492815,0.0013588108374013419,9.627675567183474e-06,-0.007856719110463435,-0.30001295979258275,0.0416552838803383,-0.18861278518790467,0
2024-12-02 00:00:00+00:00,11.329999923706056,34.279998779296875,-0.36380786419628564,0.32586225846609046,0.0012500982150415896,0.0001219760100773144,-0.04742510247007145,-0.31262369700050474,0.0408130849884389,-1.1620072945602014,0
2024-12-03 00:00:00+00:00,11.350000381469728,34.029998779296875,-0.25852584134862866,0.2809583131576048,0.0012780232247527415,0.00010489381577209831,0.035240214510761696,-0.2977643132300541,0.041399720896331524,0.8512186494929818,0
2024-12-04 00:00:00+00:00,11.4399995803833,34.04999923706055,-0.17534932379698454,0.6225803779258968,0.002693755187750514,1e-06,0.11338309927983142,-0.29220121216950207,0.05618960655708812,2.0178660472490626,-1
2024-12-05 00:00:00+00:00,11.359999656677246,34.41999816894531,-0.3815655994651834,0.36458337035616156,0.001983028266337803,1e-06,-0.06944431459746839,-0.30631762970965337,0.0490892995492218,-1.4146527906318285,0
2024-12-06 00:00:00+00:00,11.489999771118164,34.130001068115234,-0.15263985850983453,0.057576340059944824,0.0015310538122301238,4.7189199098031896e-05,0.11568203701711935,-0.2762331892732541,0.04376394211325258,2.6433184816339605,-1
2024-12-09 00:00:00+00:00,11.31999969482422,34.2400016784668,-0.3601640316476775,-0.14188516887740427,0.001296800620426154,0.000282672000460884,-0.059718851799804316,-0.2972332948401636,0.04167197790313445,-1.4330697702571116,0
2024-12-10 00:00:00+00:00,11.40999984741211,34.150001525878906,-0.23946246357781753,-0.18604866133732964,0.0012409072583755593,0.0003456180332013388,0.038630935691576544,-0.28016882071341886,0.041411968261282,0.9328447140652917,0
2024-12-11 00:00:00+00:00,11.399999618530272,34.310001373291016,-0.3040428420616692,-0.23004753925771015,0.0011426835810121625,0.00045310498688647094,-0.01689738315302511,-0.2865113486118514,0.040438320786561156,-0.4178557077632315,0
2024-12-12 00:00:00+00:00,11.300000190734863,34.0099983215332,-0.3017033507215654,-0.21492616987865273,0.0011663932556068629,0.00044537461409235304,-0.006415487065294821,-0.29450508450028706,0.04087120968700097,-0.15696836757281638,0
2024-12-13 00:00:00+00:00,11.300000190734863,33.720001220703125,-0.20277772420713447,-0.18292027952999665,0.001265839056518389,0.000387856775218149,0.05207500747096512,-0.25858138275418013,0.04220400941456937,1.2338876849219012,0
2024-12-16 00:00:00+00:00,11.210000038146973,33.63999938964844,-0.26548715134731005,-0.2041858089065399,0.0012380085321340637,0.0003914392490197928,-0.008563489143167399,-0.2570765904517474,0.04178673628592239,-0.2049331894353369,0
2024-12-17 00:00:00+00:00,11.25,33.939998626708984,-0.3278248073363841,-0.13858570910164428,0.0013964701368513216,0.00029341276789455204,-0.04251315132647187,-0.2823367526818497,0.0437072333574565,-0.9726799904899284,0
2024-12-18 00:00:00+00:00,10.899999618530272,32.650001525878906,-0.23777330195573576,-0.15064955274052788,0.001410029913544875,0.0002815774058759332,0.02982085516074674,-0.2691657696816952,0.04378823837167306,0.6810243177089781,0
2024-12-19 00:00:00+00:00,11.010000228881836,33.040000915527344,-0.260811724928244,-0.13363168262563507,0.0014489241962656343,0.0002607693725665513,0.003757669739752346,-0.2650795917049028,0.04421123012379696,0.08499355772798906,0
2024-12-20 00:00:00+00:00,11.289999961853027,33.630001068115234,-0.1820765376069975,-0.1741719261978052,0.0013560799372572987,0.0003641386485185791,0.04848869503427744,-0.2339577579419708,0.04331930608469558,1.1193322196684072,0
2024-12-23 00:00:00+00:00,10.880000114440918,32.59000015258789,-0.2373047619593045,-0.17263128834552371,0.001363459401112628,0.00035693897015803204,-0.0054327653238613076,-0.23207340463154397,0.043466940324436855,-0.12498614540869901,0
2024-12-26 00:00:00+00:00,11.0,32.84000015258789,-0.20258644148420935,-0.18675074180284298,0.0013354288645980163,0.00037790025519653363,0.017353578846231274,-0.22107383551694332,0.04315366043846944,0.4021345737512775,0
2024-12-27 00:00:00+00:00,11.079999923706056,32.869998931884766,-0.13281988917433907,-0.15395479286565325,0.0014256706538157847,0.00033050482154575733,0.05179974643217006,-0.18822599360468376,0.044260208789379855,1.1703457315049832,0
2024-12-30 00:00:00+00:00,10.90999984741211,32.86000061035156,-0.2994092754340283,-0.16482746561521142,0.0015310694742371625,0.00026534678736062274,-0.07322075837731028,-0.22220457278851138,0.04531569440371024,-1.6157924829529986,1
2025-01-02 00:00:00+00:00,10.9399995803833,32.91999816894531,-0.28987628525520925,-0.08416526031257351,0.0017079338105254209,0.00019454255931317934,-0.04400440512075957,-0.24300568699248376,0.04722624772782191,-0.9317785603965252,1
2025-01-03 00:00:00+00:00,10.699999809265137,32.209999084472656,-0.2876767238452711,-0.13330543785907514,0.0015414725891945182,0.00036137001599815524,-0.0252637006923358,-0.2604811013810464,0.04582227743938281,-0.5513410093105159,1
2025-01-06 00:00:00+00:00,10.890000343322754,32.68000030517578,-0.2580059485594397,-0.14023129741904908,0.001526176259688402,0.0003733958044437242,0.0029029203636626007,-0.2608690479326757,0.045829500462391655,0.0633417413319785,0
2025-01-07 00:00:00+00:00,11.050000190734863,33.459999084472656,-0.36408416779547714,-0.14583077201457106,0.0015527382581346767,0.00036948066472414546,-0.06205891821294118,-0.2982668450070237,0.04619905885655688,-1.3432939923219531,1
2025-01-08 00:00:00+00:00,10.899999618530272,33.0,-0.35716697255595165,-0.11469174986863317,0.001608797746127383,0.00035519888512078215,-0.03313349606806436,-0.32163225495766645,0.04693843788512639,-0.7058926023305844,1
2025-01-09 00:00:00+00:00,10.960000038146973,32.970001220703125,-0.28693318154306446,-0.0960941573167283,0.0016729535641536687,0.0003156556267644244,0.022895595165806564,-0.31096837411058137,0.04763952596498143,0.48060081837582763,0
2025-01-10 00:00:00+00:00,10.829999923706056,32.7400016784668,-0.3384744122619221,-0.1511943093847001,0.0014979805026325334,0.0003768372839712314,-0.017549275945831982,-0.3200404370131,0.045570108225023394,-0.385104987224835,0
2025-01-13 00:00:00+00:00,10.720000267028809,32.20000076293945,-0.26426557604734136,-0.16642163824919431,0.0014902981072572798,0.00035993569299965357,0.03413504098855609,-0.30036024792425,0.04534213815439998,0.7528326271760442,0
2025-01-14 00:00:00+00:00,10.729999542236328,32.41999816894531,-0.32931319323420816,-0.16431398887589402,0.001525489252236173,0.0003193904058842929,-0.019805445806555647,-0.3086335705512524,0.04559195024225942,-0.43440663760415044,0
2025-01-15 00:00:00+00:00,10.789999961853027,32.599998474121094,-0.330715604581453,-0.1481995035971825,0.0015637811167044172,0.00029787014958874525,-0.012645898511929977,-0.3171247648970101,0.04596474870969544,-0.27512167186639164,0
2025-01-16 00:00:00+00:00,10.729999542236328,32.29999923706055,-0.28837840635605083,-0.14526640959857307,0.0015764897413862475,0.00029174610198631204,0.018732905552802465,-0.30812988776717015,0.04607656201032163,0.40656040154658457,0
2025-01-17 00:00:00+00:00,10.899999618530272,32.63999938964844,-0.2343613106280653,-0.13963624771939717,0.0015858662113314185,0.00030512990798283357,0.045278507296184815,-0.2825179509924777,0.046249171860319495,0.9790122822725074,0
2025-01-20 00:00:00+00:00,10.920000076293944,32.90999984741211,-0.30646509931030863,-0.14538776857490157,0.00160598427506267,0.00027689780725692614,-0.0176037524719367,-0.28820883271614844,0.04638632437535901,-0.3795030692556453,0
2025-01-21 00:00:00+00:00,10.920000076293944,33.130001068115234,-0.3815132929981093,-0.08797644099503742,0.0017660564511835647,0.00020798644434563305,-0.06265314056160584,-0.3153183831162881,0.04805619062912211,-1.3037475451422478,1
2025-01-22 00:00:00+00:00,10.880000114440918,32.900001525878906,-0.34305437112907633,-0.11042243052419695,0.0016948186106633754,0.00028226997312071956,-0.015652272392792967,-0.32611526786865663,0.04747516891525016,-0.32969387472289924,1
2025-01-23 00:00:00+00:00,10.699999809265137,32.150001525878906,-0.26720998105289695,-0.07247059442708453,0.0018224464081736497,0.00020989821613880372,0.04049128392571414,-0.3098158899294028,0.048784066284183525,0.8300104318864863,0
2025-01-24 00:00:00+00:00,10.720000267028809,31.799999237060547,-0.1278145513955966,-0.05815915941081039,0.0018484633003615781,0.0003736523931410832,0.11714705792939728,-0.2513221352429727,0.0498091007431223,2.3519207570831937,-1
2025-01-27 00:00:00+00:00,10.720000267028809,32.529998779296875,-0.3768365652856289,-0.11085901918499295,0.0020410807725224746,0.00022791954597124828,-0.08959291823253913,-0.2836160932597411,0.05150031487694056,-1.7396576787272162,0
2025-01-28 00:00:00+00:00,10.829999923706056,32.40999984741211,-0.22590212173022195,-0.11150461031296631,0.002160499370894786,0.00014292350005652363,0.0442559946292586,-0.27169563126504775,0.05223420582633705,0.8472607926000906,0
2025-01-29 00:00:00+00:00,10.760000228881836,32.349998474121094,-0.2754337724686575,-0.11887171671517315,0.002110967124467194,0.0002343719095729696,-0.004188393631110418,-0.27129461709680847,0.051923279237981464,-0.08066504451526708,0
2025-01-30 00:00:00+00:00,10.970000267028809,33.189998626708984,-0.35197984505561664,-0.081069930926778,0.002264237718126122,0.00014505918968691755,-0.05930931161597844,-0.29008811236140825,0.05321548633196958,-1.1145122539328922,0
2025-01-31 00:00:00+00:00,11.100000381469728,33.5099983215332,-0.3311400298187266,-0.08968173241662873,0.002197815026783993,0.00021652957757218238,-0.028021583044151005,-0.30163445916183745,0.052771525163881755,-0.5309981653387901,0
2025-02-03 00:00:00+00:00,11.06999969482422,33.45000076293945,-0.34067397367186203,-0.10137627244701986,0.0021528558865710184,0.0002528229126922939,-0.02649918036275818,-0.3128478620826666,0.05256153236254861,-0.5041553998079306,0
2025-02-04 00:00:00+00:00,11.109999656677246,33.400001525878906,-0.28361795906072196,-0.10627282607065586,0.0021474055150984173,0.0002642244760053588,0.021072829159992472,-0.3055162627722272,0.05265968033179054,0.4001700927012815,0
2025-02-05 00:00:00+00:00,11.0,33.060001373291016,-0.27763463517200826,-0.09825556243364371,0.002170482556393868,0.00025285963909273644,0.018664489551130883,-0.29722844432983275,0.05293776573895535,0.35257418386655165,0
2025-02-06 00:00:00+00:00,11.0,33.18000030517578,-0.31856942205016736,-0.097094868689463,0.0021854379659682513,0.0002359313053912999,-0.01540462006378425,-0.30255962790384766,0.053042927469994686,-0.29041798404694635,0
2025-02-07 00:00:00+00:00,10.989999771118164,32.97999954223633,-0.2603441386061309,-0.1001540367569548,0.002197620681852155,0.00021745806853341139,0.030095982244679846,-0.29170361359053004,0.05305722189498702,0.5672363001637557,0
2025-02-10 00:00:00+00:00,10.920000076293944,32.88999938964844,-0.2996424179483803,-0.10122539911306537,0.0021924182250365313,0.0002220683662663911,-0.006486767861414272,-0.2930030291385416,0.052972153701074706,-0.12245618515002285,0
2025-02-11 00:00:00+00:00,11.039999961853027,33.22999954223633,-0.2956255129552545,-0.09993868320901036,0.0021947905358179432,0.00022211641308555628,-0.0016557269191951522,-0.2938676226576987,0.05298187775582804,-0.03125081611538431,0
2025-02-12 00:00:00+00:00,10.93000030517578,32.70000076293945,-0.22482866806834245,-0.08920723213310373,0.002257232061520338,0.00018254538308497877,0.049739243786715646,-0.27671432182919586,0.053443051390198754,0.93069618019299,0
2025-02-13 00:00:00+00:00,10.81999969482422,32.779998779296875,-0.36211870257420387,-0.10669895754910665,0.0022931304463661936,0.00016349588098085992,-0.06377630525607245,-0.29586086588252286,0.05360155270029107,-1.189821974237812,0
2025-02-14 00:00:00+00:00,11.039999961853027,33.529998779296875,-0.3979631307973559,-0.03632735332799155,0.002534795280654686,4.385941911875038e-05,-0.07981163787004923,-0.31493578616833806,0.055331565432324974,-1.442425083159185,1
2025-02-17 00:00:00+00:00,10.949999809265137,33.09000015258789,-0.3378681973030595,-0.05847504483506832,0.0024462258884499783,0.00013492801623506828,-0.016661024326207065,-0.32034516751145403,0.05460987719003143,-0.3050917742999135,1
2025-02-18 00:00:00+00:00,10.970000267028809,32.86000061035156,-0.23940885581732907,-0.020603836720170653,0.0026165665218587874,6.835362951083685e-05,0.06482597034435764,-0.30669014430812075,0.05596511987539297,1.158328088793403,0
2025-02-19 00:00:00+00:00,10.850000381469728,32.81999969482422,-0.3457633786525527,-0.035986116696688865,0.0026106278189092186,6.252090704717038e-05,-0.03196053189080121,-0.3126750181518692,0.05570923758428675,-0.5737025541310934,0
2025-02-20 00:00:00+00:00,10.859999656677246,32.65999984741211,-0.2811839538430192,-0.03897617854619102,0.00260635787593164,7.338588595605551e-05,0.025724175867678598,-0.30784129201067717,0.05559182521116844,0.46273306857553204,0
2025-02-21 00:00:00+00:00,10.90999984741211,32.88999938964844,-0.3096426468302145,-0.03412990555497069,0.002613336122841356,7.161901174015722e-05,-0.001628651268305585,-0.3079854268878077,0.055597053756562535,-0.029293841278654864,0
2025-02-24 00:00:00+00:00,10.890000343322754,32.77000045776367,-0.28870736404141084,-0.03876680372671187,0.002587439638728503,9.587049784192964e-05,0.015566726527442044,-0.3048695751814904,0.05545213885657363,0.2807236447218964,0
2025-02-25 00:00:00+00:00,10.960000038146973,33.209999084472656,-0.3688027552993809,-0.060765265409429954,0.0025161940057686033,0.00015981281883689288,-0.050221274754712386,-0.3166435766700528,0.055181569858948766,-0.9101095688847647,0
2025-02-26 00:00:00+00:00,10.9399995803833,33.02000045776367,-0.32398969206485084,-0.05635802958337434,0.0025340721922545036,0.00014719177090757917,-0.005060462866250776,-0.318621131340925,0.055533008536874914,-0.09112531446753039,0
2025-02-27 00:00:00+00:00,10.949999809265137,32.970001220703125,-0.2969334104249004,-0.03532625952330866,0.002608264947283271,9.433402624592314e-05,0.017146333358785067,-0.3147259707286567,0.05608881723309705,0.30569967784357754,0
2025-02-28 00:00:00+00:00,10.9399995803833,32.790000915527344,-0.24553080834279406,-0.044098707447253964,0.002556824109037639,0.00016825094663662152,0.05318183877062949,-0.300804804863863,0.05591755847598631,0.9510758377168476,0
2025-03-05 00:00:00+00:00,10.920000076293944,33.09000015258789,-0.3678679302742527,-0.07298725807189267,0.0024941874957120783,0.0001989793371861663,-0.05122156412191204,-0.314777581054955,0.05561804173150109,-0.9209523120067178,0
2025-03-06 00:00:00+00:00,10.9399995803833,32.970001220703125,-0.30693363930673634,-0.0595344112279355,0.002542958621043638,0.00016442286805770472,0.006662951650527396,-0.31373685083762637,0.05609229391057549,0.11878550841849563,0
2025-03-07 00:00:00+00:00,11.079999923706056,33.2400016784668,-0.25903754242989585,-0.04121975323069199,0.0026271956933686413,0.00011097602344983847,0.042167369161529474,-0.30280650568104406,0.05665267267602735,0.7443138543995409,0
2025-03-10 00:00:00+00:00,11.09000015258789,33.52000045776367,-0.34455225002823475,-0.029961574552641382,0.0027268240629264016,5.030293882204648e-06,-0.03403594870041137,-0.3093213050540109,0.05686818726541514,-0.5985059545077255,0
2025-03-11 00:00:00+00:00,11.010000228881836,33.29999923706055,-0.34950398004648875,-0.0015247016683269839,0.0028093417112218418,1e-06,-0.033657298682891544,-0.3146470628406245,0.05713515408641948,-0.5890821372772246,0
2025-03-12 00:00:00+00:00,11.050000190734863,33.220001220703125,-0.2822145940391607,-0.03691439775331092,0.0026783230890893178,2.3475450035568505e-05,0.02737004831642142,-0.31055497318327013,0.05569252886657203,0.49144919208094306,0
2025-03-13 00:00:00+00:00,11.119999885559082,33.540000915527344,-0.32137519841897166,-0.021536775560168805,0.0027984135653789308,1e-06,-0.00937655206917583,-0.31168548418304903,0.05645393726845167,-0.1660920836147908,0
2025-03-14 00:00:00+00:00,11.350000381469728,34.06999969482422,-0.2721712040724853,-0.029562093721175922,0.0027563098137637753,1e-06,0.03430113891934057,-0.3077025989261604,0.05581043552443756,0.6146008107089798,0
2025-03-17 00:00:00+00:00,11.40999984741211,34.45000076293945,-0.3418000814199189,-0.04037609096710989,0.0027300375256260664,1e-06,-0.02998788514154671,-0.3107689008643602,0.05534874983107442,-0.5417987801543916,0
2025-03-18 00:00:00+00:00,11.420000076293944,34.36000061035156,-0.3010984370561136,-0.03467876131081043,0.0027619257347987524,1e-06,0.008666118201964723,-0.3100397831973743,0.05546028304677959,0.15625809544922503,0
2025-03-19 00:00:00+00:00,11.350000381469728,34.439998626708984,-0.3983875560346295,-0.05439432407534742,0.00269221709480313,1e-06,-0.0783510177932532,-0.3171578805621711,0.05465998788154004,-1.4334254512287254,1
2025-03-20 00:00:00+00:00,11.4399995803833,34.650001525878906,-0.3800258607745999,-0.035293972250382874,0.0027556501306422393,1e-06,-0.05599387315802063,-0.3219055889214291,0.055115924939245865,-1.0159291206623589,1
2025-03-21 00:00:00+00:00,11.449999809265137,34.59000015258789,-0.3495575878069772,-0.028448722317524634,0.0027801195841889842,1e-06,-0.02475504161270244,-0.32385675890776716,0.055232238215961224,-0.44819913898670566,1
2025-03-24 00:00:00+00:00,11.369999885559082,34.349998474121094,-0.34768663646330467,-0.02761598348487481,0.0027775071807830854,1e-06,-0.021494359625645505,-0.3253952798840067,0.05511484473209095,-0.3899922013774682,1
2025-03-25 00:00:00+00:00,11.350000381469728,33.91999816894531,-0.22100174450472743,-0.04100902803540812,0.0027665459508211527,2.168836253974493e-05,0.09415208242938253,-0.31851621315081413,0.05508212962054378,1.70930359951564,0
2025-03-26 00:00:00+00:00,11.300000190734863,34.0,-0.29829266068730576,-0.044584137829639874,0.002783847448466027,1.4176991397671281e-05,0.01781075209055905,-0.31689159946639195,0.05524323181001814,0.3224060487954497,0
2025-03-27 00:00:00+00:00,11.279999732971191,33.90999984741211,-0.2875917029690065,-0.037543312200936416,0.002807080263707222,9.380674370395269e-06,0.026408030907109924,-0.31496190186616535,0.055425244978605646,0.47646214134558224,0
2025-03-28 00:00:00+00:00,11.34000015258789,33.95000076293945,-0.2412366460761639,-0.03189884223002964,0.0028365985140107112,1e-06,0.06687512589501554,-0.31049414854329277,0.05560710929342095,1.20263625901028,0
2025-03-31 00:00:00+00:00,11.300000190734863,33.65999984741211,-0.18230968012134774,-0.023123274174429935,0.0028599798500602317,1.1918119059833691e-05,0.1163883248059532,-0.30281594322372535,0.05582634779667927,2.084827852788112,-1
2025-04-01 00:00:00+00:00,11.289999961853027,33.970001220703125,-0.2980595181729555,-0.029709278738444773,0.0029095849197774293,1e-06,0.004042280817021122,-0.3023591155702785,0.05619669622761323,0.07193093346001499,-1
2025-04-02 00:00:00+00:00,11.270000457763672,33.83000183105469,-0.27030155402222533,-0.008384611595663491,0.0030047849958517703,1e-06,0.029457254631819856,-0.30073984548098187,0.056982866645461025,0.5169493282094518,-1
2025-04-03 00:00:00+00:00,11.390000343322754,34.45000076293945,-0.3617995855092744,-0.05230490095116989,0.002799512156958268,0.00013432946705230642,-0.05367743617045949,-0.30626545634818925,0.05603513427825603,-0.9579246460606515,0
2025-04-04 00:00:00+00:00,11.399999618530272,34.29999923706055,-0.30063085073399876,-0.05829918408512575,0.0027903950614422807,0.00013806134640632082,0.005246196403055448,-0.3059524792688063,0.056663363227773156,0.09258533387732377,0
2025-04-07 00:00:00+00:00,11.229999542236328,33.880001068115234,-0.3273585223076836,-0.061251505750556226,0.002782258814720424,0.00013924209785389982,-0.01764854135387925,-0.3090921246751448,0.057109199180798216,-0.3090314976753028,0
2025-04-08 00:00:00+00:00,11.260000228881836,34.02000045776367,-0.3451153039022632,-0.05627849186709129,0.002794525598308856,0.00013274358882481123,-0.028939325555886415,-0.3151139326910023,0.0575459664063958,-0.502890599690581,0
2025-04-09 00:00:00+00:00,11.380000114440918,34.20000076293945,-0.28651824930712344,-0.054399383530928484,0.0028151461428197492,0.00011954879558795243,0.02327948231878834,-0.3105618909848354,0.057881272759270914,0.40219368388127985,0
2025-04-10 00:00:00+00:00,11.220000267028809,34.16999816894531,-0.43628342402963405,-0.0677880160634536,0.002855174458506766,0.00011224345761235875,-0.1010975873459615,-0.3317404203129274,0.05828614680352283,-1.734504558806264,1
2025-04-11 00:00:00+00:00,11.300000190734863,34.0099983215332,-0.3017033507215654,-0.09611186258382123,0.0028338290019336086,0.00012134267958809758,0.02586577890693209,-0.3281292333432637,0.05814886544419833,0.4448200099751523,0
2025-04-14 00:00:00+00:00,11.380000114440918,34.40999984741211,-0.3581544516672537,-0.08839135831554895,0.002876984649066554,0.00010424489716232173,-0.024473097962151937,-0.33292221551665163,0.05848590642120758,-0.4184443647996151,0
2025-04-15 00:00:00+00:00,11.470000267028809,34.45000076293945,-0.2817996618032197,-0.12366607941602256,0.002717559184780321,0.00026225228334689427,0.039365253019619406,-0.32247055762657795,0.05779785074180638,0.681085066561925,0
2025-04-16 00:00:00+00:00,11.350000381469728,34.400001525878906,-0.38474349460418544,-0.1411260312084645,0.0026515065706121995,0.0003030807343887428,-0.046569376025563713,-0.33667790399155406,0.05773389538811607,-0.8066210622460362,0
2025-04-17 00:00:00+00:00,11.4399995803833,34.5,-0.328856401206842,-0.1422682450874522,0.0026533714606732195,0.00029993274622748664,0.007475439923782487,-0.3363627103452822,0.05799483454189262,0.12889837487824188,0
2025-04-22 00:00:00+00:00,11.550000190734863,34.81999969482422,-0.3280160900593092,-0.16311804601175245,0.0025423504230203293,0.0003659280025894679,0.005316971744763977,-0.33357828514264243,0.05729140601585996,0.09280574722310152,0
2025-04-23 00:00:00+00:00,11.720000267028809,35.380001068115234,-0.3490471880191226,-0.15751636096966798,0.0025412037174211348,0.0003685927258317888,-0.010734254824350472,-0.3379416226387889,0.05742741243437935,-0.1869186572983102,0
2025-04-24 00:00:00+00:00,11.949999809265137,36.11000061035156,-0.368069659672825,-0.1809993562595938,0.0024464289355337018,0.00041597393764807077,-0.019104710587322556,-0.34815415953011164,0.05669195286220199,-0.33699157680737024,0
2025-04-25 00:00:00+00:00,12.0,35.970001220703125,-0.2703120006978761,-0.17177987704973496,0.0025201110157646346,0.00036849787945670946,0.05309882094290094,-0.3252812960577453,0.05730079010609847,0.9266682159981191,0
2025-04-28 00:00:00+00:00,11.979999542236328,36.13999938964844,-0.3483032980978198,-0.17654131782696186,0.002530196547052947,0.0003571861255613194,-0.018543958400256307,-0.32941679080981734,0.05731999620506469,-0.3235163926723672,0
2025-04-29 00:00:00+00:00,12.020000457763672,36.15999984741211,-0.31512506393240614,-0.18005494521706147,0.0025141539250445977,0.00037331622845717186,0.010669337299518779,-0.3260697157900783,0.05719109300448678,0.18655592573972565,0
2025-04-30 00:00:00+00:00,11.949999809265137,35.91999816894531,-0.3032548373812123,-0.17653299034405734,0.002530970590161205,0.0003585226880308593,0.014737652749304487,-0.31861353639411616,0.05731017567069076,0.2571559513966301,0
2025-05-02 00:00:00+00:00,11.779999732971191,35.400001525878906,-0.2958704034386681,-0.17742122524300147,0.002526221641028555,0.0003637879834875136,0.014434857005256563,-0.3109434207055976,0.057269792336718105,0.25205010209198475,0
2025-05-05 00:00:00+00:00,11.6899995803833,35.380001068115234,-0.3790478746646304,-0.17571732348087357,0.002556376970965792,0.00035566199448446066,-0.04687502820415456,-0.33053083102020353,0.05753303496594522,-0.8147497908271427,0
2025-05-06 00:00:00+00:00,11.75,35.189998626708984,-0.2542326327563167,-0.1866922729666927,0.0025851876672449473,0.0003317151304305867,0.054837293003316454,-0.3107521842705133,0.05768455388513758,0.9506408442112486,0
2025-05-07 00:00:00+00:00,11.619999885559082,34.880001068115234,-0.2784844393208754,-0.16572355478836573,0.002672616631042743,0.0002859217621248018,0.019868397401494816,-0.2993852485563614,0.05832514019247112,0.3406489437647253,0
2025-05-08 00:00:00+00:00,11.9399995803833,35.720001220703125,-0.24503085523058843,-0.18966621628876948,0.002539537078309529,0.0003887318450380411,0.03541669318992799,-0.28190381181787166,0.05736926696588979,0.6173460994540125,0
2025-05-09 00:00:00+00:00,11.850000381469728,35.58000183105469,-0.28727258590407523,-0.19650133077968238,0.0025344655202894114,0.00036093459614819964,-0.005888612872973973,-0.28142366293027415,0.05728627497922238,-0.10279273482365124,0
2025-05-12 00:00:00+00:00,11.760000228881836,35.31999969482422,-0.2885791820803103,-0.19148537398786447,0.0025459481678896116,0.00035291668876429776,-0.004475365901784835,-0.2838965716126627,0.05736317282071524,-0.07801810258599698,0
2025-05-13 00:00:00+00:00,11.579999923706056,34.900001525878906,-0.3253070825358293,-0.21986186464700586,0.0023949993561939273,0.00037289946281227494,-0.026999760308258566,-0.29722260859727867,0.055884713970553536,-0.4831331931390958,0
2025-05-14 00:00:00+00:00,11.630000114440918,34.869998931884766,-0.265072219111369,-0.20964409209590695,0.002405857239921336,0.0003609699041910962,0.02329769120269852,-0.2890544142122847,0.055929837203811394,0.41655210112270585,0
2025-05-15 00:00:00+00:00,11.739999771118164,35.40999984741211,-0.3392810553259533,-0.24355679258302257,0.0023027460652461185,0.0004053810947803895,-0.0346136388078783,-0.3035122897069542,0.05496366002069139,-0.6297549834717665,0
2025-05-16 00:00:00+00:00,11.739999771118164,35.400001525878906,-0.33587036529169545,-0.20304254719533052,0.002482759750309315,0.00020904672659558627,-0.020587049248198472,-0.3142392747313563,0.056041129039434597,-0.36735607581553065,0
2025-05-19 00:00:00+00:00,11.850000381469728,35.630001068115234,-0.30432863866218973,-0.19297325149699132,0.002406376713928928,0.00026241007847629776,0.008128828019201246,-0.31262081583819235,0.055285047458631185,0.14703483840334772,0
2025-05-20 00:00:00+00:00,11.869999885559082,35.869998931884766,-0.36619870832915247,-0.23775808231346562,0.002270283040964014,0.00030114361636030505,-0.03709230234885965,-0.3276683533771695,0.05397050183230425,-0.6872699176322632,0
2025-05-21 00:00:00+00:00,11.779999732971191,35.40999984741211,-0.299281093472926,-0.24302621408523753,0.0022578748627186517,0.00028797976432097224,0.022243013097296222,-0.3220672798775087,0.0537650715254364,0.4137074957070036,0
2025-05-22 00:00:00+00:00,11.760000228881836,35.400001525878906,-0.3158699075280236,-0.23758744277241778,0.0022730646334796468,0.0002794595030081808,0.0026167845647225504,-0.31881013619600923,0.0538585567199787,0.04858623632132832,0
2025-05-23 00:00:00+00:00,11.720000267028809,35.529998779296875,-0.4002153462934661,-0.20396228292571808,0.0024042931568677662,0.000175148851539411,-0.05897815700191665,-0.33894019934360176,0.05473490396082743,-1.0775237140111915,0
2025-05-26 00:00:00+00:00,11.800000190734863,35.84000015258789,-0.42596503175718325,-0.2015305346460741,0.0023802764540690833,0.00023761117652720647,-0.05910968727200352,-0.3640256730072565,0.05462332267053349,-1.0821327664106049,0
2025-05-27 00:00:00+00:00,12.119999885559082,36.52000045776367,-0.3379312980648823,-0.20190359565184995,0.0024186022016640146,0.00020499033262817322,0.0221948545913958,-0.36052843533749135,0.05489678945511811,0.4043015049093466,0
2025-05-28 00:00:00+00:00,11.84000015258789,35.61000061035156,-0.30750618618209913,-0.18139582959404107,0.0024869928410311284,0.00019612757691739096,0.03790080048208908,-0.3470187091989155,0.05551329213774444,0.6827337926211672,0
2025-05-29 00:00:00+00:00,11.770000457763672,35.4900016784668,-0.3365710941281588,-0.19111423078747658,0.0024377001298513347,0.00024425795949174463,0.005517067260026372,-0.34258680368345135,0.05523855246347092,0.09987711505790799,0
2025-05-30 00:00:00+00:00,11.739999771118164,35.380001068115234,-0.32904768392976713,-0.19747400117857586,0.002408211194314445,0.000245180145764105,0.009350710360072912,-0.33880957668330375,0.0550296432850543,0.16992133333730886,0
2025-06-02 00:00:00+00:00,11.520000457763672,34.86000061035156,-0.37166118575435725,-0.19798365187524675,0.0023568162403406127,0.0002908333472322099,-0.023509312434996283,-0.34728198606353017,0.05475856685478418,-0.429326656728276,0
2025-06-03 00:00:00+00:00,11.720000267028809,35.29999923706055,-0.32175646257140933,-0.24902008382108937,0.0021848097424058536,0.00031169016802810043,0.019081184713461322,-0.34139645235173915,0.05308340625540586,0.3594566750606391,0
2025-06-04 00:00:00+00:00,11.510000228881836,34.70000076293945,-0.3270812650341792,-0.2498689402450517,0.001999230753669391,0.0004440738825734359,0.007251796228749053,-0.33488438588997615,0.05162180045469113,0.14047933556897174,0
2025-06-05 00:00:00+00:00,11.43000030517578,34.400001525878906,-0.3047435708981343,-0.2026630773735879,0.0019189806147806457,0.000523335453511922,0.017478938936029996,-0.3231385915782169,0.051238564866391854,0.3411285812084619,0
2025-06-06 00:00:00+00:00,11.479999542236328,34.369998931884766,-0.2445096611479869,-0.09888738149407757,0.002080196382577289,0.00038912970350321813,0.049294554995047805,-0.296176241006893,0.05292920585951285,0.9313299565817725,0
2025-06-09 00:00:00+00:00,11.25,34.04999923706055,-0.3653489041802853,-0.07978536275335302,0.0021757672020713548,0.00027736157518000286,-0.04736403729437487,-0.31603976525550487,0.05356947509656448,-0.8841609369700997,0
2025-06-10 00:00:00+00:00,11.329999923706056,34.18000030517578,-0.3296957586800566,-0.0263846024895773,0.0023840847602550567,8.550026747021705e-05,-0.00972567854829821,-0.31951298682182416,0.05477825841267987,-0.17754632640980322,0
2025-06-11 00:00:00+00:00,11.220000267028809,34.0099983215332,-0.3817032744276201,-0.06658982937372603,0.002231875771127625,0.00022296927555310415,-0.04399701709019608,-0.33574019454362064,0.053415061827589205,-0.8236818527367379,0
2025-06-12 00:00:00+00:00,11.270000457763672,33.97999954223633,-0.32146971229656884,-0.09198865799479666,0.0021135824423793932,0.00029746881215346943,0.010992000023872187,-0.3327818281938177,0.05252319552147417,0.209278965507308,0
2025-06-13 00:00:00+00:00,11.34000015258789,33.970001220703125,-0.24805932743809223,-0.04897436878039654,0.0022524860839633963,0.00022912241921248808,0.0594132526426117,-0.31009938542962767,0.053867510783896885,1.102951515264237,0
2025-06-16 00:00:00+00:00,11.380000114440918,34.459999084472656,-0.3752105044253682,-0.10503471829027723,0.002138765003995162,0.00028960515623679137,-0.046058291229818846,-0.32734783354414954,0.05284074061149302,-0.8716435594356721,0
2025-06-17 00:00:00+00:00,11.399999618530272,34.4900016784668,-0.36544567302561326,-0.05511942047535294,0.002255659919937125,0.0002263388029283453,-0.025974273956007845,-0.3382262531253952,0.053912478735535604,-0.48178593463348385,0
2025-06-18 00:00:00+00:00,11.380000114440918,34.2400016784668,-0.3001636120309801,-0.061194784669248325,0.0022526491691151292,0.00023424108616333693,0.02715521065779728,-0.3284349254447426,0.053871432030160774,0.5040744163361762,0
2025-06-20 00:00:00+00:00,11.40999984741211,34.540000915527344,-0.37250149690189005,-0.03367425343723738,0.00238335645904436,8.983695851268354e-05,-0.03313397737456644,-0.3380270510377591,0.05452337943375051,-0.6077021952541736,0
2025-06-23 00:00:00+00:00,11.359999656677246,34.2599983215332,-0.3269854498631677,-0.03547903385155191,0.0023691247490549663,0.0001038711288224056,0.00866185250345746,-0.33596078150548114,0.05410076269941767,0.16010592219526495,0
2025-06-24 00:00:00+00:00,11.380000114440918,34.29999923706055,-0.32063035482335245,-0.019476058532351372,0.0024260633629346164,5.77064914990791e-05,0.011987020667141456,-0.3331164483625501,0.05424102168965539,0.2209954807954432,0
2025-06-25 00:00:00+00:00,11.350000381469728,34.459999084472656,-0.4052102373965578,-0.03762627913330815,0.0023756563788193494,8.412727276459241e-05,-0.05666895246323187,-0.3461918741099785,0.053613219471599666,-1.0569958868679936,0
2025-06-26 00:00:00+00:00,11.4399995803833,34.45000076293945,-0.3118003484487275,-0.032458716097312476,0.0022896565402528474,0.0001335632246132882,0.026925068772123372,-0.3398142886154972,0.05295698134967621,0.5084328465464544,0
2025-06-27 00:00:00+00:00,11.4399995803833,34.400001525878906,-0.294744295690613,-0.061245066112381646,0.002206592660787776,0.00016708663171031285,0.03331868785322036,-0.3296273022490646,0.052364498595453064,0.6362839088869554,0
2025-06-30 00:00:00+00:00,11.550000190734863,34.93000030517578,-0.36554018690321044,-0.02353590025570271,0.0024087241096185635,1e-06,-0.028987083724527477,-0.33538762739331823,0.0536187594798037,-0.5406145909706451,0
2025-07-01 00:00:00+00:00,11.56999969482422,35.06999969482422,-0.39329815105393884,-0.003017963174926455,0.0024728968303644617,1e-06,-0.04808659610867829,-0.3432643926610626,0.053766150171284575,-0.8943656176885876,0
2025-07-02 00:00:00+00:00,11.489999771118164,34.5,-0.2788562104719787,0.0089886174883966,0.002540865889937128,1e-06,0.05470891942503692,-0.3357378463497269,0.054069494041170785,1.0118259916280934,0
2025-07-03 00:00:00+00:00,11.59000015258789,35.060001373291016,-0.36988700325601087,-0.027213079810157467,0.0024664397765717643,1e-06,-0.02942689041242544,-0.3393312197735345,0.05306758324524924,-0.554517251641751,0
2025-07-04 00:00:00+00:00,11.619999885559082,35.029998779296875,-0.3296525975952207,-0.03809461621847981,0.002400430565239313,1e-06,0.008496960261075664,-0.3384554868241639,0.052185103637177925,0.16282348158492924,0
2025-07-07 00:00:00+00:00,11.5600004196167,34.72999954223633,-0.28731444569550213,-0.014880426667705024,0.002481007394901492,1e-06,0.044788365344716835,-0.3339105384094204,0.05277649604449523,0.8486422688417264,0
2025-07-08 00:00:00+00:00,11.420000076293944,34.599998474121094,-0.38296801081242826,0.0008876152605469636,0.002580716752508162,1e-06,-0.043544430957463576,-0.3377346137567034,0.053578649795833856,-0.8127198263374208,0
2025-07-09 00:00:00+00:00,11.380000114440918,34.22999954223633,-0.2967516207033096,-0.0035196458518444466,0.002585772312404852,1e-06,0.03660457150029693,-0.33476549187544924,0.05350167001075394,0.6841762414694595,0
2025-07-10 00:00:00+00:00,11.359999656677246,34.15999984741211,-0.2928733443469387,0.008588734417743535,0.002633332698940092,1e-06,0.03771356741467364,-0.33200799162446826,0.05384638579629561,0.7003918063757617,0
2025-07-11 00:00:00+00:00,11.270000457763672,34.0,-0.32829239365849716,0.0034625575834854113,0.00260461447717846,1e-06,0.0033639822278431555,-0.33178054590259504,0.0534847999053869,0.0628960421240043,0
2025-07-14 00:00:00+00:00,11.15999984741211,33.880001068115234,-0.39735821713190234,0.0035308646953361657,0.0026134263388618737,1e-06,-0.059381642389249686,-0.3357034379243111,0.05348680768230951,-1.1102110027196457,0
2025-07-15 00:00:00+00:00,11.199999809265137,33.70000076293945,-0.2959554243149327,-0.0011596807461388573,0.002629854552881072,1e-06,0.03612812809695502,-0.3334546079218613,0.05356872250797209,0.6744257918709643,0
2025-07-16 00:00:00+00:00,11.170000076293944,33.790000915527344,-0.35665657276809704,-0.047734839955586535,0.0024565299908572195,1e-06,-0.02113324722409552,-0.3347356941989874,0.051834112481213356,-0.40770925192854435,0
2025-07-17 00:00:00+00:00,11.119999885559082,33.58000183105469,-0.3350205611428283,-0.033560261186208494,0.002518637788644661,1e-06,-0.00019476175187434761,-0.3347899774652038,0.052370609508634904,-0.0037189132168155337,0
2025-07-18 00:00:00+00:00,11.170000076293944,33.810001373291016,-0.36347925413002535,-0.0708660378372398,0.0023481291525143623,1e-06,-0.025948506258094976,-0.3364300377034265,0.05063516866524109,-0.5124601525403337,0
2025-07-21 00:00:00+00:00,11.270000457763672,33.790000915527344,-0.2566561912983687,-0.09563562546025987,0.002318423620098847,1e-06,0.07245267337268493,-0.3321088451457613,0.050272871982337285,1.441188269453558,-1
2025-07-22 00:00:00+00:00,11.100000381469728,33.369998931884766,-0.28338256157863917,-0.026947456325897037,0.0021944731769044175,1e-06,0.04395941557492841,-0.3294309525735145,0.048969481907246065,0.8976900278053318,-1
2025-07-23 00:00:00+00:00,11.229999542236328,33.70000076293945,-0.2659556913437413,-0.03766683295764871,0.002010373157780451,5.4344994744926194e-05,0.05560788760284048,-0.32440556816935295,0.04742896361714287,1.1724457665092516,-1
2025-07-24 00:00:00+00:00,11.170000076293944,33.56999969482422,-0.28160837908029634,-0.03189833465496605,0.002056918996119916,1e-06,0.037725600457215985,-0.3212495795593192,0.047819684793512014,0.78891361622556,-1
2025-07-25 00:00:00+00:00,11.050000190734863,33.4900016784668,-0.3743188404850759,-0.06641119779854314,0.0019547286259553095,4.9420573961671266e-05,-0.046236121120508775,-0.32585737137751947,0.04702038183042788,-0.9833208349360618,0
2025-07-28 00:00:00+00:00,11.039999961853027,33.29999923706055,-0.31950424707529734,-0.061344544394051535,0.0020000176310978005,1e-06,0.005909671091147659,-0.32556671470500514,0.047362810773883275,0.12477450122969391,0
2025-07-29 00:00:00+00:00,11.09000015258789,33.369998931884766,-0.2933827904604769,-0.03128623779174537,0.0021035151873477,1e-06,0.028510101611440207,-0.32325372887568105,0.04835252617057421,0.5896300332037365,0
2025-07-30 00:00:00+00:00,11.130000114440918,33.650001525878906,-0.3488990663810352,-0.028474490042207302,0.0021193082063489816,1e-06,-0.022954245847488043,-0.32490216114717213,0.048428157763985694,-0.47398552634100616,0
2025-07-31 00:00:00+00:00,11.09000015258789,33.36000061035156,-0.289972100426219,-0.04532239879313629,0.002091014893861455,1e-06,0.03131278194163666,-0.32272802157675023,0.04804907561837768,0.6516833370600835,0
2025-08-01 00:00:00+00:00,11.119999885559082,33.439998626708984,-0.2872617916093301,-0.03212002752082467,0.002123505780283134,1e-06,0.03177074576358752,-0.32057289294766994,0.04832168087307337,0.6574842842706525,0
2025-08-04 00:00:00+00:00,11.010000228881836,33.43000030517578,-0.3938507582523183,-0.01049879570060046,0.0022390080511384292,1e-06,-0.06649175809618496,-0.32440591515456996,0.04945857006043508,-1.3443930549333807,1
2025-08-05 00:00:00+00:00,11.050000190734863,33.31999969482422,-0.3163266995553897,-0.017640577835144607,0.0022430953157241665,1e-06,0.0074507819779636155,-0.3240570909210816,0.04945041790282974,0.15067176970282498,0
2025-08-06 00:00:00+00:00,11.09000015258789,33.40999984741211,-0.3070281531843353,0.006141951387472307,0.002325442938525928,1e-06,0.015580763670090172,-0.32327715601589996,0.050243031821662544,0.31010795139501207,0
2025-08-07 00:00:00+00:00,11.170000076293944,33.630001068115234,-0.3020764231660813,-0.018075049086733228,0.002196766201551997,1e-06,0.01928740773926678,-0.3222538285646397,0.048894352958029165,0.39447107022406164,0
2025-08-08 00:00:00+00:00,11.149999618530272,33.58000183105469,-0.30502082817163867,0.007861864280872294,0.002171692482314826,1e-06,0.015741098378210177,-0.3214800383971827,0.04860153007267863,0.32388071640277516,0
2025-08-11 00:00:00+00:00,11.06999969482422,33.439998626708984,-0.3372619823441916,-0.08170186604586822,0.00191600104829774,6.596388479302318e-06,-0.014305292847042534,-0.3222804975831908,0.04586973211537675,-0.3118678088431003,0
2025-08-12 00:00:00+00:00,11.210000038146973,33.56999969482422,-0.24160841722726722,-0.06094352251037089,0.0020260614088134835,1e-06,0.07317656738878617,-0.3183419843220894,0.047021359379407185,1.5562410009956784,-1
2025-08-13 00:00:00+00:00,11.029999732971191,33.18000030517578,-0.28856968907897595,-0.1021358786045556,0.0018912029399736502,1e-06,0.02607159824362387,-0.31640427451538494,0.045504086259455644,0.5729507037009506,-1
2025-08-14 00:00:00+00:00,11.149999618530272,33.33000183105469,-0.2197392630876518,-0.11119885726772404,0.0018106107299630501,3.2771831012554575e-05,0.08519765947866934,-0.3097700618493154,0.04483985442994309,1.900043177253853,-1
2025-08-15 00:00:00+00:00,11.1899995803833,33.83000183105469,-0.3503024314025964,-0.13784513025632492,0.001791127104321548,6.1028651041250504e-05,-0.036503377202805394,-0.3124313638988744,0.045045650842986625,-0.8103640755473462,0
2025-08-18 00:00:00+00:00,11.369999885559082,34.25,-0.3135745309470739,-0.10576484720999636,0.0018901781547080426,1e-06,-0.000506473769766749,-0.3128392754097034,0.046010773404803584,-0.01100772128542122,0
2025-08-19 00:00:00+00:00,10.9399995803833,33.11000061035156,-0.35469110754682376,-0.13411682669847164,0.001792405144156376,9.105002077047872e-05,-0.03495503344230599,-0.31780664614381177,0.04552289955531473,-0.767856041327777,0
2025-08-20 00:00:00+00:00,11.020000457763672,33.2400016784668,-0.31903700837228044,-0.12706544618124752,0.0017960956208226066,7.294132276801845e-05,-0.00019817714832205593,-0.3185846773050633,0.045862414586519275,-0.004321123301264382,0
2025-08-21 00:00:00+00:00,11.020000457763672,33.209999084472656,-0.3088023356826817,-0.12133534252209278,0.0018019873296111516,7.05284838421129e-05,0.007904251223531965,-0.31713629104789043,0.04612568111869281,0.17136334969650352,0
2025-08-22 00:00:00+00:00,11.25,33.7599983215332,-0.2664219763724418,-0.14474679869856186,0.0017322156860877583,0.00013030388049369793,0.03886700855456567,-0.30754379742136423,0.04584936180801593,0.8477110045132729,0
2025-08-25 00:00:00+00:00,11.25,33.900001525878906,-0.31418074590594003,-0.13752639318965576,0.0017749264533140228,6.187215869430198e-05,-0.006352997195305907,-0.3077724439672174,0.046208489434953655,-0.13748549829244766,0
2025-08-26 00:00:00+00:00,11.350000381469728,34.189998626708984,-0.3131059909506426,-0.12347114490982633,0.0017377119456642564,8.714635129716624e-05,-0.003945109323828425,-0.3088948880259456,0.04589530620983526,-0.08595888446176217,0
2025-08-27 00:00:00+00:00,11.390000343322754,34.439998626708984,-0.35838759418160393,-0.14329693248802972,0.0016642180414448823,0.000153016112233057,-0.036438925634113835,-0.31978914739443015,0.045489686599913544,-0.8010370780216166,0
2025-08-28 00:00:00+00:00,11.5,34.72999954223633,-0.34731486531220135,-0.17961727546283776,0.001563318321343615,0.00020838464762792616,-0.017104969325696287,-0.32876418167477833,0.044768016453286874,-0.3820801250719795,0
2025-08-29 00:00:00+00:00,11.5,34.869998931884766,-0.395072333552287,-0.18506291876407172,0.0015171728632983016,0.0002542476595096554,-0.042762671378230394,-0.34944096566012955,0.04462101897985743,-0.9583526408828557,0
2025-09-01 00:00:00+00:00,11.449999809265137,34.58000183105469,-0.34614689777271934,-0.21217832991770944,0.0014688958438654383,0.0002687397667896674,0.005383361725002693,-0.35129623628010137,0.044185962678829536,0.12183420703385466,0
2025-09-02 00:00:00+00:00,11.329999923706056,34.290000915527344,-0.3672198555239561,-0.21801132190571562,0.0014371707538104216,0.00028724115883667443,-0.010394217877306936,-0.356231390286483,0.04390162368750691,-0.23676158201558314,0
2025-09-03 00:00:00+00:00,11.380000114440918,34.279998779296875,-0.31380767346142413,-0.23011885721342107,0.0014075612530918106,0.0003179438483128113,0.026830249313201205,-0.34223318422346144,0.04365633715906149,0.6145785711578464,0
2025-09-04 00:00:00+00:00,11.5,34.619998931884766,-0.3097907684683019,-0.20780969691246803,0.0014528553995869235,0.0002862617858837644,0.01808910266337126,-0.32939175665870213,0.044191955108787366,0.40933021901478006,0
2025-09-05 00:00:00+00:00,11.609999656677246,34.79999923706055,-0.2611939427549981,-0.21185531565582838,0.001420386604416891,0.00032857577492972564,0.03991201942909755,-0.3039546632236892,0.04393912494273976,0.9083480720453532,0
2025-09-08 00:00:00+00:00,11.579999923706056,34.959999084472656,-0.34577382532820344,-0.2175006304013201,0.0014323166413563692,0.00031858958587157996,-0.028835752456791652,-0.315641296584513,0.04408494687154283,-0.6540952071648146,0
2025-09-09 00:00:00+00:00,11.609999656677246,34.97999954223633,-0.32259677371894213,-0.17462168245179027,0.0015113667656564426,0.00024193801532260053,-0.0026294821456105478,-0.31948990866871796,0.044855160796426104,-0.05862161898258216,0
2025-09-10 00:00:00+00:00,11.529999732971191,34.900001525878906,-0.37530727327069435,-0.2189202182617478,0.0014062223715114953,0.00032437963527363564,-0.03364280670305757,-0.3394218345530652,0.043710344351134134,-0.7696760847454787,0
2025-09-11 00:00:00+00:00,11.619999885559082,34.84000015258789,-0.2648390765970188,-0.2347681362025854,0.0014159710315843203,0.00031857611026972184,0.048382512032248665,-0.31583696014003637,0.043817661963293716,1.1041783122243936,0
2025-09-12 00:00:00+00:00,11.539999961853027,34.84000015258789,-0.34483900030307346,-0.23783566008817397,0.0014405023831797334,0.000293562615533198,-0.02230003415993197,-0.32185345874373694,0.04402511598456137,-0.5065298219260137,0
2025-09-15 00:00:00+00:00,11.649999618530272,35.0099983215332,-0.29283018326210275,-0.24198166285624143,0.0013995335311425673,0.00026848584935118807,0.020020792970997642,-0.3138042246400733,0.043342666533862234,0.4619188105410183,0
2025-09-16 00:00:00+00:00,11.699999809265137,35.290000915527344,-0.33834623030082334,-0.2512486739335955,0.0013589026557942856,0.0002987710564099353,-0.01693408254605304,-0.3206153433061783,0.04285563896896015,-0.39514245857629615,0
2025-09-17 00:00:00+00:00,11.720000267028809,35.540000915527344,-0.40362733762113656,-0.22903102432153702,0.0014254512982149565,0.0002647563133451132,-0.05077660051542757,-0.34931535773598144,0.043629623651435606,-1.1638101882585639,0
2025-09-18 00:00:00+00:00,11.739999771118164,35.45000076293945,-0.35292641804980995,-0.2456654045345034,0.0013865848362280755,0.0002898751614469827,0.0025420800714216676,-0.3548139749904563,0.043186354801662316,0.05886303864024705,0
2025-09-19 00:00:00+00:00,11.84000015258789,35.810001373291016,-0.3757316985079697,-0.2532041316410278,0.0013753100894026724,0.0002564030293439013,-0.013283942255921045,-0.36161148481064803,0.042882609752898995,-0.3097745760453166,0
2025-09-22 00:00:00+00:00,11.81999969482422,35.70000076293945,-0.35820805942774037,-0.25542437598596557,0.0013123341747256177,0.00030693783789273454,0.0033993222577790366,-0.36160781623784044,0.04220091704681185,0.08055090968777526,0
2025-09-23 00:00:00+00:00,12.029999732971191,36.09999847412109,-0.2846577446390981,-0.26438960011539303,0.0013076135332373057,0.00031603433714477757,0.045774640351420696,-0.3336550924329168,0.04218637312038656,1.0850574952436502,0
2025-09-24 00:00:00+00:00,11.9399995803833,36.040000915527344,-0.3541911544346181,-0.21566525514086762,0.0014417821353012756,0.00016505572611073284,-0.016903910866824856,-0.3368343373255963,0.043378793155988304,-0.389681446554751,0
2025-09-25 00:00:00+00:00,11.979999542236328,36.150001525878906,-0.35171528942549024,-0.19944664195877593,0.0014604359897771265,0.00016136605713454278,-0.008990556919381448,-0.34192848411796445,0.043438168223278076,-0.20697366595130728,0
2025-09-26 00:00:00+00:00,12.0,36.34999847412109,-0.3999390426942764,-0.2175552189390711,0.001412605760994761,0.0002125365882497507,-0.037641145475693256,-0.35967701157300785,0.04298563102843375,-0.8756680912929887,0
2025-09-29 00:00:00+00:00,12.239999771118164,36.7599983215332,-0.29980098626211493,-0.2300133176059153,0.001425064339838861,0.00020359681095336404,0.04249827362559676,-0.34450672945455824,0.04313105684308523,0.985328826516109,0
2025-09-30 00:00:00+00:00,12.130000114440918,36.65999984741211,-0.375688537423132,-0.23635464316447796,0.001420721115484986,0.00020336157566169604,-0.02399502785978139,-0.3507830809025421,0.043063419476264644,-0.5572021021927156,0
2025-10-01 00:00:00+00:00,12.1899995803833,36.93000030517578,-0.4077933179266644,-0.17886334654289493,0.0014675124735611333,0.0001705872823667715,-0.03728910684756445,-0.36781665156335147,0.04358287031834759,-0.8555908909897204,0
2025-10-02 00:00:00+00:00,12.119999885559082,36.5,-0.331108616702954,-0.15343821558689189,0.0014653488264190502,0.00018026126179686557,0.026723459566540292,-0.35920350343021096,0.043622565473233316,0.6126063260295347,0
2025-10-03 00:00:00+00:00,12.100000381469728,36.70000076293945,-0.4193336331181783,-0.1761363335761795,0.0014432315714990034,0.00017700318064125154,-0.042002646130661556,-0.37488045601708686,0.04331147831249823,-0.969780939537707,0
2025-10-06 00:00:00+00:00,12.020000457763672,36.369998931884766,-0.3867612662925346,-0.11032321999707718,0.0016098315570332066,2.10730147925406e-05,-0.007734070331506638,-0.3782800714603464,0.044555432001946206,-0.1735831072442258,0
2025-10-07 00:00:00+00:00,11.960000038146973,36.0,-0.3205453339470896,-0.04710696216897623,0.0017458028769108914,1e-06,0.04634408568624584,-0.3695007340379902,0.04562067808519514,1.0158570111496317,0
2025-10-08 00:00:00+00:00,12.0,36.209999084472656,-0.3521815744541925,-0.055481580182545405,0.0017048226540800331,1e-06,0.013675375360643954,-0.36680150991837146,0.04478564509760651,0.3053517556984975,0
2025-10-09 00:00:00+00:00,11.970000267028809,35.880001068115234,-0.26961031818709635,-0.09565414947498727,0.0016217329141136373,4.122928048590343e-05,0.07812242792569897,-0.3525600043004947,0.043809927664346424,1.7832128946717456,-1
2025-10-10 00:00:00+00:00,11.93000030517578,35.83000183105469,-0.2925542272820092,-0.08228470453273767,0.0016557903715928837,1.997851938928411e-05,0.0480104355931961,-0.34381346367333254,0.04405106630849098,1.089881349454234,-1
2025-10-13 00:00:00+00:00,11.9399995803833,36.02000045776367,-0.3473684730726898,-0.06509068356516186,0.0017171013538950734,1e-06,-0.003486157810056186,-0.3438614590923698,0.04451029847642475,-0.07832249904822944,0
2025-10-14 00:00:00+00:00,11.890000343322754,35.849998474121094,-0.3393755692035523,-0.0675247403145175,0.0016533769860619424,2.4600198501513243e-05,0.003786971250505284,-0.3433756251438508,0.04376395445748124,0.08653174278810902,0
2025-10-15 00:00:00+00:00,11.989999771118164,36.33000183105469,-0.40311789150759836,-0.07959992374359262,0.0015900046541969853,9.893428644819412e-05,-0.04781987611441147,-0.3523389523087174,0.0435649492778036,-1.0976685823613654,0
2025-10-16 00:00:00+00:00,12.010000228881836,36.27000045776367,-0.36264938965814153,-0.08065122516445176,0.001595623296088013,8.732431943393737e-05,-0.007231399053731404,-0.3547318486357016,0.04391418796013076,-0.1646711322613256,0
2025-10-17 00:00:00+00:00,12.0600004196167,36.66999816894531,-0.44909892228160864,-0.11747263058915862,0.0015293197433710434,0.00015304204853446154,-0.069445979480178,-0.3751578224779417,0.043688832882705524,-1.5895590451368773,1
2025-10-20 00:00:00+00:00,12.109999656677246,36.470001220703125,-0.33087547418860375,-0.14214904356270514,0.001541228134610237,0.00014398189593507835,0.034701274117256105,-0.3671360725572473,0.044058480960592665,0.7876184870807065,0
2025-10-21 00:00:00+00:00,12.0600004196167,36.4900016784668,-0.38769739261107894,-0.13641937020690623,0.0015413284339788214,0.00013666409990730041,-0.016064294557042252,-0.3709220545404112,0.04415167617341521,-0.363843367892677,0
2025-10-22 00:00:00+00:00,12.09000015258789,36.540000915527344,-0.37475371239800204,-0.11821100517763272,0.0014963042619247076,0.0001819758133041569,-0.0020739358931977266,-0.3724220928381736,0.04392529865270042,-0.04721506641526787,0
2025-10-23 00:00:00+00:00,12.220000267028809,36.79999923706055,-0.3334458530753288,-0.14918033554606824,0.0014350676624326915,0.0002125932930292305,0.026003281742179266,-0.3611632280617878,0.043401752339675775,0.5991297664359125,0
2025-10-24 00:00:00+00:00,12.15999984741211,36.970001220703125,-0.45143841362171244,-0.11542867966435977,0.001601995358076645,6.870428257240921e-05,-0.06634501592266842,-0.38125925309670455,0.044842801971874444,-1.4795020160488686,1
2025-10-27 00:00:00+00:00,12.350000381469728,37.31999969482422,-0.38083155016430936,-0.11140200531567195,0.0016318429393172476,4.720805136954444e-05,0.0021352618802432284,-0.38265292273649554,0.04477696702889283,0.04768661260298017,0
2025-10-28 00:00:00+00:00,12.449999809265137,37.65999984741211,-0.396815102934859,-0.11330904739330704,0.001622072712950838,6.327129786658898e-05,-0.010868634464724013,-0.3853065340625537,0.044511160676062346,-0.24417773654168168,0
2025-10-29 00:00:00+00:00,12.399999618530272,37.650001525878906,-0.4434046036354662,-0.09323345584175838,0.0016865580879264338,8.791036305295106e-06,-0.046099168032705404,-0.39456003173966375,0.044816584023224235,-1.0286185133792554,0
2025-10-30 00:00:00+00:00,12.550000190734863,38.119998931884766,-0.45373248890924955,-0.08645454874692962,0.0016753797637944644,2.975815129323961e-05,-0.046925887331360064,-0.40380957853836996,0.04454015372927613,-1.053563658908429,0
2025-10-31 00:00:00+00:00,12.619999885559082,38.09999847412109,-0.37691011272309893,-0.06535685738412883,0.0017361294557038658,1e-06,0.02285300329200912,-0.4008922405896071,0.04493065231130261,0.5086283442686695,0
2025-11-03 00:00:00+00:00,12.670000076293944,38.61000061035156,-0.5008850434838834,-0.10762197410966047,0.0017060470820395395,6.9866179039966905e-06,-0.08396633490559181,-0.41220951693554825,0.04437303580640382,-1.8922828555596365,1
2025-11-04 00:00:00+00:00,12.920000076293944,39.47999954223633,-0.5476645256140014,-0.017310098895458904,0.0019438815243429206,1e-06,-0.11743812348421555,-0.4241202066089852,0.0468722395444563,-2.505494182176436,1
2025-11-05 00:00:00+00:00,13.149999618530272,40.02000045776367,-0.5018734762695036,-0.047043736397939274,0.0018236717169012333,1e-06,-0.06658291822616526,-0.43135466841780806,0.045404719401645074,-1.4664316640122848,1
2025-11-06 00:00:00+00:00,13.350000381469728,40.2400016784668,-0.37692090701784764,0.02441692574228386,0.0020710718352092224,1e-06,0.048228880827264835,-0.4275611146177782,0.04799591340991372,1.0048539011094848,0
2025-11-07 00:00:00+00:00,13.43000030517578,40.54999923706055,-0.40266929118815575,0.008933506059843322,0.001979192088589556,1e-06,0.022146150179102975,-0.42591332257653114,0.04693071119782373,0.4718903595079108,0
2025-11-10 00:00:00+00:00,13.449999809265137,40.95000076293945,-0.5191208117505415,0.039373269350618315,0.0021165948512936617,1e-06,-0.08371529503888189,-0.43139976352221426,0.04832128863398067,-1.7324723202851697,1
2025-11-11 00:00:00+00:00,14.100000381469728,42.43999862670898,-0.3773976387221971,-0.01540429604904671,0.002101453466341457,1e-06,0.04865929508743443,-0.4283088988195427,0.04809032618824383,1.0118312547301809,0
2025-11-12 00:00:00+00:00,14.920000076293944,44.88999938964844,-0.3931575419797344,0.04898243826276978,0.002265124203701724,1e-06,0.0322167182154428,-0.42669449946956595,0.049733716118368805,0.6477842544234047,0
2025-11-13 00:00:00+00:00,14.710000038146973,44.95000076293945,-0.6236256242124902,0.1132861215024591,0.0028806823341145484,1e-06,-0.1832606059235591,-0.4338526233608035,0.05558395937067666,-3.29700525112715,1
2025-11-14 00:00:00+00:00,14.81999969482422,45.0,-0.5306820202933569,0.13880715754417225,0.003027010971876664,1e-06,-0.09230050722594035,-0.43616382852196517,0.05687120844235087,-1.6229742562882834,1
2025-11-17 00:00:00+00:00,14.800000190734863,45.0,-0.5506815243827141,0.11785987241571466,0.002873674216269004,1e-06,-0.10760852977677848,-0.43969455632344323,0.05547923100191402,-1.9396182649515459,1
2025-11-18 00:00:00+00:00,14.729999542236328,44.40999984741211,-0.4194176272313044,0.05634481219082072,0.0026308232583632913,1e-06,0.018333762919985345,-0.43868071934539027,0.053204719307549685,0.3445890356832276,0
2025-11-19 00:00:00+00:00,14.199999809265137,43.18999862670898,-0.5332429061787476,0.03857429293725219,0.002629208620213557,1e-06,-0.08756818067670114,-0.4423123237838846,0.05316091989903046,-1.6472284686386358,1
2025-11-21 00:00:00+00:00,13.979999542236328,42.43000030517578,-0.49398778792134124,0.039590725892557556,0.0026362323493056843,1e-06,-0.048193993877145395,-0.4440947037806351,0.053202095689736995,-0.905866456054706,1
2025-11-24 00:00:00+00:00,14.279999732971191,42.93999862670898,-0.367961417388706,0.11126294845130291,0.0030630195054150823,1e-06,0.07124551847579397,-0.44171526300225084,0.057074355370509006,1.248293003281249,0
2025-11-25 00:00:00+00:00,14.350000381469728,42.88999938964844,-0.28090471613205636,0.1450029705304578,0.0031061356063571376,1e-06,0.1521168186445873,-0.43760169309648445,0.05744170366571275,2.648194759853312,-1
2025-11-26 00:00:00+00:00,14.229999542236328,43.47999954223633,-0.6021701010154015,0.12289863124600174,0.003645372450005522,1e-06,-0.15543433895943654,-0.4419468638461036,0.0619579753951897,-2.50870590861018,0
2025-11-27 00:00:00+00:00,14.359999656677246,43.4900016784668,-0.47558197790215395,0.17395215944600612,0.0040469118089637105,1e-06,-0.03334646855640134,-0.44207919415491886,0.06511993328777252,-0.5120777444448451,0
2025-11-28 00:00:00+00:00,14.270000457763672,43.52000045776367,-0.5758145482119144,0.0653913048851137,0.003311812111824872,1e-06,-0.12642042354979044,-0.44563637188876287,0.059178234307598644,-2.136265554877458,1
2025-12-01 00:00:00+00:00,14.149999618530272,42.5,-0.3478664457474405,-0.04433137982472634,0.002968053786626516,0.00010369196954575092,0.0891564852806533,-0.43983360119460213,0.05693523736715638,1.565928050948709,0
2025-12-02 00:00:00+00:00,14.020000457763672,42.5,-0.4778656065140403,-0.06839156175715641,0.002940140586739396,9.627529097216547e-05,-0.034240235290519706,-0.4426726511143205,0.0572570411203439,-0.5980091639481151,0
2025-12-03 00:00:00+00:00,13.869999885559082,41.9900016784668,-0.45389235851639853,-0.05110488571141388,0.0028978538735648404,0.0001726266269795702,-0.009176654650904044,-0.44434041868698515,0.057824863820066054,-0.15869738456209928,0
2025-12-04 00:00:00+00:00,13.979999542236328,42.29999923706055,-0.4496410097155117,-0.09256902352406136,0.0027087735354857814,0.0003095600742012675,-0.003889726628139443,-0.44557870178293146,0.057491434350178214,-0.06765749841006333,0
2025-12-05 00:00:00+00:00,13.699999809265137,41.209999084472656,-0.3578130668687862,-0.10413724878308284,0.0026624208150240066,0.00037125986544201284,0.06320535261634623,-0.42332472533625276,0.05808493185383112,1.0881540289209684,0
2025-12-08 00:00:00+00:00,13.65999984741211,41.52000045776367,-0.5035626378915854,-0.11605715509186149,0.0026956479371662003,0.0003494976990440859,-0.058398635578080595,-0.44332683638031606,0.05877125290236536,-0.9936598710103427,0
2025-12-09 00:00:00+00:00,13.609999656677246,41.33000183105469,-0.48874930762824675,-0.07557349373414923,0.0028534900754536383,0.0002589122760306194,-0.0315116799631014,-0.45600302306909674,0.060114047325204936,-0.5241982758643672,0
2025-12-10 00:00:00+00:00,13.869999885559082,41.83000183105469,-0.39931220891438457,-0.06540913467957943,0.0029412835631146624,0.0002064562087797342,0.04234110908165867,-0.44300067858718595,0.06067573830948756,0.6978260217566731,0
2025-12-11 00:00:00+00:00,13.890000343322754,41.540000915527344,-0.2803848233428692,-0.04310283228662466,0.0029836190957400217,0.0003227790033059172,0.11743186685377598,-0.4017738177023761,0.06150594352188299,1.9092767321258195,-1
2025-12-12 00:00:00+00:00,13.8100004196167,41.77000045776367,-0.43884363077098243,-0.0609139742870816,0.00299517181163427,0.00031753917345360774,-0.028538492957016035,-0.409602233423126,0.06179403761321619,-0.46183246894539176,0
2025-12-15 00:00:00+00:00,14.06999969482422,42.5,-0.42786636945349166,-0.0388845204854497,0.0030940862847515685,0.00025637290644193143,-0.013006937908181165,-0.41440763626908966,0.06255173259153556,-0.20793889104746002,0
2025-12-16 00:00:00+00:00,13.699999809265137,41.310001373291016,-0.3919264736784278,-0.04863218849912227,0.0030082299754104523,0.00034082280900886615,0.01613298299670965,-0.40856826220794074,0.06210565582214312,0.2597667278952975,0
2025-12-17 00:00:00+00:00,13.3100004196167,40.59999847412109,-0.5397252295053487,-0.06905808132925545,0.003030240222811183,0.000330420527914006,-0.09286426378797893,-0.44388979309204357,0.0623363452567532,-1.489729040184923,1
2025-12-18 00:00:00+00:00,13.43000030517578,40.34000015258789,-0.3310330888280255,-0.11760750951401312,0.0029634311302943845,0.0003809021706189853,0.08114273210045352,-0.4144649533156114,0.06185056070075548,1.3119158691711326,0
2025-12-19 00:00:00+00:00,13.550000190734863,40.880001068115234,-0.3952416961607721,-0.06906099076175617,0.003162707645688333,0.0002682055409077909,0.012302983143945904,-0.40810051492280797,0.06329230336476299,0.1943835583458225,0
2025-12-22 00:00:00+00:00,13.229999542236328,40.310001373291016,-0.5208004803712907,-0.004057931462092638,0.003580104398299465,1e-06,-0.090068781128637,-0.42821948477881616,0.06555030995622405,-1.3740405070363044,1
2025-12-23 00:00:00+00:00,13.5,40.77000045776367,-0.40771779005173414,-0.038596570832789764,0.0034555187006144743,8.468037008602276e-05,0.017116509226889325,-0.42522612672485,0.0642114222476888,0.2665648669307494,0
2025-12-26 00:00:00+00:00,13.68000030517578,41.36000061035156,-0.42898203052589956,-0.016428444741711117,0.003517341406587115,4.876595408265412e-05,-0.003137620093605373,-0.42576342708924486,0.06430637376828321,-0.048791743488930645,0
2025-12-29 00:00:00+00:00,13.59000015258789,41.4900016784668,-0.563328961319618,0.02623150129022711,0.0038153523944322626,1e-06,-0.11780428494026782,-0.4424281341884803,0.0661502055558006,-1.7808604516110647,1
2025-12-30 00:00:00+00:00,13.899999618530272,42.11000061035156,-0.464827412423368,-0.006194357718887483,0.003690629084572226,1e-06,-0.01920926249970183,-0.4450783235491624,0.0647851681730266,-0.29650710249602524,1
