data,PLAS3,INEP3,spread_observado,rho,var_mr,var_rw,mr_filtrado,rw_filtrado,std_mr,zscore_mr,sinal
2022-01-03 00:00:00+00:00,10.020000457763672,7.25,4.9297910722243135,0.999,24.48457180865602,1e-06,-2.878980541484223,7.808773682912608,4.948292751494616,-0.5818128971077219,0
2022-01-04 00:00:00+00:00,10.020000457763672,7.099999904632568,5.035105816123775,0.999,22.45349060353603,1e-06,-2.773668331790337,7.808773691714317,4.7386201524637555,-0.5853324897435007,0
2022-01-05 00:00:00+00:00,10.0,6.849999904632568,5.190629819930426,0.999,23.229860931780088,1e-06,-2.6181445420336127,7.808773704407492,4.819843594723274,-0.5432011414021684,0
2022-01-06 00:00:00+00:00,10.0,6.900000095367432,5.155524793701825,0.999,22.152478211550388,1e-06,-2.653248737132671,7.8087737011187,4.7067515929081445,-0.5637112315700769,0
2022-01-07 00:00:00+00:00,10.0,6.800000190734863,5.225734511372686,0.999,23.596940401414564,1e-06,-2.58303948156834,7.808773706650843,4.857774567354486,-0.5317330900711285,0
2022-01-10 00:00:00+00:00,9.25,6.800000190734863,4.475734511372686,0.999,29.39233052420472,1e-06,-3.33303658531974,7.8087736571481585,5.42156479903292,-0.6147739091699643,0
2022-01-11 00:00:00+00:00,9.25,6.949999809265137,4.3704201022595655,0.999,24.914961866004045,1e-06,-3.4383531103734115,7.808773648712836,4.9915926528362204,-0.6888288667585367,0
2022-01-12 00:00:00+00:00,10.75,6.849999904632568,5.940629819930426,0.999,46.43861769044325,1e-06,-1.8681472679170485,7.808773714008563,6.814664631255222,-0.2741363469816044,0
2022-01-13 00:00:00+00:00,10.720000267028809,6.849999904632568,5.910630086959235,0.999,15.175578609897977,1e-06,-1.8981434130140942,7.808773709942818,3.8957176431916314,-0.4872384466393228,0
2022-01-14 00:00:00+00:00,10.949999809265137,7.150000095367432,5.930000141396639,0.999,26.69568183701311,1e-06,-1.8787736352613011,7.8087737112107645,5.166886894725383,-0.363618107680903,0
2022-01-17 00:00:00+00:00,11.369999885559082,7.050000190734863,6.420209935361445,0.999,5.838503420825675,1e-06,-1.3885723016565814,7.808773873328631,2.416514590336014,-0.5746178016924374,0
2022-01-18 00:00:00+00:00,11.600000381469728,6.800000190734863,6.825734892842414,0.999,25.86433051336898,1e-06,-0.9830405733341365,7.808773903632293,5.085800906369367,-0.1932912025917086,0
2022-01-19 00:00:00+00:00,10.979999542236328,6.900000095367432,6.135524335938153,0.999,57.91562866944813,1e-06,-1.6732483510947884,7.8087738804752895,7.6103002579089365,-0.21986627260282932,0
2022-01-20 00:00:00+00:00,10.979999542236328,6.900000095367432,6.135524335938153,0.999,49.548968235483514,1e-06,-1.6732495410921777,7.808773880409684,7.039176839768542,-0.2377052856008653,0
2022-01-21 00:00:00+00:00,10.979999542236328,6.900000095367432,6.135524335938153,0.999,55.11081821864334,1e-06,-1.673249541376409,7.808773880350712,7.423736361476932,-0.2253918323472792,0
2022-01-24 00:00:00+00:00,10.859999656677246,6.849999904632568,6.050629476607672,0.999,59.16720502103915,1e-06,-1.7581442545892414,7.808773877507387,7.692090051937992,-0.22856521994906753,0
2022-01-25 00:00:00+00:00,10.859999656677246,7.050000190734863,5.910209706479609,0.999,44.92359010194267,1e-06,-1.8985638483869323,7.808773871353769,6.7025842365442285,-0.2832584838002437,0
2022-01-26 00:00:00+00:00,10.699999809265137,8.100000381469727,5.013006986557608,0.999,64.17075883951141,1e-06,-2.7957654564362246,7.808773844097392,8.01073062745273,-0.34900255500480215,0
2022-01-27 00:00:00+00:00,10.899999618530272,8.149999618530273,5.177902439166825,0.999,69.82688484528056,1e-06,-2.630871641591289,7.808773848615695,8.356310919980864,-0.3148364950495779,0
2022-01-28 00:00:00+00:00,10.899999618530272,8.199999809265137,5.142797412938224,0.999,69.30797535031832,1e-06,-2.6659763801710166,7.808773847555437,8.325204123409108,-0.3202295512100092,0
2022-01-31 00:00:00+00:00,10.899999618530272,8.0,5.283216848279945,0.999,69.81692892805937,1e-06,-2.5255572004257276,7.808773851399647,8.355715305954966,-0.302255056323641,0
2022-02-01 00:00:00+00:00,10.899999618530272,8.149999618530273,5.177902439166825,0.999,69.47474525682574,1e-06,-2.6308712539859305,7.808773848373846,8.335214190585367,-0.3156333111340441,0
2022-02-02 00:00:00+00:00,10.109999656677246,8.0,4.49321688642692,0.999,72.77845873376125,1e-06,-3.315555999134948,7.808773829954886,8.531090790741704,-0.38864385346046576,0
2022-02-03 00:00:00+00:00,10.109999656677246,7.900000095367432,4.5634266040977804,0.999,62.46466796739124,1e-06,-3.245347335036134,7.808773832044572,7.903525815323454,-0.41062019798100924,0
2022-02-04 00:00:00+00:00,9.880000114440918,7.650000095367432,4.508951523431775,0.999,73.81771100107925,1e-06,-3.2998222288933614,7.808773830517975,8.591784700933667,-0.3840671459719854,0
2022-02-07 00:00:00+00:00,10.039999961853027,7.349999904632568,4.879580858642808,0.999,72.8644869751323,1e-06,-2.929193485847945,7.808773840365304,8.536131519678511,-0.3431523376947998,0
2022-02-08 00:00:00+00:00,10.039999961853027,7.300000190734863,4.914685550085068,0.999,74.51402931455496,1e-06,-2.89408833430516,7.808773841209212,8.632212037518237,-0.3352661312913267,0
2022-02-09 00:00:00+00:00,10.039999961853027,7.050000190734863,5.09021001165539,0.999,83.41998892678342,1e-06,-2.7185640405410467,7.808773845255627,9.13351220905288,-0.29764716773975325,0
2022-02-10 00:00:00+00:00,10.010000228881836,7.400000095367432,4.814476099443016,0.999,94.09855230579275,1e-06,-2.994297444108543,7.808773839466499,9.700495330236567,-0.30867469569056744,0
2022-02-11 00:00:00+00:00,10.100000381469728,6.949999809265137,5.220420483729294,0.999,88.16737779609213,1e-06,-2.588353821709991,7.808773848412113,9.389804904375454,-0.27565576154877,0
2022-02-14 00:00:00+00:00,10.100000381469728,6.900000095367432,5.255525175171553,0.999,70.42858549684037,1e-06,-2.553248720314475,7.808773849316278,8.392237177472515,-0.3042393424209009,0
2022-02-15 00:00:00+00:00,10.100000381469728,7.0,5.185315457500693,0.999,85.68133793285467,1e-06,-2.6234583052291396,7.80877384765235,9.256478719199455,-0.2834186070981459,0
2022-02-16 00:00:00+00:00,9.800000190734863,7.0,4.8853152667658275,0.999,102.08687255062667,1e-06,-2.9234582786384475,7.808773841841154,10.103857377100283,-0.2893408101013253,0
2022-02-17 00:00:00+00:00,9.800000190734863,6.849999904632568,4.990630010665289,0.999,98.74558429751855,1e-06,-2.8181439369011194,7.8087738438749055,9.937134730075478,-0.28359723536522025,0
2022-02-18 00:00:00+00:00,9.800000190734863,7.150000095367432,4.780000522866366,-0.999,1e-06,0.29992943211389456,2.776440086643247,2.0054829904907248,0.03238463249875799,85.73325903110768,-1
2022-02-21 00:00:00+00:00,9.800000190734863,7.150000095367432,4.780000522866366,-0.999,1e-06,0.29252939134809747,-2.7345587945904657,7.512690705466822,0.03213907213617649,-85.0851817689031,0
2022-02-22 00:00:00+00:00,9.800000190734863,7.449999809265137,4.5693713698537834,-0.999,1e-06,0.2495980081507356,2.6857596589793302,1.8858467258626561,0.03186107160914186,84.29596128865636,-1
2022-02-23 00:00:00+00:00,10.100000381469728,7.650000095367432,4.728951790460585,-0.999,1e-06,0.24770992102721986,-2.6386512202604098,7.365409735227221,0.03158827720615999,-83.53260936135668,0
2022-02-24 00:00:00+00:00,9.989999771118164,7.400000095367432,4.794475641679344,-0.999,1e-06,0.2388853773051514,2.5933648468382025,2.203252985761483,0.03131326403893075,82.82001019165416,-1
2022-02-25 00:00:00+00:00,9.989999771118164,7.199999809265137,4.934895411807407,-0.999,1e-06,0.2340336901371022,-2.547049648928358,7.479710119059791,0.031040171085172426,-82.0565596091401,0
2022-03-02 00:00:00+00:00,9.989999771118164,7.099999904632568,5.005105129478268,-0.999,1e-06,0.233694124624059,2.5039196053307333,2.503296717694189,0.03077377525198337,81.36536985884939,-1
2022-03-03 00:00:00+00:00,9.989999771118164,7.050000190734863,5.040209820920527,-0.999,1e-06,0.23354209181973698,-2.46133720307726,7.499425802236604,0.03051400417629511,-80.66254395381372,0
2022-03-04 00:00:00+00:00,9.989999771118164,6.900000095367432,5.145524564819989,-0.999,1e-06,0.23274262994822414,2.4210982792923166,2.7264599354726737,0.030259938276242838,80.01002041676759,-1
2022-03-07 00:00:00+00:00,10.479999542236328,6.849999904632568,5.670629362166754,-0.999,1e-06,0.23362700726852126,-2.3774237783361887,8.045794907990597,0.0300130453146705,-79.21301398809051,0
2022-03-08 00:00:00+00:00,10.479999542236328,6.650000095367432,5.811048797508476,-0.999,1e-06,0.23461786971161822,2.340298617096273,3.4726837266600707,0.029773109247126003,78.60444126513868,-1
2022-03-09 00:00:00+00:00,10.479999542236328,6.75,5.740839079837615,-0.999,1e-06,0.23150164413297059,-2.30333053819068,8.042211551053201,0.02953596250743368,-77.98393357287654,0
2022-03-10 00:00:00+00:00,10.479999542236328,6.400000095367432,5.986573259078798,-0.999,1e-06,0.23160552985367627,2.268801413598862,3.7196234962171157,0.029304569364606205,77.42142139577386,-1
2022-03-11 00:00:00+00:00,10.479999542236328,6.199999809265137,6.1269930292068615,-0.999,1e-06,0.2294885323113338,-2.232183134128808,8.357171178878062,0.029076664769789703,-76.76888500802262,0
2022-03-14 00:00:00+00:00,10.479999542236328,6.400000095367432,5.986573259078798,-0.999,1e-06,0.22427344521863943,2.195895207912645,3.792697200483217,0.028849245547388522,76.11620915027433,-1
2022-03-15 00:00:00+00:00,10.479999542236328,6.199999809265137,6.1269930292068615,-0.27874463316448583,1e-06,0.1941298476021601,-0.6076207415533487,6.733108115480136,0.008132535207015835,-74.7148000083863,0
2022-03-16 00:00:00+00:00,10.479999542236328,6.300000190734863,6.056782976749659,-0.999,1e-06,0.19199922717164888,0.6061400738287043,5.451309711185343,0.00818039408784517,74.0966837684919,-1
2022-03-17 00:00:00+00:00,10.479999542236328,6.699999809265137,5.775944106066216,-0.999,1e-06,0.18558434931147716,-0.6048711261685645,6.380315271932573,0.008227551831886882,-73.5177533399805,0
2022-03-18 00:00:00+00:00,9.449999809265137,6.949999809265137,4.570419911524702,-0.999,1e-06,0.18251489795323905,0.6024968306636852,3.9692424241754276,0.00827411588714047,72.81706455188504,-1
2022-03-21 00:00:00+00:00,9.34000015258789,6.900000095367432,4.4955249462897156,-0.999,1e-06,0.1886369809630192,-0.6010850934587502,5.096013459178661,0.008320387015876361,-72.2424440487928,0
2022-03-22 00:00:00+00:00,8.710000038146973,6.650000095367432,4.04104929341912,-0.999,1e-06,0.18970458199510515,0.5992898805387901,3.442629886424303,0.008366211645622202,71.63216828878352,-1
2022-03-23 00:00:00+00:00,8.989999771118164,6.400000095367432,4.496573487960634,-0.999,1e-06,0.18935110864310414,-0.5974830013401176,5.093185891262892,0.00841155304019606,-71.03123507453876,0
2022-03-24 00:00:00+00:00,9.300000190734863,6.400000095367432,4.8065739075773335,-0.999,1e-06,0.1905611789372829,0.5962370197088249,4.210799353769044,0.008456468409439352,70.50662177644844,-1
2022-03-25 00:00:00+00:00,9.210000038146973,6.449999809265137,4.681469063547183,-0.999,1e-06,0.1902824519730171,-0.594848510508931,5.275758608202818,0.00850091714304267,-69.97462750190049,0
2022-03-28 00:00:00+00:00,9.3100004196167,6.400000095367432,4.816574136459169,-0.999,1e-06,0.18691932643902387,0.5934484642616856,4.223687791412351,0.008544802167173564,69.45139895005732,-1
2022-03-29 00:00:00+00:00,9.199999809265137,6.699999809265137,4.495944373095025,-0.999,1e-06,0.18654235524345963,-0.5921855436158816,5.0876673662811704,0.008588229428718239,-68.95315833501937,0
2022-03-30 00:00:00+00:00,9.350000381469728,6.650000095367432,4.681049636741876,-0.999,1e-06,0.1863917106542837,0.5908123441867665,4.090771429218055,0.00863121299166045,68.45067370688389,-1
2022-03-31 00:00:00+00:00,9.34000015258789,6.550000190734863,4.741259125530899,-0.999,1e-06,0.18665458397224324,-0.5892423696321809,5.329838542226602,0.008673773898414484,-67.93379404781246,0
2022-04-01 00:00:00+00:00,9.34000015258789,6.5,4.7763641517595,-0.999,1e-06,0.1867122730697345,0.5877430881544496,4.189231143352725,0.008715910954710065,67.43335162652554,-1
2022-04-04 00:00:00+00:00,9.34000015258789,6.400000095367432,4.846573869430361,-0.999,1e-06,0.18671338621151473,-0.5861540369893045,5.432063158674263,0.008757628082527995,-66.93068390957566,0
2022-04-05 00:00:00+00:00,9.0,6.25,4.611888460741932,-0.999,1e-06,0.18622402450004444,0.5844229397960566,4.028218353474337,0.008798912656177245,66.41990466694367,-1
2022-04-06 00:00:00+00:00,9.0,5.849999904632568,4.892727666211718,-0.999,1e-06,0.18397906678712228,-0.5826331805632444,5.474575770852406,0.008839701789615875,-65.91095428667877,0
2022-04-07 00:00:00+00:00,9.010000228881836,5.699999809265137,5.0080426389930155,-0.999,1e-06,0.18471427119446404,0.581173254174182,4.427435503984979,0.008880116688686475,65.44657852465086,-1
2022-04-08 00:00:00+00:00,9.010000228881836,5.75,4.972937612764414,-0.999,1e-06,0.18259636195934123,-0.5796302638587159,5.5519528878469,0.008920048028021028,-64.98062140897584,0
2022-04-11 00:00:00+00:00,9.010000228881836,5.699999809265137,5.0080426389930155,-0.999,1e-06,0.1815333059017761,0.5780771618130388,4.430582326427074,0.008959542149596423,64.5208373554086,-1
2022-04-12 00:00:00+00:00,9.010000228881836,5.599999904632568,5.078252356663876,-0.999,1e-06,0.17341048074837645,-0.5763775022234735,5.653925446641708,0.008998286928352243,-64.05413683880151,0
2022-04-13 00:00:00+00:00,8.989999771118164,5.550000190734863,5.093356590342463,-0.999,1e-06,0.17116114517830844,0.5747380557794708,4.519280441318669,0.009036540383969074,63.60155893278169,-1
2022-04-14 00:00:00+00:00,8.989999771118164,5.199999809265137,5.339091104369988,-0.999,1e-06,0.17057501277248985,-0.5728436067469415,5.911119988067743,0.009074385455493685,-63.12753734746177,0
2022-04-18 00:00:00+00:00,9.010000228881836,5.650000095367432,5.043147330435275,-0.999,1e-06,0.16763410073638554,0.5708717101302544,4.473132093812345,0.009111705940330063,62.65256076839274,-1
2022-04-19 00:00:00+00:00,9.010000228881836,5.650000095367432,5.043147330435275,-0.999,1e-06,0.16796756848227964,-0.5691861888509182,5.611656757315135,0.009148673381321193,-62.21516116347789,0
2022-04-20 00:00:00+00:00,8.989999771118164,5.25,5.303986078141387,-0.7774608375309892,1e-06,0.1598326815649156,0.44198080205328755,4.862473283675397,0.007204426320512631,61.34850748558122,-1
2022-04-22 00:00:00+00:00,8.989999771118164,5.050000190734863,5.444405513483108,-0.999,1e-06,0.15299139126128067,-0.44085437599612753,5.884592678664966,0.0072617766197818935,-60.708886967851754,0
2022-04-25 00:00:00+00:00,9.109999656677246,5.150000095367432,5.49419568137133,-0.999,1e-06,0.14951331028625814,0.4398358314851375,5.0549140165184685,0.007318298962853726,60.10082858293428,-1
2022-04-26 00:00:00+00:00,8.119999885559082,5.25,4.433986192582305,0.999,1.591477160789886,1e-06,-0.6207939801085056,5.054846789415862,1.2616380174834343,-0.4920539580336932,0
2022-04-27 00:00:00+00:00,8.25,5.650000095367432,4.283147101553439,-0.999,1e-06,0.15994305077870088,0.6166492242395868,3.6673637036520432,0.015930772363160164,38.70805571646891,-1
2022-04-28 00:00:00+00:00,8.25,6.050000190734863,4.002307896083654,-0.999,1e-06,0.16076216921509218,-0.6130642676662206,4.61478504045258,0.01589673362739532,-38.56542369243129,0
2022-04-29 00:00:00+00:00,8.300000190734863,5.449999809265137,4.473567062416365,-0.999,1e-06,0.16061601891330363,0.6101069166557831,3.863925886749568,0.015863080527176943,38.46080940020041,-1
2022-05-02 00:00:00+00:00,8.300000190734863,5.150000095367432,4.684196215428948,-0.999,1e-06,0.16247451126333212,-0.6051185387477425,5.288441217862847,0.015830397162261003,-38.22510152747901,0
2022-05-03 00:00:00+00:00,8.300000190734863,5.099999904632568,4.719301241657549,-0.999,1e-06,0.16249891434001418,0.6009346695100389,4.119083543321662,0.015798116898627056,38.03837339387351,-1
2022-05-04 00:00:00+00:00,8.300000190734863,5.25,4.613986497758086,-0.999,1e-06,0.16053370606563017,-0.596967228897596,5.210276512364606,0.015765645577928117,-37.865067177036465,0
2022-05-05 00:00:00+00:00,8.300000190734863,4.949999809265137,4.824615985557011,-0.999,1e-06,0.15974425774740095,0.5933493448774574,4.231876850873801,0.015733334400367015,37.71287953198377,-1
2022-05-06 00:00:00+00:00,8.300000190734863,4.849999904632568,4.8948257032278715,-0.999,1e-06,0.15998267946425918,-0.5889146588339285,5.482961232003652,0.01570148889438012,-37.50693089014717,0
2022-05-09 00:00:00+00:00,8.300000190734863,4.349999904632568,5.245874626368517,-0.999,1e-06,0.1545235489112558,0.5857227129199469,4.660682028330595,0.015668356710517507,37.38252349889226,-1
2022-05-10 00:00:00+00:00,8.300000190734863,4.300000190734863,5.280979317810776,-0.999,1e-06,0.13786288623965165,-0.5808979604723677,5.861010306202372,0.015629754399444782,-37.166160492771596,0
2022-05-11 00:00:00+00:00,8.149999618530273,4.400000095367432,5.060769027935326,0.999,14.935298102511064,1e-06,-0.8002383212155812,5.861008821644162,3.8646787206430995,-0.2070646434181256,0
2022-05-12 00:00:00+00:00,8.0,4.349999904632568,4.9458744356336535,0.999,15.185101018739513,1e-06,-0.9151336138725559,5.861008811402841,3.896863550518967,-0.23483850589294625,0
2022-05-13 00:00:00+00:00,8.0,4.349999904632568,4.9458744356336535,0.999,14.91073256256216,1e-06,-0.9151343695441583,5.8610088113202545,3.8614994594293766,-0.2369893817567412,0
2022-05-16 00:00:00+00:00,8.0,4.699999809265137,4.70014025639247,0.999,15.696490874614632,1e-06,-1.1608669624390833,5.861008790177445,3.9619360655190015,-0.2930049711155582,0
2022-05-17 00:00:00+00:00,8.029999732971191,4.5,4.870559424705383,0.999,17.558535924402328,1e-06,-0.9904503423977464,5.861008803157188,4.190344071447731,-0.23636492028101017,0
2022-05-18 00:00:00+00:00,8.0,4.0,5.191608614874837,0.999,12.814414469778574,1e-06,-0.6694027195528459,5.861008836813069,3.579785326283786,-0.18699521299165728,0
2022-05-19 00:00:00+00:00,8.0,4.25,5.016084153304514,0.999,18.2954111017006,1e-06,-0.8449237074966549,5.8610088238264435,4.277366083752794,-0.1975336435910933,0
2022-05-20 00:00:00+00:00,8.0,4.099999904632568,5.121398897203976,0.999,16.80707958245086,1e-06,-0.739610556579745,5.8610088322146465,4.099698781025155,-0.18040607275903348,0
2022-05-23 00:00:00+00:00,8.0,4.0,5.191608614874837,0.999,18.707503536488325,1e-06,-0.6694005937031755,5.861008837229783,4.32526936146624,-0.15476506496146933,0
2022-05-24 00:00:00+00:00,8.0,4.300000190734863,4.980979127075913,0.999,19.110393791301846,1e-06,-0.8800285895489679,5.861008822286539,4.371595395740959,-0.20130604730857266,0
2022-05-25 00:00:00+00:00,8.0,4.349999904632568,4.9458744356336535,0.999,14.654779429195377,1e-06,-0.9151341377781635,5.861008818965377,3.8282153729634336,-0.23904980483628205,0
2022-05-26 00:00:00+00:00,8.0,4.349999904632568,4.9458744356336535,0.999,19.876067090475182,1e-06,-0.9151343786639989,5.861008818903042,4.458309276312867,-0.20526489347119453,0
2022-05-27 00:00:00+00:00,8.0,4.400000095367432,4.910769409405052,0.999,9.416803605084041,1e-06,-0.9502390218156227,5.861008813721985,3.0687553042385245,-0.3096496551885923,0
2022-05-30 00:00:00+00:00,8.149999618530273,4.349999904632568,5.095874054163927,0.999,11.275185049850279,1e-06,-0.7651364149362819,5.861008835860995,3.3579222090807734,-0.22786007754055057,0
2022-05-31 00:00:00+00:00,7.710000038146973,4.300000190734863,4.690979165222886,0.999,14.463447838842093,1e-06,-1.1700268279166002,5.861008797814863,3.803144140238491,-0.3076472478487836,0
2022-06-01 00:00:00+00:00,7.710000038146973,4.25,4.726084191451487,0.999,11.934221977488209,1e-06,-1.1349248945451562,5.8610088016746,3.4546606909978608,-0.3285199317844842,0
2022-06-02 00:00:00+00:00,7.800000190734863,4.25,4.8160843440393775,0.999,13.848732703265961,1e-06,-1.044925108030228,5.861008810391949,3.7214502839380246,-0.28078437928895084,0
2022-06-03 00:00:00+00:00,7.800000190734863,4.400000095367432,4.7107696001399155,0.999,14.40609609438536,1e-06,-1.150238461933408,5.861008800354841,3.79559700270858,-0.30304546586810593,0
2022-06-06 00:00:00+00:00,7.619999885559082,4.400000095367432,4.530769294964134,0.999,14.280704651840756,1e-06,-1.3302382196466982,5.861008783096802,3.7790430223033113,-0.35200398931577215,0
2022-06-07 00:00:00+00:00,7.989999771118164,4.300000190734863,4.970978898194077,0.999,16.86643607025013,1e-06,-0.8900325223788577,5.8610088185242875,4.10693298982816,-0.21671464437896704,0
2022-06-08 00:00:00+00:00,7.989999771118164,4.150000095367432,5.076293642093539,0.999,13.068923642206798,1e-06,-0.7847159863561446,5.861008829411356,3.615160737051454,-0.21706254394546326,0
2022-06-09 00:00:00+00:00,7.769999980926514,4.349999904632568,4.715874416560167,0.999,15.072620184932434,1e-06,-1.1451319837887497,5.861008796736049,3.8824070751981177,-0.2949541255228405,0
2022-06-10 00:00:00+00:00,7.769999980926514,4.349999904632568,4.715874416560167,0.999,13.857073067410884,1e-06,-1.1451343717818308,5.861008796623052,3.7225715009878475,-0.3076191744008006,0
2022-06-13 00:00:00+00:00,7.769999980926514,3.75,5.137133057371673,0.999,14.183643897816944,1e-06,-0.7238787416125461,5.8610088370686935,3.7661798165236218,-0.19220503982221526,0
2022-06-14 00:00:00+00:00,7.769999980926514,3.049999952316284,5.62860158324721,0.999,9.865869574143963,1e-06,-0.23241229588756113,5.861008905040827,3.141072601262145,-0.07399137982171226,0
2022-06-15 00:00:00+00:00,7.769999980926514,3.0999999046325684,5.59349672441178,0.999,8.86642591543592,1e-06,-0.2675117766932889,5.861008899591418,2.9777331021389557,-0.08983739224349244,0
2022-06-17 00:00:00+00:00,7.769999980926514,3.0,5.663706442082641,0.999,3.784027085226619,1e-06,-0.1973043310476672,5.8610089248851835,1.9453782654815717,-0.10142209078234211,0
2022-06-20 00:00:00+00:00,7.769999980926514,3.0,5.663706442082641,0.999,6.366220024806979,1e-06,-0.19730247969038597,5.861008924843137,2.523230179054076,-0.07819440387493778,0
2022-06-21 00:00:00+00:00,7.769999980926514,3.0,5.663706442082641,0.999,5.191733395817528,1e-06,-0.19730247890818056,5.8610089247910535,2.2786410219984976,-0.08658778500140188,0
2022-06-22 00:00:00+00:00,7.769999980926514,3.0999999046325684,5.59349672441178,0.999,5.768636079415492,1e-06,-0.26751096316827666,5.861008908051799,2.401896873500162,-0.11137487463333369,0
2022-06-23 00:00:00+00:00,7.590000152587891,3.0999999046325684,5.413496896073157,-0.999,1e-06,0.1066858812050836,0.2616724431494959,5.152483972057851,0.02160979105921335,12.108976085538396,-1
2022-06-24 00:00:00+00:00,7.590000152587891,3.049999952316284,5.448601754908587,0.999,2.162478327190293,1e-06,0.29611456369505407,5.152485586398006,1.4707629450475883,0.20133398430531776,-1
2022-06-27 00:00:00+00:00,7.590000152587891,3.049999952316284,5.448601754908587,-0.999,1e-06,0.10237339989131176,-0.2888747910769289,5.73691190188812,0.025525633487554506,-11.317046890051726,0
2022-06-28 00:00:00+00:00,7.590000152587891,2.950000047683716,5.518811472579449,0.999,0.2588152277421156,1e-06,-0.21815495853372163,5.7369392183342605,0.509572555391788,-0.4281136341143644,0
2022-06-29 00:00:00+00:00,7.579999923706055,2.900000095367432,5.543916102533043,0.999,0.35220591257405687,1e-06,-0.1930303117753227,5.736939344723836,0.5941851233054528,-0.32486560872055287,0
2022-06-30 00:00:00+00:00,7.579999923706055,2.700000047683716,5.6843357052679355,0.999,0.5381526606669715,1e-06,-0.05263014407933825,5.736939800726914,0.7341687265269201,-0.07168671475331281,0
2022-07-01 00:00:00+00:00,7.5,2.5999999046325684,5.674545666625912,0.999,0.3473660959009397,1e-06,-0.062391260251588705,5.7369397512606,0.5901001132702477,-0.1057299581012204,0
2022-07-04 00:00:00+00:00,7.5,2.5999999046325684,5.674545666625912,-0.999,1e-06,0.09957203066631701,0.060384002619692616,5.6142830156855394,0.028763750154167513,2.0993091059422833,-1
2022-07-05 00:00:00+00:00,7.5,2.650000095367432,5.639440640397311,0.999,0.9095712111618866,1e-06,0.025165361937144554,5.614279143823092,0.9542511747168173,0.026371842764157563,-1
2022-07-06 00:00:00+00:00,7.5,2.650000095367432,5.639440640397311,-0.18783996225973165,1e-06,0.08755438390199007,-0.004656265789907236,5.644063309501941,0.006134724026895067,-0.7590016713863305,0
2022-07-07 00:00:00+00:00,7.5,2.700000047683716,5.604335781561881,0.999,1e-06,0.07761201442900936,-0.004652150463612671,5.609033009278368,0.006209797688850176,-0.7491629674128846,0
2022-07-08 00:00:00+00:00,7.0,3.25,4.718181999585805,0.7548796933819136,0.011597468119013195,0.06951333727521292,-0.12999503686255934,4.849268300978278,0.1468475506697757,-0.8852380327056761,0
2022-07-11 00:00:00+00:00,7.0,2.950000047683716,4.928811319991558,-0.999,1e-06,0.0817609498522071,0.12164269454165991,4.807209963845071,0.08184642446426309,1.4862310154400602,-1
2022-07-12 00:00:00+00:00,7.0,3.200000047683716,4.7532868584212356,-0.999,1e-06,0.07820609588277515,-0.11292854266826563,4.866151087174124,0.07062717947118895,-1.5989388718875959,0
2022-07-13 00:00:00+00:00,7.0,3.299999952316284,4.683077140750374,0.5025340373209887,1e-06,0.07812895457055202,-0.05478236562125679,4.738018301187999,0.03524429513442374,-1.554361221080284,1
2022-07-14 00:00:00+00:00,7.0,3.0999999046325684,4.823496743485267,0.999,1e-06,0.07631548199842503,-0.05473087477627862,4.878044381599006,0.03522327664815752,-1.5538269004039837,1
2022-07-15 00:00:00+00:00,7.0,3.0,4.893706461156127,0.999,1e-06,0.07654111083087374,-0.05467636459396212,4.948291170280436,0.03520228825404262,-1.5532048428040215,1
2022-07-18 00:00:00+00:00,7.0,3.0,4.893706461156127,0.999,1e-06,0.0765584371925614,-0.05462168834367699,4.948328101324402,0.035181329332356126,-1.5525760220049913,1
2022-07-19 00:00:00+00:00,6.320000171661377,3.0,4.213706632817504,-0.999,1e-06,0.07820437162980041,0.031172372904526513,4.183481128588775,0.03410294768804583,0.9140668187886123,0
2022-07-20 00:00:00+00:00,6.5,3.0,4.393706461156127,0.999,1e-06,0.07482831568840247,0.031147885134710725,4.362319890078267,0.03408354553749157,0.9138686906985176,0
2022-07-21 00:00:00+00:00,6.5,4.099999904632568,3.621398897203976,-0.999,2.0102206512422136e-06,0.07407014038928125,-0.05198448237496331,3.6742828894485444,0.03307846467431912,-1.571550641385182,1
2022-07-22 00:00:00+00:00,6.449999809265137,3.900000095367432,3.711818141810834,-0.999,1.1840404892390924e-06,0.0758071081946039,0.05154205579255655,3.6602940017879497,0.03214432987014579,1.6034571571649563,0
2022-07-25 00:00:00+00:00,6.449999809265137,3.799999952316284,3.782028026874866,-0.999,1.078006854208202e-06,0.07588048856085383,-0.047042064888737536,3.8288540869758956,0.03129345540041886,-1.5032556899455687,1
2022-07-26 00:00:00+00:00,6.550000190734863,4.25,3.5660843440393775,-0.999,1.1924449831280725e-06,0.07592615545655025,0.03943882484728621,3.5270326000554615,0.030512515654470395,1.292545829190194,0
2022-07-27 00:00:00+00:00,7.0,4.0,4.191608614874837,-0.999,1.8079895198913924e-06,0.0742192503392652,-0.0226735307892787,4.213381077302933,0.029790537297220268,-0.7610984173620241,0
2022-07-28 00:00:00+00:00,6.78000020980835,3.950000047683716,4.006713683518617,-0.999,2.2576255299250006e-06,0.07355049974887758,0.017403028763057958,3.9896073829407284,0.02911941370265567,0.5976435151052102,0
2022-07-29 00:00:00+00:00,6.699999809265137,3.849999904632568,3.996923168039436,-0.999,2.1751827073712173e-06,0.07369459790188344,-0.01684576002514234,4.013736959098537,0.028485688013012815,-0.591376273497304,0
2022-08-01 00:00:00+00:00,6.699999809265137,3.799999952316284,4.032028026874865,-0.999,1.8080406356166156e-06,0.07325295605614011,0.016859723268629785,4.015166396773582,0.027878538199122734,0.6047563594693899,0
2022-08-02 00:00:00+00:00,6.699999809265137,4.099999904632568,3.821398706469113,-0.999,2.2875110738340064e-06,0.07262307359921612,-0.02045211638348019,3.8420838783345603,0.027328321503932017,-0.7483853840250498,0
2022-08-03 00:00:00+00:00,6.699999809265137,3.950000047683716,3.926713282975404,-0.999,2.2922383571845024e-06,0.07243682843689836,0.021694391013384936,3.9049339811158386,0.02680289340933748,0.8094048161914913,0
2022-08-04 00:00:00+00:00,7.0,4.099999904632568,4.121398897203976,-0.999,1.9656594830987303e-06,0.07283075399981914,-0.017185049699161736,4.1382701383465355,0.02629930733650848,-0.6534411526232706,0
2022-08-05 00:00:00+00:00,6.980000019073486,4.25,3.9960841723780005,-0.999,1.332789118468409e-06,0.07277232869686182,0.014270534484364543,3.982024083805622,0.02580587040692443,0.552995665689128,0
2022-08-08 00:00:00+00:00,6.980000019073486,4.25,3.9960841723780005,-0.999,1.7440765212409703e-06,0.07193329219946969,-0.013753743656097989,4.009800051553876,0.025361727219165395,-0.5423031143440631,0
2022-08-09 00:00:00+00:00,6.659999847412109,4.050000190734863,3.816503436058345,-0.999,1.7965956058817259e-06,0.07203770260565562,0.010194013105705118,3.806586226149519,0.024936783327829417,0.408794228657736,0
2022-08-10 00:00:00+00:00,7.510000228881836,4.0,4.701608843756673,-0.8617340618119038,0.0005847930399354283,0.0731277650799573,0.009968583553819629,4.690451902800028,0.039965989573814864,0.24942666652625312,0
2022-08-11 00:00:00+00:00,8.0,4.0,5.191608614874837,0.999,3.8540630667236573,1e-06,0.5011312484948474,4.690464622102334,1.9634847242495121,0.25522543786857876,0
2022-08-12 00:00:00+00:00,8.0,4.199999809265137,5.051189179533115,-0.999,1e-06,0.08204078140614644,-0.4776152944968955,5.527810686727919,0.033865911337416454,-14.103128356366021,1
2022-08-15 00:00:00+00:00,8.0,4.0,5.191608614874837,-0.999,1e-06,0.08184585692388417,0.4556649832968473,4.736882659497658,0.03294296727155872,13.831935039144009,0
2022-08-16 00:00:00+00:00,8.0,4.199999809265137,5.051189179533115,-0.999,1e-06,0.08164782627774758,-0.43588819609546015,5.48618436308883,0.032089686342782274,-13.583435856595765,1
2022-08-17 00:00:00+00:00,8.5,4.199999809265137,5.551189179533115,-0.999,1.4782057494027873e-06,0.08214807338741772,0.42665338042738615,5.1249643084314815,0.03131893504182938,13.622857222237936,0
2022-08-18 00:00:00+00:00,8.5,4.5,5.3405596917341915,-0.999,1.5934070983945297e-06,0.08228086643596733,-0.4117011682326628,5.751517894397678,0.03060032086846594,-13.454145464759705,1
2022-08-19 00:00:00+00:00,9.0,4.349999904632568,5.9458744356336535,-0.999,2.7968437900901542e-06,0.08273664826852971,0.4066154150834903,5.53950933059917,0.029971289540392583,13.566830834405405,0
2022-08-22 00:00:00+00:00,9.279999732971191,4.150000095367432,6.366293603946566,-0.9320635801391897,0.00010036948349747689,0.08676124299856768,-0.3561693483370032,6.72112906891997,0.03076195778538965,-11.578240592546596,1
2022-08-23 00:00:00+00:00,9.779999732971191,4.300000190734863,6.760978860047104,-0.999,1e-06,0.08947003854215427,0.35007950865388504,6.411238937431232,0.028558680839826107,12.258252074643678,0
2022-08-24 00:00:00+00:00,12.0,4.25,9.016084153304515,-0.53988707675577,0.00436532949806977,0.11376243827416371,-0.07187263656636493,9.085633494318552,0.09357740512934892,-0.7680554559833945,0
2022-08-25 00:00:00+00:00,11.0,4.349999904632568,7.9458744356336535,-0.646697334874543,0.00399124034588063,0.11813785404141644,-0.0300998660551694,7.976858083955749,0.09622711354199626,-0.3128002591705399,0
2022-08-26 00:00:00+00:00,9.489999771118164,4.5,6.330559462852356,0.999,22.421316383900635,1e-06,-1.6462842236712298,7.976850894906645,4.735691376484175,-0.34763334279892366,0
2022-08-29 00:00:00+00:00,9.489999771118164,4.449999809265137,6.365664489080957,0.999,0.9554745634480595,1e-06,-1.611190128638581,7.976851117416534,0.980271381992343,-1.6436164089213066,1
2022-08-30 00:00:00+00:00,9.800000190734863,4.300000190734863,6.780979317810776,0.999,1.4089821676301273,1e-06,-1.195903024155325,7.976852984022536,1.1893025646579654,-1.0055498572806474,1
2022-08-31 00:00:00+00:00,9.199999809265137,4.150000095367432,6.286293680240512,0.999,6.395538422788525,1e-06,-1.6905510579355847,7.976852491027885,2.5300193382048275,-0.6681968917815124,1
2022-09-01 00:00:00+00:00,9.5,4.0,6.691608614874837,0.999,8.679456500538276,1e-06,-1.2852488220251757,7.976852786755237,2.94701831176856,-0.43611836984272895,1
2022-09-02 00:00:00+00:00,9.510000228881836,3.950000047683716,6.736713702592104,0.999,6.764642391362132,1e-06,-1.2401397731953252,7.976852827960306,2.6019423168758893,-0.4766207786974852,1
2022-09-05 00:00:00+00:00,10.199999809265137,4.0,7.3916084241399735,0.999,9.758527906314587,1e-06,-0.5852515280850632,7.976853254065379,3.1247384427834843,-0.1872961653595964,1
2022-09-06 00:00:00+00:00,9.6899995803833,3.849999904632568,6.9869229391575995,0.999,11.927057198554005,1e-06,-0.9899267009258765,7.976853037880676,3.4543480757235474,-0.2865741029060966,1
2022-09-08 00:00:00+00:00,9.020000457763672,3.849999904632568,6.316923816537971,0.999,3.84733219586697,1e-06,-1.6599106720295835,7.9768519281177035,1.9628542033408058,-0.8456617252592638,1
2022-09-09 00:00:00+00:00,9.899999618530272,4.25,6.916083771834786,0.999,23.72161059832858,1e-06,-1.060770835294008,7.976852088423139,4.8710446547416515,-0.21777070638459764,1
2022-09-12 00:00:00+00:00,9.899999618530272,5.849999904632568,5.792727284741989,0.999,41.88971801956267,1e-06,-2.184121948605479,7.976851917560689,6.472648951544216,-0.33743865378090687,1
2022-09-13 00:00:00+00:00,9.109999656677246,5.75,5.072937040559824,0.999,18.117639076494495,1e-06,-2.9039106384087745,7.976851663864453,4.257124206139975,-0.6821296485126075,1
2022-09-14 00:00:00+00:00,9.149999618530272,7.099999904632568,4.165104976890375,0.999,12.62912590300386,1e-06,-3.811739016485885,7.97685120468673,3.5545174542740177,-1.072364692400815,1
2022-09-15 00:00:00+00:00,9.149999618530272,6.599999904632568,4.5161539000310205,0.999,12.218730873787544,1e-06,-3.460700327368802,7.976851385662247,3.496312386427879,-0.9898143943895524,1
2022-09-16 00:00:00+00:00,9.210000038146973,7.550000190734863,3.9091611648086904,0.999,17.475461908451287,1e-06,-4.067686505211126,7.9768511631668515,4.181020490075115,-0.9728932242420194,1
2022-09-19 00:00:00+00:00,9.5,7.449999809265137,4.26937117911892,0.999,17.823250315344726,1e-06,-3.7074821094867096,7.9768512904581765,4.222407103221064,-0.8780494203551468,1
2022-09-20 00:00:00+00:00,9.100000381469728,7.199999809265137,4.044896022158971,0.999,18.00627126035223,1e-06,-3.9319539203444656,7.976851209718026,4.244024468631556,-0.9264682495132469,1
2022-09-21 00:00:00+00:00,9.100000381469728,7.800000190734863,3.6236370465611234,0.999,17.974607357229722,1e-06,-4.353211646927408,7.9768510589780135,4.240292535570804,-1.026630028567452,1
2022-09-22 00:00:00+00:00,9.100000381469728,7.900000095367432,3.5534273288902627,0.999,16.217922531578125,1e-06,-4.423423241019522,7.976851029675031,4.027827821729154,-1.0982155734553067,1
2022-09-23 00:00:00+00:00,9.699999809265137,9.149999618530272,3.2758047836204005,0.999,16.53361430255797,1e-06,-4.701044431437793,7.976850920934463,4.066827969374421,-1.1559486820783644,1
2022-09-26 00:00:00+00:00,9.300000190734863,8.449999809265137,3.367273523572493,0.999,15.822163758720745,1e-06,-4.6095779806991075,7.976850955895981,3.97839668567824,-1.158652176966929,1
2022-09-27 00:00:00+00:00,9.199999809265137,7.599999904632568,3.864056244484595,0.999,15.630066058050346,1e-06,-4.112798061047115,7.976851156681497,3.9541805077580654,-1.0401138878151472,1
2022-09-28 00:00:00+00:00,9.300000190734863,7.25,4.209790805195505,0.999,12.701589119924197,1e-06,-3.767063212594108,7.976851328208746,3.564697399448956,-1.0567694226097382,1
2022-09-29 00:00:00+00:00,9.300000190734863,7.800000190734863,3.8236368558262583,0.999,15.16224412915235,1e-06,-4.153211736747239,7.976851164179361,3.8945761719354866,-1.0664091683905152,1
2022-09-30 00:00:00+00:00,9.09000015258789,7.5,3.8242663054782096,0.999,13.997438201358712,1e-06,-4.152584831901666,7.976851162572222,3.742047384941728,-1.1097093127713908,1
2022-10-03 00:00:00+00:00,9.5,8.149999618530273,3.7779028206365535,0.999,14.036722414388436,1e-06,-4.198947959093493,7.976851139610158,3.7472928687491573,-1.1205283670542403,1
2022-10-04 00:00:00+00:00,10.229999542236328,7.849999904632568,4.718531515885464,0.999,22.221518187547037,1e-06,-3.25832410666953,7.976851408527323,4.714552006037364,-0.6911206202619005,1
2022-10-05 00:00:00+00:00,10.229999542236328,8.699999809265137,4.121748413503635,0.999,26.561523953579282,1e-06,-3.8551005918124925,7.976851264345681,5.154319293926653,-0.7479359294553147,1
2022-10-06 00:00:00+00:00,10.229999542236328,8.399999618530273,4.332377901302559,0.999,24.823775352486383,1e-06,-3.6444742491676156,7.976851317516877,4.982896726064095,-0.731396705475436,1
2022-10-07 00:00:00+00:00,10.229999542236328,8.949999809265137,3.9462239519333124,0.9218375042874719,0.3404187980361584,1e-06,-4.029599364469152,7.976020304103811,0.5881355533619499,-6.851480651755904,1
2022-10-10 00:00:00+00:00,9.100000381469728,9.399999618530272,2.5002808942546695,0.999,33.93776968785174,1e-06,-5.475734858734915,7.976020025990076,5.826084070424588,-0.9398654040252907,1
2022-10-11 00:00:00+00:00,8.970000267028809,8.949999809265137,2.686224676725793,0.999,23.34090434793648,1e-06,-5.289796171796287,7.976020075363426,4.831810349712412,-1.094785554261486,1
2022-10-13 00:00:00+00:00,8.789999961853027,9.350000381469728,2.2253848312938835,0.7821872341007606,0.10839631656400292,0.09985489128667513,-4.968903908129231,7.195061749438452,0.4058665136603964,-12.242704783196029,1
2022-10-14 00:00:00+00:00,9.199999809265137,8.850000381469727,2.98643360184664,0.5459754817446703,0.04320591504015338,0.161627293092319,-2.9150268331210447,5.90215098874568,0.3150366788212364,-9.252976015453552,1
2022-10-17 00:00:00+00:00,9.149999618530272,8.949999809265137,2.866224028227256,0.2389740784880204,0.026977172965671464,0.17391076937245598,-0.8647906121009132,3.7320163804466935,0.23653312126108733,-3.6561078951237014,1
2022-10-18 00:00:00+00:00,9.149999618530272,7.300000190734863,4.024685206762312,0.05256238052960787,0.025952264893891325,0.17890118487276982,-0.00958627036146762,4.034125131502738,0.22222621194266848,-0.043137442148097074,1
2022-10-19 00:00:00+00:00,9.59000015258789,6.900000095367432,4.7455249462897156,0.999,22.195411352188923,1e-06,0.7113928709288578,4.034128827076969,4.713705900314691,0.1509200798635665,0
2022-10-20 00:00:00+00:00,9.59000015258789,6.75,4.8508396901891775,0.23190470736073404,0.01590446637718231,0.20461148318919098,0.19755419129114057,4.653007564644467,0.1802576853334443,1.0959543329633954,0
2022-10-21 00:00:00+00:00,9.59000015258789,6.949999809265137,4.710420254847456,0.18600804244854638,0.01503130665176084,0.2052419653393625,0.03786459517390522,4.672546730979278,0.1730874137996901,0.2187599568488845,0
2022-10-24 00:00:00+00:00,9.59000015258789,7.0,4.675315228618855,0.22095101255067282,0.015866361382017597,0.20451642286734256,0.008042059924492004,4.6672756063624234,0.1780208337213863,0.04517482452125985,0
2022-10-25 00:00:00+00:00,9.59000015258789,7.800000190734863,4.113636817679286,0.16451502661213555,0.015236989004481756,0.20658094293910167,-0.029782753889622555,4.143657696751868,0.1736954590720044,-0.171465356945666,0
2022-10-26 00:00:00+00:00,9.279999732971191,7.25,4.189790347431833,0.19750819320488272,0.015423858975186711,0.20699773538680685,-0.0029575738515908224,4.192725523175268,0.17520275403806504,-0.01688086393292797,0
2022-10-27 00:00:00+00:00,9.25,7.699999809265137,3.8438467175485975,0.004139631046503043,0.010817554321700356,0.21107899536979535,-0.01582772431265318,3.8598214994384246,0.14542290600600138,-0.10883927950112614,0
2022-10-28 00:00:00+00:00,9.25,7.5,3.984266152890319,-0.01816975261557465,0.011043476692640337,0.21030445891889674,0.006293426793615613,3.9779192672042645,0.14678868485183505,0.042874059400205444,0
2022-10-31 00:00:00+00:00,9.25,7.349999904632568,4.089580896789781,0.039254988694423745,0.01190424231654919,0.20962837017200184,0.005787634942628135,4.08374511760247,0.1524872722597273,0.03795487227793162,0
2022-11-01 00:00:00+00:00,9.25,7.449999809265137,4.01937117911892,-0.020002915046735202,0.010908708192271244,0.21021125000296068,-0.003186532616909983,4.02258527657522,0.14590953639650162,-0.0218390976738542,0
2022-11-03 00:00:00+00:00,9.25,7.449999809265137,4.01937117911892,0.00911457277196444,0.011592322563625425,0.20949875033466328,-0.00018726330018240304,4.01955981840629,0.1503805413740901,-0.001245262840998574,0
2022-11-04 00:00:00+00:00,9.0,7.150000095367432,3.9800003321315023,0.030874588645193324,0.011843647235647362,0.2090255059351187,-0.0019737993297792365,3.9819912238383117,0.1520687834027565,-0.012979648325005656,0
2022-11-07 00:00:00+00:00,9.0,6.699999809265137,4.295944563829888,0.030745418610985013,0.012132140440763519,0.20907081882812176,0.01590603713284726,4.279903170869535,0.15386730033090287,0.10337503224297927,0
2022-11-08 00:00:00+00:00,9.0,6.949999809265137,4.1204201022595655,-0.08702951092178868,0.009836686072337392,0.2103980977394,-0.008765817796915576,4.1292534653677135,0.13874641532174922,-0.06317869745742893,0
2022-11-09 00:00:00+00:00,9.279999732971191,6.699999809265137,4.5759442968010795,-0.1845705267800702,0.008954647350186199,0.21153543211156872,0.022572955491087118,4.553181048617775,0.13308463601082238,0.16961353442219654,0
2022-11-10 00:00:00+00:00,9.300000190734863,6.349999904632568,4.841678933805935,0.0683498252038208,0.012946295906752529,0.20977067791755072,0.0169656249176374,4.8245888212639585,0.15895797785123383,0.10673025127128409,0
2022-11-11 00:00:00+00:00,9.300000190734863,6.300000190734863,4.876783625248194,-0.10703562651484323,0.008873414708128817,0.2141001477103921,0.0005263853788432746,4.8762345712177035,0.1320601433655436,0.003985951896070834,0
2022-11-14 00:00:00+00:00,10.600000381469728,6.349999904632568,6.1416791245408,-0.23444126718585714,0.010530520845288441,0.21944836066498408,0.0675651812030292,6.0735936090637725,0.14434719333310836,0.4680740902742031,0
2022-11-16 00:00:00+00:00,10.899999618530272,6.699999809265137,6.19594418236016,0.2321393911420846,0.016206735337806717,0.22065168428172663,0.0219894788895589,6.173910830812533,0.17921877145593565,0.12269629297713064,0
2022-11-17 00:00:00+00:00,10.899999618530272,9.050000190734863,4.5460139757700535,0.557637077095582,0.07818158686700293,0.16954793731292533,-0.4729132987783644,5.019580625134271,0.373288926699262,-1.2668827413660846,1
2022-11-18 00:00:00+00:00,10.850000381469728,6.75,6.110839919071015,0.05208164107857767,0.047339160276933794,0.2004185069155743,0.1386716162075171,5.971799851739955,0.29725102611586407,0.46651349877414705,0
2022-11-21 00:00:00+00:00,9.899999618530272,5.849999904632568,5.792727284741989,0.37658717718281826,0.08158886821879623,0.17250133815972468,-0.009377313420178737,5.802190195050199,0.3870776811404655,-0.024225921248029362,0
2022-11-22 00:00:00+00:00,9.800000190734863,6.050000190734863,5.552308086818517,0.36895908987546605,0.07569006784948337,0.17954889184840558,-0.055618336199228624,5.608013627613663,0.38472045033886654,-0.14456818230026322,0
2022-11-23 00:00:00+00:00,9.800000190734863,5.849999904632568,5.692727856946581,0.310105293835529,0.06759804912460853,0.18707638287718587,0.00112835645963269,5.691564252055596,0.3643559360021256,0.003096852138635412,0
2022-11-24 00:00:00+00:00,9.8100004196167,5.900000095367432,5.667623059599816,0.3188338392823426,0.06884396953437057,0.1858218225889251,-0.004303030041900722,5.671934614098035,0.3658087427305113,-0.011763059597158763,0
2022-11-25 00:00:00+00:00,9.8100004196167,6.300000190734863,5.38678385413003,0.3289073640151909,0.07073190488661979,0.18436023291714793,-0.0576554091416524,5.44453898489663,0.370558822768727,-0.15559043692676094,0
2022-11-28 00:00:00+00:00,9.8100004196167,6.0,5.597413341928954,0.30926090686862723,0.06846010711835407,0.18628607576202746,0.014468019114074512,5.582885778679479,0.3647260412502486,0.03966818235539043,0
2022-11-29 00:00:00+00:00,11.8100004196167,5.949999809265137,7.632518368157556,0.41703107273379075,0.1175287168417501,0.1577430704175552,0.7058491862781311,6.925982009036465,0.4597955448472575,1.5351370716578208,-1
2022-11-30 00:00:00+00:00,11.8100004196167,6.400000095367432,7.316574136459169,0.6981036656812427,0.21615315865226795,0.06993170830836284,0.424700948754665,6.89190784054281,0.5892684384065863,0.7207257695712999,-1
2022-12-01 00:00:00+00:00,11.8100004196167,6.150000095367432,7.492098598029492,0.3388682632724698,0.07622148019420891,0.20963296833628167,0.2062269596037978,7.285738715958657,0.40136525256652894,0.5138136853777951,-1
2022-12-02 00:00:00+00:00,11.989999771118164,6.199999809265137,7.6369932580886974,0.32446334931890425,0.0747512329689634,0.21073338254631652,0.11613212277853202,7.520773483198571,0.3856392247024631,0.3011418842783248,-1
2022-12-05 00:00:00+00:00,11.989999771118164,6.5,7.426363770289774,0.3103178884922695,0.0717779682215018,0.21316517117530948,0.013250224097304999,7.413154272604718,0.37537229904986447,0.03529888628128321,-1
2022-12-06 00:00:00+00:00,10.300000190734863,6.449999809265137,5.771469216135074,0.3091418481433543,0.08956343489700766,0.20724545129783098,-0.36899914895974456,6.1409671203784795,0.41082231778138184,-0.8981964537674085,0
2022-12-07 00:00:00+00:00,10.300000190734863,6.349999904632568,5.841678933805935,0.6226233791220972,0.1608723843741391,0.14581455400946097,-0.2608456009048421,6.102546392503354,0.5374269036607429,-0.4853601468926535,0
2022-12-08 00:00:00+00:00,10.300000190734863,5.949999809265137,6.12251813927572,0.47399078349266993,0.10515270017918321,0.20203470875883278,-0.0929374824352486,6.215413721555113,0.472640224832848,-0.1966347288111512,0
2022-12-09 00:00:00+00:00,9.800000190734863,6.050000190734863,5.552308086818517,0.42309261950146043,0.0984893747018498,0.20904242759294128,-0.16448604965119992,5.71697387104717,0.45185239168084507,-0.36402606842320456,0
2022-12-12 00:00:00+00:00,9.649999618530272,6.150000095367432,5.3320977969430645,0.5530954022615997,0.13103296235635445,0.1791212544670269,-0.1840133305236362,5.51619980012911,0.5110590315460084,-0.36006276998368686,0
2022-12-13 00:00:00+00:00,8.8100004196167,6.050000190734863,4.562308315700353,0.4246788283184068,0.09543015266667608,0.2187632608120082,-0.2340815430041433,4.796634866627065,0.45055548424415715,-0.5195398817458272,0
2022-12-14 00:00:00+00:00,8.8100004196167,5.800000190734863,4.737832777270676,0.4350737443969614,0.09496200283291593,0.22041521323198465,-0.09341257404377791,4.831233050021966,0.44369256353866393,-0.21053445948872168,0
2022-12-15 00:00:00+00:00,8.8100004196167,5.199999809265137,5.159091752868523,0.49525889660796185,0.11082976740256491,0.20602505702053064,0.04684997229266447,5.112132705709748,0.4747710354058193,0.09867908696792886,0
2022-12-16 00:00:00+00:00,8.8100004196167,4.650000095367432,5.545245367451429,0.5387997690729255,0.11979680753172235,0.19982329323589598,0.13348663474838146,5.411640223902116,0.49861411369671005,0.2677153154745572,0
2022-12-19 00:00:00+00:00,8.949999809265137,5.0,5.439510577858683,0.5020165464507436,0.10751710716351476,0.21241397169334547,0.058637480165200304,5.380884216036207,0.48102205079445554,0.12190185474523403,0
2022-12-20 00:00:00+00:00,8.949999809265137,5.449999809265137,5.123566680946638,0.5289860868712043,0.11610848651663531,0.204522803163264,-0.03956286797190363,5.163212334828505,0.4959915506902639,-0.07976520550974021,0
2022-12-21 00:00:00+00:00,9.199999809265137,5.449999809265137,5.373566680946638,0.5146675952209555,0.11310065698323274,0.2074238104056504,0.0326161844865487,5.340884821162471,0.4920227822034665,0.06628998832224989,0
2022-12-22 00:00:00+00:00,8.949999809265137,5.449999809265137,5.123566680946638,0.48754326820005633,0.1069054809561453,0.21354000304994356,-0.033236409790925146,5.156868880061619,0.47826126151933984,-0.06949425442767361,0
2022-12-23 00:00:00+00:00,8.949999809265137,5.5,5.088461654718037,0.511521169248232,0.11298839181091735,0.20777895427875565,-0.029126266915938823,5.117602608402899,0.4882424193072826,-0.059655338750088764,0
2022-12-26 00:00:00+00:00,8.949999809265137,5.599999904632568,5.018251937047177,0.49985210929912294,0.10947763366483534,0.21132537295499895,-0.03336349549657249,5.051639497481572,0.482654153075195,-0.06912505628305375,0
2022-12-27 00:00:00+00:00,8.949999809265137,5.5,5.088461654718037,0.4984074215686488,0.10920486067440181,0.21159589268121048,-0.004733249370216689,5.093179721141941,0.48129698974564245,-0.009834363129339607,0
2022-12-28 00:00:00+00:00,8.949999809265137,5.849999904632568,4.842727475476854,0.48737547134231357,0.107128986177605,0.2137838214480419,-0.056077289530544125,4.898875008270113,0.4761878694623605,-0.11776295266374201,0
2022-12-29 00:00:00+00:00,9.5,6.050000190734863,5.252307896083654,0.48411689158429244,0.10111611032590004,0.21640196725971192,0.05043140594294002,5.201767607280016,0.4644834228640672,0.1085752547033287,0
2023-01-02 00:00:00+00:00,9.5,6.150000095367432,5.182098178412793,0.45006469219418826,0.09567777066158335,0.2203869606530141,0.014570088126316655,5.16754016372588,0.44906709966443514,0.03244523621793744,0
2023-01-03 00:00:00+00:00,10.0,6.099999904632568,5.717203204641394,0.4525528175550093,0.09949859417266639,0.21743889172252762,0.1206153973570186,5.5964321463047195,0.4531264997115318,0.26618482351794576,0
2023-01-04 00:00:00+00:00,10.0,6.099999904632568,5.717203204641394,0.48887114953372046,0.10657435459473216,0.2112246040749198,0.07329653791082211,5.643888784415267,0.46888976456801135,0.1563193386794235,0
2023-01-05 00:00:00+00:00,10.0,6.449999809265137,5.471469025400211,0.4905272799215942,0.10737181947455796,0.21070085844208405,-0.011439957652298348,5.482968920302909,0.47330405644214624,-0.02417041962051449,0
2023-01-06 00:00:00+00:00,10.0,7.199999809265137,4.944895640689243,0.5211769901775755,0.11632772556870925,0.2041466309061457,-0.13957463998686426,5.084623452040975,0.4923775691821997,-0.28347075237136965,0
2023-01-09 00:00:00+00:00,10.199999809265137,7.25,5.109790423725778,0.5129257739262418,0.11274864155802991,0.20826924546973594,-0.04919921457836417,5.158962080554946,0.4897661537726171,-0.10045450098866121,0
2023-01-10 00:00:00+00:00,10.100000381469728,7.75,4.658742072789725,0.4272843254032738,0.08902758071902037,0.2303786973386404,-0.09785936164990165,4.756734074754258,0.43815001417945204,-0.2233467042861298,0
2023-01-11 00:00:00+00:00,9.359999656677246,7.849999904632568,3.8485316303263817,0.5642566181432325,0.1267653037374956,0.19828943021085468,-0.3062299911299373,4.155009015637486,0.50640876316172,-0.6047091073582859,0
2023-01-12 00:00:00+00:00,9.600000381469728,7.75,4.158742072789725,0.7670640992795261,0.23920619444758096,0.08542523950506414,-0.07953479173982642,4.238204956130589,0.6434678531351304,-0.12360336472492564,0
2023-01-13 00:00:00+00:00,9.59000015258789,7.300000190734863,4.464685740819931,0.732595345238179,0.21153333046145315,0.11268130805807461,0.09161951805630755,4.37298169835541,0.6508164621198216,0.14077627624520586,0
2023-01-16 00:00:00+00:00,10.100000381469728,7.349999904632568,4.939581278259509,0.7655549895685662,0.2414616147954511,0.08513691426039474,0.36858800902800454,4.5708465733313295,0.6963369730755049,0.5293241968756383,0
2023-01-17 00:00:00+00:00,10.100000381469728,7.400000095367432,4.904476252030908,0.7690911271392058,0.23763489994488984,0.08959672603181051,0.31212819781194856,4.592333320250386,0.7128605821332135,0.43785307482974367,0
2023-01-18 00:00:00+00:00,10.100000381469728,6.75,5.360839919071015,0.7594192626863095,0.21552141184997903,0.1117489353519085,0.49438648489223813,4.866298532219179,0.7117707814850497,0.694586653108663,0
2023-01-19 00:00:00+00:00,10.100000381469728,6.900000095367432,5.255525175171553,0.7356655548841375,0.1939982231281551,0.1329895953274838,0.37379691486606303,4.881720915442782,0.7008499092464272,0.5333480249258783,0
2023-01-20 00:00:00+00:00,10.100000381469728,6.900000095367432,5.255525175171553,0.7320976925687991,0.19183279413395982,0.13502695923615532,0.312055262305408,4.943441165033074,0.7012386112520852,0.4450058187016011,0
2023-01-23 00:00:00+00:00,10.100000381469728,7.25,5.00979099593037,0.7215138627112886,0.18492920393502219,0.1422265974270854,0.16867031632423407,4.84116597493704,0.6939964145027122,0.24304205727791248,0
2023-01-24 00:00:00+00:00,10.100000381469728,7.199999809265137,5.044896022158971,0.7422453233421521,0.19908152409532381,0.1281366889574081,0.1574005260856169,4.887472870724507,0.7094026071053455,0.22187756925207222,0
2023-01-25 00:00:00+00:00,10.100000381469728,7.400000095367432,4.904476252030908,0.7185850647887995,0.18054128494513233,0.14667692810759958,0.08055208098210612,4.823951512938892,0.6912414668484621,0.11653247793330837,0
2023-01-26 00:00:00+00:00,10.100000381469728,7.400000095367432,4.904476252030908,0.7073018970732098,0.17209029099365564,0.15489371687291414,0.06435898049997073,4.840110593156619,0.6769260470858417,0.09507534948172751,0
2023-01-27 00:00:00+00:00,10.100000381469728,7.5,4.834266534360047,0.7083031257117511,0.1721156753844348,0.15488535368927545,0.029050696357077754,4.805230468280206,0.6718994838266752,0.04323667015135219,0
2023-01-30 00:00:00+00:00,10.1899995803833,7.699999809265137,4.783846297931898,0.7041720875783931,0.16948888980703947,0.15750676546628306,0.007209994866343267,4.776648202444442,0.6650136020527593,0.010841875781318617,0
2023-01-31 00:00:00+00:00,10.1899995803833,8.0,4.573216810132974,0.7120310679650934,0.1745921384272961,0.15256339139179065,-0.06560166640427516,4.6388780741166125,0.6687405881044507,-0.09809733037174173,0
2023-02-01 00:00:00+00:00,10.18000030517578,7.5,4.914266458066098,0.843306656899312,0.30312186353931836,0.022064305187516453,0.2107109806632607,4.703455886485132,0.765009259708823,0.275435856480301,0
2023-02-02 00:00:00+00:00,10.18000030517578,7.199999809265137,5.124895945865022,0.4785420482371173,0.0872154437305569,0.23133664425766992,0.114501026039024,5.010313831974848,0.48817821542882633,0.2345475943420454,0
2023-02-03 00:00:00+00:00,10.149999618530272,7.349999904632568,4.9895805153200525,0.6209020737085196,0.13356020129627824,0.18450241642197365,0.04462523331383009,4.944982291996745,0.5450931795791122,0.0818671650749455,0
2023-02-06 00:00:00+00:00,9.0,6.75,4.260839537601287,0.7023892162349388,0.1851667373390835,0.1359989220452103,-0.29034609218101354,4.55139867640136,0.6189830345381241,-0.4690695479201065,0
2023-02-07 00:00:00+00:00,9.0,6.300000190734863,4.576783434513331,0.697280170471002,0.1817012167103679,0.1401457616126968,-0.10871917113737167,4.685435626556531,0.6341003068697757,-0.17145421624862764,0
2023-02-08 00:00:00+00:00,9.0,6.900000095367432,4.155524793701825,0.6264614459045222,0.14032374991351754,0.18097324646008023,-0.1845087633266133,4.340164670319609,0.5871627269016066,-0.31423786775472934,0
2023-02-09 00:00:00+00:00,9.0,6.099999904632568,4.717203204641394,0.5036099794946016,0.10572729422693071,0.2152804376939484,-0.02381778869339482,4.740894509448932,0.5052435398886703,-0.04714120382151355,0
2023-02-10 00:00:00+00:00,9.0,6.050000190734863,4.752307896083654,0.7854104002605612,0.2570391229637459,0.06483765904078859,0.0025217172621245926,4.749777022564174,0.6655249462814192,0.0037890649722666847,0
2023-02-13 00:00:00+00:00,9.0,6.150000095367432,4.682098178412793,0.517080154771811,0.10662429197869523,0.2106625730742126,-0.010215320343744758,4.692332619786104,0.5028805648517009,-0.0203136113378278,0
2023-02-14 00:00:00+00:00,9.0,5.949999809265137,4.822517948540857,0.5911102324576536,0.13881568092211125,0.17553077735360842,0.03554303066052527,4.786934732339049,0.5451176178226549,0.06520249850388915,0
2023-02-15 00:00:00+00:00,9.0,6.050000190734863,4.752307896083654,0.999,44.653464206565054,1e-06,-0.03462631990628639,4.786934373052801,6.694172216358787,-0.005172606677442331,0
2023-02-16 00:00:00+00:00,9.0,6.199999809265137,4.646993486970533,0.999,39.46549744542075,1e-06,-0.1399401937022851,4.786933947611443,6.2947578111210465,-0.022231227618487656,0
2023-02-17 00:00:00+00:00,9.0,6.599999904632568,4.366154281500749,-0.7491012752129151,0.003961129990354014,0.24494816299963768,-0.04672948429166966,4.412955413565119,0.18936068063251937,-0.24677501229706023,0
2023-02-22 00:00:00+00:00,9.0,6.400000095367432,4.50657371684247,-0.33960006743736465,0.018609543141230547,0.22034882435780645,0.02455687491040335,4.481990603752969,0.19286768723029982,0.127324982546612,0
2023-02-23 00:00:00+00:00,9.0,6.349999904632568,4.5416787430710714,-0.22913691583609955,0.023204759137369947,0.21495437883009805,0.0013449266458430966,4.540309300114259,0.2105944618713269,0.0063863343503536485,0
2023-02-24 00:00:00+00:00,9.0,6.849999904632568,4.190629819930426,-0.2075132824123107,0.02342948736984748,0.21505273860405735,-0.03752299311455398,4.22828246642017,0.21144157949192832,-0.177462697756599,0
2023-02-27 00:00:00+00:00,9.0,6.449999809265137,4.471469025400211,-0.1843186300021462,0.02407213558793002,0.21440304665577287,0.03218485343591323,4.439196173820103,0.2140003353849838,0.15039627567878852,0
2023-02-28 00:00:00+00:00,9.0,6.449999809265137,4.471469025400211,-0.21338341580835996,0.023009711117929602,0.214892172208853,-0.0027179812586804724,4.47417251338107,0.20969729692129618,-0.012961451094434412,0
2023-03-01 00:00:00+00:00,9.0,6.25,4.611888460741932,-0.15776659862135298,0.024759834943775677,0.21097934355026574,0.015294145969387964,4.596542314868311,0.21667036710858725,0.07058716045707855,0
2023-03-02 00:00:00+00:00,9.0,6.150000095367432,4.682098178412793,-0.14395454644334182,0.02466526352188973,0.2109832381702374,0.007180953190970648,4.674884091329586,0.21624694778896403,0.033207188653495166,0
2023-03-03 00:00:00+00:00,8.890000343322754,6.349999904632568,4.431679086393825,-0.33539463657000523,0.017052873867887144,0.21416983378529328,-0.02636930310364981,4.458137309910785,0.18414705654647331,-0.14319698396588257,0
2023-03-06 00:00:00+00:00,8.890000343322754,6.300000190734863,4.466783777836085,-0.2887286639695756,0.01708527312500563,0.21426801774908272,0.00770652483521764,4.459076855005992,0.1829593165713306,0.042121521765813366,0
2023-03-07 00:00:00+00:00,8.890000343322754,6.349999904632568,4.431679086393825,-0.0219447055551309,0.020727442622826456,0.2096207951751079,-0.002488488414403079,4.434178569804924,0.19916299117037345,-0.012494733081580948,0
2023-03-08 00:00:00+00:00,8.890000343322754,6.400000095367432,4.396574060165224,-0.6410711527671438,0.0068462608105793864,0.20961179676358593,-0.002324906296268937,4.398913613286269,0.1371096643845738,-0.016956545745366963,0
2023-03-09 00:00:00+00:00,8.890000343322754,6.75,4.150839880924041,-0.20778817523046317,0.02334197816915428,0.1824452121448195,-0.028822719795410564,4.179773862019835,0.209986871695322,-0.13725962753152754,0
2023-03-10 00:00:00+00:00,8.890000343322754,6.300000190734863,4.466783777836085,-0.08492031665925133,0.030916793556161375,0.17360511490782168,0.04321848267034473,4.4234410989033055,0.23933203796280414,0.1805795957708827,0
2023-03-13 00:00:00+00:00,8.0,6.099999904632568,3.717203204641394,0.0221397930412512,0.039475207991965716,0.16555964984339688,-0.1184503285381833,3.8359604548239377,0.26906209896357686,-0.44023416525200754,0
2023-03-14 00:00:00+00:00,8.0,5.849999904632568,3.8927276662117176,0.09135838735937511,0.04300719282532725,0.16314711797090564,0.0008366944563402787,3.8918620261988317,0.28167724202619354,0.002970401337082367,0
2023-03-15 00:00:00+00:00,8.0,6.0,3.787412922312255,0.06525338807666828,0.040503574812769366,0.16559127678979554,-0.01675679863470815,3.804213628182391,0.2738657412591435,-0.06118618034393777,0
2023-03-16 00:00:00+00:00,8.5,6.0,4.287412922312255,-0.03219961707060134,0.03489213471981126,0.17011355401556902,0.07243760468325966,4.2147758127418955,0.2538734024271623,0.28532963276467066,0
2023-03-17 00:00:00+00:00,9.199999809265137,5.550000190734863,5.303356628489436,0.14558404717270437,0.04990335676755748,0.16354506174395844,0.22243189474597883,5.080466389782509,0.30223675137712946,0.7359525065448757,0
2023-03-20 00:00:00+00:00,9.199999809265137,5.400000095367432,5.408671372388898,0.207112741820343,0.048886387509382755,0.16901223605149887,0.09470660859805938,5.313849191782168,0.3038016754767035,0.31173826954526385,0
2023-03-21 00:00:00+00:00,9.199999809265137,5.449999809265137,5.373566680946638,0.06437281986484444,0.036726923754181406,0.18097480225678594,0.013245488923409883,5.360300235666002,0.26284135063561787,0.05039347458601506,0
2023-03-22 00:00:00+00:00,9.199999809265137,5.5,5.338461654718037,0.02592198433022402,0.03329043430837538,0.1831537334279116,-0.0025691813375381344,5.341039804940079,0.24967728946405252,-0.01029000812630191,0
2023-03-23 00:00:00+00:00,9.199999809265137,5.0,5.689510577858683,-0.02912078828568062,0.03215374384073558,0.1818459780993969,0.04704760955348365,5.642320729544613,0.24470317541899017,0.19226399278606388,0
2023-03-24 00:00:00+00:00,9.199999809265137,5.199999809265137,5.549091142516961,0.014639321072730449,0.03378971320150152,0.18033540934589914,-0.0123116207645389,5.561441698231436,0.2509252116464418,-0.0490649013853825,0
2023-03-27 00:00:00+00:00,9.199999809265137,5.150000095367432,5.584195833959221,-0.028639969351166694,0.031596909598813436,0.18188467958233145,0.0033260143871147565,5.580860658209186,0.24271338586222696,0.013703464995551274,0
2023-03-28 00:00:00+00:00,8.5,5.699999809265137,4.49804241011118,-0.04485640266908846,0.03537126558633793,0.18295313094142007,-0.15994907072005277,4.658427487543966,0.2557105822543049,-0.6255082183536033,0
2023-03-29 00:00:00+00:00,7.949999809265137,5.400000095367432,4.158671372388898,0.2617646991016016,0.045887532653404776,0.17782951864353774,-0.11827601823343913,4.277137975189168,0.29519810308407063,-0.400666593036185,0
2023-03-30 00:00:00+00:00,8.449999809265137,5.449999809265137,4.623566680946638,0.1200973975092781,0.03323160426297676,0.19005566785825095,0.026566830574843398,4.596858646024873,0.2525744849411807,0.10518414233737924,0
2023-03-31 00:00:00+00:00,8.0,5.349999904632568,4.243776589352363,0.09101151394731512,0.03308330055061732,0.18960201130012524,-0.0413624188323869,4.2852822872834695,0.25031328900321476,-0.16524260057106152,0
2023-04-03 00:00:00+00:00,8.0,4.900000095367432,4.559720486264407,0.1601761939661854,0.037630290518438,0.18493903160029232,0.0322033692961113,4.5274017411251695,0.2671517459378869,0.12054336078940926,0
2023-04-04 00:00:00+00:00,8.0,5.099999904632568,4.4193010509226855,-0.17454432086493363,0.016721603032184,0.19165897263729476,-0.015116361542360644,4.434457585815395,0.1796693064136623,-0.08413435685869144,0
2023-04-05 00:00:00+00:00,8.0,4.849999904632568,4.594825512493008,-0.2180043340600795,0.019722012383719935,0.18170474889674001,0.019969347498123763,4.574786257792963,0.19404010798158372,0.10291350435663046,0
2023-04-06 00:00:00+00:00,8.0,4.949999809265137,4.5246157948221475,0.22360377820918645,0.04607881703911351,0.15497006034753416,-0.006606338599388642,4.531247900094247,0.2904252042289458,-0.02274712560477631,0
2023-04-10 00:00:00+00:00,8.0,5.150000095367432,4.384196024694084,0.3804792781090113,0.055307620534930574,0.14569037499741888,-0.03351232830856928,4.417775312183286,0.3259237904691392,-0.10282259009178549,0
2023-04-11 00:00:00+00:00,8.0,5.400000095367432,4.208671563123762,0.24894674437790815,0.04333431714719722,0.1565732202350283,-0.03801788368161145,4.24677719292357,0.29124794066895143,-0.13053442916811792,0
2023-04-12 00:00:00+00:00,8.0,5.849999904632568,3.8927276662117176,0.8564027527153122,0.2462505443097266,1e-06,-0.3460649267468949,4.238922591849131,0.5364330701759477,-0.6451222826985427,0
2023-04-13 00:00:00+00:00,8.0,5.400000095367432,4.208671563123762,0.03724077614031277,0.03264969410735607,0.14915132296530056,-0.0153441724586464,4.224023617640189,0.24687635141020936,-0.062153269727931726,0
2023-04-14 00:00:00+00:00,8.0,5.650000095367432,4.033147101553439,0.35679148250467807,0.0701965181401676,0.10877098631842057,-0.0673612135850006,4.100605457035544,0.35032854818243125,-0.1922801151504293,0
2023-04-17 00:00:00+00:00,8.0,5.550000190734863,4.103356819224299,0.4176460138431075,0.08067375611397375,0.09832833965314468,-0.0174853932577069,4.12082653341312,0.38353353893419095,-0.04559025869366577,0
2023-04-18 00:00:00+00:00,8.899999618530273,5.300000190734863,5.178880899324895,0.4239381350810669,0.09245062911939732,0.09200828981967034,0.3856686424211279,4.7926966962793704,0.41074426032368405,0.9389507771020452,0
2023-04-19 00:00:00+00:00,8.899999618530273,5.150000095367432,5.284195643224358,0.7022952549882912,0.17440524828588666,0.014318222538506786,0.4495786584956569,4.83450421492329,0.5079835882528975,0.8850259514128951,0
2023-04-20 00:00:00+00:00,8.899999618530273,5.199999809265137,5.249090951782097,0.4816618863014073,0.09011509962465747,0.09756263677037952,0.28178933794566424,4.967207427593636,0.42049208803054017,0.6701418313611599,0
2023-04-24 00:00:00+00:00,8.899999618530273,5.099999904632568,5.319300669452959,0.5850317943383223,0.11779350712853724,0.06953271568755008,0.2543592757969173,5.064848897884464,0.4679795665237536,0.5435264571193764,0
2023-04-25 00:00:00+00:00,8.899999618530273,5.050000190734863,5.354405360895218,0.5772266603347858,0.11525499541174825,0.0718817908446654,0.2097739165096913,5.144561949329551,0.4735841253031632,0.44294963724851477,0
2023-04-26 00:00:00+00:00,8.899999618530273,5.0,5.38951038712382,0.5639826479203203,0.11127984548590272,0.07565783109582055,0.16979569486518173,5.2196537569835275,0.47210846886063806,0.35965399069192255,0
2023-04-27 00:00:00+00:00,8.800000190734863,5.300000190734863,5.078881471529485,0.5593989415574178,0.11135901058883994,0.0759471546782761,0.0004339580316907732,5.07856024175778,0.4732919078411749,0.0009168929882409881,0
2023-04-28 00:00:00+00:00,8.800000190734863,5.5,4.938462036187763,0.6001784545736364,0.12309738823222281,0.0651007209715488,-0.06509256364177256,5.003622611850425,0.4919659237099594,-0.13231112258935265,0
2023-05-02 00:00:00+00:00,8.010000228881836,5.25,4.323986535905059,0.5360585662630908,0.10428927229604583,0.08637793546780152,-0.25753686262937564,4.581821306672246,0.4657759205753495,-0.5529200872197372,0
2023-05-03 00:00:00+00:00,8.5,5.449999809265137,4.673566871681501,0.5162137116770368,0.0992688355558385,0.09140943096653036,-0.05934293562531459,4.7328063649051035,0.4530467148731104,-0.13098635014257945,0
2023-05-04 00:00:00+00:00,8.5,5.400000095367432,4.708671563123762,0.560687238223587,0.10972788928964314,0.0814748726706028,-0.0296646501607277,4.738331899397476,0.4687724705714715,-0.06328155346785637,0
2023-05-05 00:00:00+00:00,8.399999618530273,5.449999809265137,4.573566490211775,0.6344008875089983,0.13227055368000895,0.0586654607766634,-0.0945378530198475,4.668175255365205,0.5034108155221637,-0.18779464029152404,0
2023-05-08 00:00:00+00:00,8.699999809265137,5.449999809265137,4.873566680946638,0.4914830992975619,0.09329883020167981,0.09557764324791848,0.02559470970098405,4.847857674627163,0.4447748785894135,0.057545313220379465,0
2023-05-09 00:00:00+00:00,8.899999618530273,5.400000095367432,5.108671181654035,0.5970158097533795,0.12459584640388516,0.06510104794688226,0.13334764690194092,4.975204832812514,0.48848611639717404,0.27298144701725724,0
2023-05-10 00:00:00+00:00,9.199999809265137,5.449999809265137,5.373566680946638,0.8420405247404845,0.286931808442279,1e-06,0.3804488435157384,4.993019177207051,0.6323943055188266,0.601600678873305,0
2023-05-11 00:00:00+00:00,9.199999809265137,5.449999809265137,5.373566680946638,0.418522198546131,0.07725859414862973,0.09928487112822212,0.21052925604815945,5.162934407388764,0.4034413036573362,0.5218336698291381,0
2023-05-12 00:00:00+00:00,9.199999809265137,5.349999904632568,5.4437763986175,0.17710303250629672,0.027771706194151174,0.13818274759366897,0.05393543069916948,5.389732245849352,0.23912013168179042,0.22555788305998492,0
2023-05-15 00:00:00+00:00,9.100000381469728,5.25,5.413986688492951,-0.999,1e-06,0.16592867239245768,-0.037704095242787214,5.451663233405863,0.13112044855734842,-0.287553128879791,0
2023-05-16 00:00:00+00:00,9.100000381469728,5.150000095367432,5.484196406163813,0.33205785524054204,0.00931025214360755,0.15006165874904862,-0.011036947664747098,5.495206410471474,0.14260053332156358,-0.07739766049723551,0
2023-05-17 00:00:00+00:00,8.600000381469727,5.099999904632568,5.019301432392412,0.4796111405840299,0.01885483565934178,0.13987144669818646,-0.05210462401119776,5.071696721837436,0.19658003502121343,-0.2650555230879627,0
2023-05-18 00:00:00+00:00,8.600000381469727,5.150000095367432,4.984196406163811,0.9457003526889992,0.19641810004275442,1e-06,-0.08725446089963476,5.071470302528459,0.465166510981715,-0.18757683289686475,0
2023-05-19 00:00:00+00:00,8.600000381469727,5.099999904632568,5.019301432392412,0.7635559078231543,0.041460327966986746,0.11817882006713008,-0.06321610037634491,5.082508549510814,0.2926031360804863,-0.21604724140398845,0
2023-05-22 00:00:00+00:00,8.5,5.25,4.813986307023223,0.692564734094975,0.030367453149682026,0.12901239123023933,-0.07258036585090505,4.886703928690902,0.28147035347322485,-0.25786149395591434,0
2023-05-23 00:00:00+00:00,8.5,5.099999904632568,4.9193010509226855,0.7715296941582254,0.04038482656325484,0.11901374461062417,-0.03863197542191088,4.957878386280725,0.3219052863726918,-0.12001037900689832,0
2023-05-24 00:00:00+00:00,8.5,5.0,4.989510768593546,0.5260634396241491,1e-06,0.13800517543120952,-0.02569434798073209,5.015171023374643,0.12599136612477596,-0.20393737103608836,0
2023-05-25 00:00:00+00:00,8.5,4.949999809265137,5.0246157948221475,-0.999,1.757017056482304e-06,0.12516636629323807,0.02294428894635526,5.0016800973403015,0.10256580736337,0.22370309888039264,0
2023-05-26 00:00:00+00:00,8.989999771118164,4.949999809265137,5.5146155659403115,0.48957619445088946,0.01189170339127829,0.11456661037978594,0.04718536429359606,5.467042431451244,0.16012495510741523,0.2946783920216753,0
2023-05-29 00:00:00+00:00,8.989999771118164,4.849999904632568,5.584825283611172,0.7509112704226563,0.020819619628362096,0.10659562668289022,0.04713320861194885,5.537627971097617,0.21632807189357886,0.2178783742645093,0
2023-05-30 00:00:00+00:00,8.5,4.75,5.165035230163869,0.6901744925602918,0.019607944763781852,0.10821969917643612,-0.011121905191567097,5.176467544709865,0.22377469150670443,-0.04970135414635966,0
2023-05-31 00:00:00+00:00,8.5,5.050000190734863,4.954405742364944,0.15793596871356425,1e-06,0.11519357728810496,0.004755790254499206,4.9498107826199735,0.02534304111392142,0.18765665229839992,0
2023-06-01 00:00:00+00:00,8.5,5.050000190734863,4.954405742364944,-0.999,1.992259543660276e-06,0.10505772452228228,-0.004639614556016665,4.959036689899205,0.025072820048591987,-0.1850455811123333,0
2023-06-02 00:00:00+00:00,9.010000228881836,5.25,5.323986535905059,-0.7087617445139782,0.000753290370594262,0.10436473802341784,0.008390050492765894,5.3152589370764325,0.04242706903200946,0.19775230022219892,0
2023-06-05 00:00:00+00:00,9.010000228881836,5.050000190734863,5.46440597124678,-0.999,1e-06,0.10593005159544519,-0.005397001702250984,5.469660165160909,0.031734443696287036,-0.17006763231467767,0
2023-06-06 00:00:00+00:00,9.0,5.0,5.489510768593546,-0.999,1.5825141105564319e-06,0.10344687130342939,0.005661391738928131,5.483835946745244,0.031140755610638934,0.18180007607117832,0
2023-06-07 00:00:00+00:00,9.100000381469728,5.0,5.589511150063275,-0.8602640630868502,0.0001725393565414609,0.0991746444408857,-0.0030219981945962824,5.592425708377601,0.032137355712577594,-0.09403381602468193,0
2023-06-09 00:00:00+00:00,9.100000381469728,5.050000190734863,5.5544061238346725,-0.577585514392205,0.0009670551719640087,0.0968441014274793,0.0010506101968027592,5.553395220393647,0.04680301418406455,0.02244749008409954,0
2023-06-12 00:00:00+00:00,9.149999618530272,5.0,5.639510387123818,-0.999,1.819702623159486e-06,0.09638354056441294,0.001049373413245412,5.638375109414647,0.03414417786269508,0.03073359731973299,0
2023-06-13 00:00:00+00:00,9.199999809265137,5.050000190734863,5.654405551630081,-0.9735528719011429,6.770213302240814e-05,0.09366726459019037,-0.0006229682602707331,5.655011200953209,0.03442152005102969,-0.018098220512841576,0
2023-06-14 00:00:00+00:00,9.149999618530272,5.099999904632568,5.569300669452957,-0.6551375784121415,0.0011080920868148224,0.09232736022443859,-0.0016564112800011544,5.5710461493542764,0.05138188407709673,-0.032237262407812196,0
2023-06-15 00:00:00+00:00,9.199999809265137,4.880000114440918,5.773762239063716,-0.853208498859817,0.00043634838683773625,0.09229254552534227,0.007270337944469348,5.766286869586547,0.043644310980646486,0.16658157228540707,0
2023-06-16 00:00:00+00:00,9.199999809265137,4.989999771118164,5.69653171701894,-0.8502562715001813,0.0004061234339651284,0.09236065679133279,-0.007942450119481123,5.704539049202686,0.04241103767223162,-0.1872731853642288,0
2023-06-19 00:00:00+00:00,9.09000015258789,4.929999828338623,5.6286578909442095,-0.7651035393475886,0.0005886633711464991,0.09227573579731002,0.0040006118405415455,5.624741430718115,0.04393194660260017,0.09106384191737053,0
2023-06-20 00:00:00+00:00,8.720000267028809,5.0,5.209511035622355,-0.7961659110415079,0.0005947553006181056,0.0929349848090969,-0.013737312050434668,5.223668596060897,0.044446195329295154,-0.3090773450608538,0
2023-06-21 00:00:00+00:00,8.649999618530273,4.940000057220459,5.181636217726336,-0.7134648460818259,0.0007360065720751335,0.09359764149481778,0.00852753109086415,5.1731612675519285,0.045992684830675604,0.18541059566882617,0
2023-06-22 00:00:00+00:00,8.649999618530273,4.920000076293945,5.195678161260508,-0.898229907507555,0.00023383402516029918,0.09410088685445565,-0.006876137721292999,5.202523969350678,0.03890305187154747,-0.17675059900177142,0
2023-06-23 00:00:00+00:00,8.880000114440918,4.920000076293945,5.425678657171153,-0.8596476980554854,0.00031464021221579294,0.09412675568228229,0.01108254478850976,5.414376800445863,0.03897144864055954,0.28437600282006453,0
2023-06-26 00:00:00+00:00,8.880000114440918,4.949999809265137,5.4046159092630655,-0.999,1.3590526000017163e-06,0.094508414025439,-0.011039806353075422,5.415654398616461,0.03385833040046973,-0.32605879328657805,0
2023-06-27 00:00:00+00:00,8.5,4.909999847412109,5.052699681890491,-0.8497292468405232,0.00029221678260695747,0.09433705847598226,0.0015000081968928256,5.051576768385604,0.03697234912957861,0.0405710816923123,0
2023-06-28 00:00:00+00:00,8.5600004196167,4.960000038146973,5.077595075278589,-0.05867381330890064,0.0014653035609322868,0.09268452320354652,0.0003305482035745402,5.077237204863761,0.05394205829712535,0.006127838165792713,0
2023-06-29 00:00:00+00:00,8.5600004196167,4.980000019073486,5.063553131744417,-0.7272561206529718,0.00045616085586011124,0.09245320734441623,-0.0005535918450933087,5.064120524280423,0.04029165991306697,-0.013739613763437271,0
2023-06-30 00:00:00+00:00,7.800000190734863,5.099999904632568,4.219301241657549,-0.3020357971927128,0.002958052072448744,0.09272422709537569,-0.029333596576958578,4.249498347360895,0.07683301686305391,-0.3817837405661471,0
2023-07-03 00:00:00+00:00,8.600000381469727,5.489999771118164,4.745483366082884,-0.49713293525319996,0.0025693263640261493,0.09108529822871855,0.03739422004296229,4.707609879311379,0.07510664439665982,0.4978816500637766,0
2023-07-04 00:00:00+00:00,8.600000381469727,5.260000228881836,4.906965549332693,0.09790091755568753,0.0074660543196229945,0.08769395488932273,0.018050865722966405,4.888714691113258,0.12013519494013718,0.15025460051037556,0
2023-07-05 00:00:00+00:00,8.600000381469727,5.420000076293945,4.794630001059316,0.4188439491754064,0.011867602612994724,0.08296401364939024,-0.0030605800978262135,4.797794965578976,0.15457724771242876,-0.019799680374177914,0
2023-07-06 00:00:00+00:00,8.600000381469727,5.420000076293945,4.794630001059316,-0.5799730818773879,0.0015830991019521394,0.08657678221578845,0.0012492216127671307,4.793384953566385,0.07662003572509148,0.016304111593595048,0
2023-07-07 00:00:00+00:00,8.789999961853027,5.300000190734863,5.068881242647649,-0.18094838303373467,0.004575444415905412,0.08277038668354594,0.015962584296514655,5.052623768671114,0.09470454853776378,0.16855140057132015,0
2023-07-10 00:00:00+00:00,8.029999732971191,4.989999771118164,4.526531640724994,-0.48506889698965566,0.0033098456473526694,0.08283040295852584,-0.0426833607650739,4.569754879523409,0.08495407703368338,-0.5024286326852848,0
2023-07-11 00:00:00+00:00,8.220000267028809,4.820000171661377,4.835888527429904,-0.3527605584956512,0.005145769076506926,0.07869378249444205,0.03435623995974363,4.801256898100198,0.1011884083695351,0.3395274272353047,0
2023-07-12 00:00:00+00:00,8.220000267028809,4.599999904632568,4.990350241092139,-0.1310247169906333,0.008339207798845035,0.07559162086195338,0.014922291981002547,4.975214336151474,0.12591082076661286,0.11851477013768634,0
2023-07-13 00:00:00+00:00,8.220000267028809,4.599999904632568,4.990350241092139,0.06535211652059258,0.011105437370676324,0.07217718613750959,0.002649910022692244,4.987684601854256,0.14485784031433258,0.018293176378593682,0
2023-07-14 00:00:00+00:00,7.800000190734863,4.449999809265137,4.675664908697656,0.03261244804157277,0.011313064757401263,0.07183905533733154,-0.03700542950238038,4.713007481681858,0.14604499703260573,-0.25338375332445395,0
2023-07-17 00:00:00+00:00,7.800000190734863,4.110000133514404,4.914377948778583,0.05249995530550805,0.012344692131522715,0.070787000144058,0.024152997182370683,4.890004679746897,0.1523036040903331,0.15858454123019472,0
2023-07-18 00:00:00+00:00,7.800000190734863,4.170000076293945,4.872252118176066,0.10535489693598013,0.013216536534507396,0.06984549410611511,-0.0001480669729736774,4.8724222654306795,0.15791035479299637,-0.0009376647476207461,0
2023-07-19 00:00:00+00:00,7.800000190734863,4.130000114440918,4.9003360052444105,0.06593309719702391,0.012408660987730712,0.07047302878907738,0.0034889403710887685,4.896817130219514,0.15298311171530404,0.022806049190459393,0
2023-07-20 00:00:00+00:00,7.800000190734863,3.890000104904175,5.068839495047647,0.12211753204584316,0.013839830520244536,0.06916041093002735,0.024133811643746263,5.0445184572098345,0.1615368687549526,0.1494012594756721,0
2023-07-21 00:00:00+00:00,7.800000190734863,4.179999828338623,4.865231313802151,0.09209996419660235,0.013539531420086452,0.06938250599936555,-0.022153375630782554,4.887579446959229,0.15969389411500542,-0.13872399914569397,0
2023-07-24 00:00:00+00:00,7.800000190734863,4.260000228881836,4.80906320487912,0.15688967003166815,0.015063381484131997,0.06812189189429683,-0.014489315845678509,4.823634205610887,0.16864845463798,-0.08591431138092079,0
2023-07-25 00:00:00+00:00,8.100000381469727,4.28000020980835,5.095021452079811,0.15409410886763122,0.01566092690613171,0.06768235082501264,0.0386794826059096,5.05604804432181,0.1719252774996459,0.22497845092028,0
2023-07-26 00:00:00+00:00,8.100000381469727,4.260000228881836,5.109063395613983,0.2116102774480427,0.016943096814686854,0.06646974368843685,0.015295322073151037,5.093719464906758,0.17941143155997097,0.08525277313802797,0
2023-07-27 00:00:00+00:00,8.100000381469727,4.28000020980835,5.095021452079811,0.23491207242073636,0.01635250528386432,0.06699600741195329,0.0032556162644632055,5.091768314035322,0.17759742674236387,0.018331438265634593,0
2023-07-28 00:00:00+00:00,8.100000381469727,4.300000190734863,5.0809795085456395,0.046722682723052814,0.012100579085150633,0.06998979122069615,-0.0011490743880941366,5.0821399720818405,0.15124676339059775,-0.007597348613184067,0
2023-07-31 00:00:00+00:00,8.100000381469727,4.570000171661377,4.8914131034411445,0.1139346255389843,0.013850965741771864,0.0683897069191251,-0.02690133635372113,4.91852416458155,0.16139684307487567,-0.16667820659441887,0
2023-08-01 00:00:00+00:00,8.100000381469727,4.75,4.7650356116335955,-0.07196781724944608,0.008133116352493924,0.07138495745916752,-0.013113261270731704,4.778314739225229,0.12430159026537604,-0.10549552296745134,0
2023-08-02 00:00:00+00:00,8.0,4.730000019073486,4.67907717369804,-0.08458005535834849,0.007738518219370832,0.07124591565662648,-0.008504657067159253,4.687696158189126,0.12134149315586445,-0.07008861392726501,0
2023-08-03 00:00:00+00:00,8.0,4.460000038146973,4.868643578802535,0.3500944406968966,0.016528106353870642,0.06244442773844905,0.030492483294531227,4.837927098410013,0.17661613317932864,0.17264834613704533,0
2023-08-04 00:00:00+00:00,8.0,4.329999923706055,4.959916379167826,0.999,10.328451552338313,1e-06,0.12198753214082148,4.837927960877618,3.216097197492413,0.03793030018991186,0
2023-08-07 00:00:00+00:00,8.0,4.510000228881836,4.833538552573934,0.3361832501866112,0.013601562711190396,0.06414786867338425,0.03545264919625906,4.798139725342307,0.1661780652120597,0.21334132847808743,0
2023-08-08 00:00:00+00:00,9.18000030517578,4.460000038146973,6.048643883978315,0.09524870131465621,0.01705360682126423,0.06560129757573513,0.21294834272263952,5.834373084190161,0.17768326655705144,1.1984715660000824,0
2023-08-09 00:00:00+00:00,9.0,4.289999961853027,5.98800026623617,0.9336568732517132,0.24949814756241895,1e-06,0.15383457048260613,5.834183790473797,0.5139824022024105,0.29929929472959815,0
2023-08-10 00:00:00+00:00,9.0,4.179999828338623,6.065231123067288,0.22034687829569882,0.01338824107723449,0.0746846373329848,0.0560178365119248,6.0090101243120495,0.16207259837617538,0.34563422239893826,0
2023-08-11 00:00:00+00:00,8.5,4.139999866485596,5.5933150101356315,0.11360626359656645,0.012347615984094496,0.07628669173199498,-0.04078461946187561,5.634526238518207,0.15371022741740534,-0.2653344552742323,0
2023-08-14 00:00:00+00:00,8.5,4.170000076293945,5.572251927441203,0.2805921922427544,0.015520363011760253,0.07352504216067746,-0.01852659992360571,5.59083199554194,0.17344440089956384,-0.10681578550543051,0
2023-08-15 00:00:00+00:00,8.0,4.170000076293945,5.072251927441203,-0.0406614283643247,0.008871336476387331,0.08128430684416742,-0.04568423034181019,5.118425644781996,0.1300709296352083,-0.35122552341199026,0
2023-08-16 00:00:00+00:00,8.0,4.21999979019165,5.037147235998943,0.06630876849023896,0.009689531132259396,0.08161024876612047,-0.010331515984198056,5.047558194115542,0.13622279616525226,-0.07584278310999332,0
2023-08-17 00:00:00+00:00,8.0,4.0,5.191608614874837,-0.03763282456296935,0.007414983714311358,0.08348625747894681,0.01146854339024299,5.179997307623644,0.11934812876373771,0.09609319818449931,0
2023-08-18 00:00:00+00:00,7.599999904632568,4.070000171661377,4.742461549744632,-0.06979790811978526,0.0075877624807450614,0.08367939864793389,-0.03642499993287064,4.77932651376194,0.12061637424613883,-0.3019905063514764,0
2023-08-21 00:00:00+00:00,7.599999904632568,3.950000047683716,4.826713378342836,-0.03255966910518268,0.007974658325810277,0.0835634791098855,0.005011146338384637,4.821655631472238,0.12360051864809722,0.040543085038759925,0
2023-08-22 00:00:00+00:00,7.599999904632568,4.110000133514404,4.714377662676288,-0.0800481799519154,0.007268172775691509,0.0841968268114803,-0.008829237986531678,4.723313601092161,0.11815349851216243,-0.07472684345121458,0
2023-08-23 00:00:00+00:00,8.0,4.179999828338623,5.065231123067288,-0.13909794239656598,0.00715325553803776,0.08436345343540716,0.029100772087505746,5.0357909577570625,0.11732052930937968,0.2480450118901668,0
2023-08-24 00:00:00+00:00,7.5,4.380000114440918,4.424811352939225,-0.24901699354941262,0.0073206167106507885,0.0844152463543878,-0.06261110017834115,4.488013024997327,0.11912796481443907,-0.5255785262164765,0
2023-08-25 00:00:00+00:00,7.21999979019165,4.289999961853027,4.208000056427821,0.16275167270973132,0.013415828651609767,0.08121531389786944,-0.04399122784057303,4.252262103645168,0.15953096334417202,-0.275753539741789,0
2023-08-28 00:00:00+00:00,7.21999979019165,4.329999923706055,4.179916169359476,-0.10160177945799728,0.007675322366900884,0.08720115459918591,-0.0018499249378754207,4.181836147755896,0.12137845479872313,-0.015240966289635791,0
2023-08-29 00:00:00+00:00,8.0,4.269999980926514,5.002042209770342,0.006619495219678507,0.01259193069260121,0.08491775267747738,0.09830951524228142,4.902948978054805,0.15388404292756447,0.6388545126056844,0
2023-08-30 00:00:00+00:00,8.0,4.21999979019165,5.037147235998943,0.3574953930941195,0.01947436300722027,0.08071797604595135,0.05112492343893082,4.985927935194334,0.19399572660431266,0.2635363383194972,0
2023-08-31 00:00:00+00:00,8.0,4.150000095367432,5.086293870975375,0.04290761631262015,0.009174095518061226,0.09102588290920925,0.009266022908848738,5.076943943006187,0.13332064521764167,0.0695017856665954,0
2023-09-01 00:00:00+00:00,8.0,4.269999980926514,5.002042209770342,0.6948349034936762,0.024997908292789795,0.07436957476337275,-0.012347353926630517,5.014470608854979,0.22089517601960854,-0.055896892585533244,0
2023-09-04 00:00:00+00:00,8.0,4.340000152587891,4.952895240007569,0.13438824092011886,0.007436765980923785,0.09055529910209346,-0.004072685713559241,4.957019585257614,0.12294363890529567,-0.03312644517295001,0
2023-09-05 00:00:00+00:00,8.0,4.300000190734863,4.980979127075913,0.5082344666489143,0.01708692494920676,0.08090098921610184,0.0018771492676541383,4.979075958990594,0.1840023636773807,0.01020176714112991,0
2023-09-06 00:00:00+00:00,8.0,4.449999809265137,4.875664717962793,0.9080118100426884,0.08715605566440665,0.010269078837606416,-0.09051419219478325,4.966286429852317,0.3359954353572075,-0.26939113651515745,0
2023-09-08 00:00:00+00:00,8.0,4.440000057220459,4.882685522336708,-0.5434088487580331,0.0014927039647950743,0.0864273867553986,0.028683242365304455,4.854091304875511,0.08384089928180216,0.3421151563379069,0
2023-09-11 00:00:00+00:00,8.0,4.28000020980835,4.995021070610084,-0.21931453418362623,0.006597933253837886,0.07607618555885014,0.006763582442150549,4.988095827943413,0.11289880295544993,0.05990836275579884,0
2023-09-12 00:00:00+00:00,8.0,4.309999942779541,4.973958322701998,0.2665722636487488,0.017759068263605984,0.06493055668626996,-0.0012598304171960032,4.975236649056893,0.18103398434181447,-0.006959082416356081,0
2023-09-13 00:00:00+00:00,8.0,4.289999961853027,4.98800026623617,0.2586784151521082,0.017479014561249485,0.06519356457251249,0.0017726793468349558,4.986213217841032,0.18336082236961254,0.00966771049522045,0
2023-09-14 00:00:00+00:00,8.0,4.300000190734863,4.980979127075913,0.27647244579855595,0.01706302198566857,0.06517078222775416,-0.0003817187170974877,4.981367145746298,0.1823520091556621,-0.002093306889597466,0
2023-09-15 00:00:00+00:00,8.0,4.199999809265137,5.051189179533115,0.2543782244495414,0.01639674405354858,0.06565573492064958,0.010119074187761716,5.040993464914265,0.1785871295240343,0.05666183344080173,0
2023-09-18 00:00:00+00:00,8.0,4.300000190734863,4.980979127075913,0.272743755245066,0.017163767307114636,0.06485061908384857,-0.0070281533827208365,4.988076729291205,0.18243552604220833,-0.03852403934250614,0
2023-09-19 00:00:00+00:00,8.0,4.360000133514404,4.938853296473397,0.980848645061637,0.4620968731540015,1e-06,-0.049178228318664266,4.988040681096696,0.6916538181602068,-0.07110237379947953,0
2023-09-20 00:00:00+00:00,8.0,4.449999809265137,4.875664717962793,-0.3507415574856338,0.005791438432105434,0.06313815794909378,-0.0004676392231425519,4.876263852578788,0.10837527905652727,-0.004314999022042996,0
2023-09-21 00:00:00+00:00,8.0,4.409999847412109,4.9037486050311365,0.046484509954851774,0.011324635365894576,0.05755605596405004,0.004064059487813869,4.89964760803423,0.14497960301436108,0.028031939688862993,0
2023-09-22 00:00:00+00:00,8.0,4.539999961853027,4.812475804665848,0.1384997155846733,0.01210969762653612,0.05676692340322302,-0.012042869146733984,4.824633741797345,0.15110040824596602,-0.07970110264116706,0
2023-09-25 00:00:00+00:00,8.0,4.449999809265137,4.875664717962793,0.27049915629098803,0.014611593629741525,0.054249043133105176,0.005821185835210947,4.869770900713501,0.16708478632127324,0.03483971200117454,0
2023-09-26 00:00:00+00:00,8.0,4.5,4.8405596917341915,0.27376255494054785,0.014639510633068972,0.054103363879270096,-0.003273854326602352,4.843874112804257,0.16846458660796265,-0.019433486838518796,0
2023-09-27 00:00:00+00:00,8.0,4.5,4.8405596917341915,0.3590788706675973,0.017160398385123673,0.05158592811087208,-0.0015772313598366103,4.842139791322599,0.182928149500394,-0.00862213587216774,0
2023-09-28 00:00:00+00:00,8.0,4.809999942779541,4.622909399561353,0.33501876599350006,0.01664087274925677,0.05226932555464825,-0.03783771410738817,4.66103377064612,0.18135914218324886,-0.20863417003349186,0
2023-09-29 00:00:00+00:00,8.0,5.039999961853027,4.461426881525202,0.3759474235512539,0.017466892713452517,0.0518639209643014,-0.04761815300240189,4.50928947938708,0.18646660337904275,-0.25537094653676606,0
2023-10-02 00:00:00+00:00,7.78000020980835,4.679999828338623,4.494182409734991,0.3145653262506735,0.015381495366855723,0.053595999436148414,-0.014998333556553282,4.509180908983339,0.17526266590753897,-0.08557631757390793,0
2023-10-03 00:00:00+00:00,7.78000020980835,4.75,4.4450354399722185,0.29673976678274216,0.015156258514041515,0.05278751588765989,-0.013881394051929036,4.458995683901231,0.17254949290050783,-0.0804487675888625,0
2023-10-04 00:00:00+00:00,7.78000020980835,4.809999942779541,4.402909609369702,0.41289692362039326,0.01774696975803019,0.05023687103966754,-0.01550630072874113,4.418484697080751,0.18768982977176213,-0.08261662737718593,0
2023-10-05 00:00:00+00:00,7.699999809265137,4.820000171661377,4.315888069666232,0.4370969191124478,0.018324034334584183,0.049658587721288006,-0.025020597134435923,4.341038679717065,0.19317435530412405,-0.12952338883204628,0
2023-10-06 00:00:00+00:00,7.699999809265137,5.03000020980835,4.168447495164253,0.4594151002733212,0.01926469969807137,0.04890602728263778,-0.04322716331640247,4.211892650341871,0.19917486152220515,-0.2170312206371649,0
2023-10-09 00:00:00+00:00,7.699999809265137,4.96999979019165,4.210573660553112,0.34291344364004234,0.005841248892053187,0.05683618009924965,-0.014587609952086371,4.225142426208914,0.11857578628470454,-0.12302351440504909,0
2023-10-10 00:00:00+00:00,7.699999809265137,4.900000095367432,4.259720295529544,-0.47849564674635975,0.0030728089801188036,0.05367039960575445,0.01025426374263541,4.249429187689448,0.08350529830829545,0.12279776194292988,0
2023-10-11 00:00:00+00:00,7.699999809265137,4.949999809265137,4.224615604087284,0.16784212794178335,0.01226482575454441,0.04445055056418065,-0.00349802404854981,4.228158152086059,0.14944534132722911,-0.023406711895357465,0
2023-10-13 00:00:00+00:00,7.699999809265137,4.900000095367432,4.259720295529544,0.17865383257581366,0.012504098598909016,0.04420101956706208,0.004951520867510694,4.254718217987601,0.15303134432225368,0.032356252828072744,0
2023-10-16 00:00:00+00:00,7.699999809265137,4.909999847412109,4.252699491155628,0.1705733098377239,0.012351655428236916,0.044298695217331006,0.00036342539008885175,4.2523405167545825,0.1523292863347581,0.002385788044002188,0
2023-10-17 00:00:00+00:00,7.699999809265137,4.829999923706055,4.308867265292317,0.17316755972024525,0.012464891426950711,0.044171692885557286,0.009657531299961728,4.299121822479809,0.15297278394293326,0.0631323497620628,0
2023-10-18 00:00:00+00:00,7.699999809265137,4.800000190734863,4.329930013200404,0.1899509353850627,0.01214090259120506,0.044251331846798345,0.006589796441909736,4.3232947609084675,0.15152355924544852,0.04349024319865085,0
2023-10-19 00:00:00+00:00,7.599999904632568,4.550000190734863,4.405454570138159,0.07068438727905915,0.010279674856428715,0.045356611988892216,0.012466439604811837,4.39286273443351,0.13859136107218675,0.08995105833702406,0
2023-10-20 00:00:00+00:00,7.599999904632568,4.619999885559082,4.356307935161727,0.26213915527989173,0.013910563973504044,0.03938301502372811,-0.0050523370400301585,4.361428540808338,0.16089823817388457,-0.031400822640270554,0
2023-10-23 00:00:00+00:00,7.320000171661377,4.389999866485596,4.237790720226686,0.38952807801941947,0.016806613518039693,0.03631332811949393,-0.0313890702874221,4.269390444761277,0.17903456715761037,-0.17532407727603355,0
2023-10-24 00:00:00+00:00,7.320000171661377,4.050000190734863,4.4765037603076125,0.19913668557347772,0.012626469875575036,0.039922476053169134,0.028575418313189587,4.447586899676395,0.15554008663586344,0.18371738714591182,0
2023-10-25 00:00:00+00:00,7.320000171661377,4.070000171661377,4.46246181677344,0.28859388065429353,0.014676163817036252,0.038054349204586946,0.00963483628673582,4.452815700471623,0.16654834526439624,0.05785008714100686,0
2023-10-26 00:00:00+00:00,7.320000171661377,4.079999923706055,4.455441012399525,0.32923953614010176,0.014769938631614849,0.03784251206417467,0.003061306550386622,4.452380638080076,0.16895248464253249,0.01811933430197073,0
2023-10-27 00:00:00+00:00,7.090000152587891,4.090000152587891,4.2184198541657825,0.1078778801927802,0.010457010134146126,0.041152449253390906,-0.03377904848500359,4.25257235579258,0.14051558130411657,-0.24039361451237148,0
2023-10-30 00:00:00+00:00,7.090000152587891,4.260000228881836,4.099063166732147,0.26169483720284026,0.014548388578333559,0.03644014318682888,-0.04166337475092111,4.140983825246329,0.1638239037036216,-0.2543180440034898,0
2023-10-31 00:00:00+00:00,7.0,4.260000228881836,4.009063014144257,0.2555116359295099,0.014764751690026239,0.03603334183751069,-0.036742489240586415,4.046015409608455,0.16630241584768313,-0.22093779608252334,0
2023-11-01 00:00:00+00:00,7.0,4.239999771118164,4.023105292464772,0.3054800244605128,0.016407134383919983,0.03436672888067887,-0.014020489244188396,4.037146225312581,0.17533996486811124,-0.0799617432040348,0
2023-11-03 00:00:00+00:00,7.0,4.25,4.016084153304514,0.3037801886654203,0.01636573030250484,0.03439492229929464,-0.008132280811700792,4.02424546644456,0.17600970829772192,-0.04620359234926388,0
2023-11-06 00:00:00+00:00,7.300000190734863,4.150000095367432,4.386294061710238,0.2868551986941,0.016771964974936198,0.034596110315446515,0.08287525457694692,4.302800867926427,0.17754423043910353,0.4667865262192937,0
2023-11-07 00:00:00+00:00,7.300000190734863,4.139999866485596,4.393315200870495,0.48751867246038133,0.021706594197698884,0.02971892043437206,0.056692350911468375,4.336532519443214,0.20262562151682215,0.27978865894193805,0
2023-11-08 00:00:00+00:00,7.300000190734863,4.150000095367432,4.386294061710238,0.2006902852449408,0.012722768286651424,0.03770393292020856,0.01724775750521895,4.368985316858767,0.15733055802938312,0.10962751115392187,0
2023-11-09 00:00:00+00:00,7.300000190734863,4.369999885559082,4.231832682834344,0.3000361140351622,0.015873490558828855,0.03464802306448897,-0.02840271133993043,4.260486882535441,0.17227906048328775,-0.16486455904886763,0
2023-11-10 00:00:00+00:00,7.099999904632568,4.460000038146973,3.968643483435104,0.3758706504893222,0.01803866479223046,0.03306787833937923,-0.08416789057108176,4.053307653524266,0.18481666834964544,-0.45541287656938345,0
2023-11-13 00:00:00+00:00,7.099999904632568,5.039999961853027,3.56142678615777,0.4325829816833859,0.01927443219433249,0.03360190039440412,-0.15630243186216167,3.718511330240011,0.1937265467608495,-0.8068198936881534,0
2023-11-14 00:00:00+00:00,7.099999904632568,4.559999942779541,3.8984337657642434,0.2435494823589025,0.014370730124422871,0.03835683745622073,-0.0001584907307775399,3.8982480641076145,0.16705980410644772,-0.0009487065522748503,0
2023-11-16 00:00:00+00:00,6.900000095367432,4.519999980926514,3.726517843567451,0.2520735894125697,0.014843948730023196,0.03796166047472102,-0.03490369272749431,3.761705075106908,0.1674852169191794,-0.20839864777043107,0
2023-11-17 00:00:00+00:00,6.900000095367432,4.389999866485596,3.817790643932741,0.25563392477704616,0.013631760415899202,0.03792842812122211,0.0033240790350748065,3.814356470683476,0.16134135835992422,0.02060277085097654,0
2023-11-20 00:00:00+00:00,7.099999904632568,4.349999904632568,4.045874340266222,0.15839398574435481,0.013014439324841271,0.037603094648012744,0.04459557916944711,4.000890983955459,0.15547285184776943,0.2868383684960811,0
2023-11-21 00:00:00+00:00,7.099999904632568,4.300000190734863,4.080979031708481,0.18202786689983702,0.01179918815749193,0.03872161909759853,0.020668336527381648,4.060186938107751,0.14899509662493005,0.13871823298595315,0
2023-11-22 00:00:00+00:00,7.099999904632568,4.25,4.1160840579370825,-0.07611512546270119,0.008047413147196833,0.04093574363582693,0.006783983655943917,4.109206152161974,0.1219063809234147,0.05564912685092195,0
2023-11-23 00:00:00+00:00,7.099999904632568,4.25,4.1160840579370825,0.050667219539764996,0.010540245121999353,0.038292649530303105,0.0015538817922861959,4.114518327248691,0.1385873354148659,0.011212292866693755,0
2023-11-24 00:00:00+00:00,7.099999904632568,4.340000152587891,4.052895144640138,-0.001913188705485082,0.008925755390119649,0.03929263837141296,-0.009656504058785171,4.062659601875413,0.12825997415385193,-0.07528852334869401,0
2023-11-27 00:00:00+00:00,7.099999904632568,4.21999979019165,4.1371471406315115,-0.11002126226556251,0.00802993953852566,0.03901686493895676,0.012693214598093302,4.1243239323207765,0.12138244528919766,0.10457207850650316,0
2023-11-28 00:00:00+00:00,7.099999904632568,4.25,4.1160840579370825,0.0010372201415476709,0.010143349502902986,0.03678612547673262,-0.0015421448638649558,4.11764154658644,0.13555982824335042,-0.011376119930578344,0
2023-11-29 00:00:00+00:00,7.019999980926514,4.329999923706055,3.979916360094339,0.03297689271880265,0.010855986332312158,0.036055411288410125,-0.02667908120210699,4.006846791863633,0.14025648067341046,-0.1902163883908486,0
2023-11-30 00:00:00+00:00,7.019999980926514,4.369999885559082,3.951832473025995,0.039903993915220495,0.010955535771864868,0.036001816061145143,-0.011433933944570086,3.9633640599099835,0.14101129109609556,-0.08108523690332113,0
2023-12-01 00:00:00+00:00,6.809999942779541,4.300000190734863,3.790979069855454,0.03292344355764804,0.010817740668410547,0.03622335015982295,-0.03299243944345416,3.8242811325831383,0.14017025972703068,-0.23537403374798657,0
2023-12-04 00:00:00+00:00,6.809999942779541,4.179999828338623,3.8752310658468287,0.020091779484850792,0.010685597736434942,0.03629435944018378,0.009091669395564373,3.8660466032408367,0.13924088010887284,0.06529454129028466,0
2023-12-05 00:00:00+00:00,6.809999942779541,4.179999828338623,3.8752310658468287,0.03256717209395859,0.010862173265686382,0.03616530156547677,0.0019969036572605415,3.873218099510526,0.14038311423981217,0.014224671308041309,0
2023-12-06 00:00:00+00:00,6.809999942779541,4.349999904632568,3.7558743784131945,0.050787023330163224,0.010982949538095194,0.03598446914068798,-0.02240160880128303,3.778489134258298,0.14130055252886048,-0.15853872048170176,0
2023-12-07 00:00:00+00:00,6.809999942779541,4.329999923706055,3.7699163219473664,0.03669680214820213,0.010742295392978787,0.03614136757782796,-0.002281108591740204,3.7722114255314856,0.13976460747181357,-0.01632107464831708,0
2023-12-08 00:00:00+00:00,6.809999942779541,4.380000114440918,3.734811295718765,0.028214897257503677,0.010596633738158216,0.03623415044792257,-0.00705669080407339,3.741935505450888,0.13878310953422138,-0.050846899365180595,0
2023-12-11 00:00:00+00:00,6.809999942779541,4.380000114440918,3.734811295718765,0.03574241037847765,0.010220684619121073,0.03573243891074175,-0.001510957349256119,3.736334938409283,0.13650970422017106,-0.011068497715145264,0
2023-12-12 00:00:00+00:00,6.809999942779541,4.619999885559082,3.5663079733086995,-0.023873170001735566,0.009890461860530988,0.035405330810383294,-0.03159510978544833,3.5982163966806433,0.13382059781253705,-0.2361004979944001,0
2023-12-13 00:00:00+00:00,6.809999942779541,4.420000076293945,3.706727408650421,0.028791946683376316,0.011192824266874107,0.03410238743795024,0.021727492843706127,3.684793544824387,0.14185545864825871,0.15316642059986624,0
2023-12-14 00:00:00+00:00,6.809999942779541,4.360000133514404,3.7488532392529375,0.05422971276653876,0.011390659662558963,0.0337808243375637,0.014072695375691719,3.7346626117637833,0.1434068043755174,0.09813129465490153,0
2023-12-15 00:00:00+00:00,6.599999904632568,4.340000152587891,3.552895144640137,0.034462690978012175,0.011424775884713032,0.0335776824343444,-0.03724456128602667,3.5904789946144096,0.14338189841839388,-0.259757763684685,0
2023-12-18 00:00:00+00:00,6.599999904632568,4.199999809265137,3.6511890841656838,-0.01163393066959165,0.010049079074281477,0.03447432183608766,0.011764157294992358,3.6393133624359955,0.13487105817819256,0.0872252168396979,0
2023-12-19 00:00:00+00:00,6.5,4.239999771118164,3.523105292464771,-0.06304886737557895,0.009490382082270316,0.03465202979375519,-0.022398482497369167,3.5457195905503616,0.13088544372723854,-0.1711304317693796,0
2023-12-20 00:00:00+00:00,6.5,4.300000190734863,3.480979127075913,-0.012932260646806928,0.010419092006256367,0.03380592508325877,-0.012808090541826628,3.4939117335514847,0.13682410904494613,-0.09360989544334782,0
2023-12-21 00:00:00+00:00,7.289999961853027,4.199999809265137,4.341189141386143,0.013369769434879854,0.011409435121637265,0.03280223150547103,0.18239868317148358,4.1571748231806325,0.14277919601067002,1.2774878152266158,-1
2023-12-22 00:00:00+00:00,6.619999885559082,4.239999771118164,3.6431051780238533,-0.07088907324761215,0.011336523672120923,0.032601551230891194,-0.12365553508870546,3.767682163002148,0.14164447073981887,-0.8729993796640564,0
2023-12-26 00:00:00+00:00,7.300000190734863,4.21999979019165,4.337147426733806,-0.5311671153273128,0.005820300395267655,0.036066696669963365,0.1697466937188274,4.166594402066577,0.10694284583864276,1.5872655378457403,-1
2023-12-27 00:00:00+00:00,7.309999942779541,4.210000038146973,4.354167983152399,-0.2529890536174701,0.009978733604021257,0.034084697812470616,0.008149965637133397,4.345583318593905,0.13308532078235516,0.06123865193563814,-1
2023-12-28 00:00:00+00:00,7.309999942779541,4.25,4.326084096084055,-0.3787027466427467,0.007565436335800583,0.03645229288124941,-0.006319752074311518,4.332431734816138,0.11813450848513184,-0.053496240474957484,0
2024-01-02 00:00:00+00:00,7.300000190734863,4.019999980926514,4.477566862075528,-0.3992762404739211,0.007127563187511222,0.0366277226246295,0.029547933634120966,4.44776612476723,0.11510064913755076,0.25671387481759356,0
2024-01-03 00:00:00+00:00,7.300000190734863,3.900000095367432,4.561818523280561,-0.3813707755598405,0.006383749225588944,0.03733153014287305,0.010394186487857822,4.551198703646912,0.10953579191249678,0.0948930601256005,0
2024-01-04 00:00:00+00:00,7.170000076293945,4.0,4.361608691168782,-0.3965497797608614,0.0060230938665164,0.03752466921384361,-0.03509176623551422,4.397039836702362,0.10679540386859603,-0.32858873101591607,0
2024-01-05 00:00:00+00:00,7.309999942779541,4.070000171661377,4.452461587891604,-0.49064763111022835,0.005018267008133504,0.037646722234512195,0.023457700805459558,4.428934139011308,0.09935263424677937,0.23610547403497725,0
2024-01-08 00:00:00+00:00,7.21999979019165,4.090000152587891,4.348419491769542,-0.4500220299956103,0.005644199208662772,0.036908408217025214,-0.02219687684250015,4.370748594362469,0.10395361099733438,-0.21352675130322632,0
2024-01-09 00:00:00+00:00,7.110000133514404,4.090000152587891,4.238419835092296,-0.4680045481637577,0.005211798800667246,0.03712518520022517,-0.012905858662521674,4.251591894347788,0.100628007329819,-0.1282531474584541,0
2024-01-10 00:00:00+00:00,7.110000133514404,4.019999980926514,4.287566804855069,-0.4734730092946199,0.004972875278175256,0.037356551161770744,0.010826759335165356,4.276683857234923,0.09859964336215195,0.10980525857886897,0
2024-01-11 00:00:00+00:00,7.110000133514404,3.940000057220459,4.343734578991757,-0.4836213663189783,0.0048932377961261025,0.0373133171798949,0.006114988670086469,4.3374827165200855,0.09795395497024337,0.0624271748082463,0
2024-01-12 00:00:00+00:00,7.210000038146973,4.03000020980835,4.380545570327381,-0.4691484824102275,0.00506608096753359,0.037184226799646794,0.0043849911112998005,4.376073177183591,0.09927902228081169,0.04416835511228959,0
2024-01-15 00:00:00+00:00,7.309999942779541,3.9600000381469727,4.529692444722722,-0.4821484867038597,0.004886360281638367,0.03734607804369153,0.02232210344908106,4.507075996174651,0.09789601444761364,0.2280185110194258,0
2024-01-16 00:00:00+00:00,7.300000190734863,3.9700000286102295,4.512671720910959,-0.4829888499456122,0.004731376091458241,0.03758065626387543,-0.0082723689096556,4.520913070210359,0.09653703347057434,-0.08569114475821467,0
2024-01-17 00:00:00+00:00,7.210000038146973,3.940000057220459,4.4437344836243255,-0.5093582609635541,0.0044946649015453945,0.03757466378162669,-0.008169646327493583,4.452058647178312,0.09465926575691158,-0.08630582819513444,0
2024-01-18 00:00:00+00:00,7.210000038146973,4.019999980926514,4.387566709487637,-0.5347709128768656,0.00403730967842323,0.037853665714108496,-0.0057112389147550065,4.393408954261762,0.09069390383718241,-0.06297268805418353,0
2024-01-19 00:00:00+00:00,7.210000038146973,4.119999885559082,4.3173569918167765,-0.561840288787733,0.003843204158161562,0.037698328620112936,-0.008257787749558985,4.3257674631633,0.08900541559613623,-0.09277848650276355,0
2024-01-22 00:00:00+00:00,7.309999942779541,3.9800000190734863,4.51565050118855,-0.526711005096127,0.004329732866608507,0.03729360264114365,0.03185065577711105,4.4834380823277815,0.09308162750486346,0.34217983323773393,0
2024-01-23 00:00:00+00:00,8.300000190734863,4.050000190734863,5.456503779381099,-0.3126042335739295,0.008328695940654888,0.038808025544415176,0.171381387393706,5.283327428111152,0.12335856376286643,1.3892946072487873,-1
2024-01-24 00:00:00+00:00,8.0,4.449999809265137,4.875664717962793,-0.36793742982467187,0.008353749542195069,0.039150289169016105,-0.13030163439511183,5.006535535719075,0.12383350892723224,-1.052232433078194,0
2024-01-25 00:00:00+00:00,7.150000095367432,4.25,4.166084248671946,0.28192838544758814,0.0278191941439138,0.02625329783115282,-0.403711026504457,4.571184731500294,0.210080564134674,-1.9216962224342395,1
2024-01-26 00:00:00+00:00,7.099999904632568,4.329999923706055,4.059916283800394,0.1570023909967533,0.017905434028433292,0.03873488475383188,-0.16660144582636127,4.227172943110243,0.18050642784337848,-0.9229668318012351,1
2024-01-29 00:00:00+00:00,6.679999828338623,4.28000020980835,3.675020898948708,-0.19069612909577863,0.008843442425670435,0.04870187094691226,-0.058769877390380414,3.7345346367879926,0.12780196381766573,-0.4598511293161898,1
2024-01-30 00:00:00+00:00,7.0,4.059999942779541,4.149482784272321,-0.2544214414980048,0.0090400631671535,0.04818200519701691,0.0810306033349178,4.0678738927603675,0.12914068166391476,0.6274599319972448,0
2024-01-31 00:00:00+00:00,7.199999809265137,4.099999904632568,4.321398706469113,-0.036053142360362236,0.012580746680540168,0.046471002002542276,0.04601840650482292,4.274999902008135,0.15071895015820339,0.305325949102746,0
2024-02-01 00:00:00+00:00,7.199999809265137,4.010000228881836,4.384587284979716,-0.015899725664454592,0.005642791162387622,0.04855625987089786,0.009149995764031653,4.375267097451902,0.10376927411339458,0.08817634933085235,0
2024-02-02 00:00:00+00:00,7.190000057220459,3.9800000190734863,4.395650615629468,-0.6278336393045106,0.0026506615509759674,0.04576615660518955,-0.00243156845094438,4.398040156164052,0.07951090065711626,-0.030581573480475393,0
2024-02-05 00:00:00+00:00,7.090000152587891,3.950000047683716,4.316713626298158,-0.04415994304424157,0.010582979245067988,0.03783252910756533,-0.016540780609999747,4.333409248953538,0.13775000755368427,-0.12007825555692571,0
2024-02-06 00:00:00+00:00,7.050000190734863,4.050000190734863,4.206503779381099,0.006066564764819254,0.010454541329373662,0.03750337304498004,-0.02348881077850721,4.230217391421223,0.13780574297702897,-0.17044870751447994,0
2024-02-07 00:00:00+00:00,7.050000190734863,4.0,4.2416088056097,-0.10901866990926541,0.009044287749158681,0.03800183382700548,0.0041024458000210795,4.237491056241625,0.12818416887267325,0.032004309394056955,0
2024-02-08 00:00:00+00:00,7.699999809265137,3.809999942779541,5.02500705510778,0.2003943737222781,0.018872913001446848,0.030039416137088437,0.25950107520567584,4.7640439189229475,0.17951259793035965,1.4455869849666318,-1
2024-02-09 00:00:00+00:00,7.699999809265137,3.950000047683716,4.926713282975404,0.2611719646185644,0.020154600634979584,0.02959237298551859,0.09695782060950467,4.829589523034242,0.18923901815603045,0.5123563922190797,-1
2024-02-14 00:00:00+00:00,7.400000095367432,3.900000095367432,4.661818427913129,0.31343590672230837,0.022376215769545113,0.027851646186847837,-0.03484516616712744,4.697006637551758,0.20007565128556307,-0.17415995371367698,0
2024-02-15 00:00:00+00:00,6.820000171661377,3.900000095367432,4.0818185042070745,0.4957907132282397,0.03031310428885135,0.022513975443774033,-0.28685021081904954,4.369708890785482,0.2308271016820898,-1.2427059419310234,0
2024-02-16 00:00:00+00:00,7.0,3.809999942779541,4.325007245842643,0.314989424528441,0.020634192926518132,0.03211239886199767,-0.07910140566231542,4.40403693993355,0.19919604503590338,-0.39710329413446976,0
2024-02-19 00:00:00+00:00,7.0,3.809999942779541,4.325007245842643,0.42647373153683005,0.025829922252031876,0.027181350394900005,-0.04987412391168568,4.3749575633078015,0.2181195148087058,-0.2286550286682329,0
2024-02-20 00:00:00+00:00,7.0,3.829999923706055,4.310965302308471,0.48804817247210197,0.027843488093974078,0.02491158318630554,-0.03951168838307106,4.3505446342440335,0.22866113606616795,-0.1727958194506543,0
2024-02-21 00:00:00+00:00,8.0,3.759999990463257,5.360112104678073,0.5602549078026919,0.039620969935641015,0.017328300949810062,0.538751391214984,4.81969242379017,0.26198509507374135,2.056420007647156,-1
2024-02-22 00:00:00+00:00,8.09000015258789,3.7799999713897705,5.436070313731792,0.7518988141123063,0.06148579785687345,1e-06,0.5919613467893181,4.843775939704598,0.29957617570292705,1.9759960731200905,-1
2024-02-23 00:00:00+00:00,8.09000015258789,3.759999990463257,5.450112257265964,0.46747781867734106,0.024712678517592925,0.034032409815751063,0.3640735125449698,5.085545797932153,0.22562303023875335,1.613636303704053,-1
2024-02-26 00:00:00+00:00,8.09000015258789,3.660000085830689,5.520321974936825,0.5283734448727088,0.019237915541917908,0.03699436246195493,0.24193180892061325,5.278000648826849,0.20781378469208517,1.1641759437617687,-1
2024-02-27 00:00:00+00:00,8.09000015258789,3.700000047683716,5.492238087868481,-0.014909411323264161,0.008675718186946213,0.044555254970917155,0.02161584232253614,5.470343163126276,0.12771189373801517,0.1692547318018658,-1
2024-02-28 00:00:00+00:00,8.09000015258789,3.559999942779541,5.590531860000857,0.343258966143047,0.018416423977150178,0.03480638632351865,0.040632367808974605,5.54970060652641,0.18114676383062803,0.22430634116635842,-1
2024-02-29 00:00:00+00:00,8.0,3.539999961853028,5.5145736509471375,0.34244182703483733,0.018372754057555007,0.03484299999283941,0.0014562215595067124,5.513199710242513,0.18597750419791143,0.007830095181603507,-1
2024-03-01 00:00:00+00:00,8.020000457763672,3.4200000762939453,5.618825769915842,0.31402545124280573,0.017511278455463134,0.03562064119465827,0.02466879726569033,5.59398435823406,0.18273601444146653,0.13499690983789167,-1
2024-03-04 00:00:00+00:00,7.699999809265137,3.2799999713897705,5.397118893549683,0.2804088516909303,0.01690962168293275,0.03628602809607191,-0.03845323589828223,5.435903021949551,0.17892790362405642,-0.21490910651407355,0
2024-03-05 00:00:00+00:00,8.399999618530273,3.3499999046325684,6.0479719004452175,0.10972829687728548,0.015187738961248972,0.038709309072455525,0.1237853997498315,5.92325315020903,0.16645961444788054,0.7436362276844599,0
2024-03-06 00:00:00+00:00,8.420000076293945,3.25,6.13818207587975,0.4559632534496472,0.02700109587460261,0.029044778966724222,0.11965922923016963,6.018258388409933,0.21695681876275827,0.5515347704328974,0
2024-03-07 00:00:00+00:00,8.520000457763672,3.1600000858306885,6.301371203253252,0.1687412871695019,0.014075866940495884,0.042156527672073806,0.062371844476453546,6.238625005707605,0.1640595237766489,0.38017813925491306,0
2024-03-08 00:00:00+00:00,9.0,3.190000057220459,6.760307830188321,0.18775659501593978,0.01489734290582064,0.042821166377266004,0.11116637766189587,6.648372995606552,0.1665031388006966,0.6676533455321911,0
2024-03-11 00:00:00+00:00,9.0,3.069999933242798,6.844559658786525,0.2476463464645832,0.015120316036222195,0.04370794585869074,0.05994708955122413,6.784358026552983,0.1690543669458355,0.35460243136121405,0
2024-03-12 00:00:00+00:00,9.25,3.0,7.143706461156127,0.03240302062637185,0.009887461298072638,0.04945724127216136,0.048861338334502874,7.094349471334417,0.13618509793584238,0.35878623340654897,0
2024-03-13 00:00:00+00:00,9.510000228881836,2.890000104904175,7.48093737947591,0.11990865383359543,0.010922055290694737,0.04993461807839812,0.062118472673002516,7.418256864587529,0.1431414463288293,0.43396566309873585,0
2024-03-14 00:00:00+00:00,9.510000228881836,2.859999895095825,7.50200046217034,0.04977177058977575,0.008942128349085062,0.052334211108280904,0.012861975743579182,7.489023412276378,0.12992084647165686,0.09899855252548029,0
2024-03-15 00:00:00+00:00,9.510000228881836,2.930000066757202,7.4528534924075664,0.003153262305263938,0.008232985919518163,0.052964186859344245,-0.004250771826371273,7.457156546031912,0.12447210965016522,-0.03415039592659166,0
2024-03-18 00:00:00+00:00,10.1899995803833,2.859999895095825,8.181999813671805,-0.02662683178281552,0.010139892923819371,0.05265504239369297,0.10620238880354084,8.074771222982772,0.13700950538826479,0.7751461367777286,0
2024-03-19 00:00:00+00:00,9.210000038146973,2.799999952316284,7.244126102037993,-0.22135704665837938,0.011611877125081714,0.05143064621406647,-0.17141772263383703,7.416604692500801,0.1452300070552383,-1.1803189031632988,0
2024-03-20 00:00:00+00:00,9.0,2.900000095367432,6.963916178826988,0.6340608609365247,0.05463825925331735,0.01503161435342766,-0.36236458212435263,7.326764410022418,0.2727807512518377,-1.3284096493663844,1
2024-03-21 00:00:00+00:00,9.0,2.8499999046325684,6.999021205055589,0.1612852601742998,0.016484270835818115,0.05350132631014902,-0.10277164348671904,7.1021135589234685,0.17665714806476487,-0.5817576283357726,1
2024-03-22 00:00:00+00:00,8.949999809265137,2.890000104904175,6.920936959859211,0.11767961384370453,0.015116662589890298,0.0548944783847272,-0.04023830513043679,6.961382362119027,0.16785458388972962,-0.2397212170081154,1
2024-03-25 00:00:00+00:00,9.010000228881836,3.039999961853028,6.87562280296962,0.12437222518034402,0.015253807760105511,0.05484185367323714,-0.01892037605315771,6.894643772428752,0.16830256332365293,-0.1124188228599527,1
2024-03-26 00:00:00+00:00,9.010000228881836,3.0899999141693115,6.840517944134189,0.12693489166216043,0.01503655506911573,0.05484703008666483,-0.011186443066331165,6.851769028384493,0.1672590947059011,-0.06688092558435026,1
2024-03-27 00:00:00+00:00,8.9399995803833,3.140000104904175,6.735412269407052,0.07506018854387195,0.014063490880856356,0.05522558716257979,-0.01972710658322969,6.755282827260146,0.16139119865135165,-0.12223161329785735,1
2024-03-28 00:00:00+00:00,9.5,3.3299999237060547,7.162014225449116,0.0837227928023116,0.015692355356481155,0.05381267385288829,0.07401841634990042,7.08748363995179,0.16950259857576525,0.4366801274543012,0
2024-04-01 00:00:00+00:00,9.0,3.380000114440918,6.626909199220515,-0.005176673387475332,0.015576646941852103,0.054008298987964894,-0.08720502901710091,6.714669199162738,0.16793480062229912,-0.5192790814884943,0
2024-04-02 00:00:00+00:00,9.0,3.3499999046325684,6.647972281914944,0.16052715214342728,0.020039153301492276,0.050758358646104285,-0.026101067247968245,6.674139334795368,0.19024097836380582,-0.13720002636894602,0
2024-04-03 00:00:00+00:00,8.109999656677246,3.359999895095825,5.750950966825105,-0.17666722804391555,0.012620353742366011,0.06154302990549917,-0.14869641983938955,5.900607115885736,0.15200437332302508,-0.9782377742737324,0
2024-04-04 00:00:00+00:00,8.15999984741211,3.450000047683716,5.737762244263022,0.034401824953360645,0.015446140166052585,0.062125444417555326,-0.03232733058133669,5.770269805035004,0.16822565346121598,-0.19216647352057797,0
2024-04-05 00:00:00+00:00,7.449999809265137,3.5199999809265137,4.978615403746447,-0.5260870504322884,0.005215042150934538,0.07494100956631393,-0.09688195073515003,5.076230908263023,0.10863243020635231,-0.8918326741942374,0
2024-04-08 00:00:00+00:00,7.800000190734863,3.5899999141693115,5.279468982846571,-0.5043574557554151,0.00546109611702759,0.07562182112800168,0.06564371433347196,5.213664703950465,0.10705831208495602,0.613158502642751,0
2024-04-09 00:00:00+00:00,8.489999771118164,3.670000076293945,5.913300621700012,-0.18521405062088553,0.011198097745828198,0.07340979481948635,0.08339798263560795,5.829139001324304,0.14464496438607863,0.57657024556352,0
2024-04-10 00:00:00+00:00,7.559999942779541,3.75,4.9271330192247005,-0.251262584112024,0.014382600450808495,0.07080937097720794,-0.173688485078817,5.101697450183654,0.16234665239981866,-1.0698618204400439,0
2024-04-11 00:00:00+00:00,7.199999809265137,3.809999942779541,4.52500705510778,0.4216616410155711,0.04218696464520778,0.05126328973193335,-0.27575466703022855,4.801277369538409,0.2659032405356238,-1.0370489147659896,0
2024-04-12 00:00:00+00:00,7.289999961853027,3.7799999713897705,4.636070122996928,0.054361303466415586,0.01881242548578786,0.07500197187679367,-0.0368094307679596,4.673005321868438,0.18758792627470025,-0.19622494634359655,0
2024-04-15 00:00:00+00:00,7.400000095367432,3.950000047683716,4.626713569077699,0.0335942544137628,0.018025254121089608,0.07580649664048256,-0.008448005235508274,4.635202796423392,0.18239773727363404,-0.04631639274578572,0
2024-04-16 00:00:00+00:00,7.5,3.849999904632568,4.796923358774299,0.023511668393943398,0.017795507283278826,0.07610280602993644,0.025812129478357385,4.770962135541336,0.1810992123429096,0.1425303243698397,0
2024-04-17 00:00:00+00:00,7.5,3.7899999618530273,4.839049189376816,0.03606788042886644,0.018047135154773415,0.07602751998604701,0.011810652253645887,4.827176460415105,0.18241285078287164,0.0647468213064893,0
2024-04-18 00:00:00+00:00,7.300000190734863,3.680000066757202,4.716280069549626,0.025237206569698942,0.017770791033868583,0.07620748244551713,-0.017511678225812222,4.7338941226213,0.18101079774298146,-0.09674383210374654,0
2024-04-19 00:00:00+00:00,6.590000152587891,3.430000066757202,4.181804492972976,0.08299637478435395,0.0201269590695667,0.07563678401861307,-0.09777483384689571,4.2800866256948025,0.19244696526568633,-0.5080611882443082,0
2024-04-22 00:00:00+00:00,6.559999942779541,3.0799999237060547,4.39753862979898,0.04951510062501943,0.019020604171917123,0.07695457907520833,0.015163388593988022,4.382265480048054,0.1873534392097902,0.08093466902952724,0
2024-04-23 00:00:00+00:00,6.559999942779541,3.0899999141693115,4.390517658031894,0.05763347525686751,0.01912511770544141,0.07703516966268129,0.0020914684004497584,4.388419519108949,0.1878606329155481,0.011133085032189625,0
2024-04-24 00:00:00+00:00,6.559999942779541,3.0899999141693115,4.390517658031894,0.04816357812422765,0.018518598906337818,0.07739184642766066,0.0004214387881089611,4.390094415320331,0.18498702402345202,0.0022782072976942026,0
2024-04-25 00:00:00+00:00,6.559999942779541,3.289999961853028,4.250098055297001,0.01989017964671605,0.018020087241616137,0.07743631646562016,-0.022393672503489722,4.272618190835034,0.18224141298343122,-0.12287916416410621,0
2024-04-26 00:00:00+00:00,6.559999942779541,3.2699999809265137,4.264139998831174,0.052988053619694546,0.01931049620750659,0.07602673421671402,-0.002425946489737739,4.266572626805313,0.18844330472822618,-0.012873614656866959,0
2024-04-29 00:00:00+00:00,6.559999942779541,3.2799999713897705,4.257119027064087,0.054929139317556115,0.019414978451422836,0.07589561613833223,-0.0017078614564386971,4.258835365576644,0.18905220356379215,-0.00903380878003049,0
2024-04-30 00:00:00+00:00,6.559999942779541,3.259999990463257,4.27116097059826,0.056758557342015584,0.019486951861085004,0.07582364272452702,0.002005098967336402,4.269144578795089,0.18941176966164008,0.010585925948098446,0
2024-05-02 00:00:00+00:00,6.0,3.0999999046325684,3.8234967434852667,0.0551581295219491,0.019730297276892447,0.07582116502533255,-0.07614249217541263,3.900043181430536,0.19047645357339538,-0.3997475317655104,0
2024-05-03 00:00:00+00:00,6.300000190734863,3.309999942779541,3.976056359718152,0.03360635705043071,0.019396268787367877,0.07589287551783179,0.010801259268581453,3.965184259440893,0.1886914256464509,0.057242978749970634,0
2024-05-06 00:00:00+00:00,6.400000095367432,3.299999952316284,4.083077236117806,0.09043868855987666,0.021505182726037287,0.07408253541486981,0.022582534911649244,4.060387601573082,0.19853199845526157,0.1137475826937698,0
2024-05-07 00:00:00+00:00,6.099999904632568,3.2100000381469727,3.8462657912867178,0.08210096359653805,0.021505303910360072,0.0740451922676643,-0.03743487302048431,3.883895577540477,0.19865667732263512,-0.18844004402473183,0
2024-05-08 00:00:00+00:00,6.300000190734863,3.130000114440918,4.102433851525701,0.03871416897018737,0.020462816017357378,0.07437073871649376,0.037573338784880735,4.064663380749127,0.19349721997741426,0.19418025121635565,0
2024-05-09 00:00:00+00:00,6.300000190734863,2.990000009536743,4.200727623658077,0.07586631572225443,0.02209283185671739,0.07136150776238315,0.028605627697480623,4.171998788413992,0.20060387446209113,0.14259758329287073,0
2024-05-10 00:00:00+00:00,6.400000095367432,2.950000047683716,4.32881141535899,0.09584310552810738,0.021816885972262074,0.07181292793187377,0.0314563042750085,4.2972132822487925,0.2000679484852444,0.1572281043174114,0
2024-05-13 00:00:00+00:00,6.400000095367432,2.8499999046325684,4.399021300423021,0.10530263207579837,0.021899612503756802,0.07177837031955925,0.021650321843774502,4.377280133579098,0.20060643923078503,0.10792436138536497,0
2024-05-14 00:00:00+00:00,6.400000095367432,2.8499999046325684,4.399021300423021,0.1110345384152644,0.02210146068030898,0.07155746161399569,0.006026560455935019,4.392976888299823,0.2015624044696248,0.02989922883581801,0
2024-05-15 00:00:00+00:00,6.199999809265137,2.809999942779541,4.227104901389071,0.08594285513793654,0.021130758985613503,0.0722585030590894,-0.02951011893381454,4.256767624933045,0.19709713071655977,-0.14972373685262963,0
2024-05-16 00:00:00+00:00,6.199999809265137,2.720000028610229,4.290293647292845,0.08338655511384141,0.021316276836691746,0.07184662843576814,0.004178153465440669,4.286082238884621,0.197668444435852,0.021137179873930646,0
2024-05-17 00:00:00+00:00,6.199999809265137,2.7300000190734863,4.283272675525759,0.09923501177346099,0.02200650111713334,0.07114932504391146,-0.00019655298219033548,4.283472221350992,0.20079058391410545,-0.000978895416103861,0
2024-05-20 00:00:00+00:00,6.199999809265137,2.5899999141693115,4.381566447658135,0.09571832786087517,0.021911348902654997,0.07127271093592569,0.01839351457411149,4.363082358166372,0.20043842183756616,0.09176641087813724,0
2024-05-21 00:00:00+00:00,6.0,2.3499999046325684,4.350070128196235,0.09588019661661888,0.021889532338577673,0.0712919682630008,-0.0010077186493244155,4.3510914931152715,0.20034487042792862,-0.005029919893491502,0
2024-05-22 00:00:00+00:00,6.0,2.180000066757202,4.469426648236698,0.08974495367977797,0.021657066567846047,0.07155221630720698,0.021923535176400055,4.447393960148455,0.19927896329698166,0.11001429761418333,0
2024-05-23 00:00:00+00:00,5.139999866485596,1.9700000286102293,3.7568670892242726,0.03729840999846458,0.02249369361711085,0.07219118898243318,-0.13453680442571023,3.8920234762713397,0.20183008227415972,-0.6665844997425092,0
2024-05-24 00:00:00+00:00,5.210000038146973,2.0,3.805804345584391,0.1626876131346748,0.026398165764471657,0.07002330825278849,-0.03595419318784087,3.8418173548370294,0.21920214417983624,-0.16402299951201021,0
2024-05-27 00:00:00+00:00,5.5,1.9700000286102293,4.1168672227386764,0.16500089637779478,0.027033998521277917,0.06982861481551161,0.05434933102118947,4.062267287339284,0.2224787817638122,0.24428995246336693,0
2024-05-28 00:00:00+00:00,5.5,2.0,4.095804307437419,0.19286992334517986,0.02802470316442871,0.06903355566875119,0.015538602998342088,4.0802450936228265,0.22694654820184626,0.06846811780773178,0
2024-05-29 00:00:00+00:00,5.75,1.940000057220459,4.387930138039935,0.13052165587697645,0.025145791023016145,0.07218086073127586,0.06166403125330981,4.326000869749499,0.21518548144463462,0.28656222919563207,0
2024-05-31 00:00:00+00:00,5.260000228881836,1.8899999856948853,3.9330353094537864,0.08133899487442157,0.02472233313997667,0.07269781699347719,-0.0747689188244883,4.008148976592665,0.2120026658478569,-0.3526791445072959,0
2024-06-03 00:00:00+00:00,5.400000095367432,1.899999976158142,4.066014204172296,0.1193315350629504,0.026237602781625992,0.07156476559945693,0.005248812681409667,4.060706626203229,0.2182807019417027,0.024046159989037842,0
2024-06-04 00:00:00+00:00,5.599999904632568,1.870000004768372,4.287076928738691,0.15504309241881986,0.02813174387977997,0.07013146027094144,0.051058462812874496,4.235820108507715,0.2261317350467279,0.22579078872907318,0
2024-06-05 00:00:00+00:00,5.599999904632568,1.8200000524520876,4.322181787574121,0.15713622763672977,0.027895030600586485,0.07062327923423233,0.024948911159065293,4.297164769579132,0.22580655807235875,0.110487983041974,0
2024-06-06 00:00:00+00:00,5.599999904632568,1.7999999523162842,4.336223814804879,0.14349134833216773,0.02712999102405634,0.07138652435438969,0.011034993247282038,4.325158135882049,0.22277908250972062,0.04953334542438716,0
2024-06-07 00:00:00+00:00,5.800000190734863,1.7999999523162842,4.536224100907174,0.14425899664759972,0.027200317328610467,0.07135242425429145,0.04600883489243477,4.490033420885805,0.2229117636296271,0.2063993130882024,0
2024-06-10 00:00:00+00:00,5.599999904632568,1.7699999809265137,4.3572867301061375,0.13952447810804836,0.027132808127395245,0.07141299108987216,-0.023058847761569412,4.380466213412032,0.22254758329908444,-0.10361311239484611,0
2024-06-11 00:00:00+00:00,5.599999904632568,1.9800000190734863,4.209846155604159,0.16699380766586483,0.028459797341713316,0.07044224721837627,-0.04073596695910329,4.250727637603581,0.22789852614837794,-0.17874607461296751,0
2024-06-12 00:00:00+00:00,5.159999847412109,1.909999966621399,3.818992984449888,0.14628578057862068,0.027046008730306693,0.07299883633220347,-0.09348589852768119,3.912841806147402,0.2227928639977229,-0.4196090343748024,0
2024-06-13 00:00:00+00:00,5.099999904632568,1.909999966621399,3.758993041670347,0.1604759931903435,0.026634940699424584,0.07423751247205787,-0.04301229460246003,3.8021240493476416,0.22156666511456619,-0.19412800468075614,0
2024-06-14 00:00:00+00:00,5.099999904632568,1.850000023841858,3.8011188722728635,0.1385929591972974,0.025303800291669273,0.07556594956094606,-0.005008486735152299,3.8061231482245823,0.2160776560604497,-0.02317910526459584,0
2024-06-17 00:00:00+00:00,5.110000133514404,1.8200000524520876,3.832182016455957,0.12824285535200697,0.02490271935569348,0.07585915813668098,0.004487889035238207,3.827671341080771,0.2140826823359834,0.02096334456513802,0
2024-06-18 00:00:00+00:00,5.110000133514404,1.809999942779541,3.839203071919629,0.12336951625294891,0.020256904098974928,0.07771211220591032,0.0022833314936400585,3.8369101289717844,0.1949281511755426,0.011713708255426912,0
2024-06-19 00:00:00+00:00,5.110000133514404,1.850000023841858,3.8111191011546994,0.32269114770910545,0.023134559372586846,0.07472277111204177,-0.0040759286314776735,3.8152200150088342,0.21123865298494562,-0.019295373142566637,0
2024-06-20 00:00:00+00:00,5.110000133514404,1.8600000143051147,3.8040981293876133,0.999,15.545774686756152,1e-06,-0.011121793002590042,3.8152199677397722,3.945557820459062,-0.0028188138429805173,0
2024-06-21 00:00:00+00:00,5.110000133514404,2.009999990463257,3.6987834691847365,0.4634675625691529,0.027204234551483124,0.06854126690020898,-0.02899434014818508,3.7278868333070627,0.23318425824425112,-0.1243408983372054,0
2024-06-24 00:00:00+00:00,5.110000133514404,1.899999976158142,3.7760142423192686,0.6606850641843892,0.04906246219167693,0.046684412214585365,0.010040323203749413,3.765905997470419,0.30221232253412406,0.033222745914391755,0
2024-06-25 00:00:00+00:00,5.099999904632568,1.950000047683716,3.730909070905417,0.6740877148853758,0.050845384870465186,0.044833849135360086,-0.01054228378255424,3.741492977863221,0.32196405441990944,-0.03274366699583446,0
2024-06-26 00:00:00+00:00,5.099999904632568,2.0799999237060547,3.639636437933298,0.6441976126937774,0.0465919049009331,0.048893346552206625,-0.03885033250007857,3.678579660317607,0.32165645232207307,-0.12078207111846746,0
2024-06-27 00:00:00+00:00,5.099999904632568,2.0999999046325684,3.625594494399126,0.6724493621598465,0.049923307702896796,0.04555328811783353,-0.036002414495850385,3.661623305637154,0.3343687108754436,-0.10767279749827345,0
2024-06-28 00:00:00+00:00,5.0,2.009999990463257,3.5887833356703323,0.6658045002412786,0.048539032123551824,0.046904855392616886,-0.04055497770850736,3.629385976761555,0.3357093442466018,-0.12080383940316215,0
2024-07-01 00:00:00+00:00,5.0,2.0,3.5958043074374184,0.6915059740783701,0.05296048862681935,0.042484527442897095,-0.030183112895229226,3.6259928638117005,0.3484569579599811,-0.08661934338155944,0
2024-07-02 00:00:00+00:00,5.0,1.9299999475479128,3.6449511935036063,0.6618993735160327,0.04789405593014154,0.04739974786941041,-0.007690119282761863,3.6526036177911303,0.33984417167724706,-0.022628368892744277,0
2024-07-03 00:00:00+00:00,5.0,1.8799999952316284,3.6800560523390367,0.6750101140664098,0.05002172491522475,0.04529928571216517,0.006008278700378627,3.6740159699783104,0.3446210532876643,0.01743445051618294,0
2024-07-04 00:00:00+00:00,5.0,1.909999966621399,3.6589931370377786,0.6611772374594393,0.04770080638372838,0.0475664631189565,-0.001969292968445756,3.66098081222659,0.3396196502608957,-0.005798524811308609,0
2024-07-05 00:00:00+00:00,5.0,1.9900000095367432,3.6028252792045046,0.6635096791300331,0.048263428205574756,0.04697616154893867,-0.01960734353615406,3.622487774547005,0.34003428827831494,-0.057662842284027634,0
2024-07-08 00:00:00+00:00,5.980000019073486,1.950000047683716,4.610909185346335,0.4323819187274456,0.03643272326722965,0.06252680126840687,0.15583256743490154,4.454251544911359,0.2866640762399643,0.5436068916582881,0
2024-07-09 00:00:00+00:00,5.980000019073486,1.9600000381469729,4.603888213579249,0.999,20.553813644725675,1e-06,0.14963673630405686,4.4542515066615005,4.538692010307011,0.032969132068059175,0
2024-07-10 00:00:00+00:00,5.599999904632568,2.0,4.195804212069987,0.922790869585213,0.2725628966459972,1e-06,-0.2531634528329297,4.449112902465704,0.5642933104289815,-0.44863805427796455,0
2024-07-11 00:00:00+00:00,5.510000228881836,2.0,4.105804536319255,0.999,20.024641897947795,1e-06,-0.343307697753996,4.4491126855028975,4.480012228645165,-0.0766309733618335,0
2024-07-12 00:00:00+00:00,5.510000228881836,2.009999990463257,4.098783564552168,0.999,20.000057418577246,1e-06,-0.3503290669061192,4.449112668281466,4.477267703560067,-0.07824617380541207,0
2024-07-15 00:00:00+00:00,5.5,1.909999966621399,4.158993137037779,0.999,19.50898910932306,1e-06,-0.2901199815683929,4.449112811780482,4.422087604282774,-0.06560701811683081,0
2024-07-16 00:00:00+00:00,5.519999980926514,1.899999976158142,4.186014089731378,0.999,15.440607259183972,1e-06,-0.263098976137294,4.44911289274859,3.9352862576195426,-0.06685637560110881,0
2024-07-17 00:00:00+00:00,5.519999980926514,1.870000004768372,4.2070770050326365,0.999,11.091184704267645,1e-06,-0.2420361629597178,4.449112980459523,3.337222853482237,-0.07252622122827797,0
2024-07-18 00:00:00+00:00,5.519999980926514,1.850000023841858,4.221118948566809,-0.22704161258921865,0.0051799052986382516,0.08655905364386497,0.023382825865170216,4.197912128815308,0.10355261372457866,0.22580623534391966,0
2024-07-19 00:00:00+00:00,5.519999980926514,1.840000033378601,4.228139920333895,0.06289141628474453,0.012373837515358168,0.07658243163871822,0.005156222812106296,4.222953105788907,0.15239914320515355,0.03383367323243542,0
2024-07-22 00:00:00+00:00,5.519999980926514,1.899999976158142,4.186014089731378,0.49892858418796926,0.03196555216528784,0.055968280199816874,-0.010153112499626703,4.196210695448177,0.23918360944328854,-0.04244903119933078,0
2024-07-23 00:00:00+00:00,5.199999809265137,1.919999957084656,3.8519719745358287,0.6945632871848474,0.050865763430913896,0.03764346741542997,-0.1756849315169615,4.028027260117231,0.30188993308035994,-0.5819502814298746,0
2024-07-24 00:00:00+00:00,5.199999809265137,2.0,3.795804116702555,0.36838085725911107,0.021818792996675627,0.0655525953632494,-0.08488095193929703,3.8808467924368975,0.2181789107003115,-0.3890428807571081,0
2024-07-25 00:00:00+00:00,5.199999809265137,2.0,3.795804116702555,0.4667194129380887,0.02825019594528486,0.05888244412861614,-0.05009672480655332,3.845948835226082,0.2389100051580953,-0.2096886849648784,0
2024-07-26 00:00:00+00:00,5.199999809265137,2.0,3.795804116702555,0.4865692755027322,0.029818252381057442,0.05728523488402666,-0.030521230669317934,3.8263525074251996,0.24711329379289093,-0.12351108352308314,0
2024-07-29 00:00:00+00:00,5.199999809265137,1.950000047683716,3.8309089755379855,0.48736918753866404,0.029801474538977822,0.05729603458098951,-0.010396684414080898,3.8412853094050132,0.24890379217970438,-0.041769891583550746,0
2024-07-30 00:00:00+00:00,5.25,1.9700000286102293,3.866867222738677,0.47658139338112204,0.029057196897417897,0.05792862097455037,0.0017423811992462127,3.865093022474176,0.24657820993197935,0.0070662415779839715,0
2024-07-31 00:00:00+00:00,5.21999979019165,1.8899999856948853,3.893034870763601,0.4806126865938113,0.02934892846546635,0.05763667885462224,0.006906787677932914,3.886099768475804,0.24744759635547983,0.027912122726828664,0
2024-08-01 00:00:00+00:00,5.21999979019165,1.830000042915344,3.935160701366118,0.5017839816424281,0.023902191171737433,0.06023224483097375,0.011347832296511918,3.9237634302781106,0.23038138528174712,0.04925672394336017,0
2024-08-02 00:00:00+00:00,5.300000190734863,1.899999976158142,3.9660142995397276,0.22083288153118907,0.015510854864982241,0.06659904538846269,0.006677421920361769,3.9592971303634004,0.17703929465570303,0.0377171742202638,0
2024-08-05 00:00:00+00:00,5.150000095367432,1.8200000524520876,3.8721819783089844,0.22815385867852206,0.0157564952888876,0.06585579652365359,-0.011079248071890455,3.883358388158381,0.17462217606672248,-0.06344697060502279,0
2024-08-06 00:00:00+00:00,5.150000095367432,1.9299999475479128,3.794951288871038,0.15314796067441594,0.013580354823531407,0.06522222613323288,-0.01299838860994529,3.808046509979179,0.1611990378342462,-0.08063564636974418,0
2024-08-07 00:00:00+00:00,5.150000095367432,1.950000047683716,3.7809092616402804,0.2281450101896432,0.01573360057070652,0.06264373631570166,-0.0067769089549881475,3.7877142944685054,0.17313570207426357,-0.03914218080844648,0
2024-08-08 00:00:00+00:00,5.150000095367432,1.9299999475479128,3.794951288871038,0.21167039145625308,0.015609190471358978,0.06250343369749001,-0.0001173169560720398,3.7950586544975247,0.1727600135739542,-0.000679074709737849,0
2024-08-09 00:00:00+00:00,5.5,1.940000057220459,4.137930138039935,0.23382193416124586,0.017073315515586128,0.06159713348398441,0.05709198492960761,4.080444940653028,0.18029205951990213,0.3166638901437882,0
2024-08-12 00:00:00+00:00,5.599999904632568,1.909999966621399,4.258993041670347,0.6782863390969156,0.026237431582106344,0.04879639240614214,0.08037179787424722,4.1784392299411355,0.22969405640638368,0.3499080434717488,0
2024-08-13 00:00:00+00:00,5.449999809265137,1.899999976158142,4.116013918070001,-0.25390892453294006,0.0062957179966359285,0.06327296812289301,-0.025964143906031908,4.142015782330009,0.11114371699951978,-0.23360874196913975,0
2024-08-14 00:00:00+00:00,5.5,1.9299999475479128,4.144951193503607,0.2811261150386707,0.01889837827077333,0.05065486617412296,-0.0048161321379860626,4.149753279533167,0.18435437074304578,-0.026124317631171415,0
2024-08-15 00:00:00+00:00,5.289999961853027,1.9299999475479128,3.9349511553566336,0.25503734055280053,0.018228680377234054,0.05138124606821253,-0.043229203075645345,3.9784536556055317,0.18551678846368239,-0.23302043676822323,0
2024-08-16 00:00:00+00:00,5.289999961853027,2.130000114440918,3.7945314689251557,0.3072757594224317,0.019871244207037193,0.050162313360035446,-0.04924223532237752,3.8439925445330454,0.19444347188869443,-0.2532470483275742,0
2024-08-19 00:00:00+00:00,5.550000190734863,1.9800000190734863,4.159846441706454,0.28608992493319696,0.020540410204138455,0.049719673138567566,0.055916799912907045,4.103514995310027,0.1974001670797267,0.283266223834163,0
2024-08-20 00:00:00+00:00,7.599999904632568,2.049999952316284,6.160699353234556,0.5980027399451656,0.08453792561093215,0.00956534723855866,1.7004971859171358,4.458121490515664,0.33115809783126515,5.135001067627793,-1
2024-08-21 00:00:00+00:00,7.480000019073486,2.200000047683716,5.9353847237760125,0.999,16.776333468927938,1e-06,1.4772651290655983,4.458120915206368,4.0989629633880424,0.3603997260430352,-1
2024-08-22 00:00:00+00:00,7.480000019073486,2.25,5.9002798649405825,0.999,15.47833799747217,1e-06,1.4421592236231848,4.458120858578954,3.937448781109394,0.36626742436427323,-1
2024-08-23 00:00:00+00:00,6.110000133514404,2.2100000381469727,4.558363866449844,0.5649231436735249,0.04314495841067501,0.07160872974808485,0.5936370925718168,3.9653240028416445,0.28786683946024266,2.062193386653707,-1
2024-08-26 00:00:00+00:00,6.110000133514404,2.109999895095825,4.628573751513876,0.999,15.506542075600766,1e-06,0.6632487994179919,3.965324499349016,3.9428927785937007,0.16821375489052753,-1
2024-08-27 00:00:00+00:00,6.150000095367432,2.049999952316284,4.71069954396942,0.911580280467006,0.16790297514852542,1e-06,0.7423517084548741,3.968264241542299,0.4557276480629525,1.628937176864741,-1
2024-08-28 00:00:00+00:00,6.010000228881836,2.130000114440918,4.514531735953964,0.858507495827503,0.10368958190519123,0.013326619271178383,0.5609635090301847,3.9536453952531314,0.39208572858439483,1.4307164687057452,-1
2024-08-29 00:00:00+00:00,6.010000228881836,2.059999942779541,4.563678705716738,0.7057107648838972,0.053292581909979125,0.062372606618641,0.4724482422820996,4.0910522229605855,0.34080420260790667,1.3862746957544083,-1
2024-08-30 00:00:00+00:00,6.0,2.039999961853028,4.567720420369074,0.9758394086408861,0.7406477773344277,1e-06,0.47663268359325583,4.091085626514119,0.8964531693904212,0.5316872089563375,-1
2024-09-02 00:00:00+00:00,6.0,2.009999990463257,4.588783335670332,0.8107609615651813,0.09476366972867499,0.018267367813825833,0.46852811606476374,4.120158845586228,0.40997182427627504,1.1428300393371138,-1
2024-09-03 00:00:00+00:00,6.0,1.9900000095367432,4.602825279204504,0.8396737239928153,0.12117446205053664,1e-06,0.47406988581958787,4.128682966867927,0.4397702309905969,1.07799448987652,-1
2024-09-04 00:00:00+00:00,6.389999866485596,1.919999957084656,5.041972031756288,0.8348865268839585,0.12552480654460038,1e-06,0.8645627537272733,4.177003924150428,0.44343718502643015,1.9496848323077436,-1
2024-09-05 00:00:00+00:00,6.389999866485596,1.7999999523162842,5.126223776657906,0.999,14.975372191032578,1e-06,0.9492188168148046,4.177004388768716,3.8789822985739875,0.24470821049215966,-1
2024-09-06 00:00:00+00:00,6.75,1.840000033378601,5.458139939407381,0.999,1.3710869378630028,1e-06,1.281093791641097,4.177021873799097,1.2009243938121796,1.0667564071826618,-1
2024-09-09 00:00:00+00:00,6.75,1.850000023841858,5.451118967640295,0.2990612399332767,0.010082840087726544,0.09790173471563668,0.3532278485370997,5.0972680309023435,0.1623779102117811,2.175344220629536,-1
2024-09-10 00:00:00+00:00,6.75,1.840000033378601,5.458139939407381,0.999,11.239154347777546,1e-06,0.3608717515579491,5.097268116695103,3.3549434764834083,0.1075641822544827,-1
2024-09-11 00:00:00+00:00,6.75,1.850000023841858,5.451118967640295,0.999,11.164782475940138,1e-06,0.35385092097101617,5.097268106320321,3.3438413330123997,0.10582168402477367,-1
2024-09-12 00:00:00+00:00,6.75,1.7999999523162842,5.486223910172311,0.999,11.242212468262835,1e-06,0.38895543359422,5.097268161176648,3.355399507162485,0.11591926170458988,-1
2024-09-13 00:00:00+00:00,6.75,1.850000023841858,5.451118967640295,0.999,11.264796655030555,1e-06,0.3538511682387486,5.097268107574467,3.3587633199452287,0.10535162336014758,-1
2024-09-16 00:00:00+00:00,6.75,2.049999952316284,5.310699448601988,0.999,11.316708885030327,1e-06,0.21343279398431142,5.097267892287498,3.3664824772138653,0.06339934796302595,-1
2024-09-17 00:00:00+00:00,6.670000076293945,1.9600000381469729,5.293888270799708,0.999,8.925076372924167,1e-06,0.1966205968411741,5.097267859935757,2.9902462702808883,0.06575398113370261,-1
2024-09-18 00:00:00+00:00,6.670000076293945,1.919999957084656,5.321972241564637,0.999,4.422106785440171,1e-06,0.22470363088443257,5.0972679711858975,2.10679950822059,0.10665639041952217,-1
2024-09-19 00:00:00+00:00,6.070000171661377,1.899999976158142,4.736014280466241,0.999,9.533923942012416,1e-06,-0.36124647834202683,5.097266902346694,3.090375758061344,-0.11689403057207651,0
2024-09-20 00:00:00+00:00,6.010000228881836,1.8600000143051147,4.704098224755045,-0.999,1e-06,0.10595506432195229,0.21661155306560811,4.4879258824886845,0.10090836164949354,2.146616489701924,-1
2024-09-23 00:00:00+00:00,6.010000228881836,1.850000023841858,4.711119196522131,0.999,6.164532049761168,1e-06,0.22319310233073525,4.487925983912937,2.484929821311452,0.08981867432092806,-1
2024-09-24 00:00:00+00:00,6.050000190734863,1.8200000524520876,4.772182073676416,0.999,1.4644891487736122,1e-06,0.28425143497514316,4.487926454458716,1.214427565568249,0.23406207421036068,-1
2024-09-25 00:00:00+00:00,6.050000190734863,1.899999976158142,4.716014299539728,0.999,1.657504198055243,1e-06,0.2280915950542878,4.4879260753709955,1.291452810671404,0.176616282971816,-1
2024-09-26 00:00:00+00:00,6.050000190734863,1.8600000143051147,4.744098186608072,0.999,2.275057665643432,1e-06,0.25617072711150873,4.487926215303513,1.5117555462868928,0.16945248042297842,-1
2024-09-27 00:00:00+00:00,6.050000190734863,1.850000023841858,4.751119158375158,-0.999,1e-06,0.09516674699129801,-0.1776024271807385,4.928340771592364,0.0850067808331957,-2.089273648995582,0
2024-09-30 00:00:00+00:00,6.590000152587891,1.950000047683716,5.220909318860739,0.2773364635805031,0.0019218183680112845,0.08615692660603308,-0.04748047041830225,5.268018362984179,0.0663089819927699,-0.7160488517751541,0
2024-10-01 00:00:00+00:00,6.590000152587891,1.950000047683716,5.220909318860739,0.999,0.939916429057043,1e-06,-0.04710911402035128,5.26801839842307,0.970871413069623,-0.04852250605608571,0
2024-10-02 00:00:00+00:00,6.900000095367432,1.8799999952316284,5.580056147706468,0.999,2.080152919500081,1e-06,0.31201986883981825,5.268019017390768,1.4432008933331295,0.2161998861566639,0
2024-10-03 00:00:00+00:00,6.900000095367432,1.919999957084656,5.551972260638124,0.999,0.9895791170889924,1e-06,0.28395614764369564,5.268018917113334,0.9961204798714287,0.2850620516108116,0
2024-10-04 00:00:00+00:00,6.599999904632568,1.899999976158142,5.266014013437433,0.999,1.831541485493467,1e-06,-0.0019887498465271936,5.268018359205864,1.3543335570651571,-0.0014684342982956263,0
2024-10-07 00:00:00+00:00,6.599999904632568,1.8600000143051147,5.294097900505777,0.999,1.0393417615932217,1e-06,0.026076744825415443,5.268018455809909,1.0207941297940808,0.02554554739717769,0
2024-10-08 00:00:00+00:00,6.599999904632568,1.840000033378601,5.30813984403995,-0.999,1e-06,0.08807666692903694,-0.02252611222572169,5.330598832910022,0.04894751580923836,-0.4602095091712521,0
2024-10-09 00:00:00+00:00,6.0,1.7999999523162842,4.736223910172311,0.999,2.919521072966383,1e-06,-0.594336148961006,5.3305796456331205,1.7094169078106527,-0.34768355586362254,0
2024-10-10 00:00:00+00:00,6.0,1.7999999523162842,4.736223910172311,0.999,0.41919395884713073,1e-06,-0.5943555839713017,5.330579640526617,0.6494459447779668,-0.9151732930975504,0
2024-10-11 00:00:00+00:00,6.0,1.7899999618530271,4.743244881939397,0.999,0.4206946617581207,1e-06,-0.5873363386842807,5.33057969376708,0.6506010591463224,-0.9027595796646048,0
2024-10-14 00:00:00+00:00,6.0,1.7300000190734863,4.785370712541913,0.999,0.26296303518568065,1e-06,-0.5452253166426723,5.330580244331616,0.515316501103465,-1.0580397007958458,0
2024-10-15 00:00:00+00:00,6.0,1.7200000286102295,4.792391684308999,0.999,0.3993577604827333,1e-06,-0.5381902413904387,5.3305803010234785,0.6339927723970873,-0.8488901842769829,0
2024-10-16 00:00:00+00:00,6.0,1.649999976158142,4.841538570375187,0.999,0.4117581244014099,1e-06,-0.489053942256754,5.330580712833402,0.6436988427413255,-0.7597558202435413,0
2024-10-17 00:00:00+00:00,6.0,1.6299999952316284,4.855580513909359,0.999,0.38760518240635805,1e-06,-0.47500381883375725,5.330580834939895,0.6246569110337231,-0.7604235388153953,0
2024-10-18 00:00:00+00:00,6.0,1.6699999570846558,4.827496626841015,-0.999,1e-06,0.08927284023685551,0.4246246005209975,4.403855262907564,0.04825769639965844,8.799106302222974,-1
2024-10-21 00:00:00+00:00,6.0,1.6699999570846558,4.827496626841015,-0.999,1e-06,0.08887804524123313,-0.38416534336723007,5.2107999963609055,0.045889428693467266,-8.371543388203461,0
2024-10-22 00:00:00+00:00,6.0,1.6299999952316284,4.855580513909359,-0.999,1e-06,0.08862644391846845,0.3518580873060546,4.5044825635925365,0.043831690595572015,8.02748154417754,-1
2024-10-23 00:00:00+00:00,6.0,1.6200000047683716,4.8626014856764455,-0.999,1e-06,0.08854113785768017,-0.3233020057516532,5.185167350128801,0.04202499559277157,-7.693088391596694,0
2024-10-24 00:00:00+00:00,6.0,1.600000023841858,4.876643429210618,-0.999,1e-06,0.08854121379038178,0.2997575483930536,4.577545210020555,0.04042357893314413,7.415413387538433,-1
2024-10-25 00:00:00+00:00,6.0,1.590000033378601,4.883664400977704,-0.999,1e-06,0.08805307764075285,-0.27863460598755607,5.161659976781349,0.0389840143183625,-7.147406721947355,0
2024-10-28 00:00:00+00:00,6.0,1.6299999952316284,4.855580513909359,-0.999,1e-06,0.08786272430017356,0.2595378263303078,4.596663642546231,0.03768472165276489,6.887083543345365,-1
2024-10-29 00:00:00+00:00,6.0,1.5399999618530271,4.9187693435097195,-0.999,1e-06,0.08771558239358393,-0.2416841175990108,5.159832154974953,0.03650484543874856,-6.620603777230952,0
2024-10-30 00:00:00+00:00,6.0,1.5299999713897705,4.925790315276806,-0.999,1e-06,0.0877155823503368,0.2278897802048674,4.6984105719659315,0.03542886358601287,6.432319785013852,-1
2024-10-31 00:00:00+00:00,5.599999904632568,1.5299999713897705,4.525790219909374,-0.999,1e-06,0.0882547666744104,-0.22618785063356586,4.75191917491339,0.03444809126760979,-6.566048866871227,0
2024-11-01 00:00:00+00:00,5.5,1.5199999809265137,4.432811287043892,-0.999,1e-06,0.08924326489474553,0.21226647474181062,4.221123618169004,0.03355370221422517,6.326171502226057,-1
2024-11-04 00:00:00+00:00,5.5,1.5099999904632568,4.439832258810978,-0.999,1e-06,0.08926473853382169,-0.2017617197566813,4.641135478737544,0.032725609134505354,-6.165254829250741,0
2024-11-05 00:00:00+00:00,5.5,1.5,4.446853230578064,-0.999,1e-06,0.08923197262437296,0.19253897891215452,4.254736713637361,0.03195565320101914,6.025193029257622,-1
2024-11-06 00:00:00+00:00,6.0,1.4900000095367432,4.953874202345149,-0.999,1e-06,0.09030952163132955,-0.1731553389761606,5.126086948892359,0.031245725918011197,-5.541728792940202,0
2024-11-07 00:00:00+00:00,6.0,1.5199999809265137,4.932811287043892,-0.999,1e-06,0.09124513398993435,0.16550404106573202,4.767691427009579,0.0305876185476789,5.410818132433231,-1
2024-11-08 00:00:00+00:00,6.0,1.5099999904632568,4.939832258810978,-0.999,1e-06,0.08971240653003869,-0.15861574190223304,5.098087599121253,0.029959555799466412,-5.294328893389602,0
2024-11-11 00:00:00+00:00,6.0,1.4600000381469729,4.974937117646408,-0.999,1e-06,0.08777065954011075,0.15295249462043664,4.822292235237877,0.029356492239660918,5.210176112723586,-1
2024-11-12 00:00:00+00:00,6.0,1.4299999475479126,4.996000116644252,-0.999,1e-06,0.0872861896641832,-0.14662961786875703,5.142270615639866,0.02878570688205112,-5.093834188945544,0
2024-11-13 00:00:00+00:00,6.0,1.440000057220459,4.98897906118058,-0.999,1e-06,0.0869705727747183,0.14100956113325044,4.848300848572606,0.02824538882907538,4.9923037698846375,-1
2024-11-14 00:00:00+00:00,6.190000057220459,1.3799999952316284,5.221105032700141,-0.999,1e-06,0.08688039229821555,-0.13181738570260398,5.352353302407096,0.02773419773369127,-4.752882595283199,0
2024-11-18 00:00:00+00:00,5.800000190734863,1.3799999952316284,4.831105166214545,-0.999,1e-06,0.08687320480241995,0.12057857374720596,4.711250973943217,0.0272500857147096,4.424887870430354,-1
2024-11-19 00:00:00+00:00,5.800000190734863,1.3200000524520874,4.873230996817062,-0.999,1e-06,0.08694938067764149,-0.11581830106073278,4.988735849718474,0.02679120953454093,-4.322996351150644,0
2024-11-21 00:00:00+00:00,5.800000190734863,1.2999999523162842,4.887273024047819,-0.999,1e-06,0.08646843931656258,0.11223192362096988,4.775283670133482,0.026352818662126284,4.25882047229609,-1
2024-11-22 00:00:00+00:00,5.800000190734863,1.340000033378601,4.85918905328289,-0.999,1e-06,0.08621762072412358,-0.10907707015258854,4.968046323061383,0.025934509647734773,-4.205865915113447,0
2024-11-25 00:00:00+00:00,5.800000190734863,1.3600000143051147,4.8451471097487175,-0.999,1e-06,0.08622190510423798,0.1054792415915524,4.739928099844949,0.02553594828309976,4.130617763717858,-1
2024-11-26 00:00:00+00:00,6.0,1.350000023841858,5.05216789078094,-0.999,1e-06,0.08618741016639417,-0.09927403768380973,5.150972615473757,0.02515550297243864,-3.946414340932808,0
2024-11-27 00:00:00+00:00,6.0,1.3300000429153442,5.066209834315113,-0.999,1e-06,0.08637512247200797,0.09657090625828081,4.969845379454133,0.02479277969987078,3.8951221858670464,-1
2024-11-28 00:00:00+00:00,6.0,1.2999999523162842,5.087272833312956,-0.999,1e-06,0.08589714517980994,-0.0935147769595249,5.180546035206391,0.024443904929123204,-3.825688949072477,0
2024-11-29 00:00:00+00:00,6.0,1.309999942779541,5.08025186154587,-0.999,1e-06,0.0846084537357691,0.09077542619799076,4.989698618075263,0.024104920219076575,3.765846365513017,-1
2024-12-02 00:00:00+00:00,6.0,1.309999942779541,5.08025186154587,-0.999,1e-06,0.08368122228938424,-0.08824978904661263,5.168291384438124,0.023776679914421145,-3.7116110981115975,0
2024-12-03 00:00:00+00:00,6.0,1.2999999523162842,5.087272833312956,-0.999,1e-06,0.0836755630969508,0.08594847403264877,5.0015207921960725,0.023461987851535866,3.6633074135285777,-1
2024-12-04 00:00:00+00:00,6.019999980926514,1.309999942779541,5.1002518424723835,-0.999,1e-06,0.08366434975803429,-0.08350946078687153,5.183546798410929,0.02315994499581655,-3.605771119143681,0
2024-12-05 00:00:00+00:00,6.400000095367432,1.3200000524520874,5.4732309014496305,-0.999,1e-06,0.08421769272875151,0.0859731419778492,5.387019456399415,0.02287165433355531,3.7589384975846216,-1
2024-12-06 00:00:00+00:00,6.0,1.2999999523162842,5.087272833312956,0.999,0.3508106434455684,1e-06,-0.2995267087523962,5.386909405634894,0.5929005451381745,-0.5051887896014533,0
2024-12-09 00:00:00+00:00,5.849999904632568,1.340000033378601,4.909188767180595,-0.999,1e-06,0.08564444916135332,0.28744142960382646,4.622626987920648,0.026469769731155005,10.85923423298643,-1
2024-12-10 00:00:00+00:00,5.900000095367432,1.4500000476837158,4.881958184780926,-0.999,1e-06,0.08578374691012475,-0.2785561573157973,5.159898753149183,0.026043735116047958,-10.69570689743934,0
2024-12-11 00:00:00+00:00,6.150000095367432,1.4800000190734863,5.110895269479668,-0.999,1e-06,0.08591270946638227,0.2732956281868451,4.837968144208592,0.02563869098950924,10.659500061788309,-1
2024-12-12 00:00:00+00:00,5.849999904632568,1.5,4.7968531352106325,-0.999,1e-06,0.08595899593084279,-0.2695997615853578,5.066191670894815,0.025252605988062685,-10.676116425877074,0
2024-12-13 00:00:00+00:00,5.849999904632568,1.4500000476837158,4.831957994046062,-0.999,1e-06,0.08623102146582567,0.2621363870258168,4.570387598351576,0.02488501833320112,10.53390371330687,-1
2024-12-16 00:00:00+00:00,5.849999904632568,1.3799999952316284,4.88110488011225,-0.999,1e-06,0.08618300836975604,-0.2539200677383578,5.13438049149956,0.024533296278315114,-10.350018393687959,0
2024-12-17 00:00:00+00:00,5.849999904632568,1.2899999618530271,4.9442937097126105,-0.999,1e-06,0.08619625923838682,0.24767111662497426,4.697122355824208,0.024196598722386456,10.235782287691178,-1
2024-12-18 00:00:00+00:00,5.650000095367432,1.399999976158142,4.667063127312941,0.999,0.02845498802370718,0.05796353839575763,0.1562652437701611,4.511118234226471,0.2194197814983415,0.7121748217188077,-1
2024-12-19 00:00:00+00:00,5.650000095367432,1.440000057220459,4.638979156548012,-0.999,1e-06,0.08685279452168143,-0.08873757851108492,4.727545259592236,0.10164341813467388,-0.8730282800359076,0
2024-12-20 00:00:00+00:00,5.650000095367432,1.4700000286102295,4.617916241246753,-0.999,1e-06,0.08685178838901249,0.05678678898926469,4.561284069220088,0.08366779462476306,0.6787174114477922,0
2024-12-23 00:00:00+00:00,5.75,1.3300000429153442,4.816209834315113,-0.999,1e-06,0.08695992806367125,-0.01891241939354911,4.834851403699606,0.07275324588381431,-0.25995292943701676,0
2024-12-26 00:00:00+00:00,5.75,1.340000033378601,4.809188862548027,-0.999,1e-06,0.08704666861748594,0.014552032307810964,4.794677954074751,0.065228753408806,0.22309229515102785,0
2024-12-27 00:00:00+00:00,5.699999809265137,1.3300000429153442,4.7662096435802495,-0.999,1e-06,0.08338053015482319,-0.015713306078772322,4.781936805579682,0.059422404719085754,-0.264434032130736,0
2024-12-30 00:00:00+00:00,5.699999809265137,1.4199999570846558,4.703020897676475,-0.999,1e-06,0.0792799261394355,0.008575743873965373,4.6945462873269985,0.05472559500431176,0.15670444283501533,0
2025-01-02 00:00:00+00:00,5.699999809265137,1.440000057220459,4.688978870445717,-0.999,1e-06,0.07857096964971538,-0.008369656497926401,4.697345219805805,0.05095757940175654,-0.16424752894832154,0
2025-01-03 00:00:00+00:00,5.989999771118164,1.440000057220459,4.978978832298744,-0.999,1e-06,0.07779547141365999,0.024378526915974384,4.95429097208481,0.04784339131716446,0.5095484714777788,0
2025-01-06 00:00:00+00:00,5.989999771118164,1.4500000476837158,4.971957860531658,-0.999,1e-06,0.07805096400450957,-0.02215897417043325,4.994068739879878,0.0452435610022262,-0.4897707801855588,0
2025-01-07 00:00:00+00:00,5.989999771118164,1.3700000047683716,5.028125718364932,-0.999,1e-06,0.07804971984658102,0.0226998976590974,5.005412025091915,0.043024223410338486,0.5276073769559949,0
2025-01-08 00:00:00+00:00,5.989999771118164,1.309999942779541,5.070251632664034,-0.999,1e-06,0.07805698968538002,-0.018905055663739272,5.089054487185681,0.04110110229962508,-0.4599646872223113,0
2025-01-09 00:00:00+00:00,5.989999771118164,1.3899999856948853,5.01408377483076,-0.999,1e-06,0.07805559660433406,0.015166328259019321,4.999027884991972,0.03941361178535421,0.38479925010716753,0
2025-01-10 00:00:00+00:00,5.989999771118164,1.3600000143051147,5.035146690132018,-0.999,1e-06,0.07806373929143041,-0.01327085869504791,5.048356840039444,0.037917531512877106,-0.3499926858514251,0
2025-01-13 00:00:00+00:00,5.989999771118164,1.3600000143051147,5.035146690132018,-0.999,1e-06,0.07806373929143041,0.012354279492430504,5.022823923163882,0.036579190262402125,0.33774064991069075,0
2025-01-14 00:00:00+00:00,5.989999771118164,1.340000033378601,5.049188633666191,-0.999,1e-06,0.07805372620578656,-0.011106566232336895,5.060248891101572,0.03537264029148477,-0.31398748130799187,0
2025-01-15 00:00:00+00:00,6.0,1.4299999475479126,4.996000116644252,-0.999,1e-06,0.07742222265852715,0.00882024516660269,4.987271080369198,0.034269466013590696,0.2573791247025772,0
2025-01-16 00:00:00+00:00,6.0,1.3700000047683716,5.038125947246768,-0.999,1e-06,0.07672464645504112,-0.007099536447387009,5.045152365339948,0.033254737524516124,-0.21348947475989172,0
2025-01-17 00:00:00+00:00,6.0,1.3899999856948853,5.024084003712596,-0.999,1e-06,0.07670037679538816,0.006328859049420036,5.017789780714689,0.032324789680113146,0.1957896435537731,0
2025-01-20 00:00:00+00:00,5.800000190734863,1.340000033378601,4.85918905328289,-0.999,1e-06,0.0768647449545504,-0.010227515931142937,4.869604043506941,0.031470474297111604,-0.3249876641383072,0
2025-01-21 00:00:00+00:00,5.5,1.350000023841858,4.55216789078094,-0.999,1e-06,0.07786766757253048,0.0023297667217634013,4.550237643454599,0.030690181805981005,0.07591244445835667,0
2025-01-22 00:00:00+00:00,5.5,1.350000023841858,4.55216789078094,-0.999,1e-06,0.07828475396324003,-0.002230228599646827,4.554392941970526,0.029968977541622227,-0.07441790753619765,0
2025-01-23 00:00:00+00:00,5.5,1.3300000429153442,4.566209834315113,-0.999,1e-06,0.07827402076079513,0.0024372234415926033,4.5637609243320725,0.029296460081484284,0.08319173834701477,0
2025-01-24 00:00:00+00:00,5.5,1.559999942779541,4.404727399975547,-0.999,1e-06,0.0783646566651335,-0.005702694983671815,4.410621109764341,0.028668231930634003,-0.19892035886517606,0
2025-01-27 00:00:00+00:00,6.0,1.4500000476837158,4.981958089413494,0.999,3.031601075588186,1e-06,0.5712989884634757,4.41064006824335,1.7414415391803626,0.32806096306417887,0
2025-01-28 00:00:00+00:00,6.0,1.409999966621399,5.010042060178424,-0.999,1e-06,0.08047467779032537,-0.5439075910687798,5.552562289369381,0.03119639692608832,-17.434949053809845,1
2025-01-29 00:00:00+00:00,6.0,1.440000057220459,4.98897906118058,0.999,0.17643788243588862,1e-06,-0.5635603849685046,5.552550892982544,0.4214334698077121,-1.3372463872545313,1
2025-01-30 00:00:00+00:00,6.0,1.440000057220459,4.98897906118058,0.999,0.2579122061310153,1e-06,-0.563571604295069,5.552550888249135,0.5090006111016492,-1.1072120386561222,1
2025-01-31 00:00:00+00:00,6.199999809265137,1.4299999475479126,5.195999925909389,0.999,0.6166970622604387,1e-06,-0.35658512217930177,5.552551581108898,0.7860454832464271,-0.45364438798958345,1
2025-02-03 00:00:00+00:00,6.5,1.4199999570846558,5.503021088411338,-0.999,1e-06,0.0809680691505177,0.3455986489425742,5.157897309149523,0.03333852060275095,10.366346277346718,0
2025-02-04 00:00:00+00:00,6.5,1.440000057220459,5.48897906118058,-0.999,1e-06,0.08045607148878833,-0.32763825073791497,5.815822408231206,0.03244261733865848,-10.099007959740124,1
2025-02-05 00:00:00+00:00,6.5,1.4299999475479126,5.496000116644252,-0.999,1e-06,0.08045154579908424,0.31130623990245904,5.1854566102690836,0.031615315285007974,9.846690981762276,0
2025-02-06 00:00:00+00:00,7.400000095367432,1.409999966621399,6.410042155545856,0.698839030165411,0.018611481080056242,0.0651242429106435,0.4381128760549828,5.970730783307233,0.18352108448071536,2.3872618086071755,-1
2025-02-07 00:00:00+00:00,7.400000095367432,1.4199999570846558,6.40302118377877,-0.999,1e-06,0.08673445065762296,-0.25978546426439886,6.662215082651655,0.0942948538257011,-2.755033320743019,0
2025-02-10 00:00:00+00:00,7.400000095367432,1.409999966621399,6.410042155545856,0.999,0.5612863044317623,1e-06,-0.2521754067250397,6.662216252757226,0.7552064593901181,-0.3339158498838701,0
2025-02-11 00:00:00+00:00,7.400000095367432,1.4700000286102295,6.367916241246753,-0.999,1e-06,0.08598091922591711,0.17141064998025318,6.19695350611084,0.07990564729581248,2.1451631490536225,-1
2025-02-12 00:00:00+00:00,7.400000095367432,1.5199999809265137,6.3328113824113235,0.6215641217357604,1e-06,0.06309812368805039,0.10586169140106251,6.226904030286276,0.04933279699792525,2.1458684251272975,-1
2025-02-13 00:00:00+00:00,7.400000095367432,1.6399999856948853,6.248559637509705,-0.999,1e-06,0.050102148164665586,-0.09543812396698832,6.343785527406212,0.045124077617289114,-2.1150155084925566,0
2025-02-14 00:00:00+00:00,7.400000095367432,1.5800000429153442,6.290685468112222,-0.999,1e-06,0.0498155666452629,0.08497976884564244,6.20596112147985,0.04183155974652783,2.0314750241340467,-1
2025-02-17 00:00:00+00:00,7.400000095367432,1.5199999809265137,6.3328113824113235,-0.05074605566185493,1e-06,0.04173145832303843,-0.004031513551029821,6.336543769057656,0.00251049249846742,-1.6058656034586594,0
2025-02-18 00:00:00+00:00,7.400000095367432,1.5099999904632568,6.33983235417841,-0.999,1e-06,0.03468516697779932,0.004027241244505577,6.335807229736637,0.002699678820807287,1.4917482825980417,-1
2025-02-19 00:00:00+00:00,7.400000095367432,1.4900000095367432,6.353874297712581,-0.08282207844326547,0.001468534604509708,0.033153431481606245,0.00044259830147305084,6.353378868086774,0.05362038310839394,0.008254292039994112,-1
2025-02-20 00:00:00+00:00,7.400000095367432,1.5,6.346853325945496,-0.06748348960862309,0.001265051095387256,0.03327352541912708,-0.0002741065811075236,6.347145311112527,0.04985120363463083,-0.0054984947428050905,0
2025-02-21 00:00:00+00:00,7.400000095367432,1.4600000381469729,6.3749372130138395,-0.1948784716257388,0.001058357460537261,0.03334936545637243,0.0010775542202688668,6.373783329247309,0.04597295788529759,0.023438870802208592,0
2025-02-24 00:00:00+00:00,6.130000114440918,1.4500000476837158,5.111958203854412,-0.06335600166056343,0.007502800962877605,0.03357101944420061,-0.22513614303609822,5.340066068436576,0.11687118979359719,-1.9263613507632174,1
2025-02-25 00:00:00+00:00,6.130000114440918,1.4199999570846558,5.133021202852256,0.999,3.772471060718718,1e-06,-0.20704576093466748,5.340066490219588,1.943911575778614,-0.1065098657338554,1
2025-02-26 00:00:00+00:00,6.130000114440918,1.409999966621399,5.140042174619342,-0.1964020527277167,0.0012679944706723923,0.04643511856352145,0.029062326448397117,5.1114042545935,0.051459193985809594,0.5647645094560042,0
2025-02-27 00:00:00+00:00,6.130000114440918,1.4500000476837158,5.111958203854412,-0.30254469669366,0.0006033211174907375,0.046266755765384804,-0.008575875872054509,5.1205151590101154,0.03614402451496204,-0.23726953451197644,0
2025-02-28 00:00:00+00:00,7.079999923706055,1.4900000095367432,6.033874126051204,-0.2757327679077198,0.003387466020589417,0.0456678934543283,0.0680612451125474,5.964005118694812,0.0810327618517284,0.8399225641239287,0
2025-03-05 00:00:00+00:00,7.079999923706055,1.5399999618530271,5.998769267215774,0.999,5.101174535012981,1e-06,0.03476543017540723,5.964004488414423,2.259322851742421,0.015387544169969179,0
2025-03-06 00:00:00+00:00,7.099999904632568,1.4800000190734863,6.060895078744805,-0.0031798014322489796,0.0029726916183266776,0.04820597689981801,0.005192606244311747,6.055524699764102,0.0760416176468869,0.0682863727126974,0
2025-03-07 00:00:00+00:00,7.300000190734863,1.5199999809265137,6.232811477778755,0.1895407072560004,0.004424112923614561,0.046963933330481315,0.014163044619783557,6.218318429909987,0.09300882419447547,0.1522763538024042,0
2025-03-10 00:00:00+00:00,7.300000190734863,1.4700000286102295,6.267916336614185,0.2172126693082166,0.004448753080756511,0.04709779661018358,0.0062721142024432484,6.261558586055676,0.09402432599785313,0.06670735616425967,0
2025-03-11 00:00:00+00:00,7.300000190734863,1.4900000095367432,6.253874393080013,0.1733968260513299,0.004057627152772671,0.047488253445946205,0.0005379852743323343,6.25335243362708,0.0896238895822922,0.006002699468185422,0
2025-03-12 00:00:00+00:00,7.0,1.4299999475479126,5.996000116644252,0.19945336856749263,0.004628372324091967,0.04725575573234722,-0.01872308908281657,6.0151945598472905,0.09551272881298906,-0.19602716114912597,0
2025-03-13 00:00:00+00:00,7.0,1.409999966621399,6.010042060178424,0.26721735383428896,0.004816382956414373,0.04719421887150301,-0.005013905472529437,6.0150562391486915,0.09833453614551553,-0.050988245524541405,0
2025-03-14 00:00:00+00:00,6.429999828338623,1.4900000095367432,5.3838740306837725,-0.22074843154323232,0.00294172086479351,0.05057176177049498,-0.04297713482289491,5.427888926248532,0.07631361309830213,-0.5631647235406692,0
2025-03-17 00:00:00+00:00,6.099999904632568,1.4700000286102295,5.06791605051189,0.999,3.3722401581780512,1e-06,-0.3599543805795913,5.42787983195927,1.8372014274470354,-0.19592537606493254,0
2025-03-18 00:00:00+00:00,6.0,1.4800000190734863,4.9608951741122365,0.9089396197666368,1e-06,0.05670721779037995,-0.32677856052583876,5.287919375947703,0.0503686139270597,-6.487741771077056,1
2025-03-19 00:00:00+00:00,6.980000019073486,1.4800000190734863,5.940895193185723,-0.20720721707212197,0.0038675153567474967,0.05436392592708162,0.11012062898996292,5.8298325300937135,0.08670462502556571,1.270066377168378,0
2025-03-20 00:00:00+00:00,6.980000019073486,1.4800000190734863,5.940895193185723,0.999,3.9889976879273292,1e-06,0.11106261107090834,5.829832555739724,1.998207747298495,0.055581113235628775,0
2025-03-21 00:00:00+00:00,6.119999885559082,1.4500000476837158,5.101957974972576,0.999,9.817640707030685,1e-06,-0.7278656319801011,5.829832150848283,3.1339237748757425,-0.23225377650066184,0
2025-03-24 00:00:00+00:00,6.119999885559082,1.4500000476837158,5.101957974972576,0.999,3.713375866722324,1e-06,-0.7278741551060418,5.829832149908814,1.9280078798034355,-0.37752654578374967,0
2025-03-25 00:00:00+00:00,6.119999885559082,1.4600000381469729,5.09493700320549,0.999,3.7129274872847877,1e-06,-0.7348949281259787,5.829832140019808,1.9278918551464812,-0.38119095018954857,0
2025-03-26 00:00:00+00:00,6.050000190734863,1.4600000381469729,5.024937308381271,0.999,3.750986194665689,1e-06,-0.8048928566002571,5.829832050645947,1.9377375241618546,-0.41537764870833266,0
2025-03-27 00:00:00+00:00,6.050000190734863,1.4600000381469729,5.024937308381271,0.999,1.8901666112570255,1e-06,-0.8048946975630452,5.829832048622714,1.376229677870431,-0.584854919571662,0
2025-03-28 00:00:00+00:00,6.050000190734863,1.5,4.996853421312927,0.999,3.760782050050792,1e-06,-0.8329778227683242,5.829832012200267,1.940264045927677,-0.4293115797907092,0
2025-03-31 00:00:00+00:00,6.050000190734863,1.4700000286102295,5.017916336614185,0.999,2.678149022182062,1e-06,-0.8119164666913821,5.829832048020758,1.6376790097164209,-0.4957726525614887,0
2025-04-01 00:00:00+00:00,6.050000190734863,1.4500000476837158,5.031958280148357,0.999,3.62351629670574,1e-06,-0.7978741503087298,5.829832065340772,1.9045631558049219,-0.41892764116374276,0
2025-04-02 00:00:00+00:00,5.800000190734863,1.4800000190734863,4.7608953648471,0.999,3.751366744162806,1e-06,-1.0689291100864429,5.829831721515699,1.937837006046583,-0.5516094009718521,0
2025-04-03 00:00:00+00:00,6.0,1.4900000095367432,4.953874202345149,0.999,4.867002632871851,1e-06,-0.8759616490510376,5.829831908625674,2.2070000342947265,-0.3969015113001399,0
2025-04-04 00:00:00+00:00,6.0,1.4500000476837158,4.981958089413494,0.999,4.463764404487245,1e-06,-0.8478744577366834,5.829831937560565,2.1136726148540648,-0.4011380247717424,0
2025-04-07 00:00:00+00:00,6.0,1.3899999856948853,5.024084003712596,0.999,1.5439738405739671,1e-06,-0.805750733946128,5.829832064473431,1.2441150888153836,-0.6476496758136294,0
2025-04-08 00:00:00+00:00,6.0,1.3899999856948853,5.024084003712596,0.999,4.299428359319419,1e-06,-0.805748041196024,5.829832063586452,2.07443435121541,-0.3884181925178478,0
2025-04-09 00:00:00+00:00,6.0,1.3799999952316284,5.031104975479682,0.999,4.299428359319419,1e-06,-0.7987272395245812,5.829832070452144,2.0744345922436835,-0.38503370629810385,0
2025-04-10 00:00:00+00:00,6.0,1.5099999904632568,4.939832258810978,0.999,4.368981842231369,1e-06,-0.8899976042427811,5.8298319703426245,2.0911320762793766,-0.4256056393273348,0
2025-04-11 00:00:00+00:00,6.199999809265137,1.4199999570846558,5.203020897676475,0.999,5.292186239914006,1e-06,-0.6268162642723354,5.829832205838611,2.301312399167052,-0.2723733920258754,0
2025-04-14 00:00:00+00:00,6.199999809265137,1.5099999904632568,5.139832068076115,0.999,5.033190165186764,1e-06,-0.6899988097638634,5.82983214558751,2.2443359115163175,-0.30744007892191444,0
2025-04-15 00:00:00+00:00,6.199999809265137,1.4500000476837158,5.181957898678631,0.999,5.0791780547963326,1e-06,-0.6478751014268214,5.829832184364686,2.254558176970946,-0.2873623346891218,0
2025-04-16 00:00:00+00:00,6.150000095367432,1.5700000524520874,5.047706439879308,0.999,5.3007862971935396,1e-06,-0.7821230787097472,5.829832063370162,2.303180803981657,-0.33958388215012936,0
2025-04-17 00:00:00+00:00,6.150000095367432,1.659999966621399,4.984517693975533,0.999,5.039448104788017,1e-06,-0.8453130396246137,5.82983200300234,2.2457303095680063,-0.3764089730735388,0
2025-04-22 00:00:00+00:00,6.150000095367432,1.6399999856948853,4.998559637509705,0.999,5.012777335093978,1e-06,-0.8312726412371774,5.829832015522892,2.239784555175399,-0.37113955416666394,0
2025-04-23 00:00:00+00:00,6.5,1.950000047683716,5.130909166272849,0.999,5.134872853744034,1e-06,-0.6989255322819535,5.829832137374026,2.2668770086398187,-0.3083208879961802,0
2025-04-24 00:00:00+00:00,6.5,1.8200000524520876,5.222181882941553,0.999,4.863110412133557,1e-06,-0.6076522055009205,5.829832226000439,2.206121014487978,-0.27543919916920395,0
2025-04-25 00:00:00+00:00,6.5,1.840000033378601,5.208139939407381,0.999,4.82624613436987,1e-06,-0.6216919686591885,5.829832211555523,2.1977503617972265,-0.28287651749072873,0
2025-04-28 00:00:00+00:00,6.5,1.899999976158142,5.166014108804864,0.999,4.818077412237011,1e-06,-0.6638171733131023,5.829832169319248,2.1958913749633404,-0.3022996405385419,0
2025-04-29 00:00:00+00:00,6.650000095367432,1.9800000190734863,5.259846346339022,0.999,4.885500443344207,1e-06,-0.5699878207244922,5.829832260120611,2.2111903947358926,-0.25777419352102976,0
2025-04-30 00:00:00+00:00,5.960000038146973,1.870000004768372,4.6470770622530955,0.999,8.947728493369722,1e-06,-1.1827480168956983,5.829831933666132,2.9919211240961774,-0.395313902953572,0
2025-05-02 00:00:00+00:00,5.960000038146973,2.5,4.204755422443746,0.999,1.5149297803634156,1e-06,-1.6250458446756844,5.829830539265824,1.2323937251490644,-1.318609314145223,1
2025-05-05 00:00:00+00:00,5.960000038146973,2.289999961853028,4.352195996945724,0.999,3.0453998422060975,1e-06,-1.4776395571841214,5.829830767348065,1.7462145799570519,-0.8461958651269903,1
2025-05-06 00:00:00+00:00,5.960000038146973,2.539999961853028,4.176671535375402,0.999,3.6057391298245167,1e-06,-1.6531540895565915,5.82983053342514,1.8998962201724339,-0.870128627029192,1
2025-05-07 00:00:00+00:00,5.960000038146973,2.4100000858306885,4.267944168347521,0.999,3.6975088045748947,1e-06,-1.5618889041138257,5.829830648945713,1.9238961308358276,-0.8118363975477566,1
2025-05-08 00:00:00+00:00,5.849999904632568,2.400000095367432,4.164965006600202,0.999,1.7447758027587064,1e-06,-1.6648593658910227,5.8298303633238175,1.3223631562853178,-1.2590031399300472,1
2025-05-09 00:00:00+00:00,6.199999809265137,2.25,4.620279655132233,0.999,6.253442153080148,1e-06,-1.209558308195907,5.829830709255564,2.5014619069544652,-0.48354056675144275,1
2025-05-12 00:00:00+00:00,6.199999809265137,2.430000066757202,4.4939019959315125,0.999,5.55496365860807,1e-06,-1.3359263071844272,5.8298305997169555,2.3577180020621284,-0.5666183597936595,1
2025-05-13 00:00:00+00:00,5.989999771118164,2.390000104904175,4.311985844852884,0.999,5.318895930003251,1e-06,-1.5178411452903315,5.829830435359259,2.3071123614924316,-0.6578964989414152,1
2025-05-14 00:00:00+00:00,5.949999809265137,2.369999885559082,4.286027993927199,0.999,5.023148504350959,1e-06,-1.5438018683018067,5.829830409257205,2.2421019206925172,-0.6885511555268519,1
2025-05-15 00:00:00+00:00,6.0,2.3499999046325684,4.350070128196235,0.999,5.089529064706654,1e-06,-1.4797615675843443,5.829830467861082,2.256856792787858,-0.6556736662747746,1
2025-05-16 00:00:00+00:00,6.0,2.2699999809265137,4.406237902332924,0.999,4.526390450973876,1e-06,-1.4235938313790084,5.829830525534798,2.128441911151695,-0.6688431682914499,1
2025-05-19 00:00:00+00:00,6.070000171661377,2.299999952316284,4.455175158693042,0.999,2.152644111284192,1e-06,-1.3746576792948146,5.829830630914305,1.468509321311346,-0.936090537081015,1
2025-05-20 00:00:00+00:00,6.070000171661377,2.319999933242798,4.44113321515887,0.999,3.0724502257593085,1e-06,-1.3886968901329115,5.8298306069561106,1.7539460489904501,-0.7917557617762693,1
2025-05-21 00:00:00+00:00,5.800000190734863,2.289999961853028,4.192196149533615,0.999,3.557486824719097,1e-06,-1.6376270851187416,5.829830270859312,1.8871577417398415,-0.8677743512892312,1
2025-05-22 00:00:00+00:00,5.800000190734863,2.299999952316284,4.185175177766529,0.999,3.0427597591928404,1e-06,-1.6446547947106978,5.829830257253676,1.7454621955670981,-0.9422460130546407,1
2025-05-23 00:00:00+00:00,5.800000190734863,2.2799999713897705,4.199217121300701,0.999,3.0531898681639404,1e-06,-1.6306135613625672,5.829830276655479,1.7484477072906033,-0.9326064225788988,1
2025-05-26 00:00:00+00:00,6.0,2.3299999237060547,4.364112071730407,0.999,2.828612016475886,1e-06,-1.4657242522771294,5.8298305525142124,1.6830010496576384,-0.8708991908087591,1
2025-05-27 00:00:00+00:00,6.0,2.3499999046325684,4.350070128196235,0.999,3.0558672550949906,1e-06,-1.479759892818237,5.829830528264179,1.7492137582491956,-0.8459571540869554,1
2025-05-28 00:00:00+00:00,5.800000190734863,2.2799999713897705,4.199217121300701,0.999,3.216169469306944,1e-06,-1.6306084443085134,5.829830301795078,1.7944503298870478,-0.90869522390801,1
2025-05-29 00:00:00+00:00,5.800000190734863,2.220000028610229,4.241342951903217,0.999,3.1880219938358567,1e-06,-1.5884886806336147,5.82983036253506,1.7865904709595137,-0.8891174034867063,1
2025-05-30 00:00:00+00:00,5.800000190734863,2.309999942779541,4.1781542059994425,0.999,3.2397907012965694,1e-06,-1.6516740616340364,5.829830266896888,1.8010206046660973,-0.9170767160324914,1
2025-06-02 00:00:00+00:00,5.800000190734863,2.25,4.2202800366019595,0.999,3.2810538269833223,1e-06,-1.6095515227461537,5.8298303259126785,1.812440162916855,-0.888057744293096,1
2025-06-03 00:00:00+00:00,5.800000190734863,2.319999933242798,4.171133234232356,0.999,3.312866964111881,1e-06,-1.6586954863980015,5.829830252597829,1.8211956186274243,-0.9107728293614643,1
2025-06-04 00:00:00+00:00,5.800000190734863,2.369999885559082,4.136028375396926,0.999,2.1924810007622337,1e-06,-1.693800120224232,5.829830172338968,1.4820150189042107,-1.1429034784523395,1
2025-06-05 00:00:00+00:00,5.760000228881836,2.319999933242798,4.131133272379329,-0.999,1e-06,0.0663648851343091,1.3740091613956504,2.7612743896564282,0.056238122291842094,24.431988576456515,0
2025-06-06 00:00:00+00:00,5.78000020980835,2.2699999809265137,4.1862381121412735,0.999,1.8627342185589286,1e-06,1.4249582549341555,2.761277048275621,1.366044669794277,1.0431271293264157,0
2025-06-09 00:00:00+00:00,5.78000020980835,2.289999961853028,4.172196168607101,0.999,2.1424701275567637,1e-06,1.410919734058091,2.761277023261733,1.4648600476933693,0.9631771555786405,0
2025-06-10 00:00:00+00:00,5.75,2.289999961853028,4.142195958798752,0.999,1.5952584567255095,1e-06,1.3809208035589702,2.7612769471927057,1.2643592395950667,1.0921902259370797,0
2025-06-11 00:00:00+00:00,5.75,2.309999942779541,4.128154015264579,0.999,0.04565488143675094,0.019120023813310176,1.370623460064237,2.7575500440386556,0.24986674146314033,5.485417755233454,-1
2025-06-12 00:00:00+00:00,6.059999942779541,2.2799999713897705,4.459216873345379,0.999,1.606868426946579,1e-06,1.7016363941617538,2.7575597946976513,1.2742475968874434,1.3354048289502582,-1
2025-06-13 00:00:00+00:00,6.059999942779541,2.3499999046325684,4.410070070975776,0.999,0.9612590163788433,1e-06,1.652516083933559,2.7575589195916743,0.9889886375869142,1.6709151360582064,-1
2025-06-16 00:00:00+00:00,5.599999904632568,2.299999952316284,3.9851748916642338,0.999,2.1410661084996754,1e-06,1.2276392450937355,2.757555412793608,1.4689814924000948,0.8357077685764152,-1
2025-06-17 00:00:00+00:00,5.460000038146973,2.299999952316284,3.845175025178638,-0.999,1e-06,0.06719563910389759,-0.6486147772566484,4.492066662931207,0.09184904091161453,-7.061747959685332,0
2025-06-18 00:00:00+00:00,5.460000038146973,2.180000066757202,3.929426686383671,-0.999,1e-06,0.06684597459918487,0.4456508658886591,3.484978556821313,0.07489481611483113,5.950356633566907,-1
2025-06-20 00:00:00+00:00,5.460000038146973,2.180000066757202,3.929426686383671,-0.999,1e-06,0.06687933383740043,-0.33393923451509344,4.262371049195669,0.06480958966398605,-5.1526207193479525,0
2025-06-23 00:00:00+00:00,5.5,2.200000047683716,3.955384704702526,-0.999,1e-06,0.06673457607062877,0.2694856607324901,3.686664699267385,0.05791934228191506,4.65277487822294,-1
2025-06-24 00:00:00+00:00,5.5,2.0999999046325684,4.025594589766557,-0.999,1e-06,0.0666090798107672,-0.2184818421937767,4.243317872053138,0.052829748598715885,-4.1355836056181285,0
2025-06-25 00:00:00+00:00,5.449999809265137,2.0899999141693115,3.9826153707987806,-0.999,1e-06,0.06661037582077874,0.18406335913231214,3.799166648299473,0.04887837348815777,3.765742310899665,-1
2025-06-26 00:00:00+00:00,5.099999904632568,2.0799999237060547,3.639636437933298,0.999,0.45377194891418426,1e-06,-0.1593818604913945,3.799093943815685,0.6755342704087806,-0.23593452985730692,0
2025-06-27 00:00:00+00:00,5.099999904632568,2.069999933242798,3.646657409700384,-0.999,1e-06,0.06756883200476771,0.13898536688149357,3.5080733637853476,0.04737108440273287,2.9339705568039607,-1
2025-06-30 00:00:00+00:00,5.119999885559082,2.259999990463257,3.5332587596590916,-0.999,1e-06,0.06723491247403292,-0.12923761639365816,3.662281598679296,0.04447993974309901,-2.905525887402066,0
2025-07-01 00:00:00+00:00,5.119999885559082,2.190000057220459,3.5824055620286943,-0.999,1e-06,0.06685107928723964,0.11810797704905154,3.4645764893894397,0.04204643036359069,2.8089893964298316,-1
2025-07-02 00:00:00+00:00,5.300000190734863,2.200000047683716,3.7553848954373894,-0.999,1e-06,0.0670815385732496,-0.09860519113353802,3.853440049162291,0.03997818267308538,-2.466475075664764,0
2025-07-03 00:00:00+00:00,5.300000190734863,2.240000009536743,3.7273010083690448,-0.999,1e-06,0.06713776847118244,0.08879566734407753,3.638810142367275,0.038188210169334665,2.3252115495944587,-1
2025-07-04 00:00:00+00:00,5.300000190734863,2.109999895095825,3.818573808734335,-0.999,1e-06,0.06716765429360382,-0.07804143118413542,3.8962483504109824,0.036618863315058044,-2.1311811487071473,0
2025-07-07 00:00:00+00:00,5.300000190734863,2.109999895095825,3.818573808734335,-0.999,1e-06,0.06721938547558409,0.07224581295903182,3.7465419052828053,0.035228824455110205,2.0507585500359213,-1
2025-07-08 00:00:00+00:00,5.119999885559082,2.119999885559082,3.631552531791468,-0.999,1e-06,0.06732781915003952,-0.07363509126299313,3.705246704344112,0.033987487336726255,-2.166535305580663,0
2025-07-09 00:00:00+00:00,5.25,2.0899999141693115,3.782615561533644,0.999,0.37296944237437596,1e-06,0.07728853288646545,3.7052865832221586,0.6118149401218328,0.12632665176674948,0
2025-07-10 00:00:00+00:00,5.300000190734863,2.0899999141693115,3.832615752268507,-0.999,1e-06,0.06752947728120352,-0.06991690799651198,3.9022513805081442,0.03542460253453826,-1.973682215018346,1
2025-07-11 00:00:00+00:00,5.300000190734863,2.049999952316284,3.8606996393368513,-0.999,1e-06,0.06756947263697465,0.06601746454954587,3.7948352651070705,0.03416728104845661,1.9321837302745513,0
2025-07-14 00:00:00+00:00,5.099999904632568,2.0199999809265137,3.681762268535815,0.999,0.24175007663780174,1e-06,-0.11292605734897955,3.7947623179298198,0.49306217048132495,-0.2290300576877388,0
2025-07-15 00:00:00+00:00,5.099999904632568,2.049999952316284,3.6606993532345564,-0.999,1e-06,0.06766112685285117,0.10394853154578693,3.5570894809297897,0.03557413930566614,2.922025200739862,-1
2025-07-16 00:00:00+00:00,5.099999904632568,2.0299999713897705,3.6747412967687287,0.999,0.017093085230486735,0.0497086645725545,0.10736748798884739,3.567353201463874,0.17631302113162514,0.6089594931771546,-1
2025-07-17 00:00:00+00:00,5.099999904632568,1.9299999475479128,3.7449510981361747,0.999,0.7455695786326922,1e-06,0.17758004239993755,3.5673616241770207,0.8716149078993249,0.20373681173939806,-1
2025-07-18 00:00:00+00:00,5.099999904632568,1.9900000095367432,3.702825183837073,0.999,0.7506660601569903,1e-06,0.13546998593800452,3.5673607832970773,0.8745341896833491,0.1549053056313961,-1
2025-07-21 00:00:00+00:00,5.099999904632568,2.0,3.6958042120699868,0.999,0.4874371459478926,1e-06,0.1284450545530266,3.5673605706734266,0.7082246288443675,0.18136202741581361,-1
2025-07-22 00:00:00+00:00,5.150000095367432,1.9299999475479128,3.794951288871038,-0.999,1e-06,0.0656902562428694,-0.04620929116116655,3.8408688882914968,0.08732036896904508,-0.5291925779373158,0
2025-07-23 00:00:00+00:00,5.150000095367432,1.870000004768372,3.8370771194735545,-0.999,1e-06,0.06416544347966134,0.038146821087495904,3.798983027289703,0.07190976561549264,0.5304817886831957,0
2025-07-24 00:00:00+00:00,5.150000095367432,1.8799999952316284,3.8300561477064683,-0.999,1e-06,0.06417502795106661,-0.02971489318298802,3.859689622907707,0.0625366741834684,-0.47515947355644905,0
2025-07-25 00:00:00+00:00,5.150000095367432,1.809999942779541,3.879203033772656,-0.999,1e-06,0.06419079893172343,0.028693424102335746,3.8505223296455418,0.056069815175098014,0.511744581513784,0
2025-07-28 00:00:00+00:00,5.150000095367432,1.7999999523162842,3.8862240055397423,-0.999,1e-06,0.06399921721025378,-0.023406438428793377,3.909546545974704,0.051249697401140624,-0.45671369033824655,0
2025-07-29 00:00:00+00:00,5.150000095367432,1.7599999904632568,3.914307892608087,-0.999,1e-06,0.06280496545654031,0.022055815930261003,3.8922774244432796,0.047424652778875094,0.46507068872174384,0
2025-07-30 00:00:00+00:00,5.150000095367432,1.7400000095367432,3.928349836142259,0.999,0.5850403169282956,1e-06,0.03606771062657898,3.892279726735086,0.7664691502938645,0.04705696323557263,0
2025-07-31 00:00:00+00:00,5.5,1.6799999475479126,4.320475655073929,0.999,1.7592458560140494,1e-06,0.42817289234596106,3.8922804736584284,1.3272835195440889,0.3225933917216383,0
2025-08-01 00:00:00+00:00,5.5,1.7100000381469729,4.299412656076085,-0.999,1e-06,0.06007476134938947,-0.37059215351432306,4.668805428556174,0.04589782544252482,-8.074285653868158,1
2025-08-04 00:00:00+00:00,5.5,1.7300000190734863,4.285370712541913,0.999,0.8962366076082701,1e-06,-0.3834318254335023,4.6688040119382235,0.9479078753609327,-0.40450325965221445,1
2025-08-05 00:00:00+00:00,5.5,1.7300000190734863,4.285370712541913,0.999,0.8979081493266132,1e-06,-0.38343325516602506,4.668804010565299,0.9487897041115657,-0.40412881116270855,1
2025-08-06 00:00:00+00:00,5.5,1.7899999618530271,4.243244881939397,0.999,0.8975267303825344,1e-06,-0.4255542421648586,4.6688038593168555,0.9485892070173046,-0.44861805196260834,1
2025-08-07 00:00:00+00:00,5.199999809265137,1.850000023841858,3.901118776905432,0.999,1.6464408302783533,1e-06,-0.7676636143834233,4.668803194625175,1.2840313816060467,-0.5978542466954675,1
2025-08-08 00:00:00+00:00,5.199999809265137,1.7999999523162842,3.9362237194374474,0.999,1.0772618213144403,1e-06,-0.7325827619111358,4.668803296414366,1.0390180828852218,-0.7050721965077318,1
2025-08-11 00:00:00+00:00,5.199999809265137,1.7300000190734863,3.9853705218070496,0.999,0.9650406085096477,1e-06,-0.6834379510676958,4.668803456781935,0.9835336103046312,-0.6948801178802763,1
2025-08-12 00:00:00+00:00,5.199999809265137,1.75,3.9713285782728778,0.999,0.9830564117285585,1e-06,-0.697473333528075,4.66880340890317,0.9926505759879061,-0.7026373130685339,1
2025-08-13 00:00:00+00:00,5.199999809265137,1.659999966621399,4.034517407873238,0.999,1.0859948508775743,1e-06,-0.6342919381708536,4.668803592949835,1.0432135956619888,-0.6080173234018801,1
2025-08-14 00:00:00+00:00,5.199999809265137,1.7100000381469729,3.999412465341222,0.999,1.0638440091583232,1e-06,-0.6693876618735327,4.6688034854832505,1.0325428631495353,-0.6482904349672411,1
2025-08-15 00:00:00+00:00,5.010000228881836,1.659999966621399,3.844517827489937,0.999,1.1939500301689918,1e-06,-0.8242722135276256,4.668803068466087,1.0937329593335121,-0.7536320511269151,1
2025-08-18 00:00:00+00:00,5.010000228881836,1.590000033378601,3.89366462985954,0.999,1.233114028296681,1e-06,-0.7751424810771278,4.668803193891171,1.1114930430437284,-0.6973885135209362,1
2025-08-19 00:00:00+00:00,5.010000228881836,1.5199999809265137,3.9428115159257278,-0.999,1e-06,0.05129836316390927,0.6624099419959714,3.2828896735074506,0.04432135664268552,14.945615210659188,0
2025-08-20 00:00:00+00:00,4.329999923706055,1.5399999618530271,3.248769267215774,0.999,4.030312289670955,1e-06,-0.034086682911719346,3.282873215123766,2.008098994807042,-0.01697460284571017,0
2025-08-21 00:00:00+00:00,5.010000228881836,1.5099999904632568,3.949832487692814,0.999,12.59963166931066,1e-06,0.6669535391251927,3.282873384907386,3.5498988660176374,0.18787958877076333,0
2025-08-22 00:00:00+00:00,5.010000228881836,1.7100000381469729,3.809412884957921,0.999,10.015427092371052,1e-06,0.526540937901591,3.2828733423466407,3.1650558260156365,0.16636071110455972,0
2025-08-25 00:00:00+00:00,5.119999885559082,1.7200000286102295,3.912391569868081,0.999,2.607943176566508,1e-06,0.6295141379441205,3.282873463437886,1.6155789869203645,0.38965234324080167,0
2025-08-26 00:00:00+00:00,5.119999885559082,1.690000057220459,3.9334544851693396,0.999,9.510095928939279,1e-06,0.6505807866319502,3.282873470401522,3.084193446965165,0.21094033101980658,0
2025-08-27 00:00:00+00:00,5.119999885559082,1.7000000476837158,3.9264335134022534,0.999,9.417531917025078,1e-06,0.6435601127060908,3.282873468336252,3.069150730475239,0.20968670789474048,0
2025-08-28 00:00:00+00:00,4.630000114440918,1.6799999475479126,3.4504757695148474,0.999,11.238892950326875,1e-06,0.167606659464896,3.2828733391654112,3.3527672510718998,0.04999054420234842,0
2025-08-29 00:00:00+00:00,4.5,1.6699999570846558,3.327496626841015,0.999,9.292775128246554,1e-06,0.04462464965241103,3.282873298786401,3.0487589963100006,0.014636988265199548,0
2025-09-01 00:00:00+00:00,4.5,1.6699999570846558,3.327496626841015,0.999,9.294538704634238,1e-06,0.04462332757448725,3.2828732988006397,3.0490483751439625,0.014635165495654141,0
2025-09-02 00:00:00+00:00,4.5,1.6399999856948853,3.348559542142273,0.999,8.785247525521887,1e-06,0.06568599574055485,3.282873306146033,2.964355885312764,0.02215860655125909,0
2025-09-03 00:00:00+00:00,4.5,1.6699999570846558,3.327496626841015,0.999,9.076470243074212,1e-06,0.04462355909896494,3.282873299071234,3.013076423255548,0.01480996590546163,0
2025-09-04 00:00:00+00:00,4.5,1.6299999952316284,3.3555805139093593,0.999,5.646382403644651,1e-06,0.07270670145129501,3.2828733143111624,2.3766662980395457,0.030591884738412376,0
2025-09-05 00:00:00+00:00,4.349999904632568,1.6200000047683716,3.212601390309014,0.999,11.253471971781403,1e-06,-0.07027061527978459,3.2828732754490626,3.3549416181670395,-0.020945406292398223,0
2025-09-08 00:00:00+00:00,4.75,1.5700000524520874,3.647706344511876,0.999,14.914691937204713,1e-06,0.36483006299916787,3.282873364740718,3.862234356815161,0.09446088178346862,0
2025-09-09 00:00:00+00:00,4.75,1.5,3.6968532305780637,0.999,2.9729611189242005,1e-06,0.4139781494516828,3.2828734157400272,1.7248548941351143,0.24000752229030947,0
2025-09-10 00:00:00+00:00,4.75,1.5299999713897705,3.6757903152768057,0.6791501104539436,0.030276195047392252,0.00045775855816037117,0.38853238822013586,3.2868984716870067,0.18124401343823035,2.1436977743408407,-1
2025-09-11 00:00:00+00:00,4.75,1.5499999523162842,3.6617483717426333,0.5242883730255053,0.008995064175933777,0.0190180579599578,0.25381010456338204,3.4073420136248025,0.12742482471145739,1.9918418968840124,-1
2025-09-12 00:00:00+00:00,4.989999771118164,1.5700000524520874,3.88770611563004,-0.24437091869959693,0.003529760427534418,0.021948848675730808,0.02230876335784112,3.8639242474980495,0.08125193423101656,0.274562858951918,-1
2025-09-15 00:00:00+00:00,4.989999771118164,1.600000023841858,3.866643200328782,0.2752626421752537,0.009853379237138851,0.015839237147382383,0.004989748473589801,3.861665902330465,0.12972969794204503,0.038462653908428145,-1
2025-09-16 00:00:00+00:00,4.989999771118164,1.6799999475479126,3.8104754261920935,0.254170442888841,0.009395512661444179,0.016297203916780533,-0.012995112114121288,3.823647030980747,0.13055408887426986,-0.09953814718615388,0
2025-09-17 00:00:00+00:00,4.989999771118164,1.75,3.761328540125905,0.25535186392766684,0.009405527449888776,0.016307117967051157,-0.0189104336289811,3.7804349022327006,0.1311743137052616,-0.14416262677364838,0
2025-09-18 00:00:00+00:00,4.989999771118164,1.6699999570846558,3.817496397959179,0.2550639029613079,0.009452561487472037,0.01626302591159061,0.006238275873843196,3.8111194533719854,0.13155205461693703,0.0474205886940213,0
2025-09-19 00:00:00+00:00,4.989999771118164,1.690000057220459,3.8034543707284216,0.26242458116971495,0.009562613547235886,0.016168546243033214,-0.0008452445726679517,3.8043304536622102,0.13235569532556868,-0.006386159436424841,0
2025-09-22 00:00:00+00:00,4.989999771118164,1.6399999856948853,3.838559313260437,0.2508556854684587,0.009358591199154127,0.01636689388929851,0.008719080709163381,3.8297267530737646,0.13106073122607853,0.06652702626939452,0
2025-09-23 00:00:00+00:00,4.989999771118164,1.6200000047683716,3.8526012567946095,0.2700925153133405,0.009135666116077726,0.016370748834705233,0.007583170028434892,3.844949306687452,0.13001891499137974,0.058323591063174585,0
2025-09-24 00:00:00+00:00,4.989999771118164,1.559999942779541,3.8947271710937112,0.31230622544341496,0.009397428423940882,0.0161157517141772,0.01486475037762356,3.8797009002031806,0.1323379416666334,0.11232417695500123,0
2025-09-25 00:00:00+00:00,5.0,1.559999942779541,3.904727399975547,0.20893161283558911,0.007846331820213886,0.017448659370578982,0.0077799963724474765,3.896875607018959,0.12107306158677901,0.06425869033526645,0
2025-09-26 00:00:00+00:00,5.0,1.5499999523162842,3.9117483717426333,0.2623242862321294,0.008798987757156734,0.016468452512670838,0.005337199411530909,3.9063671411251084,0.12705761673539218,0.042006135080009104,0
2025-09-29 00:00:00+00:00,5.0,1.5099999904632568,3.939832258810978,0.2627039503421357,0.00883066427880669,0.016433419393913413,0.009483479542305558,3.9302397898024792,0.12766881397016136,0.07428188018196855,0
2025-09-30 00:00:00+00:00,4.900000095367432,1.5199999809265137,3.8328113824113235,0.2599774619401185,0.008889992773466285,0.016386583665120746,-0.02276982223300619,3.8559194952332,0.12806370535426106,-0.17780074510586982,0
2025-10-01 00:00:00+00:00,4.900000095367432,1.4700000286102295,3.8679162412467534,0.26545468860856264,0.00893762191118945,0.016332826669949393,-0.0014676368406449265,3.8693226911987977,0.12847935322551826,-0.011423133786086245,0
2025-10-02 00:00:00+00:00,4.400000095367432,1.4900000095367432,3.3538742977125815,0.16348827239362101,0.00827025051100337,0.01772149787672101,-0.11884810230275708,3.474360811136703,0.12278537410708912,-0.9679337068200151,0
2025-10-03 00:00:00+00:00,4.400000095367432,1.5499999523162842,3.311748467110065,0.4013293084219663,0.011647324401892216,0.015301332430465811,-0.08665522656920599,3.398792444599946,0.14489124785269694,-0.59807081416887,0
2025-10-06 00:00:00+00:00,4.400000095367432,1.5099999904632568,3.3398323541784096,0.27320434028117196,0.008694667991729091,0.018254759496418124,-0.031217157950324925,3.371159652864784,0.12893057896758264,-0.24212377079431202,0
2025-10-07 00:00:00+00:00,4.460000038146973,1.4199999570846558,3.4630211265583104,0.3136261182013169,0.009339916225995962,0.017730483140697802,0.015280976730360125,3.447411985033977,0.13257214031970924,0.115265369432135,0
2025-10-08 00:00:00+00:00,4.460000038146973,1.4700000286102295,3.4279161840262944,0.27498853889481206,0.008667404336287094,0.018337465791853677,-0.0010887830989867488,3.4290802040718926,0.128013710401451,-0.008505206946758477,0
2025-10-09 00:00:00+00:00,4.460000038146973,1.399999976158142,3.4770630700924827,0.2636144084178707,0.008494753792387903,0.018514556366970355,0.010489744491658837,3.466419415770856,0.126343686719475,0.08302547411767047,0
2025-10-10 00:00:00+00:00,4.409999847412109,1.2999999523162842,3.4972726807250654,0.25802631006206417,0.00825463701251743,0.018668027714373356,0.008868712974931178,3.4883137556829,0.12454336965392672,0.07120983637727965,0
2025-10-13 00:00:00+00:00,4.409999847412109,1.2899999618530271,3.5042936524921515,0.21156369789135607,0.007730804108590403,0.018940120358351978,0.004812041144277116,3.4994366193412345,0.12011734728379483,0.04006116729258068,0
2025-10-14 00:00:00+00:00,4.409999847412109,1.2899999618530271,3.5042936524921515,0.24148485435752579,0.008304942659673076,0.01832447673099784,0.002015925796771956,3.5022656715608087,0.12394981480779463,0.016264048477184042,0
2025-10-15 00:00:00+00:00,4.409999847412109,1.2699999809265137,3.518335596026324,0.24499851394276756,0.008360121368199136,0.018273521814613652,0.004061757690387839,3.514223302960119,0.12460631186103285,0.03259672507535343,0
2025-10-16 00:00:00+00:00,4.409999847412109,1.2899999618530271,3.5042936524921515,0.2529554481684193,0.008378085464660094,0.018232095166859967,-0.001475359385739692,3.5058046155926177,0.124936157522371,-0.011808906364640796,0
2025-10-17 00:00:00+00:00,4.409999847412109,1.3200000524520874,3.483230653494308,0.6295220953833021,0.01312398839907161,0.012466986888268151,-0.010189678281214972,3.4935011993947076,0.1556080808573021,-0.06548296351369601,0
2025-10-20 00:00:00+00:00,4.409999847412109,1.2999999523162842,3.4972726807250654,-0.4611993666156113,0.002176484509441526,0.018913122104714485,0.004500178659765177,3.4927745715237895,0.06814436710221258,0.0660388943522679,0
2025-10-21 00:00:00+00:00,4.409999847412109,1.2400000095367432,3.539398511327582,-0.0009291317760789058,0.006022745421326625,0.0147564486959459,0.011997635269245294,3.5272016764427248,0.10244357801645441,0.1171145668820572,0
2025-10-22 00:00:00+00:00,4.409999847412109,1.2699999809265137,3.518335596026324,0.16576143010407038,0.0080923087787345,0.012690583217324788,-0.0013862345047863083,3.51976696159239,0.1182471147444167,-0.011723199401377043,0
2025-10-23 00:00:00+00:00,4.409999847412109,1.2799999713897705,3.5113146242592377,0.1712079680391628,0.008100881405538744,0.012661175377832302,-0.002630612877994554,3.513978155122463,0.11939982511576136,-0.02203196592159246,0
2025-10-24 00:00:00+00:00,4.800000190734863,1.2699999809265137,3.9083359393490777,0.1880853395761052,0.009263931752524497,0.012170779838373641,0.12775364424223362,3.779042590814876,0.12664997798062688,1.0087143028305585,0
2025-10-27 00:00:00+00:00,4.800000190734863,1.190000057220459,3.964503713485766,0.647806997307813,0.019844926644605493,0.001937929790645939,0.16528048508065105,3.7987727859163893,0.16677363197963713,0.9910468646556286,0
2025-10-28 00:00:00+00:00,4.800000190734863,1.190000057220459,3.964503713485766,0.26502330526339174,0.007881632390276021,0.013439826218187722,0.0739242520085732,3.8901051715368453,0.1214662734251227,0.6085989956227927,0
2025-10-29 00:00:00+00:00,5.0,1.2000000476837158,4.157482550983817,0.12125233125809357,0.006178346917459956,0.014933041927951664,0.06195119019714613,4.094558945975834,0.1064913130200679,0.5817487684227507,0
2025-10-30 00:00:00+00:00,5.0,1.2000000476837158,4.157482550983817,0.1732268539786582,0.006880175606509291,0.014219697570142248,0.023665704127282337,4.13360634545518,0.11132185726809916,0.21258811798556002,0
2025-10-31 00:00:00+00:00,5.0,1.2200000286102295,4.143440607449644,0.16225253667293962,0.006687343936379485,0.014406135191111665,0.005257779067532668,4.138158965404147,0.11006467285228165,0.04776990592239491,0
2025-11-03 00:00:00+00:00,5.0,1.190000057220459,4.164503522750903,0.14551240485010367,0.006515161354804254,0.014514703511659014,0.006708349373845204,4.157693471663136,0.1085699914480183,0.06178824631350424,0
2025-11-04 00:00:00+00:00,5.0,1.1799999475479126,4.171524578214575,0.1541319619083092,0.006664471221708884,0.014319665278796507,0.004105625806508737,4.167367592759232,0.10962970313514415,0.037449940017146605,0
2025-11-05 00:00:00+00:00,4.809999942779541,1.2200000286102295,3.953440550229186,0.1571343922605688,0.0070022846794988765,0.014152742801942049,-0.05314699414865946,4.007441804115702,0.11206321310670203,-0.47425906035779164,0
2025-11-06 00:00:00+00:00,4.989999771118164,1.2400000095367432,4.119398435033637,0.1122814394234741,0.006386150322881918,0.014499546696448956,0.021103156762401248,4.0978313586208355,0.10725121059099503,0.19676380943501537,0
2025-11-07 00:00:00+00:00,4.989999771118164,1.2799999713897705,4.091314547965292,0.08847320340037262,0.006314709828546809,0.014385613981513324,-0.00010427788065296272,4.091452215196989,0.10621303843644225,-0.0009817804121606264,0
2025-11-10 00:00:00+00:00,4.989999771118164,1.2300000190734863,4.126419406800723,0.1077152104525729,0.006576028728303643,0.014124295081756489,0.00858983482080102,4.117688599029378,0.1082100470477218,0.07938112084003447,0
2025-11-11 00:00:00+00:00,4.789999961853027,1.2000000476837158,3.947482512836844,0.08475215521237718,0.006377470630927128,0.01426783024582467,-0.04000578204804701,3.9881693068302346,0.1066135481384994,-0.3752410715763474,0
2025-11-12 00:00:00+00:00,5.0,1.149999976158142,4.192587493515832,0.01880975930924333,0.006203983139601413,0.014360943947456576,0.04838682409707394,4.143396735044507,0.10462214995223587,0.46249120400569504,0
2025-11-13 00:00:00+00:00,5.0,1.149999976158142,4.192587493515832,0.0857684701275041,0.006694226607517132,0.014019475157457197,0.01562110696358483,4.176785010839039,0.10868582838288854,0.14372717396561896,0
2025-11-14 00:00:00+00:00,4.710000038146973,1.1799999475479126,3.8815246163615473,0.13799301991730598,0.008016893482803586,0.013049933999479117,-0.08592642480396348,3.9686394804746796,0.11805192868672323,-0.7278697244497221,0
2025-11-17 00:00:00+00:00,4.710000038146973,1.1299999952316284,3.9166294751969772,0.22185484139367762,0.009019982000076058,0.012356135351973803,-0.02956448880787449,3.9463251537583064,0.12561826482751337,-0.23535183238257218,0
2025-11-18 00:00:00+00:00,4.710000038146973,1.159999966621399,3.895566559895719,0.16246063920065454,0.007953215657829023,0.013423350417729882,-0.01711852288300723,3.9128600534355895,0.1191579005526285,-0.14366250834913366,0
2025-11-19 00:00:00+00:00,4.699999809265137,1.1699999570846558,3.878545359246797,0.16897507757176322,0.008030867145669212,0.013350276905321095,-0.01159426795064487,3.8902611859468554,0.11940557996576387,-0.09709988389126534,0
2025-11-21 00:00:00+00:00,4.699999809265137,1.190000057220459,3.8645033320160396,0.16038055349578015,0.007911924294214554,0.013445649286866519,-0.00839027415890792,3.8729858765774834,0.11853194895543961,-0.07078491691773432,0
2025-11-24 00:00:00+00:00,4.710000038146973,1.2100000381469729,3.860461617363703,0.1630426232264248,0.007961506884321987,0.013391567015302013,-0.004449608276808309,3.8649544561246714,0.11881558966538994,-0.037449700744989406,0
2025-11-25 00:00:00+00:00,4.710000038146973,1.2300000190734863,3.8464196738295313,0.16152712651604098,0.007916201607814043,0.013424897474906512,-0.005608424395423082,3.8520970937689096,0.11852409489079727,-0.04731885445394399,0
2025-11-26 00:00:00+00:00,4.710000038146973,1.1699999570846558,3.888545588128633,0.15874879886547924,0.0078987873438415,0.0134379801664959,0.009350528809705017,3.8790505014403376,0.11836009893056842,0.07900068430316334,0
2025-11-27 00:00:00+00:00,4.710000038146973,1.2300000190734863,3.8464196738295313,0.15582116937150617,0.00786951468314452,0.013460957756200693,-0.007870333852397125,3.8544219356033285,0.11812214059353646,-0.0666287777452264,0
2025-11-28 00:00:00+00:00,4.710000038146973,1.2400000095367432,3.839398702062445,0.1584773497608025,0.00790871562550598,0.013423547532320203,-0.005040184790093454,3.8444922949093745,0.11838452614971211,-0.042574692436742174,0
2025-12-01 00:00:00+00:00,4.710000038146973,1.2200000286102295,3.8534406455966175,0.16552505998968137,0.007324125683255208,0.013570011934152684,0.0016733630839919104,3.8517286157377377,0.11468716838478875,0.014590673983488574,0
2025-12-02 00:00:00+00:00,4.710000038146973,1.2300000190734863,3.8464196738295313,0.08875688128938315,0.006668173642456867,0.01387236957144816,-0.0011764291028117761,3.847617476556829,0.10898296349925882,-0.010794614727280534,0
2025-12-03 00:00:00+00:00,4.710000038146973,1.159999966621399,3.895566559895719,-0.10399296020524515,0.004065851205824267,0.015570905829342379,0.008653696055680378,3.8867298414098896,0.08577026870042197,0.10089389000174373,0
2025-12-04 00:00:00+00:00,4.710000038146973,1.2300000190734863,3.8464196738295313,-0.2515970502013428,0.003702502691318978,0.014608139823345957,-0.00982022369941225,3.8564013377904467,0.08163592849551873,-0.12029291367649864,0
2025-12-05 00:00:00+00:00,4.710000038146973,1.2300000190734863,3.8464196738295313,-0.09401235654431891,0.0050803012559716846,0.013227471144495177,-0.0017439994712373703,3.8482132218005862,0.09418143240180273,-0.018517444752772613,0
2025-12-08 00:00:00+00:00,4.710000038146973,1.149999976158142,3.9025875316628054,-0.09897209390770036,0.0050655171268895755,0.013225497472604543,0.013067878503069622,3.8892841363478063,0.09415685009652154,0.1387883992473575,0
2025-12-09 00:00:00+00:00,4.710000038146973,1.149999976158142,3.9025875316628054,-0.08910195568524897,0.00515367292937229,0.013147966508370787,0.002314631737468288,3.9002098779938095,0.09492138065204078,0.02438472472238028,0
2025-12-10 00:00:00+00:00,4.650000095367432,1.1699999570846558,3.828545645349092,-0.08838880392418877,0.005177762426464199,0.013106089584697316,-0.01743814164993325,3.8462944902849214,0.09512098446301447,-0.18332591644605672,0
2025-12-11 00:00:00+00:00,4.650000095367432,1.1200000047683716,3.8636505041845224,-0.08632781281506768,0.0051947869117146385,0.01309100866756948,0.005334074125629879,3.8582475151248423,0.09527046476475763,0.05598874886147354,0
2025-12-12 00:00:00+00:00,4.650000095367432,1.159999966621399,3.835566617116178,-0.1531216436061576,0.004270847268447423,0.013392546803791358,-0.005531128197546229,3.841192936421835,0.08697606804524641,-0.06359367952422089,0
2025-12-15 00:00:00+00:00,4.599999904632568,1.100000023841858,3.8276922569838314,-0.19599478615317545,0.004227980835549866,0.012961843569256228,-0.002220480170775501,3.8299788825140264,0.08631655562085179,-0.025724846813038167,0
2025-12-16 00:00:00+00:00,4.550000190734863,1.0399999618530271,3.8198184573852285,-0.06778385159015664,0.00543685093835368,0.01170378835667105,-0.0026372403965518403,3.822504876995696,0.09672594429695427,-0.027265077800174883,0
2025-12-17 00:00:00+00:00,4.550000190734863,1.149999976158142,3.742587684250696,-0.06973706106754149,0.005432967396234317,0.011721425575587884,-0.020864641518619942,3.7638200860159894,0.09685564982870046,-0.21541997349169908,0
2025-12-18 00:00:00+00:00,4.550000190734863,1.149999976158142,3.742587684250696,-0.10542232366615072,0.0049963060007027355,0.01198206472309666,-0.0036237875761107644,3.7463182519053175,0.09317263310059724,-0.03889326141720401,0
2025-12-19 00:00:00+00:00,4.550000190734863,1.190000057220459,3.714503713485766,-0.11402050265641124,0.0049770262427721096,0.011917183049602587,-0.007702486394305187,3.7223553235094475,0.09290574327317822,-0.08290646113940392,0
2025-12-22 00:00:00+00:00,4.550000190734863,1.1799999475479126,3.721524768949438,-0.0768438117464432,0.0053178149705798775,0.011561082199175132,0.00021601916105125655,3.7213154398994335,0.09577381268168907,0.0022555138508394907,0
2025-12-23 00:00:00+00:00,4.989999771118164,1.1699999570846558,4.168545321099825,-0.05644576668506435,0.006292226939479529,0.01141604219536974,0.13162354917464725,4.034903006114925,0.10333218746537368,1.2737904074541528,-1
2025-12-26 00:00:00+00:00,4.989999771118164,1.159999966621399,4.175566292866911,0.05089197184074038,0.006694290663251206,0.011707464809043524,0.04531134010396574,4.129659441635393,0.10738277062459274,0.4219609890898881,-1
2025-12-29 00:00:00+00:00,4.989999771118164,1.159999966621399,4.175566292866911,-0.07533208787217816,0.0050493153549926815,0.01334445913093761,0.0077061302427737476,4.167655720308027,0.0943389403625089,0.08168557133631141,-1
2025-12-30 00:00:00+00:00,4.989999771118164,1.2000000476837158,4.147482322101981,-0.124350063375769,0.0046844228793821345,0.013556003288006244,-0.005271045417632022,4.152835988413324,0.09086680981004323,-0.058008478878604025,0
