data,PLAS3,INEP3,spread_observado,rho,var_mr,var_rw,mr_filtrado,rw_filtrado,std_mr,zscore_mr,sinal,prob_quebra
2022-01-03 00:00:00+00:00,10.020000457763672,7.25,4.9297910722243135,0.999,24.48457180865602,1e-06,-2.878980541484223,7.808773682912608,4.948292751494616,-0.5818128971077219,0,0.5
2022-01-04 00:00:00+00:00,10.020000457763672,7.099999904632568,5.035105816123775,0.999,22.45349060353603,1e-06,-2.773668331790337,7.808773691714317,4.738620152463756,-0.5853324897435007,0,0.5
2022-01-05 00:00:00+00:00,10.0,6.849999904632568,5.190629819930426,0.999,23.229860931780088,1e-06,-2.6181445420336127,7.808773704407492,4.819843594723274,-0.5432011414021684,0,0.5
2022-01-06 00:00:00+00:00,10.0,6.900000095367432,5.155524793701825,0.999,22.152478211550388,1e-06,-2.653248737132671,7.8087737011187,4.7067515929081445,-0.5637112315700769,0,0.5
2022-01-07 00:00:00+00:00,10.0,6.800000190734863,5.225734511372686,0.999,23.596940401414564,1e-06,-2.58303948156834,7.808773706650843,4.857774567354486,-0.5317330900711285,0,0.5
2022-01-10 00:00:00+00:00,9.25,6.800000190734863,4.475734511372686,0.999,29.39233052420472,1e-06,-3.33303658531974,7.8087736571481585,5.42156479903292,-0.6147739091699643,0,0.5
2022-01-11 00:00:00+00:00,9.25,6.949999809265137,4.3704201022595655,0.999,24.914961866004045,1e-06,-3.4383531103734115,7.808773648712836,4.9915926528362204,-0.6888288667585367,0,0.5
2022-01-12 00:00:00+00:00,10.75,6.849999904632568,5.940629819930426,0.999,46.43861769044325,1e-06,-1.8681472679170483,7.808773714008563,6.814664631255222,-0.2741363469816044,0,0.5
2022-01-13 00:00:00+00:00,10.720000267028809,6.849999904632568,5.910630086959235,0.999,15.175578609897975,1e-06,-1.8981434130140944,7.808773709942818,3.895717643191632,-0.4872384466393228,0,0.5
2022-01-14 00:00:00+00:00,10.949999809265137,7.150000095367432,5.930000141396639,0.999,26.69568183701311,1e-06,-1.8787736352613007,7.8087737112107645,5.166886894725383,-0.363618107680903,0,0.5
2022-01-17 00:00:00+00:00,11.369999885559082,7.050000190734863,6.420209935361445,0.999,5.838503420825675,1e-06,-1.3885723016565814,7.808773873328631,2.416514590336014,-0.5746178016924374,0,0.5
2022-01-18 00:00:00+00:00,11.600000381469728,6.800000190734863,6.825734892842414,0.999,25.86433051336898,1e-06,-0.9830405733341364,7.808773903632293,5.085800906369367,-0.1932912025917086,0,0.5
2022-01-19 00:00:00+00:00,10.979999542236328,6.900000095367432,6.135524335938153,0.999,57.91562866944813,1e-06,-1.6732483510947884,7.8087738804752895,7.610300257908936,-0.2198662726028293,0,0.5
2022-01-20 00:00:00+00:00,10.979999542236328,6.900000095367432,6.135524335938153,0.999,49.54896823548352,1e-06,-1.6732495410921775,7.808773880409684,7.039176839768542,-0.2377052856008653,0,0.5
2022-01-21 00:00:00+00:00,10.979999542236328,6.900000095367432,6.135524335938153,0.999,55.11081821864334,1e-06,-1.673249541376409,7.808773880350712,7.423736361476932,-0.2253918323472792,0,0.5
2022-01-24 00:00:00+00:00,10.859999656677246,6.849999904632568,6.050629476607672,0.999,59.16720502103915,1e-06,-1.7581442545892414,7.808773877507387,7.692090051937992,-0.2285652199490675,0,0.5
2022-01-25 00:00:00+00:00,10.859999656677246,7.050000190734863,5.910209706479609,0.999,44.92359010194267,1e-06,-1.8985638483869325,7.808773871353769,6.7025842365442285,-0.2832584838002437,0,0.5
2022-01-26 00:00:00+00:00,10.699999809265137,8.100000381469727,5.013006986557608,0.999,64.17075883951141,1e-06,-2.7957654564362246,7.808773844097392,8.01073062745273,-0.3490025550048021,0,0.5
2022-01-27 00:00:00+00:00,10.899999618530272,8.149999618530273,5.177902439166825,0.999,69.82688484528056,1e-06,-2.630871641591289,7.808773848615695,8.356310919980864,-0.3148364950495779,0,0.5
2022-01-28 00:00:00+00:00,10.899999618530272,8.199999809265137,5.142797412938224,0.999,69.30797535031832,1e-06,-2.665976380171017,7.808773847555437,8.325204123409108,-0.3202295512100092,0,0.5
2022-01-31 00:00:00+00:00,10.899999618530272,8.0,5.283216848279945,0.999,69.81692892805937,1e-06,-2.525557200425728,7.808773851399647,8.355715305954966,-0.302255056323641,0,0.5
2022-02-01 00:00:00+00:00,10.899999618530272,8.149999618530273,5.177902439166825,0.999,69.47474525682574,1e-06,-2.6308712539859305,7.808773848373846,8.335214190585367,-0.3156333111340441,0,0.5
2022-02-02 00:00:00+00:00,10.109999656677246,8.0,4.49321688642692,0.999,72.77845873376125,1e-06,-3.315555999134948,7.808773829954886,8.531090790741704,-0.3886438534604657,0,0.5
2022-02-03 00:00:00+00:00,10.109999656677246,7.900000095367432,4.5634266040977804,0.999,62.46466796739124,1e-06,-3.245347335036134,7.808773832044572,7.903525815323454,-0.4106201979810092,0,0.5
2022-02-04 00:00:00+00:00,9.880000114440918,7.650000095367432,4.508951523431775,0.999,73.81771100107925,1e-06,-3.2998222288933614,7.808773830517975,8.591784700933667,-0.3840671459719854,0,0.9913193583488464
2022-02-07 00:00:00+00:00,10.039999961853027,7.349999904632568,4.879580858642808,0.999,72.8644869751323,1e-06,-2.929193485847945,7.808773840365304,8.536131519678511,-0.3431523376947998,0,0.9915888905525208
2022-02-08 00:00:00+00:00,10.039999961853027,7.300000190734863,4.914685550085068,0.999,74.51402931455496,1e-06,-2.89408833430516,7.808773841209212,8.632212037518237,-0.3352661312913267,0,0.991609513759613
2022-02-09 00:00:00+00:00,10.039999961853027,7.050000190734863,5.09021001165539,0.999,83.41998892678342,1e-06,-2.7185640405410467,7.808773845255627,9.13351220905288,-0.2976471677397532,0,0.9916250109672546
2022-02-10 00:00:00+00:00,10.010000228881836,7.400000095367432,4.814476099443016,0.999,94.09855230579277,1e-06,-2.994297444108543,7.808773839466499,9.700495330236569,-0.3086746956905674,0,0.9916531443595886
2022-02-11 00:00:00+00:00,10.100000381469728,6.949999809265137,5.220420483729294,0.999,88.16737779609213,1e-06,-2.588353821709991,7.808773848412113,9.389804904375454,-0.27565576154877,0,0.9918676018714905
2022-02-14 00:00:00+00:00,10.100000381469728,6.900000095367432,5.255525175171553,0.999,70.42858549684037,1e-06,-2.553248720314475,7.808773849316278,8.392237177472515,-0.3042393424209009,0,0.9913477301597595
2022-02-15 00:00:00+00:00,10.100000381469728,7.0,5.185315457500693,0.999,85.68133793285467,1e-06,-2.62345830522914,7.80877384765235,9.256478719199457,-0.2834186070981459,0,0.9908819198608398
2022-02-16 00:00:00+00:00,9.800000190734863,7.0,4.885315266765828,0.999,102.08687255062668,1e-06,-2.9234582786384475,7.808773841841154,10.103857377100285,-0.2893408101013253,0,0.9915273785591125
2022-02-17 00:00:00+00:00,9.800000190734863,6.849999904632568,4.990630010665289,0.999,98.74558429751856,1e-06,-2.8181439369011194,7.8087738438749055,9.937134730075478,-0.2835972353652202,0,0.9921706318855286
2022-02-18 00:00:00+00:00,9.800000190734863,7.150000095367432,4.780000522866366,-0.999,1e-06,0.2999294321138945,2.776440086643247,2.0054829904907248,0.0323846324987579,85.73325903110768,-1,0.9927260875701904
2022-02-21 00:00:00+00:00,9.800000190734863,7.150000095367432,4.780000522866366,-0.999,1e-06,0.2925293913480974,-2.7345587945904657,7.512690705466822,0.0321390721361764,-85.0851817689031,0,0.992115318775177
2022-02-22 00:00:00+00:00,9.800000190734863,7.449999809265137,4.569371369853784,-0.999,1e-06,0.2495980081507356,2.6857596589793302,1.885846725862656,0.0318610716091418,84.29596128865636,-1,0.9925693869590759
2022-02-23 00:00:00+00:00,10.100000381469728,7.650000095367432,4.728951790460585,-0.999,1e-06,0.2477099210272198,-2.6386512202604098,7.365409735227221,0.0315882772061599,-83.53260936135668,0,0.9923419952392578
2022-02-24 00:00:00+00:00,9.989999771118164,7.400000095367432,4.794475641679344,-0.999,1e-06,0.2388853773051514,2.5933648468382025,2.203252985761483,0.0313132640389307,82.82001019165416,-1,0.9921271800994873
2022-02-25 00:00:00+00:00,9.989999771118164,7.199999809265137,4.934895411807407,-0.999,1e-06,0.2340336901371022,-2.547049648928358,7.479710119059791,0.0310401710851724,-82.0565596091401,0,0.991083025932312
2022-03-02 00:00:00+00:00,9.989999771118164,7.099999904632568,5.005105129478268,-0.999,1e-06,0.233694124624059,2.5039196053307333,2.503296717694189,0.0307737752519833,81.36536985884939,-1,0.9903913736343384
2022-03-03 00:00:00+00:00,9.989999771118164,7.050000190734863,5.040209820920527,-0.999,1e-06,0.2335420918197369,-2.46133720307726,7.499425802236604,0.0305140041762951,-80.66254395381372,0,0.9891923069953918
2022-03-04 00:00:00+00:00,9.989999771118164,6.900000095367432,5.145524564819989,-0.999,1e-06,0.2327426299482241,2.4210982792923166,2.7264599354726737,0.0302599382762428,80.01002041676759,-1,0.9873144030570984
2022-03-07 00:00:00+00:00,10.479999542236328,6.849999904632568,5.670629362166754,-0.999,1e-06,0.2336270072685212,-2.3774237783361887,8.045794907990597,0.0300130453146705,-79.21301398809051,0,0.9845060706138611
2022-03-08 00:00:00+00:00,10.479999542236328,6.650000095367432,5.811048797508476,-0.999,1e-06,0.2346178697116182,2.340298617096273,3.4726837266600707,0.029773109247126,78.60444126513868,-1,0.9816870093345642
2022-03-09 00:00:00+00:00,10.479999542236328,6.75,5.740839079837615,-0.999,1e-06,0.2315016441329705,-2.30333053819068,8.042211551053201,0.0295359625074336,-77.98393357287654,0,0.9779510498046875
2022-03-10 00:00:00+00:00,10.479999542236328,6.400000095367432,5.986573259078798,-0.999,1e-06,0.2316055298536762,2.268801413598862,3.719623496217116,0.0293045693646062,77.42142139577386,-1,0.9737987518310547
2022-03-11 00:00:00+00:00,10.479999542236328,6.199999809265137,6.1269930292068615,-0.999,1e-06,0.2294885323113338,-2.232183134128808,8.357171178878062,0.0290766647697897,-76.76888500802262,0,0.9652755856513977
2022-03-14 00:00:00+00:00,10.479999542236328,6.400000095367432,5.986573259078798,-0.999,1e-06,0.2242734452186394,2.195895207912645,3.792697200483217,0.0288492455473885,76.11620915027433,-1,0.9553204774856567
2022-03-15 00:00:00+00:00,10.479999542236328,6.199999809265137,6.1269930292068615,-0.2787446331644858,1e-06,0.1941298476021601,-0.6076207415533487,6.733108115480136,0.0081325352070158,-74.7148000083863,0,0.9388730525970459
2022-03-16 00:00:00+00:00,10.479999542236328,6.300000190734863,6.056782976749659,-0.999,1e-06,0.1919992271716488,0.6061400738287043,5.451309711185343,0.0081803940878451,74.0966837684919,-1,0.922069251537323
2022-03-17 00:00:00+00:00,10.479999542236328,6.699999809265137,5.775944106066216,-0.999,1e-06,0.1855843493114771,-0.6048711261685645,6.380315271932573,0.0082275518318868,-73.5177533399805,0,0.9008755683898926
2022-03-18 00:00:00+00:00,9.449999809265137,6.949999809265137,4.570419911524702,-0.999,1e-06,0.182514897953239,0.6024968306636852,3.969242424175428,0.0082741158871404,72.81706455188504,-1,0.8678333163261414
2022-03-21 00:00:00+00:00,9.34000015258789,6.900000095367432,4.495524946289716,-0.999,1e-06,0.1886369809630192,-0.6010850934587502,5.096013459178661,0.0083203870158763,-72.2424440487928,0,0.8246176838874817
2022-03-22 00:00:00+00:00,8.710000038146973,6.650000095367432,4.04104929341912,-0.999,1e-06,0.1897045819951051,0.5992898805387901,3.442629886424303,0.0083662116456222,71.63216828878352,-1,0.7829230427742004
2022-03-23 00:00:00+00:00,8.989999771118164,6.400000095367432,4.496573487960634,-0.999,1e-06,0.1893511086431041,-0.5974830013401176,5.093185891262892,0.008411553040196,-71.03123507453876,0,0.7333070039749146
2022-03-24 00:00:00+00:00,9.300000190734863,6.400000095367432,4.8065739075773335,-0.999,1e-06,0.1905611789372829,0.5962370197088249,4.210799353769044,0.0084564684094393,70.50662177644844,-1,0.6731533408164978
2022-03-25 00:00:00+00:00,9.210000038146973,6.449999809265137,4.681469063547183,-0.999,1e-06,0.1902824519730171,-0.594848510508931,5.275758608202818,0.0085009171430426,-69.97462750190049,0,0.6092242002487183
2022-03-28 00:00:00+00:00,9.3100004196167,6.400000095367432,4.816574136459169,-0.999,1e-06,0.1869193264390238,0.5934484642616856,4.223687791412351,0.0085448021671735,69.45139895005732,-1,0.6184151768684387
2022-03-29 00:00:00+00:00,9.199999809265137,6.699999809265137,4.495944373095025,-0.999,1e-06,0.1865423552434596,-0.5921855436158816,5.08766736628117,0.0085882294287182,-68.95315833501937,0,0.6084573268890381
2022-03-30 00:00:00+00:00,9.350000381469728,6.650000095367432,4.681049636741876,-0.999,1e-06,0.1863917106542837,0.5908123441867665,4.090771429218055,0.0086312129916604,68.45067370688389,-1,0.6164640188217163
2022-03-31 00:00:00+00:00,9.34000015258789,6.550000190734863,4.741259125530899,-0.999,1e-06,0.1866545839722432,-0.5892423696321809,5.329838542226602,0.0086737738984144,-67.93379404781246,0,0.6089969873428345
2022-04-01 00:00:00+00:00,9.34000015258789,6.5,4.7763641517595,-0.999,1e-06,0.1867122730697345,0.5877430881544496,4.189231143352725,0.00871591095471,67.43335162652554,-1,0.6145625710487366
2022-04-04 00:00:00+00:00,9.34000015258789,6.400000095367432,4.846573869430361,-0.999,1e-06,0.1867133862115147,-0.5861540369893045,5.432063158674263,0.0087576280825279,-66.93068390957566,0,0.6060681939125061
2022-04-05 00:00:00+00:00,9.0,6.25,4.611888460741932,-0.999,1e-06,0.1862240245000444,0.5844229397960566,4.028218353474337,0.0087989126561772,66.41990466694367,-1,0.6109076738357544
2022-04-06 00:00:00+00:00,9.0,5.849999904632568,4.892727666211718,-0.999,1e-06,0.1839790667871222,-0.5826331805632444,5.474575770852406,0.0088397017896158,-65.91095428667877,0,0.6035948395729065
2022-04-07 00:00:00+00:00,9.010000228881836,5.699999809265137,5.008042638993016,-0.999,1e-06,0.184714271194464,0.581173254174182,4.427435503984979,0.0088801166886864,65.44657852465086,-1,0.6097643375396729
2022-04-08 00:00:00+00:00,9.010000228881836,5.75,4.972937612764414,-0.999,1e-06,0.1825963619593412,-0.5796302638587159,5.5519528878469,0.008920048028021,-64.98062140897584,0,0.6009209156036377
2022-04-11 00:00:00+00:00,9.010000228881836,5.699999809265137,5.008042638993016,-0.999,1e-06,0.1815333059017761,0.5780771618130388,4.430582326427074,0.0089595421495964,64.5208373554086,-1,0.6090021133422852
2022-04-12 00:00:00+00:00,9.010000228881836,5.599999904632568,5.078252356663876,-0.999,1e-06,0.1734104807483764,-0.5763775022234735,5.653925446641708,0.0089982869283522,-64.05413683880151,0,0.5977253317832947
2022-04-13 00:00:00+00:00,8.989999771118164,5.550000190734863,5.093356590342463,-0.999,1e-06,0.1711611451783084,0.5747380557794708,4.519280441318669,0.009036540383969,63.60155893278169,-1,0.6124369502067566
2022-04-14 00:00:00+00:00,8.989999771118164,5.199999809265137,5.339091104369988,-0.999,1e-06,0.1705750127724898,-0.5728436067469415,5.911119988067743,0.0090743854554936,-63.12753734746177,0,0.5917823910713196
2022-04-18 00:00:00+00:00,9.010000228881836,5.650000095367432,5.043147330435275,-0.999,1e-06,0.1676341007363855,0.5708717101302544,4.473132093812345,0.00911170594033,62.65256076839274,-1,0.6098430156707764
2022-04-19 00:00:00+00:00,9.010000228881836,5.650000095367432,5.043147330435275,-0.999,1e-06,0.1679675684822796,-0.5691861888509182,5.611656757315135,0.0091486733813211,-62.21516116347789,0,0.578712522983551
2022-04-20 00:00:00+00:00,8.989999771118164,5.25,5.303986078141387,-0.7774608375309892,1e-06,0.1598326815649156,0.4419808020532875,4.862473283675397,0.0072044263205126,61.34850748558122,-1,0.5793126821517944
2022-04-22 00:00:00+00:00,8.989999771118164,5.050000190734863,5.444405513483108,-0.999,1e-06,0.1529913912612806,-0.4408543759961275,5.884592678664966,0.0072617766197818,-60.70888696785176,0,0.5777814388275146
2022-04-25 00:00:00+00:00,9.109999656677246,5.150000095367432,5.49419568137133,-0.999,1e-06,0.1495133102862581,0.4398358314851375,5.0549140165184685,0.0073182989628537,60.10082858293428,-1,0.579015851020813
2022-04-26 00:00:00+00:00,8.119999885559082,5.25,4.433986192582305,0.999,1.591477160789886,1e-06,-0.6207939801085056,5.054846789415862,1.2616380174834343,-0.4920539580336932,0,0.5777788162231445
2022-04-27 00:00:00+00:00,8.25,5.650000095367432,4.283147101553439,-0.999,1e-06,0.1599430507787008,0.6166492242395868,3.6673637036520432,0.0159307723631601,38.70805571646891,-1,0.5793688893318176
2022-04-28 00:00:00+00:00,8.25,6.050000190734863,4.002307896083654,-0.999,1e-06,0.1607621692150921,-0.6130642676662206,4.61478504045258,0.0158967336273953,-38.56542369243129,0,0.5779201984405518
2022-04-29 00:00:00+00:00,8.300000190734863,5.449999809265137,4.473567062416365,-0.999,1e-06,0.1606160189133036,0.6101069166557831,3.863925886749568,0.0158630805271769,38.46080940020041,-1,0.5791776180267334
2022-05-02 00:00:00+00:00,8.300000190734863,5.150000095367432,4.684196215428948,-0.999,1e-06,0.1624745112633321,-0.6051185387477425,5.288441217862847,0.015830397162261,-38.22510152747901,0,0.5783109664916992
2022-05-03 00:00:00+00:00,8.300000190734863,5.099999904632568,4.719301241657549,-0.999,1e-06,0.1624989143400141,0.6009346695100389,4.119083543321662,0.015798116898627,38.03837339387351,-1,0.5787806510925293
2022-05-04 00:00:00+00:00,8.300000190734863,5.25,4.613986497758086,-0.999,1e-06,0.1605337060656301,-0.596967228897596,5.210276512364606,0.0157656455779281,-37.86506717703647,0,0.5784491896629333
2022-05-05 00:00:00+00:00,8.300000190734863,4.949999809265137,4.824615985557011,-0.999,1e-06,0.1597442577474009,0.5933493448774574,4.231876850873801,0.015733334400367,37.71287953198377,-1,0.5787902474403381
2022-05-06 00:00:00+00:00,8.300000190734863,4.849999904632568,4.894825703227872,-0.999,1e-06,0.1599826794642591,-0.5889146588339285,5.482961232003652,0.0157014888943801,-37.50693089014717,0,0.5786479115486145
2022-05-09 00:00:00+00:00,8.300000190734863,4.349999904632568,5.245874626368517,-0.999,1e-06,0.1545235489112558,0.5857227129199469,4.660682028330595,0.0156683567105175,37.38252349889226,-1,0.5786983966827393
2022-05-10 00:00:00+00:00,8.300000190734863,4.300000190734863,5.280979317810776,-0.999,1e-06,0.1378628862396516,-0.5808979604723677,5.861010306202372,0.0156297543994447,-37.1661604927716,0,0.5785591006278992
2022-05-11 00:00:00+00:00,8.149999618530273,4.400000095367432,5.060769027935326,0.999,14.935298102511064,1e-06,-0.8002383212155812,5.861008821644162,3.8646787206431,-0.2070646434181256,0,0.5786632299423218
2022-05-12 00:00:00+00:00,8.0,4.349999904632568,4.9458744356336535,0.999,15.185101018739513,1e-06,-0.915133613872556,5.861008811402841,3.896863550518967,-0.2348385058929462,0,0.5820243954658508
2022-05-13 00:00:00+00:00,8.0,4.349999904632568,4.9458744356336535,0.999,14.91073256256216,1e-06,-0.9151343695441584,5.861008811320255,3.861499459429377,-0.2369893817567412,0,0.5971461534500122
2022-05-16 00:00:00+00:00,8.0,4.699999809265137,4.70014025639247,0.999,15.696490874614632,1e-06,-1.1608669624390833,5.861008790177445,3.9619360655190015,-0.2930049711155582,0,0.6132901310920715
2022-05-17 00:00:00+00:00,8.029999732971191,4.5,4.870559424705383,0.999,17.558535924402328,1e-06,-0.9904503423977464,5.861008803157188,4.190344071447731,-0.2363649202810101,0,0.6386845707893372
2022-05-18 00:00:00+00:00,8.0,4.0,5.191608614874837,0.999,12.814414469778574,1e-06,-0.6694027195528459,5.861008836813069,3.579785326283786,-0.1869952129916572,0,0.6589320302009583
2022-05-19 00:00:00+00:00,8.0,4.25,5.016084153304514,0.999,18.2954111017006,1e-06,-0.8449237074966549,5.861008823826444,4.277366083752794,-0.1975336435910933,0,0.6737971901893616
2022-05-20 00:00:00+00:00,8.0,4.099999904632568,5.121398897203976,0.999,16.80707958245086,1e-06,-0.739610556579745,5.861008832214647,4.099698781025155,-0.1804060727590334,0,0.6889895796775818
2022-05-23 00:00:00+00:00,8.0,4.0,5.191608614874837,0.999,18.707503536488325,1e-06,-0.6694005937031755,5.861008837229783,4.32526936146624,-0.1547650649614693,0,0.7002668976783752
2022-05-24 00:00:00+00:00,8.0,4.300000190734863,4.980979127075913,0.999,19.11039379130185,1e-06,-0.8800285895489679,5.861008822286539,4.371595395740959,-0.2013060473085726,0,0.7107239961624146
2022-05-25 00:00:00+00:00,8.0,4.349999904632568,4.9458744356336535,0.999,14.654779429195376,1e-06,-0.9151341377781635,5.861008818965377,3.8282153729634336,-0.239049804836282,0,0.7203570008277893
2022-05-26 00:00:00+00:00,8.0,4.349999904632568,4.9458744356336535,0.999,19.876067090475185,1e-06,-0.9151343786639988,5.861008818903042,4.458309276312867,-0.2052648934711945,0,0.7317811846733093
2022-05-27 00:00:00+00:00,8.0,4.400000095367432,4.910769409405052,0.999,9.41680360508404,1e-06,-0.9502390218156228,5.861008813721985,3.0687553042385245,-0.3096496551885923,0,0.7421969175338745
2022-05-30 00:00:00+00:00,8.149999618530273,4.349999904632568,5.095874054163927,0.999,11.27518504985028,1e-06,-0.7651364149362819,5.861008835860995,3.357922209080773,-0.2278600775405505,0,0.7547304034233093
2022-05-31 00:00:00+00:00,7.710000038146973,4.300000190734863,4.690979165222886,0.999,14.463447838842091,1e-06,-1.1700268279166002,5.861008797814863,3.803144140238491,-0.3076472478487836,0,0.764353334903717
2022-06-01 00:00:00+00:00,7.710000038146973,4.25,4.726084191451487,0.999,11.934221977488209,1e-06,-1.1349248945451562,5.8610088016746,3.4546606909978608,-0.3285199317844842,0,0.7752227783203125
2022-06-02 00:00:00+00:00,7.800000190734863,4.25,4.8160843440393775,0.999,13.84873270326596,1e-06,-1.044925108030228,5.861008810391949,3.721450283938025,-0.2807843792889508,0,0.7882421612739563
2022-06-03 00:00:00+00:00,7.800000190734863,4.400000095367432,4.710769600139916,0.999,14.40609609438536,1e-06,-1.150238461933408,5.861008800354841,3.79559700270858,-0.3030454658681059,0,0.7958158850669861
2022-06-06 00:00:00+00:00,7.619999885559082,4.400000095367432,4.530769294964134,0.999,14.280704651840756,1e-06,-1.3302382196466982,5.861008783096802,3.7790430223033113,-0.3520039893157721,0,0.8078480958938599
2022-06-07 00:00:00+00:00,7.989999771118164,4.300000190734863,4.970978898194077,0.999,16.86643607025013,1e-06,-0.8900325223788577,5.861008818524288,4.10693298982816,-0.216714644378967,0,0.8178911209106445
2022-06-08 00:00:00+00:00,7.989999771118164,4.150000095367432,5.076293642093539,0.999,13.068923642206798,1e-06,-0.7847159863561446,5.861008829411356,3.615160737051454,-0.2170625439454632,0,0.8261252641677856
2022-06-09 00:00:00+00:00,7.769999980926514,4.349999904632568,4.715874416560167,0.999,15.072620184932434,1e-06,-1.1451319837887497,5.861008796736049,3.8824070751981177,-0.2949541255228405,0,0.8326130509376526
2022-06-10 00:00:00+00:00,7.769999980926514,4.349999904632568,4.715874416560167,0.999,13.857073067410884,1e-06,-1.1451343717818308,5.861008796623052,3.722571500987848,-0.3076191744008006,0,0.8386330008506775
2022-06-13 00:00:00+00:00,7.769999980926514,3.75,5.137133057371673,0.999,14.183643897816944,1e-06,-0.7238787416125461,5.8610088370686935,3.7661798165236218,-0.1922050398222152,0,0.8480890393257141
2022-06-14 00:00:00+00:00,7.769999980926514,3.049999952316284,5.62860158324721,0.999,9.865869574143964,1e-06,-0.2324122958875611,5.861008905040827,3.141072601262145,-0.0739913798217122,0,0.849984884262085
2022-06-15 00:00:00+00:00,7.769999980926514,3.0999999046325684,5.59349672441178,0.999,8.86642591543592,1e-06,-0.2675117766932889,5.861008899591418,2.977733102138956,-0.0898373922434924,0,0.8482334613800049
2022-06-17 00:00:00+00:00,7.769999980926514,3.0,5.663706442082641,0.999,3.784027085226619,1e-06,-0.1973043310476672,5.861008924885184,1.945378265481572,-0.1014220907823421,0,0.8444637060165405
2022-06-20 00:00:00+00:00,7.769999980926514,3.0,5.663706442082641,0.999,6.366220024806979,1e-06,-0.1973024796903859,5.861008924843137,2.523230179054076,-0.0781944038749377,0,0.840675413608551
2022-06-21 00:00:00+00:00,7.769999980926514,3.0,5.663706442082641,0.999,5.191733395817528,1e-06,-0.1973024789081805,5.8610089247910535,2.2786410219984976,-0.0865877850014018,0,0.8326665163040161
2022-06-22 00:00:00+00:00,7.769999980926514,3.0999999046325684,5.59349672441178,0.999,5.768636079415492,1e-06,-0.2675109631682766,5.861008908051799,2.401896873500162,-0.1113748746333336,0,0.8283617496490479
2022-06-23 00:00:00+00:00,7.590000152587891,3.0999999046325684,5.413496896073157,-0.999,1e-06,0.1066858812050836,0.2616724431494959,5.152483972057851,0.0216097910592133,12.108976085538396,-1,0.8239025473594666
2022-06-24 00:00:00+00:00,7.590000152587891,3.049999952316284,5.448601754908587,0.999,2.162478327190293,1e-06,0.296114563695054,5.152485586398006,1.4707629450475883,0.2013339843053177,-1,0.8177017569541931
2022-06-27 00:00:00+00:00,7.590000152587891,3.049999952316284,5.448601754908587,-0.999,1e-06,0.1023733998913117,-0.2888747910769289,5.73691190188812,0.0255256334875545,-11.317046890051726,0,0.8133837580680847
2022-06-28 00:00:00+00:00,7.590000152587891,2.950000047683716,5.518811472579449,0.999,0.2588152277421156,1e-06,-0.2181549585337216,5.7369392183342605,0.509572555391788,-0.4281136341143644,0,0.8080196380615234
2022-06-29 00:00:00+00:00,7.579999923706055,2.900000095367432,5.543916102533043,0.999,0.3522059125740568,1e-06,-0.1930303117753227,5.736939344723836,0.5941851233054528,-0.3248656087205528,0,0.7995892763137817
2022-06-30 00:00:00+00:00,7.579999923706055,2.700000047683716,5.684335705267936,0.999,0.5381526606669715,1e-06,-0.0526301440793382,5.736939800726914,0.7341687265269201,-0.0716867147533128,0,0.7903531789779663
2022-07-01 00:00:00+00:00,7.5,2.5999999046325684,5.674545666625912,0.999,0.3473660959009397,1e-06,-0.0623912602515887,5.7369397512606,0.5901001132702477,-0.1057299581012204,0,0.7808536291122437
2022-07-04 00:00:00+00:00,7.5,2.5999999046325684,5.674545666625912,-0.999,1e-06,0.099572030666317,0.0603840026196926,5.6142830156855394,0.0287637501541675,2.0993091059422837,-1,0.7702164649963379
2022-07-05 00:00:00+00:00,7.5,2.650000095367432,5.639440640397311,0.999,0.9095712111618866,1e-06,0.0251653619371445,5.614279143823092,0.9542511747168172,0.0263718427641575,-1,0.7598583102226257
2022-07-06 00:00:00+00:00,7.5,2.650000095367432,5.639440640397311,-0.1878399622597316,1e-06,0.08755438390199,-0.0046562657899072,5.644063309501941,0.006134724026895,-0.7590016713863305,0,0.7427645921707153
2022-07-07 00:00:00+00:00,7.5,2.700000047683716,5.604335781561881,0.999,1e-06,0.0776120144290093,-0.0046521504636126,5.609033009278368,0.0062097976888501,-0.7491629674128846,0,0.7265921831130981
2022-07-08 00:00:00+00:00,7.0,3.25,4.718181999585805,0.7548796933819136,0.0115974681190131,0.0695133372752129,-0.1299950368625593,4.849268300978278,0.1468475506697757,-0.8852380327056761,0,0.7086575627326965
2022-07-11 00:00:00+00:00,7.0,2.950000047683716,4.928811319991558,-0.999,1e-06,0.0817609498522071,0.1216426945416599,4.807209963845071,0.081846424464263,1.4862310154400602,-1,0.6856639385223389
2022-07-12 00:00:00+00:00,7.0,3.200000047683716,4.753286858421236,-0.999,1e-06,0.0782060958827751,-0.1129285426682656,4.866151087174124,0.0706271794711889,-1.598938871887596,0,0.6584082245826721
2022-07-13 00:00:00+00:00,7.0,3.299999952316284,4.683077140750374,0.5025340373209887,1e-06,0.078128954570552,-0.0547823656212567,4.738018301187999,0.0352442951344237,-1.554361221080284,1,0.6411857008934021
2022-07-14 00:00:00+00:00,7.0,3.0999999046325684,4.823496743485267,0.999,1e-06,0.076315481998425,-0.0547308747762786,4.878044381599006,0.0352232766481575,-1.5538269004039835,1,0.6247075796127319
2022-07-15 00:00:00+00:00,7.0,3.0,4.893706461156127,0.999,1e-06,0.0765411108308737,-0.0546763645939621,4.948291170280436,0.0352022882540426,-1.5532048428040215,1,0.5999041795730591
2022-07-18 00:00:00+00:00,7.0,3.0,4.893706461156127,0.999,1e-06,0.0765584371925614,-0.0546216883436769,4.948328101324402,0.0351813293323561,-1.5525760220049911,1,0.5782368779182434
2022-07-19 00:00:00+00:00,6.320000171661377,3.0,4.213706632817504,-0.999,1e-06,0.0782043716298004,0.0311723729045265,4.183481128588775,0.0341029476880458,0.9140668187886124,0,0.5757780075073242
2022-07-20 00:00:00+00:00,6.5,3.0,4.393706461156127,0.999,1e-06,0.0748283156884024,0.0311478851347107,4.362319890078267,0.0340835455374915,0.9138686906985176,0,0.5759730935096741
2022-07-21 00:00:00+00:00,6.5,4.099999904632568,3.621398897203976,-0.999,2.0102206512422136e-06,0.0740701403892812,-0.0519844823749633,3.674282889448544,0.0330784646743191,-1.571550641385182,1,0.5764797329902649
2022-07-22 00:00:00+00:00,6.449999809265137,3.900000095367432,3.711818141810834,-0.999,1.1840404892390924e-06,0.0758071081946039,0.0515420557925565,3.6602940017879497,0.0321443298701457,1.6034571571649563,0,0.5756497979164124
2022-07-25 00:00:00+00:00,6.449999809265137,3.799999952316284,3.782028026874866,-0.999,1.078006854208202e-06,0.0758804885608538,-0.0470420648887375,3.828854086975896,0.0312934554004188,-1.503255689945569,1,0.5758097767829895
2022-07-26 00:00:00+00:00,6.550000190734863,4.25,3.566084344039377,-0.999,1.1924449831280725e-06,0.0759261554565502,0.0394388248472862,3.527032600055461,0.0305125156544703,1.292545829190194,0,0.5753746628761292
2022-07-27 00:00:00+00:00,7.0,4.0,4.191608614874837,-0.999,1.8079895198913924e-06,0.0742192503392652,-0.0226735307892787,4.213381077302933,0.0297905372972202,-0.7610984173620241,0,0.5757472515106201
2022-07-28 00:00:00+00:00,6.78000020980835,3.950000047683716,4.006713683518617,-0.999,2.2576255299250006e-06,0.0735504997488775,0.0174030287630579,3.989607382940728,0.0291194137026556,0.5976435151052102,0,0.5745041370391846
2022-07-29 00:00:00+00:00,6.699999809265137,3.849999904632568,3.996923168039436,-0.999,2.1751827073712173e-06,0.0736945979018834,-0.0168457600251423,4.013736959098537,0.0284856880130128,-0.591376273497304,0,0.5749598741531372
2022-08-01 00:00:00+00:00,6.699999809265137,3.799999952316284,4.032028026874865,-0.999,1.808040635616616e-06,0.0732529560561401,0.0168597232686297,4.015166396773582,0.0278785381991227,0.6047563594693899,0,0.5743256211280823
2022-08-02 00:00:00+00:00,6.699999809265137,4.099999904632568,3.821398706469113,-0.999,2.2875110738340064e-06,0.0726230735992161,-0.0204521163834801,3.84208387833456,0.027328321503932,-0.7483853840250498,0,0.5741191506385803
2022-08-03 00:00:00+00:00,6.699999809265137,3.950000047683716,3.926713282975404,-0.999,2.2922383571845024e-06,0.0724368284368983,0.0216943910133849,3.904933981115839,0.0268028934093374,0.8094048161914913,0,0.5741227269172668
2022-08-04 00:00:00+00:00,7.0,4.099999904632568,4.121398897203976,-0.999,1.9656594830987303e-06,0.0728307539998191,-0.0171850496991617,4.138270138346536,0.0262993073365084,-0.6534411526232706,0,0.574190616607666
2022-08-05 00:00:00+00:00,6.980000019073486,4.25,3.996084172378001,-0.999,1.332789118468409e-06,0.0727723286968618,0.0142705344843645,3.982024083805622,0.0258058704069244,0.552995665689128,0,0.5740669369697571
2022-08-08 00:00:00+00:00,6.980000019073486,4.25,3.996084172378001,-0.999,1.7440765212409703e-06,0.0719332921994696,-0.0137537436560979,4.009800051553876,0.0253617272191653,-0.5423031143440631,0,0.5735715627670288
2022-08-09 00:00:00+00:00,6.659999847412109,4.050000190734863,3.816503436058345,-0.999,1.796595605881726e-06,0.0720377026056556,0.0101940131057051,3.806586226149519,0.0249367833278294,0.408794228657736,0,0.5732797980308533
2022-08-10 00:00:00+00:00,7.510000228881836,4.0,4.701608843756673,-0.8617340618119038,0.0005847930399354,0.0731277650799573,0.0099685835538196,4.690451902800028,0.0399659895738148,0.2494266665262531,0,0.5734352469444275
2022-08-11 00:00:00+00:00,8.0,4.0,5.191608614874837,0.999,3.854063066723657,1e-06,0.5011312484948474,4.690464622102334,1.963484724249512,0.2552254378685787,0,0.573675811290741
2022-08-12 00:00:00+00:00,8.0,4.199999809265137,5.051189179533115,-0.999,1e-06,0.0820407814061464,-0.4776152944968955,5.527810686727919,0.0338659113374164,-14.10312835636602,1,0.5784083008766174
2022-08-15 00:00:00+00:00,8.0,4.0,5.191608614874837,-0.999,1e-06,0.0818458569238841,0.4556649832968473,4.736882659497658,0.0329429672715587,13.831935039144009,0,0.5762864351272583
2022-08-16 00:00:00+00:00,8.0,4.199999809265137,5.051189179533115,-0.999,1e-06,0.0816478262777475,-0.4358881960954601,5.48618436308883,0.0320896863427822,-13.583435856595765,1,0.5788940787315369
2022-08-17 00:00:00+00:00,8.5,4.199999809265137,5.551189179533115,-0.999,1.4782057494027871e-06,0.0821480733874177,0.4266533804273861,5.1249643084314815,0.0313189350418293,13.622857222237936,0,0.576754629611969
2022-08-18 00:00:00+00:00,8.5,4.5,5.340559691734192,-0.999,1.5934070983945295e-06,0.0822808664359673,-0.4117011682326628,5.751517894397678,0.0306003208684659,-13.454145464759703,1,0.5786669254302979
2022-08-19 00:00:00+00:00,9.0,4.349999904632568,5.9458744356336535,-0.999,2.7968437900901542e-06,0.0827366482685297,0.4066154150834903,5.53950933059917,0.0299712895403925,13.566830834405405,0,0.5774598717689514
2022-08-22 00:00:00+00:00,9.279999732971191,4.150000095367432,6.366293603946566,-0.9320635801391896,0.0001003694834974,0.0867612429985676,-0.3561693483370032,6.72112906891997,0.0307619577853896,-11.578240592546596,1,0.5791340470314026
2022-08-23 00:00:00+00:00,9.779999732971191,4.300000190734863,6.760978860047104,-0.999,1e-06,0.0894700385421542,0.350079508653885,6.411238937431232,0.0285586808398261,12.258252074643678,0,0.5781276822090149
2022-08-24 00:00:00+00:00,12.0,4.25,9.016084153304517,-0.53988707675577,0.0043653294980697,0.1137624382741637,-0.0718726365663649,9.085633494318552,0.0935774051293489,-0.7680554559833945,0,0.5794580578804016
2022-08-25 00:00:00+00:00,11.0,4.349999904632568,7.945874435633653,-0.646697334874543,0.0039912403458806,0.1181378540414164,-0.0300998660551694,7.976858083955749,0.0962271135419962,-0.3128002591705399,0,0.5797739028930664
2022-08-26 00:00:00+00:00,9.489999771118164,4.5,6.330559462852356,0.999,22.421316383900635,1e-06,-1.6462842236712298,7.976850894906645,4.735691376484175,-0.3476333427989236,0,0.5797452926635742
2022-08-29 00:00:00+00:00,9.489999771118164,4.449999809265137,6.365664489080957,0.999,0.9554745634480596,1e-06,-1.611190128638581,7.976851117416534,0.980271381992343,-1.6436164089213066,1,0.5928492546081543
2022-08-30 00:00:00+00:00,9.800000190734863,4.300000190734863,6.780979317810776,0.999,1.4089821676301273,1e-06,-1.195903024155325,7.976852984022536,1.1893025646579654,-1.0055498572806474,1,0.6265019774436951
2022-08-31 00:00:00+00:00,9.199999809265137,4.150000095367432,6.286293680240512,0.999,6.395538422788525,1e-06,-1.690551057935585,7.976852491027885,2.5300193382048275,-0.6681968917815124,1,0.6562231779098511
2022-09-01 00:00:00+00:00,9.5,4.0,6.691608614874837,0.999,8.679456500538276,1e-06,-1.2852488220251757,7.976852786755237,2.94701831176856,-0.4361183698427289,1,0.693702220916748
2022-09-02 00:00:00+00:00,9.510000228881836,3.950000047683716,6.736713702592104,0.999,6.764642391362132,1e-06,-1.2401397731953252,7.976852827960306,2.6019423168758893,-0.4766207786974852,1,0.7212713360786438
2022-09-05 00:00:00+00:00,10.199999809265137,4.0,7.391608424139973,0.999,9.758527906314589,1e-06,-0.5852515280850632,7.976853254065379,3.1247384427834843,-0.1872961653595964,1,0.745161235332489
2022-09-06 00:00:00+00:00,9.6899995803833,3.849999904632568,6.9869229391576,0.999,11.927057198554005,1e-06,-0.9899267009258764,7.976853037880676,3.4543480757235474,-0.2865741029060966,1,0.7579363584518433
2022-09-08 00:00:00+00:00,9.020000457763672,3.849999904632568,6.316923816537971,0.999,3.84733219586697,1e-06,-1.6599106720295835,7.976851928117703,1.9628542033408056,-0.8456617252592638,1,0.7727732062339783
2022-09-09 00:00:00+00:00,9.899999618530272,4.25,6.916083771834786,0.999,23.72161059832858,1e-06,-1.060770835294008,7.976852088423139,4.871044654741652,-0.2177707063845976,1,0.7898743152618408
2022-09-12 00:00:00+00:00,9.899999618530272,5.849999904632568,5.792727284741989,0.999,41.88971801956267,1e-06,-2.184121948605479,7.976851917560689,6.472648951544216,-0.3374386537809068,1,0.8024211525917053
2022-09-13 00:00:00+00:00,9.109999656677246,5.75,5.072937040559824,0.999,18.11763907649449,1e-06,-2.9039106384087745,7.976851663864453,4.257124206139975,-0.6821296485126075,1,0.8234182596206665
2022-09-14 00:00:00+00:00,9.149999618530272,7.099999904632568,4.165104976890375,0.999,12.62912590300386,1e-06,-3.811739016485885,7.97685120468673,3.5545174542740177,-1.072364692400815,1,0.8522719740867615
2022-09-15 00:00:00+00:00,9.149999618530272,6.599999904632568,4.5161539000310205,0.999,12.218730873787544,1e-06,-3.460700327368802,7.976851385662247,3.496312386427879,-0.9898143943895524,1,0.8847562670707703
2022-09-16 00:00:00+00:00,9.210000038146973,7.550000190734863,3.9091611648086895,0.999,17.475461908451287,1e-06,-4.067686505211126,7.9768511631668515,4.181020490075115,-0.9728932242420194,1,0.9116801619529724
2022-09-19 00:00:00+00:00,9.5,7.449999809265137,4.26937117911892,0.999,17.823250315344726,1e-06,-3.7074821094867096,7.976851290458176,4.222407103221064,-0.8780494203551468,1,0.9355459213256836
2022-09-20 00:00:00+00:00,9.100000381469728,7.199999809265137,4.044896022158971,0.999,18.00627126035223,1e-06,-3.9319539203444656,7.976851209718026,4.244024468631556,-0.9264682495132468,1,0.9535715579986572
2022-09-21 00:00:00+00:00,9.100000381469728,7.800000190734863,3.6236370465611234,0.999,17.974607357229722,1e-06,-4.353211646927408,7.976851058978013,4.240292535570804,-1.026630028567452,1,0.9671229720115662
2022-09-22 00:00:00+00:00,9.100000381469728,7.900000095367432,3.5534273288902627,0.999,16.217922531578125,1e-06,-4.423423241019522,7.976851029675031,4.027827821729154,-1.0982155734553067,1,0.9771245121955872
2022-09-23 00:00:00+00:00,9.699999809265137,9.149999618530272,3.2758047836204005,0.999,16.53361430255797,1e-06,-4.701044431437793,7.976850920934463,4.066827969374421,-1.1559486820783644,1,0.9842145442962646
2022-09-26 00:00:00+00:00,9.300000190734863,8.449999809265137,3.367273523572493,0.999,15.822163758720745,1e-06,-4.609577980699108,7.976850955895981,3.97839668567824,-1.158652176966929,1,0.9891796112060547
2022-09-27 00:00:00+00:00,9.199999809265137,7.599999904632568,3.864056244484595,0.999,15.630066058050346,1e-06,-4.112798061047115,7.976851156681497,3.9541805077580654,-1.0401138878151472,1,0.9924618601799011
2022-09-28 00:00:00+00:00,9.300000190734863,7.25,4.209790805195505,0.999,12.701589119924195,1e-06,-3.767063212594108,7.976851328208746,3.564697399448956,-1.0567694226097382,1,0.9945666790008545
2022-09-29 00:00:00+00:00,9.300000190734863,7.800000190734863,3.8236368558262575,0.999,15.16224412915235,1e-06,-4.153211736747239,7.976851164179361,3.894576171935487,-1.0664091683905152,1,0.9960302710533142
2022-09-30 00:00:00+00:00,9.09000015258789,7.5,3.8242663054782096,0.999,13.997438201358712,1e-06,-4.152584831901666,7.976851162572222,3.742047384941728,-1.1097093127713908,1,0.9971305727958679
2022-10-03 00:00:00+00:00,9.5,8.149999618530273,3.7779028206365535,0.999,14.036722414388436,1e-06,-4.198947959093493,7.976851139610158,3.747292868749157,-1.1205283670542403,1,0.9976978898048401
2022-10-04 00:00:00+00:00,10.229999542236328,7.849999904632568,4.718531515885464,0.999,22.22151818754704,1e-06,-3.25832410666953,7.976851408527323,4.714552006037364,-0.6911206202619005,1,0.9981393814086914
2022-10-05 00:00:00+00:00,10.229999542236328,8.699999809265137,4.121748413503635,0.999,26.56152395357928,1e-06,-3.855100591812493,7.976851264345681,5.154319293926653,-0.7479359294553147,1,0.9984840750694275
2022-10-06 00:00:00+00:00,10.229999542236328,8.399999618530273,4.332377901302559,0.999,24.823775352486383,1e-06,-3.644474249167616,7.976851317516877,4.982896726064095,-0.731396705475436,1,0.9987548589706421
2022-10-07 00:00:00+00:00,10.229999542236328,8.949999809265137,3.946223951933312,0.921837504287472,0.3404187980361584,1e-06,-4.029599364469152,7.976020304103811,0.5881355533619499,-6.851480651755904,1,0.9989689588546753
2022-10-10 00:00:00+00:00,9.100000381469728,9.399999618530272,2.500280894254669,0.999,33.93776968785174,1e-06,-5.475734858734915,7.976020025990076,5.826084070424588,-0.9398654040252908,1,0.9991503953933716
2022-10-11 00:00:00+00:00,8.970000267028809,8.949999809265137,2.686224676725793,0.999,23.34090434793648,1e-06,-5.289796171796287,7.976020075363426,4.831810349712412,-1.094785554261486,1,0.999337375164032
2022-10-13 00:00:00+00:00,8.789999961853027,9.350000381469728,2.2253848312938835,0.7821872341007606,0.1083963165640029,0.0998548912866751,-4.968903908129231,7.195061749438452,0.4058665136603964,-12.242704783196029,1,0.9994955062866211
2022-10-14 00:00:00+00:00,9.199999809265137,8.850000381469727,2.98643360184664,0.5459754817446703,0.0432059150401533,0.161627293092319,-2.9150268331210447,5.90215098874568,0.3150366788212364,-9.252976015453552,1,0.9996094107627869
2022-10-17 00:00:00+00:00,9.149999618530272,8.949999809265137,2.866224028227256,0.2389740784880204,0.0269771729656714,0.1739107693724559,-0.8647906121009132,3.7320163804466935,0.2365331212610873,-3.656107895123701,1,0.9996647834777832
2022-10-18 00:00:00+00:00,9.149999618530272,7.300000190734863,4.024685206762312,0.0525623805296078,0.0259522648938913,0.1789011848727698,-0.0095862703614676,4.034125131502738,0.2222262119426684,-0.043137442148097,1,0.9996691942214966
2022-10-19 00:00:00+00:00,9.59000015258789,6.900000095367432,4.745524946289716,0.999,22.195411352188923,1e-06,0.7113928709288578,4.034128827076969,4.713705900314691,0.1509200798635665,0,0.9996342658996582
2022-10-20 00:00:00+00:00,9.59000015258789,6.75,4.8508396901891775,0.231904707360734,0.0159044663771823,0.2046114831891909,0.1975541912911405,4.653007564644467,0.1802576853334443,1.0959543329633954,0,0.9995713829994202
2022-10-21 00:00:00+00:00,9.59000015258789,6.949999809265137,4.710420254847456,0.1860080424485463,0.0150313066517608,0.2052419653393625,0.0378645951739052,4.672546730979278,0.1730874137996901,0.2187599568488845,0,0.9995259046554565
2022-10-24 00:00:00+00:00,9.59000015258789,7.0,4.675315228618855,0.2209510125506728,0.0158663613820175,0.2045164228673425,0.008042059924492,4.667275606362424,0.1780208337213863,0.0451748245212598,0,0.9994150400161743
2022-10-25 00:00:00+00:00,9.59000015258789,7.800000190734863,4.113636817679286,0.1645150266121355,0.0152369890044817,0.2065809429391016,-0.0297827538896225,4.143657696751868,0.1736954590720044,-0.171465356945666,0,0.9992629885673523
2022-10-26 00:00:00+00:00,9.279999732971191,7.25,4.189790347431833,0.1975081932048827,0.0154238589751867,0.2069977353868068,-0.0029575738515908,4.192725523175268,0.175202754038065,-0.0168808639329279,0,0.9990719556808472
2022-10-27 00:00:00+00:00,9.25,7.699999809265137,3.8438467175485975,0.004139631046503,0.0108175543217003,0.2110789953697953,-0.0158277243126531,3.859821499438425,0.1454229060060013,-0.1088392795011261,0,0.9987819790840149
2022-10-28 00:00:00+00:00,9.25,7.5,3.984266152890319,-0.0181697526155746,0.0110434766926403,0.2103044589188967,0.0062934267936156,3.977919267204265,0.146788684851835,0.0428740594002054,0,0.9983242154121399
2022-10-31 00:00:00+00:00,9.25,7.349999904632568,4.089580896789781,0.0392549886944237,0.0119042423165491,0.2096283701720018,0.0057876349426281,4.08374511760247,0.1524872722597273,0.0379548722779316,0,0.9976968169212341
2022-11-01 00:00:00+00:00,9.25,7.449999809265137,4.01937117911892,-0.0200029150467352,0.0109087081922712,0.2102112500029606,-0.0031865326169099,4.02258527657522,0.1459095363965016,-0.0218390976738542,0,0.9969320297241211
2022-11-03 00:00:00+00:00,9.25,7.449999809265137,4.01937117911892,0.0091145727719644,0.0115923225636254,0.2094987503346632,-0.0001872633001824,4.01955981840629,0.1503805413740901,-0.0012452628409985,0,0.9959743618965149
2022-11-04 00:00:00+00:00,9.0,7.150000095367432,3.9800003321315023,0.0308745886451933,0.0118436472356473,0.2090255059351187,-0.0019737993297792,3.981991223838312,0.1520687834027565,-0.0129796483250056,0,0.9947144389152527
2022-11-07 00:00:00+00:00,9.0,6.699999809265137,4.295944563829888,0.030745418610985,0.0121321404407635,0.2090708188281217,0.0159060371328472,4.279903170869535,0.1538673003309028,0.1033750322429792,0,0.9924996495246887
2022-11-08 00:00:00+00:00,9.0,6.949999809265137,4.1204201022595655,-0.0870295109217886,0.0098366860723373,0.2103980977394,-0.0087658177969155,4.1292534653677135,0.1387464153217492,-0.0631786974574289,0,0.9889679551124573
2022-11-09 00:00:00+00:00,9.279999732971191,6.699999809265137,4.57594429680108,-0.1845705267800702,0.0089546473501861,0.2115354321115687,0.0225729554910871,4.553181048617775,0.1330846360108223,0.1696135344221965,0,0.9832425117492676
2022-11-10 00:00:00+00:00,9.300000190734863,6.349999904632568,4.841678933805935,0.0683498252038208,0.0129462959067525,0.2097706779175507,0.0169656249176374,4.824588821263959,0.1589579778512338,0.106730251271284,0,0.9770897030830383
2022-11-11 00:00:00+00:00,9.300000190734863,6.300000190734863,4.876783625248194,-0.1070356265148432,0.0088734147081288,0.2141001477103921,0.0005263853788432,4.876234571217704,0.1320601433655436,0.0039859518960708,0,0.9646987915039062
2022-11-14 00:00:00+00:00,10.600000381469728,6.349999904632568,6.1416791245408,-0.2344412671858571,0.0105305208452884,0.219448360664984,0.0675651812030292,6.0735936090637725,0.1443471933331083,0.4680740902742031,0,0.9458346962928772
2022-11-16 00:00:00+00:00,10.899999618530272,6.699999809265137,6.19594418236016,0.2321393911420846,0.0162067353378067,0.2206516842817266,0.0219894788895589,6.173910830812533,0.1792187714559356,0.1226962929771306,0,0.9166794419288635
2022-11-17 00:00:00+00:00,10.899999618530272,9.050000190734863,4.5460139757700535,0.557637077095582,0.0781815868670029,0.1695479373129253,-0.4729132987783644,5.019580625134271,0.373288926699262,-1.2668827413660846,1,0.8530181646347046
2022-11-18 00:00:00+00:00,10.850000381469728,6.75,6.110839919071015,0.0520816410785776,0.0473391602769337,0.2004185069155743,0.1386716162075171,5.971799851739955,0.297251026115864,0.466513498774147,0,0.7550609707832336
2022-11-21 00:00:00+00:00,9.899999618530272,5.849999904632568,5.792727284741989,0.3765871771828182,0.0815888682187962,0.1725013381597246,-0.0093773134201787,5.802190195050199,0.3870776811404655,-0.0242259212480293,0,0.6295143961906433
2022-11-22 00:00:00+00:00,9.800000190734863,6.050000190734863,5.552308086818517,0.368959089875466,0.0756900678494833,0.1795488918484055,-0.0556183361992286,5.608013627613663,0.3847204503388665,-0.1445681823002632,0,0.5872430801391602
2022-11-23 00:00:00+00:00,9.800000190734863,5.849999904632568,5.692727856946581,0.310105293835529,0.0675980491246085,0.1870763828771858,0.0011283564596326,5.691564252055596,0.3643559360021256,0.0030968521386354,0,0.5896410346031189
2022-11-24 00:00:00+00:00,9.8100004196167,5.900000095367432,5.667623059599816,0.3188338392823426,0.0688439695343705,0.1858218225889251,-0.0043030300419007,5.671934614098035,0.3658087427305113,-0.0117630595971587,0,0.5881457924842834
2022-11-25 00:00:00+00:00,9.8100004196167,6.300000190734863,5.38678385413003,0.3289073640151909,0.0707319048866197,0.1843602329171479,-0.0576554091416524,5.44453898489663,0.370558822768727,-0.1555904369267609,0,0.577698290348053
2022-11-28 00:00:00+00:00,9.8100004196167,6.0,5.597413341928954,0.3092609068686272,0.068460107118354,0.1862860757620274,0.0144680191140745,5.582885778679479,0.3647260412502486,0.0396681823553904,0,0.5763224959373474
2022-11-29 00:00:00+00:00,11.8100004196167,5.949999809265137,7.632518368157556,0.4170310727337907,0.1175287168417501,0.1577430704175552,0.7058491862781311,6.925982009036465,0.4597955448472575,1.5351370716578208,-1,0.5762194991111755
2022-11-30 00:00:00+00:00,11.8100004196167,6.400000095367432,7.316574136459169,0.6981036656812427,0.2161531586522679,0.0699317083083628,0.424700948754665,6.89190784054281,0.5892684384065863,0.7207257695712999,-1,0.5818576216697693
2022-12-01 00:00:00+00:00,11.8100004196167,6.150000095367432,7.492098598029492,0.3388682632724698,0.0762214801942089,0.2096329683362816,0.2062269596037978,7.285738715958657,0.4013652525665289,0.5138136853777951,-1,0.590268611907959
2022-12-02 00:00:00+00:00,11.989999771118164,6.199999809265137,7.6369932580886974,0.3244633493189042,0.0747512329689634,0.2107333825463165,0.116132122778532,7.520773483198571,0.3856392247024631,0.3011418842783248,-1,0.5967531800270081
2022-12-05 00:00:00+00:00,11.989999771118164,6.5,7.426363770289774,0.3103178884922695,0.0717779682215018,0.2131651711753094,0.0132502240973049,7.413154272604718,0.3753722990498644,0.0352988862812832,-1,0.5996745824813843
2022-12-06 00:00:00+00:00,10.300000190734863,6.449999809265137,5.771469216135074,0.3091418481433543,0.0895634348970076,0.2072454512978309,-0.3689991489597445,6.14096712037848,0.4108223177813818,-0.8981964537674085,0,0.6007556319236755
2022-12-07 00:00:00+00:00,10.300000190734863,6.349999904632568,5.841678933805935,0.6226233791220972,0.1608723843741391,0.1458145540094609,-0.2608456009048421,6.102546392503354,0.5374269036607429,-0.4853601468926535,0,0.5995756387710571
2022-12-08 00:00:00+00:00,10.300000190734863,5.949999809265137,6.12251813927572,0.4739907834926699,0.1051527001791832,0.2020347087588327,-0.0929374824352486,6.215413721555113,0.472640224832848,-0.1966347288111512,0,0.5999578833580017
2022-12-09 00:00:00+00:00,9.800000190734863,6.050000190734863,5.552308086818517,0.4230926195014604,0.0984893747018498,0.2090424275929412,-0.1644860496511999,5.71697387104717,0.451852391680845,-0.3640260684232045,0,0.6003566980361938
2022-12-12 00:00:00+00:00,9.649999618530272,6.150000095367432,5.3320977969430645,0.5530954022615997,0.1310329623563544,0.1791212544670269,-0.1840133305236362,5.51619980012911,0.5110590315460084,-0.3600627699836868,0,0.6014623641967773
2022-12-13 00:00:00+00:00,8.8100004196167,6.050000190734863,4.562308315700353,0.4246788283184068,0.095430152666676,0.2187632608120082,-0.2340815430041433,4.796634866627065,0.4505554842441571,-0.5195398817458272,0,0.6044086217880249
2022-12-14 00:00:00+00:00,8.8100004196167,5.800000190734863,4.737832777270676,0.4350737443969614,0.0949620028329159,0.2204152132319846,-0.0934125740437779,4.831233050021966,0.4436925635386639,-0.2105344594887216,0,0.6073736548423767
2022-12-15 00:00:00+00:00,8.8100004196167,5.199999809265137,5.159091752868523,0.4952588966079618,0.1108297674025649,0.2060250570205306,0.0468499722926644,5.112132705709748,0.4747710354058193,0.0986790869679288,0,0.6077002882957458
2022-12-16 00:00:00+00:00,8.8100004196167,4.650000095367432,5.545245367451429,0.5387997690729255,0.1197968075317223,0.1998232932358959,0.1334866347483814,5.411640223902116,0.49861411369671,0.2677153154745572,0,0.606246829032898
2022-12-19 00:00:00+00:00,8.949999809265137,5.0,5.439510577858683,0.5020165464507436,0.1075171071635147,0.2124139716933454,0.0586374801652003,5.380884216036207,0.4810220507944555,0.121901854745234,0,0.606240451335907
2022-12-20 00:00:00+00:00,8.949999809265137,5.449999809265137,5.123566680946638,0.5289860868712043,0.1161084865166353,0.204522803163264,-0.0395628679719036,5.163212334828505,0.4959915506902639,-0.0797652055097402,0,0.6036481261253357
2022-12-21 00:00:00+00:00,9.199999809265137,5.449999809265137,5.373566680946638,0.5146675952209555,0.1131006569832327,0.2074238104056504,0.0326161844865487,5.340884821162471,0.4920227822034665,0.0662899883222498,0,0.6036819815635681
2022-12-22 00:00:00+00:00,8.949999809265137,5.449999809265137,5.123566680946638,0.4875432682000563,0.1069054809561453,0.2135400030499435,-0.0332364097909251,5.156868880061619,0.4782612615193398,-0.0694942544276736,0,0.6030300259590149
2022-12-23 00:00:00+00:00,8.949999809265137,5.5,5.088461654718037,0.511521169248232,0.1129883918109173,0.2077789542787556,-0.0291262669159388,5.117602608402899,0.4882424193072826,-0.0596553387500887,0,0.6041473150253296
2022-12-26 00:00:00+00:00,8.949999809265137,5.599999904632568,5.018251937047177,0.4998521092991229,0.1094776336648353,0.2113253729549989,-0.0333634954965724,5.051639497481572,0.482654153075195,-0.0691250562830537,0,0.6042301654815674
2022-12-27 00:00:00+00:00,8.949999809265137,5.5,5.088461654718037,0.4984074215686488,0.1092048606744018,0.2115958926812104,-0.0047332493702166,5.093179721141941,0.4812969897456424,-0.0098343631293396,0,0.6048007607460022
2022-12-28 00:00:00+00:00,8.949999809265137,5.849999904632568,4.842727475476854,0.4873754713423135,0.107128986177605,0.2137838214480419,-0.0560772895305441,4.898875008270113,0.4761878694623605,-0.117762952663742,0,0.6039583683013916
2022-12-29 00:00:00+00:00,9.5,6.050000190734863,5.252307896083654,0.4841168915842924,0.1011161103259,0.2164019672597119,0.05043140594294,5.201767607280016,0.4644834228640672,0.1085752547033287,0,0.6022661924362183
2023-01-02 00:00:00+00:00,9.5,6.150000095367432,5.182098178412793,0.4500646921941882,0.0956777706615833,0.2203869606530141,0.0145700881263166,5.16754016372588,0.4490670996644351,0.0324452362179374,0,0.5998124480247498
2023-01-03 00:00:00+00:00,10.0,6.099999904632568,5.717203204641394,0.4525528175550093,0.0994985941726663,0.2174388917225276,0.1206153973570186,5.59643214630472,0.4531264997115318,0.2661848235179457,0,0.597008466720581
2023-01-04 00:00:00+00:00,10.0,6.099999904632568,5.717203204641394,0.4888711495337204,0.1065743545947321,0.2112246040749198,0.0732965379108221,5.643888784415267,0.4688897645680113,0.1563193386794235,0,0.5826908349990845
2023-01-05 00:00:00+00:00,10.0,6.449999809265137,5.471469025400211,0.4905272799215942,0.1073718194745579,0.210700858442084,-0.0114399576522983,5.482968920302909,0.4733040564421462,-0.0241704196205144,0,0.5777035355567932
2023-01-06 00:00:00+00:00,10.0,7.199999809265137,4.944895640689243,0.5211769901775755,0.1163277255687092,0.2041466309061457,-0.1395746399868642,5.084623452040975,0.4923775691821997,-0.2834707523713696,0,0.5769550800323486
2023-01-09 00:00:00+00:00,10.199999809265137,7.25,5.109790423725778,0.5129257739262418,0.1127486415580299,0.2082692454697359,-0.0491992145783641,5.158962080554946,0.4897661537726171,-0.1004545009886612,0,0.5767475366592407
2023-01-10 00:00:00+00:00,10.100000381469728,7.75,4.658742072789725,0.4272843254032738,0.0890275807190203,0.2303786973386404,-0.0978593616499016,4.756734074754258,0.438150014179452,-0.2233467042861298,0,0.5770955085754395
2023-01-11 00:00:00+00:00,9.359999656677246,7.849999904632568,3.8485316303263817,0.5642566181432325,0.1267653037374956,0.1982894302108546,-0.3062299911299373,4.155009015637486,0.50640876316172,-0.6047091073582859,0,0.576622486114502
2023-01-12 00:00:00+00:00,9.600000381469728,7.75,4.158742072789725,0.7670640992795261,0.2392061944475809,0.0854252395050641,-0.0795347917398264,4.238204956130589,0.6434678531351304,-0.1236033647249256,0,0.5774226188659668
2023-01-13 00:00:00+00:00,9.59000015258789,7.300000190734863,4.464685740819931,0.732595345238179,0.2115333304614531,0.1126813080580746,0.0916195180563075,4.37298169835541,0.6508164621198216,0.1407762762452058,0,0.5782492160797119
2023-01-16 00:00:00+00:00,10.100000381469728,7.349999904632568,4.939581278259509,0.7655549895685662,0.2414616147954511,0.0851369142603947,0.3685880090280045,4.5708465733313295,0.6963369730755049,0.5293241968756383,0,0.5776265263557434
2023-01-17 00:00:00+00:00,10.100000381469728,7.400000095367432,4.904476252030908,0.7690911271392058,0.2376348999448898,0.0895967260318105,0.3121281978119485,4.592333320250386,0.7128605821332135,0.4378530748297436,0,0.578839123249054
2023-01-18 00:00:00+00:00,10.100000381469728,6.75,5.360839919071015,0.7594192626863095,0.215521411849979,0.1117489353519085,0.4943864848922381,4.866298532219179,0.7117707814850497,0.694586653108663,0,0.5820114016532898
2023-01-19 00:00:00+00:00,10.100000381469728,6.900000095367432,5.255525175171553,0.7356655548841375,0.1939982231281551,0.1329895953274838,0.373796914866063,4.881720915442782,0.7008499092464272,0.5333480249258783,0,0.5901380777359009
2023-01-20 00:00:00+00:00,10.100000381469728,6.900000095367432,5.255525175171553,0.7320976925687991,0.1918327941339598,0.1350269592361553,0.312055262305408,4.943441165033074,0.7012386112520852,0.4450058187016011,0,0.5979823470115662
2023-01-23 00:00:00+00:00,10.100000381469728,7.25,5.00979099593037,0.7215138627112886,0.1849292039350221,0.1422265974270854,0.168670316324234,4.84116597493704,0.6939964145027122,0.2430420572779124,0,0.6036623120307922
2023-01-24 00:00:00+00:00,10.100000381469728,7.199999809265137,5.044896022158971,0.7422453233421521,0.1990815240953238,0.1281366889574081,0.1574005260856169,4.887472870724507,0.7094026071053455,0.2218775692520722,0,0.6080313324928284
2023-01-25 00:00:00+00:00,10.100000381469728,7.400000095367432,4.904476252030908,0.7185850647887995,0.1805412849451323,0.1466769281075995,0.0805520809821061,4.823951512938892,0.6912414668484621,0.1165324779333083,0,0.6120048761367798
2023-01-26 00:00:00+00:00,10.100000381469728,7.400000095367432,4.904476252030908,0.7073018970732098,0.1720902909936556,0.1548937168729141,0.0643589804999707,4.840110593156619,0.6769260470858417,0.0950753494817275,0,0.6150218844413757
2023-01-27 00:00:00+00:00,10.100000381469728,7.5,4.834266534360047,0.7083031257117511,0.1721156753844348,0.1548853536892754,0.0290506963570777,4.805230468280206,0.6718994838266752,0.0432366701513521,0,0.6172310709953308
2023-01-30 00:00:00+00:00,10.1899995803833,7.699999809265137,4.783846297931898,0.7041720875783931,0.1694888898070394,0.157506765466283,0.0072099948663432,4.776648202444442,0.6650136020527593,0.0108418757813186,0,0.6186290979385376
2023-01-31 00:00:00+00:00,10.1899995803833,8.0,4.573216810132974,0.7120310679650934,0.1745921384272961,0.1525633913917906,-0.0656016664042751,4.6388780741166125,0.6687405881044507,-0.0980973303717417,0,0.6197380423545837
2023-02-01 00:00:00+00:00,10.18000030517578,7.5,4.914266458066098,0.843306656899312,0.3031218635393183,0.0220643051875164,0.2107109806632607,4.703455886485132,0.765009259708823,0.275435856480301,0,0.6200594305992126
2023-02-02 00:00:00+00:00,10.18000030517578,7.199999809265137,5.124895945865022,0.4785420482371173,0.0872154437305569,0.2313366442576699,0.114501026039024,5.010313831974848,0.4881782154288263,0.2345475943420454,0,0.6217474341392517
2023-02-03 00:00:00+00:00,10.149999618530272,7.349999904632568,4.9895805153200525,0.6209020737085196,0.1335602012962782,0.1845024164219736,0.04462523331383,4.944982291996745,0.5450931795791122,0.0818671650749455,0,0.6219455003738403
2023-02-06 00:00:00+00:00,9.0,6.75,4.260839537601287,0.7023892162349388,0.1851667373390835,0.1359989220452103,-0.2903460921810135,4.55139867640136,0.6189830345381241,-0.4690695479201065,0,0.6214890480041504
2023-02-07 00:00:00+00:00,9.0,6.300000190734863,4.576783434513331,0.697280170471002,0.1817012167103679,0.1401457616126968,-0.1087191711373716,4.685435626556531,0.6341003068697757,-0.1714542162486276,0,0.6203328371047974
2023-02-08 00:00:00+00:00,9.0,6.900000095367432,4.155524793701825,0.6264614459045222,0.1403237499135175,0.1809732464600802,-0.1845087633266133,4.340164670319609,0.5871627269016066,-0.3142378677547293,0,0.6189078688621521
2023-02-09 00:00:00+00:00,9.0,6.099999904632568,4.717203204641394,0.5036099794946016,0.1057272942269307,0.2152804376939484,-0.0238177886933948,4.740894509448932,0.5052435398886703,-0.0471412038215135,0,0.6180468797683716
2023-02-10 00:00:00+00:00,9.0,6.050000190734863,4.752307896083654,0.7854104002605612,0.2570391229637459,0.0648376590407885,0.0025217172621245,4.749777022564174,0.6655249462814192,0.0037890649722666,0,0.6174391508102417
2023-02-13 00:00:00+00:00,9.0,6.150000095367432,4.682098178412793,0.517080154771811,0.1066242919786952,0.2106625730742126,-0.0102153203437447,4.692332619786104,0.5028805648517009,-0.0203136113378278,0,0.6184272170066833
2023-02-14 00:00:00+00:00,9.0,5.949999809265137,4.822517948540857,0.5911102324576536,0.1388156809221112,0.1755307773536084,0.0355430306605252,4.786934732339049,0.5451176178226549,0.0652024985038891,0,0.6194972991943359
2023-02-15 00:00:00+00:00,9.0,6.050000190734863,4.752307896083654,0.999,44.653464206565054,1e-06,-0.0346263199062863,4.786934373052801,6.694172216358787,-0.0051726066774423,0,0.6214127540588379
2023-02-16 00:00:00+00:00,9.0,6.199999809265137,4.646993486970533,0.999,39.46549744542075,1e-06,-0.1399401937022851,4.786933947611443,6.294757811121047,-0.0222312276184876,0,0.621295154094696
2023-02-17 00:00:00+00:00,9.0,6.599999904632568,4.366154281500749,-0.7491012752129151,0.003961129990354,0.2449481629996376,-0.0467294842916696,4.412955413565119,0.1893606806325193,-0.2467750122970602,0,0.6182451844215393
2023-02-22 00:00:00+00:00,9.0,6.400000095367432,4.50657371684247,-0.3396000674373646,0.0186095431412305,0.2203488243578064,0.0245568749104033,4.481990603752969,0.1928676872302998,0.127324982546612,0,0.6109204292297363
2023-02-23 00:00:00+00:00,9.0,6.349999904632568,4.541678743071072,-0.2291369158360995,0.0232047591373699,0.214954378830098,0.001344926645843,4.540309300114259,0.2105944618713269,0.0063863343503536,0,0.6035875082015991
2023-02-24 00:00:00+00:00,9.0,6.849999904632568,4.190629819930426,-0.2075132824123107,0.0234294873698474,0.2150527386040573,-0.0375229931145539,4.22828246642017,0.2114415794919283,-0.177462697756599,0,0.5934886932373047
2023-02-27 00:00:00+00:00,9.0,6.449999809265137,4.471469025400211,-0.1843186300021462,0.02407213558793,0.2144030466557728,0.0321848534359132,4.439196173820103,0.2140003353849838,0.1503962756787885,0,0.587660014629364
2023-02-28 00:00:00+00:00,9.0,6.449999809265137,4.471469025400211,-0.2133834158083599,0.0230097111179296,0.214892172208853,-0.0027179812586804,4.47417251338107,0.2096972969212961,-0.0129614510944344,0,0.5830952525138855
2023-03-01 00:00:00+00:00,9.0,6.25,4.611888460741932,-0.1577665986213529,0.0247598349437756,0.2109793435502657,0.0152941459693879,4.596542314868311,0.2166703671085872,0.0705871604570785,0,0.5813319087028503
2023-03-02 00:00:00+00:00,9.0,6.150000095367432,4.682098178412793,-0.1439545464433418,0.0246652635218897,0.2109832381702374,0.0071809531909706,4.674884091329586,0.216246947788964,0.0332071886534951,0,0.5793033242225647
2023-03-03 00:00:00+00:00,8.890000343322754,6.349999904632568,4.431679086393825,-0.3353946365700052,0.0170528738678871,0.2141698337852932,-0.0263693031036498,4.458137309910785,0.1841470565464733,-0.1431969839658825,0,0.5782607197761536
2023-03-06 00:00:00+00:00,8.890000343322754,6.300000190734863,4.466783777836085,-0.2887286639695756,0.0170852731250056,0.2142680177490827,0.0077065248352176,4.459076855005992,0.1829593165713306,0.0421215217658133,0,0.5768231749534607
2023-03-07 00:00:00+00:00,8.890000343322754,6.349999904632568,4.431679086393825,-0.0219447055551309,0.0207274426228264,0.2096207951751079,-0.002488488414403,4.434178569804924,0.1991629911703734,-0.0124947330815809,0,0.5762523412704468
2023-03-08 00:00:00+00:00,8.890000343322754,6.400000095367432,4.396574060165224,-0.6410711527671438,0.0068462608105793,0.2096117967635859,-0.0023249062962689,4.398913613286269,0.1371096643845738,-0.0169565457453669,0,0.5755680799484253
2023-03-09 00:00:00+00:00,8.890000343322754,6.75,4.150839880924041,-0.2077881752304631,0.0233419781691542,0.1824452121448195,-0.0288227197954105,4.179773862019835,0.209986871695322,-0.1372596275315275,0,0.5752673149108887
2023-03-10 00:00:00+00:00,8.890000343322754,6.300000190734863,4.466783777836085,-0.0849203166592513,0.0309167935561613,0.1736051149078216,0.0432184826703447,4.4234410989033055,0.2393320379628041,0.1805795957708827,0,0.5738210082054138
2023-03-13 00:00:00+00:00,8.0,6.099999904632568,3.717203204641394,0.0221397930412512,0.0394752079919657,0.1655596498433968,-0.1184503285381833,3.8359604548239377,0.2690620989635768,-0.4402341652520075,0,0.5741822719573975
2023-03-14 00:00:00+00:00,8.0,5.849999904632568,3.8927276662117176,0.0913583873593751,0.0430071928253272,0.1631471179709056,0.0008366944563402,3.891862026198832,0.2816772420261935,0.0029704013370823,0,0.5744034051895142
2023-03-15 00:00:00+00:00,8.0,6.0,3.787412922312255,0.0652533880766682,0.0405035748127693,0.1655912767897955,-0.0167567986347081,3.804213628182391,0.2738657412591435,-0.0611861803439377,0,0.5739161968231201
2023-03-16 00:00:00+00:00,8.5,6.0,4.287412922312255,-0.0321996170706013,0.0348921347198112,0.170113554015569,0.0724376046832596,4.214775812741896,0.2538734024271623,0.2853296327646706,0,0.5739082098007202
2023-03-17 00:00:00+00:00,9.199999809265137,5.550000190734863,5.303356628489436,0.1455840471727043,0.0499033567675574,0.1635450617439584,0.2224318947459788,5.080466389782509,0.3022367513771294,0.7359525065448757,0,0.5737519860267639
2023-03-20 00:00:00+00:00,9.199999809265137,5.400000095367432,5.408671372388898,0.207112741820343,0.0488863875093827,0.1690122360514988,0.0947066085980593,5.313849191782168,0.3038016754767035,0.3117382695452638,0,0.5753985047340393
2023-03-21 00:00:00+00:00,9.199999809265137,5.449999809265137,5.373566680946638,0.0643728198648444,0.0367269237541814,0.1809748022567859,0.0132454889234098,5.360300235666002,0.2628413506356178,0.050393474586015,0,0.5767982006072998
2023-03-22 00:00:00+00:00,9.199999809265137,5.5,5.338461654718037,0.025921984330224,0.0332904343083753,0.1831537334279116,-0.0025691813375381,5.341039804940079,0.2496772894640525,-0.0102900081263019,0,0.5774976015090942
2023-03-23 00:00:00+00:00,9.199999809265137,5.0,5.689510577858683,-0.0291207882856806,0.0321537438407355,0.1818459780993969,0.0470476095534836,5.642320729544613,0.2447031754189901,0.1922639927860638,0,0.5776486396789551
2023-03-24 00:00:00+00:00,9.199999809265137,5.199999809265137,5.549091142516961,0.0146393210727304,0.0337897132015015,0.1803354093458991,-0.0123116207645389,5.561441698231436,0.2509252116464418,-0.0490649013853825,0,0.5783663392066956
2023-03-27 00:00:00+00:00,9.199999809265137,5.150000095367432,5.584195833959221,-0.0286399693511666,0.0315969095988134,0.1818846795823314,0.0033260143871147,5.580860658209186,0.2427133858622269,0.0137034649955512,0,0.5785492062568665
2023-03-28 00:00:00+00:00,8.5,5.699999809265137,4.49804241011118,-0.0448564026690884,0.0353712655863379,0.18295313094142,-0.1599490707200527,4.658427487543966,0.2557105822543049,-0.6255082183536033,0,0.5786023139953613
2023-03-29 00:00:00+00:00,7.949999809265137,5.400000095367432,4.158671372388898,0.2617646991016016,0.0458875326534047,0.1778295186435377,-0.1182760182334391,4.277137975189168,0.2951981030840706,-0.400666593036185,0,0.5781328082084656
2023-03-30 00:00:00+00:00,8.449999809265137,5.449999809265137,4.623566680946638,0.1200973975092781,0.0332316042629767,0.1900556678582509,0.0265668305748433,4.596858646024873,0.2525744849411807,0.1051841423373792,0,0.5784546136856079
2023-03-31 00:00:00+00:00,8.0,5.349999904632568,4.243776589352363,0.0910115139473151,0.0330833005506173,0.1896020113001252,-0.0413624188323869,4.2852822872834695,0.2503132890032147,-0.1652426005710615,0,0.5786093473434448
2023-04-03 00:00:00+00:00,8.0,4.900000095367432,4.559720486264407,0.1601761939661854,0.037630290518438,0.1849390316002923,0.0322033692961113,4.5274017411251695,0.2671517459378869,0.1205433607894092,0,0.5785391926765442
2023-04-04 00:00:00+00:00,8.0,5.099999904632568,4.4193010509226855,-0.1745443208649336,0.016721603032184,0.1916589726372947,-0.0151163615423606,4.434457585815395,0.1796693064136623,-0.0841343568586914,0,0.5786941647529602
2023-04-05 00:00:00+00:00,8.0,4.849999904632568,4.594825512493008,-0.2180043340600795,0.0197220123837199,0.18170474889674,0.0199693474981237,4.574786257792963,0.1940401079815837,0.1029135043566304,0,0.5792024731636047
2023-04-06 00:00:00+00:00,8.0,4.949999809265137,4.524615794822148,0.2236037782091864,0.0460788170391135,0.1549700603475341,-0.0066063385993886,4.531247900094247,0.2904252042289458,-0.0227471256047763,0,0.579551637172699
2023-04-10 00:00:00+00:00,8.0,5.150000095367432,4.384196024694084,0.3804792781090113,0.0553076205349305,0.1456903749974188,-0.0335123283085692,4.417775312183286,0.3259237904691392,-0.1028225900917854,0,0.5796046853065491
2023-04-11 00:00:00+00:00,8.0,5.400000095367432,4.208671563123762,0.2489467443779081,0.0433343171471972,0.1565732202350283,-0.0380178836816114,4.24677719292357,0.2912479406689514,-0.1305344291681179,0,0.5796904563903809
2023-04-12 00:00:00+00:00,8.0,5.849999904632568,3.8927276662117176,0.8564027527153122,0.2462505443097266,1e-06,-0.3460649267468949,4.238922591849131,0.5364330701759477,-0.6451222826985427,0,0.5797149538993835
2023-04-13 00:00:00+00:00,8.0,5.400000095367432,4.208671563123762,0.0372407761403127,0.032649694107356,0.1491513229653005,-0.0153441724586464,4.224023617640189,0.2468763514102093,-0.0621532697279317,0,0.5799041986465454
2023-04-14 00:00:00+00:00,8.0,5.650000095367432,4.033147101553439,0.356791482504678,0.0701965181401676,0.1087709863184205,-0.0673612135850006,4.100605457035544,0.3503285481824312,-0.1922801151504293,0,0.5799655318260193
2023-04-17 00:00:00+00:00,8.0,5.550000190734863,4.103356819224299,0.4176460138431075,0.0806737561139737,0.0983283396531446,-0.0174853932577069,4.12082653341312,0.3835335389341909,-0.0455902586936657,0,0.5794355869293213
2023-04-18 00:00:00+00:00,8.899999618530273,5.300000190734863,5.178880899324895,0.4239381350810669,0.0924506291193973,0.0920082898196703,0.3856686424211279,4.79269669627937,0.410744260323684,0.9389507771020452,0,0.5799569487571716
2023-04-19 00:00:00+00:00,8.899999618530273,5.150000095367432,5.284195643224358,0.7022952549882912,0.1744052482858866,0.0143182225385067,0.4495786584956569,4.83450421492329,0.5079835882528975,0.8850259514128951,0,0.5811375975608826
2023-04-20 00:00:00+00:00,8.899999618530273,5.199999809265137,5.249090951782097,0.4816618863014073,0.0901150996246574,0.0975626367703795,0.2817893379456642,4.967207427593636,0.4204920880305401,0.6701418313611599,0,0.5852292776107788
2023-04-24 00:00:00+00:00,8.899999618530273,5.099999904632568,5.319300669452959,0.5850317943383223,0.1177935071285372,0.06953271568755,0.2543592757969173,5.064848897884464,0.4679795665237536,0.5435264571193764,0,0.5898460745811462
2023-04-25 00:00:00+00:00,8.899999618530273,5.050000190734863,5.354405360895218,0.5772266603347858,0.1152549954117482,0.0718817908446654,0.2097739165096913,5.144561949329551,0.4735841253031632,0.4429496372485147,0,0.5935062766075134
2023-04-26 00:00:00+00:00,8.899999618530273,5.0,5.38951038712382,0.5639826479203203,0.1112798454859027,0.0756578310958205,0.1697956948651817,5.219653756983528,0.472108468860638,0.3596539906919225,0,0.5959271788597107
2023-04-27 00:00:00+00:00,8.800000190734863,5.300000190734863,5.078881471529485,0.5593989415574178,0.1113590105888399,0.0759471546782761,0.0004339580316907,5.07856024175778,0.4732919078411749,0.0009168929882409,0,0.5989250540733337
2023-04-28 00:00:00+00:00,8.800000190734863,5.5,4.938462036187763,0.6001784545736364,0.1230973882322228,0.0651007209715488,-0.0650925636417725,5.003622611850425,0.4919659237099594,-0.1323111225893526,0,0.6002777814865112
2023-05-02 00:00:00+00:00,8.010000228881836,5.25,4.323986535905059,0.5360585662630908,0.1042892722960458,0.0863779354678015,-0.2575368626293756,4.581821306672246,0.4657759205753495,-0.5529200872197372,0,0.601214587688446
2023-05-03 00:00:00+00:00,8.5,5.449999809265137,4.673566871681501,0.5162137116770368,0.0992688355558385,0.0914094309665303,-0.0593429356253145,4.732806364905104,0.4530467148731104,-0.1309863501425794,0,0.6004408001899719
2023-05-04 00:00:00+00:00,8.5,5.400000095367432,4.708671563123762,0.560687238223587,0.1097278892896431,0.0814748726706028,-0.0296646501607277,4.738331899397476,0.4687724705714715,-0.0632815534678563,0,0.6020985245704651
2023-05-05 00:00:00+00:00,8.399999618530273,5.449999809265137,4.573566490211775,0.6344008875089983,0.1322705536800089,0.0586654607766634,-0.0945378530198475,4.668175255365205,0.5034108155221637,-0.187794640291524,0,0.6032284498214722
2023-05-08 00:00:00+00:00,8.699999809265137,5.449999809265137,4.873566680946638,0.4914830992975619,0.0932988302016798,0.0955776432479184,0.025594709700984,4.847857674627163,0.4447748785894135,0.0575453132203794,0,0.6058484315872192
2023-05-09 00:00:00+00:00,8.899999618530273,5.400000095367432,5.108671181654035,0.5970158097533795,0.1245958464038851,0.0651010479468822,0.1333476469019409,4.975204832812514,0.488486116397174,0.2729814470172572,0,0.605863094329834
2023-05-10 00:00:00+00:00,9.199999809265137,5.449999809265137,5.373566680946638,0.8420405247404845,0.286931808442279,1e-06,0.3804488435157384,4.993019177207051,0.6323943055188266,0.601600678873305,0,0.6052514910697937
2023-05-11 00:00:00+00:00,9.199999809265137,5.449999809265137,5.373566680946638,0.418522198546131,0.0772585941486297,0.0992848711282221,0.2105292560481594,5.162934407388764,0.4034413036573362,0.5218336698291381,0,0.6051965951919556
2023-05-12 00:00:00+00:00,9.199999809265137,5.349999904632568,5.4437763986175,0.1771030325062967,0.0277717061941511,0.1381827475936689,0.0539354306991694,5.389732245849352,0.2391201316817904,0.2255578830599849,0,0.6067137122154236
2023-05-15 00:00:00+00:00,9.100000381469728,5.25,5.413986688492951,-0.999,1e-06,0.1659286723924576,-0.0377040952427872,5.451663233405863,0.1311204485573484,-0.287553128879791,0,0.605886697769165
2023-05-16 00:00:00+00:00,9.100000381469728,5.150000095367432,5.484196406163813,0.332057855240542,0.0093102521436075,0.1500616587490486,-0.011036947664747,5.495206410471474,0.1426005333215635,-0.0773976604972355,0,0.6061186790466309
2023-05-17 00:00:00+00:00,8.600000381469727,5.099999904632568,5.019301432392412,0.4796111405840299,0.0188548356593417,0.1398714466981864,-0.0521046240111977,5.071696721837436,0.1965800350212134,-0.2650555230879627,0,0.6075138449668884
2023-05-18 00:00:00+00:00,8.600000381469727,5.150000095367432,4.984196406163811,0.9457003526889992,0.1964181000427544,1e-06,-0.0872544608996347,5.071470302528459,0.465166510981715,-0.1875768328968647,0,0.6091023683547974
2023-05-19 00:00:00+00:00,8.600000381469727,5.099999904632568,5.019301432392412,0.7635559078231543,0.0414603279669867,0.11817882006713,-0.0632161003763449,5.082508549510814,0.2926031360804863,-0.2160472414039884,0,0.6109009981155396
2023-05-22 00:00:00+00:00,8.5,5.25,4.813986307023223,0.692564734094975,0.030367453149682,0.1290123912302393,-0.072580365850905,4.886703928690902,0.2814703534732248,-0.2578614939559143,0,0.6110711693763733
2023-05-23 00:00:00+00:00,8.5,5.099999904632568,4.9193010509226855,0.7715296941582254,0.0403848265632548,0.1190137446106241,-0.0386319754219108,4.957878386280725,0.3219052863726918,-0.1200103790068983,0,0.6116793155670166
2023-05-24 00:00:00+00:00,8.5,5.0,4.989510768593546,0.5260634396241491,1e-06,0.1380051754312095,-0.025694347980732,5.015171023374643,0.1259913661247759,-0.2039373710360883,0,0.6099526286125183
2023-05-25 00:00:00+00:00,8.5,4.949999809265137,5.024615794822148,-0.999,1.757017056482304e-06,0.125166366293238,0.0229442889463552,5.0016800973403015,0.10256580736337,0.2237030988803926,0,0.6016422510147095
2023-05-26 00:00:00+00:00,8.989999771118164,4.949999809265137,5.514615565940312,0.4895761944508894,0.0118917033912782,0.1145666103797859,0.047185364293596,5.467042431451244,0.1601249551074152,0.2946783920216753,0,0.5930116176605225
2023-05-29 00:00:00+00:00,8.989999771118164,4.849999904632568,5.584825283611172,0.7509112704226563,0.020819619628362,0.1065956266828902,0.0471332086119488,5.537627971097617,0.2163280718935788,0.2178783742645093,0,0.5894097685813904
2023-05-30 00:00:00+00:00,8.5,4.75,5.165035230163869,0.6901744925602918,0.0196079447637818,0.1082196991764361,-0.011121905191567,5.176467544709865,0.2237746915067044,-0.0497013541463596,0,0.5858849287033081
2023-05-31 00:00:00+00:00,8.5,5.050000190734863,4.954405742364944,0.1579359687135642,1e-06,0.1151935772881049,0.0047557902544992,4.9498107826199735,0.0253430411139214,0.1876566522983999,0,0.5848251581192017
2023-06-01 00:00:00+00:00,8.5,5.050000190734863,4.954405742364944,-0.999,1.992259543660276e-06,0.1050577245222822,-0.0046396145560166,4.959036689899205,0.0250728200485919,-0.1850455811123333,0,0.5837534070014954
2023-06-02 00:00:00+00:00,9.010000228881836,5.25,5.323986535905059,-0.7087617445139782,0.0007532903705942,0.1043647380234178,0.0083900504927658,5.3152589370764325,0.0424270690320094,0.1977523002221989,0,0.5845447778701782
2023-06-05 00:00:00+00:00,9.010000228881836,5.050000190734863,5.46440597124678,-0.999,1e-06,0.1059300515954451,-0.0053970017022509,5.469660165160909,0.031734443696287,-0.1700676323146776,0,0.5848371982574463
2023-06-06 00:00:00+00:00,9.0,5.0,5.489510768593546,-0.999,1.582514110556432e-06,0.1034468713034293,0.0056613917389281,5.483835946745244,0.0311407556106389,0.1818000760711783,0,0.5858882665634155
2023-06-07 00:00:00+00:00,9.100000381469728,5.0,5.589511150063275,-0.8602640630868502,0.0001725393565414,0.0991746444408857,-0.0030219981945962,5.592425708377601,0.0321373557125775,-0.0940338160246819,0,0.5857753157615662
2023-06-09 00:00:00+00:00,9.100000381469728,5.050000190734863,5.5544061238346725,-0.577585514392205,0.000967055171964,0.0968441014274793,0.0010506101968027,5.553395220393647,0.0468030141840645,0.0224474900840995,0,0.5860666632652283
2023-06-12 00:00:00+00:00,9.149999618530272,5.0,5.639510387123818,-0.999,1.819702623159486e-06,0.0963835405644129,0.0010493734132454,5.638375109414647,0.034144177862695,0.0307335973197329,0,0.5857917666435242
2023-06-13 00:00:00+00:00,9.199999809265137,5.050000190734863,5.654405551630081,-0.9735528719011428,6.770213302240814e-05,0.0936672645901903,-0.0006229682602707,5.655011200953209,0.0344215200510296,-0.0180982205128415,0,0.583555281162262
2023-06-14 00:00:00+00:00,9.149999618530272,5.099999904632568,5.569300669452957,-0.6551375784121415,0.0011080920868148,0.0923273602244385,-0.0016564112800011,5.5710461493542764,0.0513818840770967,-0.0322372624078121,0,0.5804480910301208
2023-06-15 00:00:00+00:00,9.199999809265137,4.880000114440918,5.773762239063716,-0.853208498859817,0.0004363483868377,0.0922925455253422,0.0072703379444693,5.766286869586547,0.0436443109806464,0.166581572285407,0,0.5755966901779175
2023-06-16 00:00:00+00:00,9.199999809265137,4.989999771118164,5.69653171701894,-0.8502562715001813,0.0004061234339651,0.0923606567913327,-0.0079424501194811,5.704539049202686,0.0424110376722316,-0.1872731853642288,0,0.5741531848907471
2023-06-19 00:00:00+00:00,9.09000015258789,4.929999828338623,5.6286578909442095,-0.7651035393475886,0.0005886633711464,0.09227573579731,0.0040006118405415,5.624741430718115,0.0439319466026001,0.0910638419173705,0,0.57415771484375
2023-06-20 00:00:00+00:00,8.720000267028809,5.0,5.209511035622355,-0.7961659110415079,0.0005947553006181,0.0929349848090969,-0.0137373120504346,5.223668596060897,0.0444461953292951,-0.3090773450608538,0,0.5743558406829834
2023-06-21 00:00:00+00:00,8.649999618530273,4.940000057220459,5.181636217726336,-0.7134648460818259,0.0007360065720751,0.0935976414948177,0.0085275310908641,5.1731612675519285,0.0459926848306756,0.1854105956688261,0,0.5746497511863708
2023-06-22 00:00:00+00:00,8.649999618530273,4.920000076293945,5.195678161260508,-0.898229907507555,0.0002338340251602,0.0941008868544556,-0.0068761377212929,5.202523969350678,0.0389030518715474,-0.1767505990017714,0,0.5748196244239807
2023-06-23 00:00:00+00:00,8.880000114440918,4.920000076293945,5.425678657171153,-0.8596476980554854,0.0003146402122157,0.0941267556822822,0.0110825447885097,5.414376800445863,0.0389714486405595,0.2843760028200645,0,0.5747658610343933
2023-06-26 00:00:00+00:00,8.880000114440918,4.949999809265137,5.4046159092630655,-0.999,1.3590526000017163e-06,0.094508414025439,-0.0110398063530754,5.415654398616461,0.0338583304004697,-0.326058793286578,0,0.5746514797210693
2023-06-27 00:00:00+00:00,8.5,4.909999847412109,5.052699681890491,-0.8497292468405232,0.0002922167826069,0.0943370584759822,0.0015000081968928,5.051576768385604,0.0369723491295786,0.0405710816923123,0,0.5746937394142151
2023-06-28 00:00:00+00:00,8.5600004196167,4.960000038146973,5.077595075278589,-0.0586738133089006,0.0014653035609322,0.0926845232035465,0.0003305482035745,5.077237204863761,0.0539420582971253,0.0061278381657927,0,0.5748650431632996
2023-06-29 00:00:00+00:00,8.5600004196167,4.980000019073486,5.063553131744417,-0.7272561206529718,0.0004561608558601,0.0924532073444162,-0.0005535918450933,5.064120524280423,0.0402916599130669,-0.0137396137634372,0,0.5748369097709656
2023-06-30 00:00:00+00:00,7.800000190734863,5.099999904632568,4.219301241657549,-0.3020357971927128,0.0029580520724487,0.0927242270953756,-0.0293335965769585,4.249498347360895,0.0768330168630539,-0.3817837405661471,0,0.5744810104370117
2023-07-03 00:00:00+00:00,8.600000381469727,5.489999771118164,4.745483366082884,-0.4971329352531999,0.0025693263640261,0.0910852982287185,0.0373942200429622,4.707609879311379,0.0751066443966598,0.4978816500637766,0,0.5738810300827026
2023-07-04 00:00:00+00:00,8.600000381469727,5.260000228881836,4.906965549332693,0.0979009175556875,0.0074660543196229,0.0876939548893227,0.0180508657229664,4.888714691113258,0.1201351949401371,0.1502546005103755,0,0.5736244320869446
2023-07-05 00:00:00+00:00,8.600000381469727,5.420000076293945,4.794630001059316,0.4188439491754064,0.0118676026129947,0.0829640136493902,-0.0030605800978262,4.797794965578976,0.1545772477124287,-0.0197996803741779,0,0.5738635063171387
2023-07-06 00:00:00+00:00,8.600000381469727,5.420000076293945,4.794630001059316,-0.5799730818773879,0.0015830991019521,0.0865767822157884,0.0012492216127671,4.793384953566385,0.0766200357250914,0.016304111593595,0,0.5738634467124939
2023-07-07 00:00:00+00:00,8.789999961853027,5.300000190734863,5.068881242647649,-0.1809483830337346,0.0045754444159054,0.0827703866835459,0.0159625842965146,5.052623768671114,0.0947045485377637,0.1685514005713201,0,0.5739194750785828
2023-07-10 00:00:00+00:00,8.029999732971191,4.989999771118164,4.526531640724994,-0.4850688969896556,0.0033098456473526,0.0828304029585258,-0.0426833607650739,4.569754879523409,0.0849540770336833,-0.5024286326852848,0,0.5740039348602295
2023-07-11 00:00:00+00:00,8.220000267028809,4.820000171661377,4.835888527429904,-0.3527605584956512,0.0051457690765069,0.078693782494442,0.0343562399597436,4.801256898100198,0.1011884083695351,0.3395274272353047,0,0.5738345980644226
2023-07-12 00:00:00+00:00,8.220000267028809,4.599999904632568,4.990350241092139,-0.1310247169906333,0.008339207798845,0.0755916208619533,0.0149222919810025,4.975214336151474,0.1259108207666128,0.1185147701376863,0,0.5739352107048035
2023-07-13 00:00:00+00:00,8.220000267028809,4.599999904632568,4.990350241092139,0.0653521165205925,0.0111054373706763,0.0721771861375095,0.0026499100226922,4.987684601854256,0.1448578403143325,0.0182931763785936,0,0.5740651488304138
2023-07-14 00:00:00+00:00,7.800000190734863,4.449999809265137,4.675664908697656,0.0326124480415727,0.0113130647574012,0.0718390553373315,-0.0370054295023803,4.713007481681858,0.1460449970326057,-0.2533837533244539,0,0.5740920305252075
2023-07-17 00:00:00+00:00,7.800000190734863,4.110000133514404,4.914377948778583,0.052499955305508,0.0123446921315227,0.070787000144058,0.0241529971823706,4.890004679746897,0.1523036040903331,0.1585845412301947,0,0.5739970207214355
2023-07-18 00:00:00+00:00,7.800000190734863,4.170000076293945,4.872252118176066,0.1053548969359801,0.0132165365345073,0.0698454941061151,-0.0001480669729736,4.87242226543068,0.1579103547929963,-0.0009376647476207,0,0.5741241574287415
2023-07-19 00:00:00+00:00,7.800000190734863,4.130000114440918,4.9003360052444105,0.0659330971970239,0.0124086609877307,0.0704730287890773,0.0034889403710887,4.896817130219514,0.152983111715304,0.0228060491904593,0,0.574169933795929
2023-07-20 00:00:00+00:00,7.800000190734863,3.890000104904175,5.068839495047647,0.1221175320458431,0.0138398305202445,0.0691604109300273,0.0241338116437462,5.0445184572098345,0.1615368687549526,0.1494012594756721,0,0.5741807818412781
2023-07-21 00:00:00+00:00,7.800000190734863,4.179999828338623,4.865231313802151,0.0920999641966023,0.0135395314200864,0.0693825059993655,-0.0221533756307825,4.887579446959229,0.1596938941150054,-0.1387239991456939,0,0.5743623971939087
2023-07-24 00:00:00+00:00,7.800000190734863,4.260000228881836,4.80906320487912,0.1568896700316681,0.0150633814841319,0.0681218918942968,-0.0144893158456785,4.823634205610887,0.16864845463798,-0.0859143113809207,0,0.5743111968040466
2023-07-25 00:00:00+00:00,8.100000381469727,4.28000020980835,5.095021452079811,0.1540941088676312,0.0156609269061317,0.0676823508250126,0.0386794826059096,5.05604804432181,0.1719252774996459,0.22497845092028,0,0.5742995738983154
2023-07-26 00:00:00+00:00,8.100000381469727,4.260000228881836,5.109063395613983,0.2116102774480427,0.0169430968146868,0.0664697436884368,0.015295322073151,5.093719464906758,0.1794114315599709,0.0852527731380279,0,0.5744791626930237
2023-07-27 00:00:00+00:00,8.100000381469727,4.28000020980835,5.095021452079811,0.2349120724207363,0.0163525052838643,0.0669960074119532,0.0032556162644632,5.091768314035322,0.1775974267423638,0.0183314382656345,0,0.5747087597846985
2023-07-28 00:00:00+00:00,8.100000381469727,4.300000190734863,5.08097950854564,0.0467226827230528,0.0121005790851506,0.0699897912206961,-0.0011490743880941,5.0821399720818405,0.1512467633905977,-0.007597348613184,0,0.5746540427207947
2023-07-31 00:00:00+00:00,8.100000381469727,4.570000171661377,4.8914131034411445,0.1139346255389843,0.0138509657417718,0.0683897069191251,-0.0269013363537211,4.91852416458155,0.1613968430748756,-0.1666782065944188,0,0.5747069120407104
2023-08-01 00:00:00+00:00,8.100000381469727,4.75,4.765035611633596,-0.071967817249446,0.0081331163524939,0.0713849574591675,-0.0131132612707317,4.778314739225229,0.124301590265376,-0.1054955229674513,0,0.5745331645011902
2023-08-02 00:00:00+00:00,8.0,4.730000019073486,4.67907717369804,-0.0845800553583484,0.0077385182193708,0.0712459156566264,-0.0085046570671592,4.687696158189126,0.1213414931558644,-0.070088613927265,0,0.5745781064033508
2023-08-03 00:00:00+00:00,8.0,4.460000038146973,4.868643578802535,0.3500944406968966,0.0165281063538706,0.062444427738449,0.0304924832945312,4.837927098410013,0.1766161331793286,0.1726483461370453,0,0.5745284557342529
2023-08-04 00:00:00+00:00,8.0,4.329999923706055,4.959916379167826,0.999,10.328451552338311,1e-06,0.1219875321408214,4.837927960877618,3.216097197492413,0.0379303001899118,0,0.5747787356376648
2023-08-07 00:00:00+00:00,8.0,4.510000228881836,4.833538552573934,0.3361832501866112,0.0136015627111903,0.0641478686733842,0.035452649196259,4.798139725342307,0.1661780652120597,0.2133413284780874,0,0.5753702521324158
2023-08-08 00:00:00+00:00,9.18000030517578,4.460000038146973,6.048643883978315,0.0952487013146562,0.0170536068212642,0.0656012975757351,0.2129483427226395,5.834373084190161,0.1776832665570514,1.1984715660000824,0,0.5758114457130432
2023-08-09 00:00:00+00:00,9.0,4.289999961853027,5.98800026623617,0.9336568732517132,0.2494981475624189,1e-06,0.1538345704826061,5.834183790473797,0.5139824022024105,0.2992992947295981,0,0.5778587460517883
2023-08-10 00:00:00+00:00,9.0,4.179999828338623,6.065231123067288,0.2203468782956988,0.0133882410772344,0.0746846373329848,0.0560178365119248,6.0090101243120495,0.1620725983761753,0.3456342223989382,0,0.5796621441841125
2023-08-11 00:00:00+00:00,8.5,4.139999866485596,5.593315010135632,0.1136062635965664,0.0123476159840944,0.0762866917319949,-0.0407846194618756,5.634526238518207,0.1537102274174053,-0.2653344552742323,0,0.5804535746574402
2023-08-14 00:00:00+00:00,8.5,4.170000076293945,5.572251927441203,0.2805921922427544,0.0155203630117602,0.0735250421606774,-0.0185265999236057,5.59083199554194,0.1734444008995638,-0.1068157855054305,0,0.5808359980583191
2023-08-15 00:00:00+00:00,8.0,4.170000076293945,5.072251927441203,-0.0406614283643247,0.0088713364763873,0.0812843068441674,-0.0456842303418101,5.118425644781996,0.1300709296352083,-0.3512255234119902,0,0.5808542966842651
2023-08-16 00:00:00+00:00,8.0,4.21999979019165,5.037147235998943,0.0663087684902389,0.0096895311322593,0.0816102487661204,-0.010331515984198,5.047558194115542,0.1362227961652522,-0.0758427831099933,0,0.5806316137313843
2023-08-17 00:00:00+00:00,8.0,4.0,5.191608614874837,-0.0376328245629693,0.0074149837143113,0.0834862574789468,0.0114685433902429,5.179997307623644,0.1193481287637377,0.0960931981844993,0,0.580676257610321
2023-08-18 00:00:00+00:00,7.599999904632568,4.070000171661377,4.742461549744632,-0.0697979081197852,0.007587762480745,0.0836793986479338,-0.0364249999328706,4.77932651376194,0.1206163742461388,-0.3019905063514764,0,0.581078827381134
2023-08-21 00:00:00+00:00,7.599999904632568,3.950000047683716,4.826713378342836,-0.0325596691051826,0.0079746583258102,0.0835634791098855,0.0050111463383846,4.821655631472238,0.1236005186480972,0.0405430850387599,0,0.5812998414039612
2023-08-22 00:00:00+00:00,7.599999904632568,4.110000133514404,4.714377662676288,-0.0800481799519154,0.0072681727756915,0.0841968268114803,-0.0088292379865316,4.723313601092161,0.1181534985121624,-0.0747268434512145,0,0.5816810131072998
2023-08-23 00:00:00+00:00,8.0,4.179999828338623,5.065231123067288,-0.1390979423965659,0.0071532555380377,0.0843634534354071,0.0291007720875057,5.035790957757063,0.1173205293093796,0.2480450118901668,0,0.581864595413208
2023-08-24 00:00:00+00:00,7.5,4.380000114440918,4.424811352939225,-0.2490169935494126,0.0073206167106507,0.0844152463543878,-0.0626111001783411,4.488013024997327,0.119127964814439,-0.5255785262164765,0,0.582186758518219
2023-08-25 00:00:00+00:00,7.21999979019165,4.289999961853027,4.208000056427821,0.1627516727097313,0.0134158286516097,0.0812153138978694,-0.043991227840573,4.252262103645168,0.159530963344172,-0.275753539741789,0,0.5823818445205688
2023-08-28 00:00:00+00:00,7.21999979019165,4.329999923706055,4.179916169359476,-0.1016017794579972,0.0076753223669008,0.0872011545991859,-0.0018499249378754,4.181836147755896,0.1213784547987231,-0.0152409662896357,0,0.5823432803153992
2023-08-29 00:00:00+00:00,8.0,4.269999980926514,5.002042209770342,0.0066194952196785,0.0125919306926012,0.0849177526774773,0.0983095152422814,4.902948978054805,0.1538840429275644,0.6388545126056844,0,0.5821406841278076
2023-08-30 00:00:00+00:00,8.0,4.21999979019165,5.037147235998943,0.3574953930941195,0.0194743630072202,0.0807179760459513,0.0511249234389308,4.985927935194334,0.1939957266043126,0.2635363383194972,0,0.5825070142745972
2023-08-31 00:00:00+00:00,8.0,4.150000095367432,5.086293870975375,0.0429076163126201,0.0091740955180612,0.0910258829092092,0.0092660229088487,5.076943943006187,0.1333206452176416,0.0695017856665954,0,0.5832412838935852
2023-09-01 00:00:00+00:00,8.0,4.269999980926514,5.002042209770342,0.6948349034936762,0.0249979082927897,0.0743695747633727,-0.0123473539266305,5.014470608854979,0.2208951760196085,-0.0558968925855332,0,0.5831521153450012
2023-09-04 00:00:00+00:00,8.0,4.340000152587891,4.952895240007569,0.1343882409201188,0.0074367659809237,0.0905552991020934,-0.0040726857135592,4.957019585257614,0.1229436389052956,-0.03312644517295,0,0.5833888053894043
2023-09-05 00:00:00+00:00,8.0,4.300000190734863,4.980979127075913,0.5082344666489143,0.0170869249492067,0.0809009892161018,0.0018771492676541,4.979075958990594,0.1840023636773807,0.0102017671411299,0,0.5832395553588867
2023-09-06 00:00:00+00:00,8.0,4.449999809265137,4.875664717962793,0.9080118100426884,0.0871560556644066,0.0102690788376064,-0.0905141921947832,4.966286429852317,0.3359954353572075,-0.2693911365151574,0,0.5830134749412537
2023-09-08 00:00:00+00:00,8.0,4.440000057220459,4.882685522336708,-0.5434088487580331,0.001492703964795,0.0864273867553986,0.0286832423653044,4.854091304875511,0.0838408992818021,0.3421151563379069,0,0.5814638733863831
2023-09-11 00:00:00+00:00,8.0,4.28000020980835,4.995021070610084,-0.2193145341836262,0.0065979332538378,0.0760761855588501,0.0067635824421505,4.988095827943413,0.1128988029554499,0.0599083627557988,0,0.5795886516571045
2023-09-12 00:00:00+00:00,8.0,4.309999942779541,4.973958322701998,0.2665722636487488,0.0177590682636059,0.0649305566862699,-0.001259830417196,4.975236649056893,0.1810339843418144,-0.006959082416356,0,0.5784810781478882
2023-09-13 00:00:00+00:00,8.0,4.289999961853027,4.98800026623617,0.2586784151521082,0.0174790145612494,0.0651935645725124,0.0017726793468349,4.986213217841032,0.1833608223696125,0.0096677104952204,0,0.575922966003418
2023-09-14 00:00:00+00:00,8.0,4.300000190734863,4.980979127075913,0.2764724457985559,0.0170630219856685,0.0651707822277541,-0.0003817187170974,4.981367145746298,0.1823520091556621,-0.0020933068895974,0,0.5746046304702759
2023-09-15 00:00:00+00:00,8.0,4.199999809265137,5.051189179533115,0.2543782244495414,0.0163967440535485,0.0656557349206495,0.0101190741877617,5.040993464914265,0.1785871295240343,0.0566618334408017,0,0.5747169256210327
2023-09-18 00:00:00+00:00,8.0,4.300000190734863,4.980979127075913,0.272743755245066,0.0171637673071146,0.0648506190838485,-0.0070281533827208,4.988076729291205,0.1824355260422083,-0.0385240393425061,0,0.5748767852783203
2023-09-19 00:00:00+00:00,8.0,4.360000133514404,4.938853296473397,0.980848645061637,0.4620968731540015,1e-06,-0.0491782283186642,4.988040681096696,0.6916538181602068,-0.0711023737994795,0,0.5751318335533142
2023-09-20 00:00:00+00:00,8.0,4.449999809265137,4.875664717962793,-0.3507415574856338,0.0057914384321054,0.0631381579490937,-0.0004676392231425,4.876263852578788,0.1083752790565272,-0.0043149990220429,0,0.5750482082366943
2023-09-21 00:00:00+00:00,8.0,4.409999847412109,4.9037486050311365,0.0464845099548517,0.0113246353658945,0.05755605596405,0.0040640594878138,4.89964760803423,0.144979603014361,0.0280319396888629,0,0.5748997926712036
2023-09-22 00:00:00+00:00,8.0,4.539999961853027,4.812475804665848,0.1384997155846733,0.0121096976265361,0.056766923403223,-0.0120428691467339,4.824633741797345,0.151100408245966,-0.079701102641167,0,0.5750307440757751
2023-09-25 00:00:00+00:00,8.0,4.449999809265137,4.875664717962793,0.270499156290988,0.0146115936297415,0.0542490431331051,0.0058211858352109,4.869770900713501,0.1670847863212732,0.0348397120011745,0,0.5751399397850037
2023-09-26 00:00:00+00:00,8.0,4.5,4.840559691734192,0.2737625549405478,0.0146395106330689,0.05410336387927,-0.0032738543266023,4.843874112804257,0.1684645866079626,-0.0194334868385187,0,0.5751932263374329
2023-09-27 00:00:00+00:00,8.0,4.5,4.840559691734192,0.3590788706675973,0.0171603983851236,0.051585928110872,-0.0015772313598366,4.842139791322599,0.182928149500394,-0.0086221358721677,0,0.5751166343688965
2023-09-28 00:00:00+00:00,8.0,4.809999942779541,4.622909399561353,0.3350187659935,0.0166408727492567,0.0522693255546482,-0.0378377141073881,4.66103377064612,0.1813591421832488,-0.2086341700334918,0,0.5750053524971008
2023-09-29 00:00:00+00:00,8.0,5.039999961853027,4.461426881525202,0.3759474235512539,0.0174668927134525,0.0518639209643014,-0.0476181530024018,4.50928947938708,0.1864666033790427,-0.255370946536766,0,0.5750721096992493
2023-10-02 00:00:00+00:00,7.78000020980835,4.679999828338623,4.494182409734991,0.3145653262506735,0.0153814953668557,0.0535959994361484,-0.0149983335565532,4.509180908983339,0.1752626659075389,-0.0855763175739079,0,0.5751410722732544
2023-10-03 00:00:00+00:00,7.78000020980835,4.75,4.4450354399722185,0.2967397667827421,0.0151562585140415,0.0527875158876598,-0.013881394051929,4.458995683901231,0.1725494929005078,-0.0804487675888625,0,0.574776291847229
2023-10-04 00:00:00+00:00,7.78000020980835,4.809999942779541,4.402909609369702,0.4128969236203932,0.0177469697580301,0.0502368710396675,-0.0155063007287411,4.418484697080751,0.1876898297717621,-0.0826166273771859,0,0.5737107992172241
2023-10-05 00:00:00+00:00,7.699999809265137,4.820000171661377,4.315888069666232,0.4370969191124478,0.0183240343345841,0.049658587721288,-0.0250205971344359,4.341038679717065,0.193174355304124,-0.1295233888320462,0,0.5733541250228882
2023-10-06 00:00:00+00:00,7.699999809265137,5.03000020980835,4.168447495164253,0.4594151002733212,0.0192646996980713,0.0489060272826377,-0.0432271633164024,4.211892650341871,0.1991748615222051,-0.2170312206371649,0,0.5733981132507324
2023-10-09 00:00:00+00:00,7.699999809265137,4.96999979019165,4.210573660553112,0.3429134436400423,0.0058412488920531,0.0568361800992496,-0.0145876099520863,4.225142426208914,0.1185757862847045,-0.123023514405049,0,0.5733823776245117
2023-10-10 00:00:00+00:00,7.699999809265137,4.900000095367432,4.259720295529544,-0.4784956467463597,0.0030728089801188,0.0536703996057544,0.0102542637426354,4.249429187689448,0.0835052983082954,0.1227977619429298,0,0.5733768343925476
2023-10-11 00:00:00+00:00,7.699999809265137,4.949999809265137,4.224615604087284,0.1678421279417833,0.0122648257545444,0.0444505505641806,-0.0034980240485498,4.228158152086059,0.1494453413272291,-0.0234067118953574,0,0.5735005736351013
2023-10-13 00:00:00+00:00,7.699999809265137,4.900000095367432,4.259720295529544,0.1786538325758136,0.012504098598909,0.044201019567062,0.0049515208675106,4.254718217987601,0.1530313443222536,0.0323562528280727,0,0.5736810564994812
2023-10-16 00:00:00+00:00,7.699999809265137,4.909999847412109,4.252699491155628,0.1705733098377239,0.0123516554282369,0.044298695217331,0.0003634253900888,4.252340516754583,0.1523292863347581,0.0023857880440021,0,0.5734421014785767
2023-10-17 00:00:00+00:00,7.699999809265137,4.829999923706055,4.308867265292317,0.1731675597202452,0.0124648914269507,0.0441716928855572,0.0096575312999617,4.299121822479809,0.1529727839429332,0.0631323497620628,0,0.5733879208564758
2023-10-18 00:00:00+00:00,7.699999809265137,4.800000190734863,4.329930013200404,0.1899509353850627,0.012140902591205,0.0442513318467983,0.0065897964419097,4.323294760908468,0.1515235592454485,0.0434902431986508,0,0.5734200477600098
2023-10-19 00:00:00+00:00,7.599999904632568,4.550000190734863,4.405454570138159,0.0706843872790591,0.0102796748564287,0.0453566119888922,0.0124664396048118,4.39286273443351,0.1385913610721867,0.089951058337024,0,0.5735365748405457
2023-10-20 00:00:00+00:00,7.599999904632568,4.619999885559082,4.356307935161727,0.2621391552798917,0.013910563973504,0.0393830150237281,-0.0050523370400301,4.361428540808338,0.1608982381738845,-0.0314008226402705,0,0.5735191702842712
2023-10-23 00:00:00+00:00,7.320000171661377,4.389999866485596,4.237790720226686,0.3895280780194194,0.0168066135180396,0.0363133281194939,-0.0313890702874221,4.269390444761277,0.1790345671576103,-0.1753240772760335,0,0.5734362006187439
2023-10-24 00:00:00+00:00,7.320000171661377,4.050000190734863,4.4765037603076125,0.1991366855734777,0.012626469875575,0.0399224760531691,0.0285754183131895,4.447586899676395,0.1555400866358634,0.1837173871459118,0,0.5734114646911621
2023-10-25 00:00:00+00:00,7.320000171661377,4.070000171661377,4.46246181677344,0.2885938806542935,0.0146761638170362,0.0380543492045869,0.0096348362867358,4.452815700471623,0.1665483452643962,0.0578500871410068,0,0.5735474228858948
2023-10-26 00:00:00+00:00,7.320000171661377,4.079999923706055,4.455441012399525,0.3292395361401017,0.0147699386316148,0.0378425120641746,0.0030613065503866,4.452380638080076,0.1689524846425324,0.0181193343019707,0,0.5734389424324036
2023-10-27 00:00:00+00:00,7.090000152587891,4.090000152587891,4.218419854165783,0.1078778801927802,0.0104570101341461,0.0411524492533909,-0.0337790484850035,4.25257235579258,0.1405155813041165,-0.2403936145123714,0,0.5733301639556885
2023-10-30 00:00:00+00:00,7.090000152587891,4.260000228881836,4.099063166732147,0.2616948372028402,0.0145483885783335,0.0364401431868288,-0.0416633747509211,4.140983825246329,0.1638239037036216,-0.2543180440034898,0,0.5732196569442749
2023-10-31 00:00:00+00:00,7.0,4.260000228881836,4.009063014144257,0.2555116359295099,0.0147647516900262,0.0360333418375106,-0.0367424892405864,4.046015409608455,0.1663024158476831,-0.2209377960825233,0,0.5733006000518799
2023-11-01 00:00:00+00:00,7.0,4.239999771118164,4.023105292464772,0.3054800244605128,0.0164071343839199,0.0343667288806788,-0.0140204892441883,4.037146225312581,0.1753399648681112,-0.0799617432040348,0,0.5733914375305176
2023-11-03 00:00:00+00:00,7.0,4.25,4.016084153304514,0.3037801886654203,0.0163657303025048,0.0343949222992946,-0.0081322808117007,4.02424546644456,0.1760097082977219,-0.0462035923492638,0,0.5734017491340637
2023-11-06 00:00:00+00:00,7.300000190734863,4.150000095367432,4.386294061710238,0.2868551986941,0.0167719649749361,0.0345961103154465,0.0828752545769469,4.302800867926427,0.1775442304391035,0.4667865262192937,0,0.5735880136489868
2023-11-07 00:00:00+00:00,7.300000190734863,4.139999866485596,4.393315200870495,0.4875186724603813,0.0217065941976988,0.029718920434372,0.0566923509114683,4.336532519443214,0.2026256215168221,0.279788658941938,0,0.5738998651504517
2023-11-08 00:00:00+00:00,7.300000190734863,4.150000095367432,4.386294061710238,0.2006902852449408,0.0127227682866514,0.0377039329202085,0.0172477575052189,4.368985316858767,0.1573305580293831,0.1096275111539218,0,0.5745365619659424
2023-11-09 00:00:00+00:00,7.300000190734863,4.369999885559082,4.231832682834344,0.3000361140351622,0.0158734905588288,0.0346480230644889,-0.0284027113399304,4.260486882535441,0.1722790604832877,-0.1648645590488676,0,0.5749943852424622
2023-11-10 00:00:00+00:00,7.099999904632568,4.460000038146973,3.968643483435104,0.3758706504893222,0.0180386647922304,0.0330678783393792,-0.0841678905710817,4.053307653524266,0.1848166683496454,-0.4554128765693834,0,0.5749937295913696
2023-11-13 00:00:00+00:00,7.099999904632568,5.039999961853027,3.56142678615777,0.4325829816833859,0.0192744321943324,0.0336019003944041,-0.1563024318621616,3.718511330240011,0.1937265467608495,-0.8068198936881534,0,0.5747660994529724
2023-11-14 00:00:00+00:00,7.099999904632568,4.559999942779541,3.8984337657642434,0.2435494823589025,0.0143707301244228,0.0383568374562207,-0.0001584907307775,3.8982480641076154,0.1670598041064477,-0.0009487065522748,0,0.5748480558395386
2023-11-16 00:00:00+00:00,6.900000095367432,4.519999980926514,3.726517843567451,0.2520735894125697,0.0148439487300231,0.037961660474721,-0.0349036927274943,3.761705075106908,0.1674852169191794,-0.208398647770431,0,0.5748476982116699
2023-11-17 00:00:00+00:00,6.900000095367432,4.389999866485596,3.817790643932741,0.2556339247770461,0.0136317604158992,0.0379284281212221,0.0033240790350748,3.814356470683476,0.1613413583599242,0.0206027708509765,0,0.5747992992401123
2023-11-20 00:00:00+00:00,7.099999904632568,4.349999904632568,4.045874340266222,0.1583939857443548,0.0130144393248412,0.0376030946480127,0.0445955791694471,4.000890983955459,0.1554728518477694,0.2868383684960811,0,0.5748679637908936
2023-11-21 00:00:00+00:00,7.099999904632568,4.300000190734863,4.080979031708481,0.182027866899837,0.0117991881574919,0.0387216190975985,0.0206683365273816,4.060186938107751,0.14899509662493,0.1387182329859531,0,0.5750308632850647
2023-11-22 00:00:00+00:00,7.099999904632568,4.25,4.1160840579370825,-0.0761151254627011,0.0080474131471968,0.0409357436358269,0.0067839836559439,4.109206152161974,0.1219063809234147,0.0556491268509219,0,0.5753176808357239
2023-11-23 00:00:00+00:00,7.099999904632568,4.25,4.1160840579370825,0.0506672195397649,0.0105402451219993,0.0382926495303031,0.0015538817922861,4.114518327248691,0.1385873354148659,0.0112122928666937,0,0.5752170085906982
2023-11-24 00:00:00+00:00,7.099999904632568,4.340000152587891,4.052895144640138,-0.001913188705485,0.0089257553901196,0.0392926383714129,-0.0096565040587851,4.062659601875413,0.1282599741538519,-0.075288523348694,0,0.5751751065254211
2023-11-27 00:00:00+00:00,7.099999904632568,4.21999979019165,4.137147140631512,-0.1100212622655625,0.0080299395385256,0.0390168649389567,0.0126932145980933,4.1243239323207765,0.1213824452891976,0.1045720785065031,0,0.5751856565475464
2023-11-28 00:00:00+00:00,7.099999904632568,4.25,4.1160840579370825,0.0010372201415476,0.0101433495029029,0.0367861254767326,-0.0015421448638649,4.11764154658644,0.1355598282433504,-0.0113761199305783,0,0.575423538684845
2023-11-29 00:00:00+00:00,7.019999980926514,4.329999923706055,3.979916360094339,0.0329768927188026,0.0108559863323121,0.0360554112884101,-0.0266790812021069,4.006846791863633,0.1402564806734104,-0.1902163883908486,0,0.5752490162849426
2023-11-30 00:00:00+00:00,7.019999980926514,4.369999885559082,3.951832473025995,0.0399039939152204,0.0109555357718648,0.0360018160611451,-0.01143393394457,3.963364059909984,0.1410112910960955,-0.0810852369033211,0,0.5751459002494812
2023-12-01 00:00:00+00:00,6.809999942779541,4.300000190734863,3.790979069855454,0.032923443557648,0.0108177406684105,0.0362233501598229,-0.0329924394434541,3.8242811325831374,0.1401702597270306,-0.2353740337479865,0,0.575008749961853
2023-12-04 00:00:00+00:00,6.809999942779541,4.179999828338623,3.8752310658468287,0.0200917794848507,0.0106855977364349,0.0362943594401837,0.0090916693955643,3.8660466032408367,0.1392408801088728,0.0652945412902846,0,0.5753200650215149
2023-12-05 00:00:00+00:00,6.809999942779541,4.179999828338623,3.8752310658468287,0.0325671720939585,0.0108621732656863,0.0361653015654767,0.0019969036572605,3.873218099510526,0.1403831142398121,0.0142246713080413,0,0.5750213265419006
2023-12-06 00:00:00+00:00,6.809999942779541,4.349999904632568,3.7558743784131945,0.0507870233301632,0.0109829495380951,0.0359844691406879,-0.022401608801283,3.778489134258298,0.1413005525288604,-0.1585387204817017,0,0.5751368403434753
2023-12-07 00:00:00+00:00,6.809999942779541,4.329999923706055,3.7699163219473664,0.0366968021482021,0.0107422953929787,0.0361413675778279,-0.0022811085917402,3.7722114255314856,0.1397646074718135,-0.016321074648317,0,0.5749121904373169
2023-12-08 00:00:00+00:00,6.809999942779541,4.380000114440918,3.734811295718765,0.0282148972575036,0.0105966337381582,0.0362341504479225,-0.0070566908040733,3.741935505450888,0.1387831095342213,-0.0508468993651805,0,0.5748317837715149
2023-12-11 00:00:00+00:00,6.809999942779541,4.380000114440918,3.734811295718765,0.0357424103784776,0.010220684619121,0.0357324389107417,-0.0015109573492561,3.736334938409283,0.136509704220171,-0.0110684977151452,0,0.5744189620018005
2023-12-12 00:00:00+00:00,6.809999942779541,4.619999885559082,3.5663079733086995,-0.0238731700017355,0.0098904618605309,0.0354053308103832,-0.0315951097854483,3.5982163966806437,0.133820597812537,-0.2361004979944001,0,0.5740185379981995
2023-12-13 00:00:00+00:00,6.809999942779541,4.420000076293945,3.706727408650421,0.0287919466833763,0.0111928242668741,0.0341023874379502,0.0217274928437061,3.684793544824387,0.1418554586482587,0.1531664205998662,0,0.5739945769309998
2023-12-14 00:00:00+00:00,6.809999942779541,4.360000133514404,3.7488532392529375,0.0542297127665387,0.0113906596625589,0.0337808243375637,0.0140726953756917,3.7346626117637833,0.1434068043755174,0.0981312946549015,0,0.5743326544761658
2023-12-15 00:00:00+00:00,6.599999904632568,4.340000152587891,3.552895144640137,0.0344626909780121,0.011424775884713,0.0335776824343444,-0.0372445612860266,3.5904789946144096,0.1433818984183938,-0.259757763684685,0,0.5744507908821106
2023-12-18 00:00:00+00:00,6.599999904632568,4.199999809265137,3.651189084165684,-0.0116339306695916,0.0100490790742814,0.0344743218360876,0.0117641572949923,3.639313362435996,0.1348710581781925,0.0872252168396979,0,0.5742304921150208
2023-12-19 00:00:00+00:00,6.5,4.239999771118164,3.523105292464771,-0.0630488673755789,0.0094903820822703,0.0346520297937551,-0.0223984824973691,3.5457195905503616,0.1308854437272385,-0.1711304317693796,0,0.5741697549819946
2023-12-20 00:00:00+00:00,6.5,4.300000190734863,3.480979127075913,-0.0129322606468069,0.0104190920062563,0.0338059250832587,-0.0128080905418266,3.4939117335514847,0.1368241090449461,-0.0936098954433478,0,0.5742179155349731
2023-12-21 00:00:00+00:00,7.289999961853027,4.199999809265137,4.341189141386143,0.0133697694348798,0.0114094351216372,0.032802231505471,0.1823986831714835,4.1571748231806325,0.14277919601067,1.2774878152266158,-1,0.5741843581199646
2023-12-22 00:00:00+00:00,6.619999885559082,4.239999771118164,3.643105178023853,-0.0708890732476121,0.0113365236721209,0.0326015512308911,-0.1236555350887054,3.767682163002148,0.1416444707398188,-0.8729993796640564,0,0.5751709342002869
2023-12-26 00:00:00+00:00,7.300000190734863,4.21999979019165,4.337147426733806,-0.5311671153273128,0.0058203003952676,0.0360666966699633,0.1697466937188274,4.166594402066577,0.1069428458386427,1.5872655378457403,-1,0.5742223262786865
2023-12-27 00:00:00+00:00,7.309999942779541,4.210000038146973,4.354167983152399,-0.2529890536174701,0.0099787336040212,0.0340846978124706,0.0081499656371333,4.345583318593905,0.1330853207823551,0.0612386519356381,-1,0.5749911665916443
2023-12-28 00:00:00+00:00,7.309999942779541,4.25,4.326084096084055,-0.3787027466427467,0.0075654363358005,0.0364522928812494,-0.0063197520743115,4.332431734816138,0.1181345084851318,-0.0534962404749574,0,0.5752555131912231
2024-01-02 00:00:00+00:00,7.300000190734863,4.019999980926514,4.477566862075528,-0.3992762404739211,0.0071275631875112,0.0366277226246295,0.0295479336341209,4.44776612476723,0.1151006491375507,0.2567138748175935,0,0.575237512588501
2024-01-03 00:00:00+00:00,7.300000190734863,3.900000095367432,4.561818523280561,-0.3813707755598405,0.0063837492255889,0.037331530142873,0.0103941864878578,4.551198703646912,0.1095357919124967,0.0948930601256005,0,0.5756198167800903
2024-01-04 00:00:00+00:00,7.170000076293945,4.0,4.361608691168782,-0.3965497797608614,0.0060230938665164,0.0375246692138436,-0.0350917662355142,4.397039836702362,0.106795403868596,-0.328588731015916,0,0.5755945444107056
2024-01-05 00:00:00+00:00,7.309999942779541,4.070000171661377,4.452461587891604,-0.4906476311102283,0.0050182670081335,0.0376467222345121,0.0234577008054595,4.428934139011308,0.0993526342467793,0.2361054740349772,0,0.5756154656410217
2024-01-08 00:00:00+00:00,7.21999979019165,4.090000152587891,4.348419491769542,-0.4500220299956103,0.0056441992086627,0.0369084082170252,-0.0221968768425001,4.370748594362469,0.1039536109973343,-0.2135267513032263,0,0.5758053064346313
2024-01-09 00:00:00+00:00,7.110000133514404,4.090000152587891,4.238419835092296,-0.4680045481637577,0.0052117988006672,0.0371251852002251,-0.0129058586625216,4.251591894347788,0.100628007329819,-0.1282531474584541,0,0.576041579246521
2024-01-10 00:00:00+00:00,7.110000133514404,4.019999980926514,4.287566804855069,-0.4734730092946199,0.0049728752781752,0.0373565511617707,0.0108267593351653,4.276683857234923,0.0985996433621519,0.1098052585788689,0,0.5761972665786743
2024-01-11 00:00:00+00:00,7.110000133514404,3.940000057220459,4.343734578991757,-0.4836213663189783,0.0048932377961261,0.0373133171798949,0.0061149886700864,4.3374827165200855,0.0979539549702433,0.0624271748082463,0,0.5764018893241882
2024-01-12 00:00:00+00:00,7.210000038146973,4.03000020980835,4.380545570327381,-0.4691484824102275,0.0050660809675335,0.0371842267996467,0.0043849911112998,4.376073177183591,0.0992790222808116,0.0441683551122895,0,0.5765585899353027
2024-01-15 00:00:00+00:00,7.309999942779541,3.9600000381469727,4.529692444722722,-0.4821484867038597,0.0048863602816383,0.0373460780436915,0.022322103449081,4.507075996174651,0.0978960144476136,0.2280185110194258,0,0.5767860412597656
2024-01-16 00:00:00+00:00,7.300000190734863,3.9700000286102295,4.512671720910959,-0.4829888499456122,0.0047313760914582,0.0375806562638754,-0.0082723689096556,4.520913070210359,0.0965370334705743,-0.0856911447582146,0,0.5769646763801575
2024-01-17 00:00:00+00:00,7.210000038146973,3.940000057220459,4.4437344836243255,-0.5093582609635541,0.0044946649015453,0.0375746637816266,-0.0081696463274935,4.452058647178312,0.0946592657569115,-0.0863058281951344,0,0.5770609378814697
2024-01-18 00:00:00+00:00,7.210000038146973,4.019999980926514,4.387566709487637,-0.5347709128768656,0.0040373096784232,0.0378536657141084,-0.005711238914755,4.393408954261762,0.0906939038371824,-0.0629726880541835,0,0.5770796537399292
2024-01-19 00:00:00+00:00,7.210000038146973,4.119999885559082,4.3173569918167765,-0.561840288787733,0.0038432041581615,0.0376983286201129,-0.0082577877495589,4.3257674631633,0.0890054155961362,-0.0927784865027635,0,0.5771622061729431
2024-01-22 00:00:00+00:00,7.309999942779541,3.9800000190734863,4.51565050118855,-0.526711005096127,0.0043297328666085,0.0372936026411436,0.031850655777111,4.4834380823277815,0.0930816275048634,0.3421798332377339,0,0.5771307349205017
2024-01-23 00:00:00+00:00,8.300000190734863,4.050000190734863,5.456503779381099,-0.3126042335739295,0.0083286959406548,0.0388080255444151,0.171381387393706,5.283327428111152,0.1233585637628664,1.3892946072487873,-1,0.5771049857139587
2024-01-24 00:00:00+00:00,8.0,4.449999809265137,4.875664717962793,-0.3679374298246718,0.008353749542195,0.0391502891690161,-0.1303016343951118,5.006535535719075,0.1238335089272322,-1.052232433078194,0,0.5784851312637329
2024-01-25 00:00:00+00:00,7.150000095367432,4.25,4.166084248671946,0.2819283854475881,0.0278191941439138,0.0262532978311528,-0.403711026504457,4.571184731500294,0.210080564134674,-1.9216962224342395,1,0.5779998898506165
2024-01-26 00:00:00+00:00,7.099999904632568,4.329999923706055,4.059916283800394,0.1570023909967533,0.0179054340284332,0.0387348847538318,-0.1666014458263612,4.227172943110243,0.1805064278433784,-0.9229668318012352,1,0.5782790184020996
2024-01-29 00:00:00+00:00,6.679999828338623,4.28000020980835,3.675020898948708,-0.1906961290957786,0.0088434424256704,0.0487018709469122,-0.0587698773903804,3.7345346367879926,0.1278019638176657,-0.4598511293161898,1,0.5791643857955933
2024-01-30 00:00:00+00:00,7.0,4.059999942779541,4.149482784272321,-0.2544214414980048,0.0090400631671535,0.0481820051970169,0.0810306033349178,4.067873892760368,0.1291406816639147,0.6274599319972448,0,0.5774500370025635
2024-01-31 00:00:00+00:00,7.199999809265137,4.099999904632568,4.321398706469113,-0.0360531423603622,0.0125807466805401,0.0464710020025422,0.0460184065048229,4.274999902008135,0.1507189501582033,0.305325949102746,0,0.5779436230659485
2024-02-01 00:00:00+00:00,7.199999809265137,4.010000228881836,4.384587284979716,-0.0158997256644545,0.0056427911623876,0.0485562598708978,0.0091499957640316,4.375267097451902,0.1037692741133945,0.0881763493308523,0,0.5772743225097656
2024-02-02 00:00:00+00:00,7.190000057220459,3.9800000190734863,4.395650615629468,-0.6278336393045106,0.0026506615509759,0.0457661566051895,-0.0024315684509443,4.398040156164052,0.0795109006571162,-0.0305815734804753,0,0.5774407386779785
2024-02-05 00:00:00+00:00,7.090000152587891,3.950000047683716,4.316713626298158,-0.0441599430442415,0.0105829792450679,0.0378325291075653,-0.0165407806099997,4.333409248953538,0.1377500075536842,-0.1200782555569257,0,0.577934741973877
2024-02-06 00:00:00+00:00,7.050000190734863,4.050000190734863,4.206503779381099,0.0060665647648192,0.0104545413293736,0.03750337304498,-0.0234888107785072,4.230217391421223,0.1378057429770289,-0.1704487075144799,0,0.5780056118965149
2024-02-07 00:00:00+00:00,7.050000190734863,4.0,4.2416088056097,-0.1090186699092654,0.0090442877491586,0.0380018338270054,0.004102445800021,4.237491056241625,0.1281841688726732,0.0320043093940569,0,0.5781471133232117
2024-02-08 00:00:00+00:00,7.699999809265137,3.809999942779541,5.02500705510778,0.2003943737222781,0.0188729130014468,0.0300394161370884,0.2595010752056758,4.764043918922948,0.1795125979303596,1.4455869849666318,-1,0.5782045722007751
2024-02-09 00:00:00+00:00,7.699999809265137,3.950000047683716,4.926713282975404,0.2611719646185644,0.0201546006349795,0.0295923729855185,0.0969578206095046,4.829589523034242,0.1892390181560304,0.5123563922190797,-1,0.5801323652267456
2024-02-14 00:00:00+00:00,7.400000095367432,3.900000095367432,4.661818427913129,0.3134359067223083,0.0223762157695451,0.0278516461868478,-0.0348451661671274,4.697006637551758,0.200075651285563,-0.1741599537136769,0,0.5810114741325378
2024-02-15 00:00:00+00:00,6.820000171661377,3.900000095367432,4.0818185042070745,0.4957907132282397,0.0303131042888513,0.022513975443774,-0.2868502108190495,4.369708890785482,0.2308271016820898,-1.2427059419310234,0,0.5813241004943848
2024-02-16 00:00:00+00:00,7.0,3.809999942779541,4.325007245842643,0.314989424528441,0.0206341929265181,0.0321123988619976,-0.0791014056623154,4.40403693993355,0.1991960450359033,-0.3971032941344697,0,0.5803064703941345
2024-02-19 00:00:00+00:00,7.0,3.809999942779541,4.325007245842643,0.42647373153683,0.0258299222520318,0.0271813503949,-0.0498741239116856,4.3749575633078015,0.2181195148087058,-0.2286550286682329,0,0.5803341865539551
2024-02-20 00:00:00+00:00,7.0,3.829999923706055,4.310965302308471,0.4880481724721019,0.027843488093974,0.0249115831863055,-0.039511688383071,4.3505446342440335,0.2286611360661679,-0.1727958194506543,0,0.5793856978416443
2024-02-21 00:00:00+00:00,8.0,3.759999990463257,5.360112104678073,0.5602549078026919,0.039620969935641,0.01732830094981,0.538751391214984,4.81969242379017,0.2619850950737413,2.056420007647156,-1,0.5782522559165955
2024-02-22 00:00:00+00:00,8.09000015258789,3.7799999713897705,5.436070313731792,0.7518988141123063,0.0614857978568734,1e-06,0.5919613467893181,4.843775939704598,0.299576175702927,1.9759960731200903,-1,0.5795956254005432
2024-02-23 00:00:00+00:00,8.09000015258789,3.759999990463257,5.450112257265964,0.467477818677341,0.0247126785175929,0.034032409815751,0.3640735125449698,5.085545797932153,0.2256230302387533,1.613636303704053,-1,0.5861903429031372
2024-02-26 00:00:00+00:00,8.09000015258789,3.660000085830689,5.520321974936825,0.5283734448727088,0.0192379155419179,0.0369943624619549,0.2419318089206132,5.278000648826849,0.2078137846920851,1.1641759437617687,-1,0.5956875681877136
2024-02-27 00:00:00+00:00,8.09000015258789,3.700000047683716,5.492238087868481,-0.0149094113232641,0.0086757181869462,0.0445552549709171,0.0216158423225361,5.470343163126276,0.1277118937380151,0.1692547318018658,-1,0.602586567401886
2024-02-28 00:00:00+00:00,8.09000015258789,3.559999942779541,5.590531860000857,0.343258966143047,0.0184164239771501,0.0348063863235186,0.0406323678089746,5.54970060652641,0.181146763830628,0.2243063411663584,-1,0.6029055118560791
2024-02-29 00:00:00+00:00,8.0,3.539999961853028,5.5145736509471375,0.3424418270348373,0.018372754057555,0.0348429999928394,0.0014562215595067,5.513199710242513,0.1859775041979114,0.0078300951816035,-1,0.6050589680671692
2024-03-01 00:00:00+00:00,8.020000457763672,3.4200000762939453,5.618825769915842,0.3140254512428057,0.0175112784554631,0.0356206411946582,0.0246687972656903,5.59398435823406,0.1827360144414665,0.1349969098378916,-1,0.6058304309844971
2024-03-04 00:00:00+00:00,7.699999809265137,3.2799999713897705,5.397118893549683,0.2804088516909303,0.0169096216829327,0.0362860280960719,-0.0384532358982822,5.435903021949551,0.1789279036240564,-0.2149091065140735,0,0.6074291467666626
2024-03-05 00:00:00+00:00,8.399999618530273,3.3499999046325684,6.0479719004452175,0.1097282968772854,0.0151877389612489,0.0387093090724555,0.1237853997498315,5.92325315020903,0.1664596144478805,0.7436362276844599,0,0.6076277494430542
2024-03-06 00:00:00+00:00,8.420000076293945,3.25,6.13818207587975,0.4559632534496472,0.0270010958746026,0.0290447789667242,0.1196592292301696,6.018258388409933,0.2169568187627582,0.5515347704328974,0,0.6101204752922058
2024-03-07 00:00:00+00:00,8.520000457763672,3.1600000858306885,6.301371203253252,0.1687412871695019,0.0140758669404958,0.0421565276720738,0.0623718444764535,6.238625005707605,0.1640595237766489,0.380178139254913,0,0.6111507415771484
2024-03-08 00:00:00+00:00,9.0,3.190000057220459,6.760307830188321,0.1877565950159397,0.0148973429058206,0.042821166377266,0.1111663776618958,6.648372995606552,0.1665031388006966,0.6676533455321911,0,0.6132955551147461
2024-03-11 00:00:00+00:00,9.0,3.069999933242798,6.844559658786525,0.2476463464645832,0.0151203160362221,0.0437079458586907,0.0599470895512241,6.784358026552983,0.1690543669458355,0.354602431361214,0,0.6125532388687134
2024-03-12 00:00:00+00:00,9.25,3.0,7.143706461156127,0.0324030206263718,0.0098874612980726,0.0494572412721613,0.0488613383345028,7.094349471334417,0.1361850979358423,0.3587862334065489,0,0.6130526065826416
2024-03-13 00:00:00+00:00,9.510000228881836,2.890000104904175,7.48093737947591,0.1199086538335954,0.0109220552906947,0.0499346180783981,0.0621184726730025,7.418256864587529,0.1431414463288293,0.4339656630987358,0,0.6115736961364746
2024-03-14 00:00:00+00:00,9.510000228881836,2.859999895095825,7.50200046217034,0.0497717705897757,0.008942128349085,0.0523342111082809,0.0128619757435791,7.489023412276378,0.1299208464716568,0.0989985525254802,0,0.610002875328064
2024-03-15 00:00:00+00:00,9.510000228881836,2.930000066757202,7.4528534924075664,0.0031532623052639,0.0082329859195181,0.0529641868593442,-0.0042507718263712,7.457156546031912,0.1244721096501652,-0.0341503959265916,0,0.6080310940742493
2024-03-18 00:00:00+00:00,10.1899995803833,2.859999895095825,8.181999813671805,-0.0266268317828155,0.0101398929238193,0.0526550423936929,0.1062023888035408,8.074771222982772,0.1370095053882647,0.7751461367777286,0,0.6086069345474243
2024-03-19 00:00:00+00:00,9.210000038146973,2.799999952316284,7.244126102037993,-0.2213570466583793,0.0116118771250817,0.0514306462140664,-0.171417722633837,7.416604692500801,0.1452300070552383,-1.1803189031632988,0,0.6098511815071106
2024-03-20 00:00:00+00:00,9.0,2.900000095367432,6.963916178826988,0.6340608609365247,0.0546382592533173,0.0150316143534276,-0.3623645821243526,7.326764410022418,0.2727807512518377,-1.3284096493663844,1,0.6105195879936218
2024-03-21 00:00:00+00:00,9.0,2.8499999046325684,6.999021205055589,0.1612852601742998,0.0164842708358181,0.053501326310149,-0.102771643486719,7.1021135589234685,0.1766571480647648,-0.5817576283357726,1,0.6120169758796692
2024-03-22 00:00:00+00:00,8.949999809265137,2.890000104904175,6.920936959859211,0.1176796138437045,0.0151166625898902,0.0548944783847272,-0.0402383051304367,6.961382362119027,0.1678545838897296,-0.2397212170081154,1,0.6133981943130493
2024-03-25 00:00:00+00:00,9.010000228881836,3.039999961853028,6.87562280296962,0.124372225180344,0.0152538077601055,0.0548418536732371,-0.0189203760531577,6.894643772428752,0.1683025633236529,-0.1124188228599527,1,0.6119095683097839
2024-03-26 00:00:00+00:00,9.010000228881836,3.0899999141693115,6.840517944134189,0.1269348916621604,0.0150365550691157,0.0548470300866648,-0.0111864430663311,6.851769028384493,0.1672590947059011,-0.0668809255843502,1,0.6106671094894409
2024-03-27 00:00:00+00:00,8.9399995803833,3.140000104904175,6.735412269407052,0.0750601885438719,0.0140634908808563,0.0552255871625797,-0.0197271065832296,6.755282827260146,0.1613911986513516,-0.1222316132978573,1,0.598621129989624
2024-03-28 00:00:00+00:00,9.5,3.3299999237060547,7.162014225449116,0.0837227928023116,0.0156923553564811,0.0538126738528882,0.0740184163499004,7.08748363995179,0.1695025985757652,0.4366801274543012,0,0.588843584060669
2024-04-01 00:00:00+00:00,9.0,3.380000114440918,6.626909199220515,-0.0051766733874753,0.0155766469418521,0.0540082989879648,-0.0872050290171009,6.714669199162738,0.1679348006222991,-0.5192790814884943,0,0.5860661268234253
2024-04-02 00:00:00+00:00,9.0,3.3499999046325684,6.647972281914944,0.1605271521434272,0.0200391533014922,0.0507583586461042,-0.0261010672479682,6.674139334795368,0.1902409783638058,-0.137200026368946,0,0.5844348073005676
2024-04-03 00:00:00+00:00,8.109999656677246,3.359999895095825,5.750950966825105,-0.1766672280439155,0.012620353742366,0.0615430299054991,-0.1486964198393895,5.900607115885736,0.152004373323025,-0.9782377742737324,0,0.5841161608695984
2024-04-04 00:00:00+00:00,8.15999984741211,3.450000047683716,5.737762244263022,0.0344018249533606,0.0154461401660525,0.0621254444175553,-0.0323273305813366,5.770269805035004,0.1682256534612159,-0.1921664735205779,0,0.5835602283477783
2024-04-05 00:00:00+00:00,7.449999809265137,3.5199999809265137,4.978615403746447,-0.5260870504322884,0.0052150421509345,0.0749410095663139,-0.09688195073515,5.076230908263023,0.1086324302063523,-0.8918326741942374,0,0.5829152464866638
2024-04-08 00:00:00+00:00,7.800000190734863,3.5899999141693115,5.279468982846571,-0.5043574557554151,0.0054610961170275,0.0756218211280016,0.0656437143334719,5.213664703950465,0.107058312084956,0.613158502642751,0,0.5824958682060242
2024-04-09 00:00:00+00:00,8.489999771118164,3.670000076293945,5.913300621700012,-0.1852140506208855,0.0111980977458281,0.0734097948194863,0.0833979826356079,5.829139001324304,0.1446449643860786,0.57657024556352,0,0.5826147794723511
2024-04-10 00:00:00+00:00,7.559999942779541,3.75,4.9271330192247005,-0.251262584112024,0.0143826004508084,0.0708093709772079,-0.173688485078817,5.101697450183654,0.1623466523998186,-1.069861820440044,0,0.5812790393829346
2024-04-11 00:00:00+00:00,7.199999809265137,3.809999942779541,4.52500705510778,0.4216616410155711,0.0421869646452077,0.0512632897319333,-0.2757546670302285,4.801277369538409,0.2659032405356238,-1.0370489147659896,0,0.5798168182373047
2024-04-12 00:00:00+00:00,7.289999961853027,3.7799999713897705,4.636070122996928,0.0543613034664155,0.0188124254857878,0.0750019718767936,-0.0368094307679596,4.673005321868438,0.1875879262747002,-0.1962249463435965,0,0.5782868266105652
2024-04-15 00:00:00+00:00,7.400000095367432,3.950000047683716,4.626713569077699,0.0335942544137628,0.0180252541210896,0.0758064966404825,-0.0084480052355082,4.635202796423392,0.182397737273634,-0.0463163927457857,0,0.5769841074943542
2024-04-16 00:00:00+00:00,7.5,3.849999904632568,4.796923358774299,0.0235116683939433,0.0177955072832788,0.0761028060299364,0.0258121294783573,4.770962135541336,0.1810992123429096,0.1425303243698397,0,0.575275719165802
2024-04-17 00:00:00+00:00,7.5,3.7899999618530273,4.839049189376816,0.0360678804288664,0.0180471351547734,0.076027519986047,0.0118106522536458,4.827176460415105,0.1824128507828716,0.0647468213064893,0,0.5749289989471436
2024-04-18 00:00:00+00:00,7.300000190734863,3.680000066757202,4.716280069549626,0.0252372065696989,0.0177707910338685,0.0762074824455171,-0.0175116782258122,4.7338941226213,0.1810107977429814,-0.0967438321037465,0,0.5745913982391357
2024-04-19 00:00:00+00:00,6.590000152587891,3.430000066757202,4.181804492972976,0.0829963747843539,0.0201269590695667,0.075636784018613,-0.0977748338468957,4.2800866256948025,0.1924469652656863,-0.5080611882443082,0,0.5745090246200562
2024-04-22 00:00:00+00:00,6.559999942779541,3.0799999237060547,4.39753862979898,0.0495151006250194,0.0190206041719171,0.0769545790752083,0.015163388593988,4.382265480048054,0.1873534392097902,0.0809346690295272,0,0.5748627781867981
2024-04-23 00:00:00+00:00,6.559999942779541,3.0899999141693115,4.390517658031894,0.0576334752568675,0.0191251177054414,0.0770351696626812,0.0020914684004497,4.388419519108949,0.1878606329155481,0.0111330850321896,0,0.5755482316017151
2024-04-24 00:00:00+00:00,6.559999942779541,3.0899999141693115,4.390517658031894,0.0481635781242276,0.0185185989063378,0.0773918464276606,0.0004214387881089,4.390094415320331,0.184987024023452,0.0022782072976942,0,0.5753285884857178
2024-04-25 00:00:00+00:00,6.559999942779541,3.289999961853028,4.250098055297001,0.019890179646716,0.0180200872416161,0.0774363164656201,-0.0223936725034897,4.272618190835034,0.1822414129834312,-0.1228791641641062,0,0.5749961137771606
2024-04-26 00:00:00+00:00,6.559999942779541,3.2699999809265137,4.264139998831174,0.0529880536196945,0.0193104962075065,0.076026734216714,-0.0024259464897377,4.266572626805313,0.1884433047282261,-0.0128736146568669,0,0.5749756693840027
2024-04-29 00:00:00+00:00,6.559999942779541,3.2799999713897705,4.257119027064087,0.0549291393175561,0.0194149784514228,0.0758956161383322,-0.0017078614564386,4.258835365576644,0.1890522035637921,-0.0090338087800304,0,0.5747966766357422
2024-04-30 00:00:00+00:00,6.559999942779541,3.259999990463257,4.27116097059826,0.0567585573420155,0.019486951861085,0.075823642724527,0.0020050989673364,4.269144578795089,0.18941176966164,0.0105859259480984,0,0.5744737386703491
2024-05-02 00:00:00+00:00,6.0,3.0999999046325684,3.8234967434852662,0.0551581295219491,0.0197302972768924,0.0758211650253325,-0.0761424921754126,3.900043181430536,0.1904764535733953,-0.3997475317655104,0,0.5744278430938721
2024-05-03 00:00:00+00:00,6.300000190734863,3.309999942779541,3.976056359718152,0.0336063570504307,0.0193962687873678,0.0758928755178317,0.0108012592685814,3.965184259440893,0.1886914256464509,0.0572429787499706,0,0.5740792751312256
2024-05-06 00:00:00+00:00,6.400000095367432,3.299999952316284,4.083077236117806,0.0904386885598766,0.0215051827260372,0.0740825354148698,0.0225825349116492,4.060387601573082,0.1985319984552615,0.1137475826937698,0,0.5741366744041443
2024-05-07 00:00:00+00:00,6.099999904632568,3.2100000381469727,3.8462657912867178,0.082100963596538,0.02150530391036,0.0740451922676643,-0.0374348730204843,3.883895577540477,0.1986566773226351,-0.1884400440247318,0,0.5740458369255066
2024-05-08 00:00:00+00:00,6.300000190734863,3.130000114440918,4.102433851525701,0.0387141689701873,0.0204628160173573,0.0743707387164937,0.0375733387848807,4.064663380749127,0.1934972199774142,0.1941802512163556,0,0.5738612413406372
2024-05-09 00:00:00+00:00,6.300000190734863,2.990000009536743,4.200727623658077,0.0758663157222544,0.0220928318567173,0.0713615077623831,0.0286056276974806,4.171998788413992,0.2006038744620911,0.1425975832928707,0,0.5738930106163025
2024-05-10 00:00:00+00:00,6.400000095367432,2.950000047683716,4.32881141535899,0.0958431055281073,0.021816885972262,0.0718129279318737,0.0314563042750085,4.2972132822487925,0.2000679484852444,0.1572281043174114,0,0.574080228805542
2024-05-13 00:00:00+00:00,6.400000095367432,2.8499999046325684,4.399021300423021,0.1053026320757983,0.0218996125037568,0.0717783703195592,0.0216503218437745,4.377280133579098,0.200606439230785,0.1079243613853649,0,0.5743197798728943
2024-05-14 00:00:00+00:00,6.400000095367432,2.8499999046325684,4.399021300423021,0.1110345384152644,0.0221014606803089,0.0715574616139956,0.006026560455935,4.392976888299823,0.2015624044696248,0.029899228835818,0,0.5750017762184143
2024-05-15 00:00:00+00:00,6.199999809265137,2.809999942779541,4.227104901389071,0.0859428551379365,0.0211307589856135,0.0722585030590894,-0.0295101189338145,4.256767624933045,0.1970971307165597,-0.1497237368526296,0,0.5751385688781738
2024-05-16 00:00:00+00:00,6.199999809265137,2.720000028610229,4.290293647292845,0.0833865551138414,0.0213162768366917,0.0718466284357681,0.0041781534654406,4.286082238884621,0.197668444435852,0.0211371798739306,0,0.5746949911117554
2024-05-17 00:00:00+00:00,6.199999809265137,2.7300000190734863,4.283272675525759,0.0992350117734609,0.0220065011171333,0.0711493250439114,-0.0001965529821903,4.283472221350992,0.2007905839141054,-0.0009788954161038,0,0.5740969181060791
2024-05-20 00:00:00+00:00,6.199999809265137,2.5899999141693115,4.381566447658135,0.0957183278608751,0.0219113489026549,0.0712727109359256,0.0183935145741114,4.363082358166372,0.2004384218375661,0.0917664108781372,0,0.5741592645645142
2024-05-21 00:00:00+00:00,6.0,2.3499999046325684,4.350070128196235,0.0958801966166188,0.0218895323385776,0.0712919682630008,-0.0010077186493244,4.351091493115272,0.2003448704279286,-0.0050299198934915,0,0.574244499206543
2024-05-22 00:00:00+00:00,6.0,2.180000066757202,4.469426648236698,0.0897449536797779,0.021657066567846,0.0715522163072069,0.0219235351764,4.447393960148455,0.1992789632969816,0.1100142976141833,0,0.5742359161376953
2024-05-23 00:00:00+00:00,5.139999866485596,1.9700000286102293,3.7568670892242726,0.0372984099984645,0.0224936936171108,0.0721911889824331,-0.1345368044257102,3.89202347627134,0.2018300822741597,-0.6665844997425092,0,0.5744425654411316
2024-05-24 00:00:00+00:00,5.210000038146973,2.0,3.805804345584391,0.1626876131346748,0.0263981657644716,0.0700233082527884,-0.0359541931878408,3.841817354837029,0.2192021441798362,-0.1640229995120102,0,0.5744525194168091
2024-05-27 00:00:00+00:00,5.5,1.9700000286102293,4.1168672227386764,0.1650008963777947,0.0270339985212779,0.0698286148155116,0.0543493310211894,4.062267287339284,0.2224787817638122,0.2442899524633669,0,0.5747670531272888
2024-05-28 00:00:00+00:00,5.5,2.0,4.095804307437419,0.1928699233451798,0.0280247031644287,0.0690335556687511,0.015538602998342,4.0802450936228265,0.2269465482018462,0.0684681178077317,0,0.5746056437492371
2024-05-29 00:00:00+00:00,5.75,1.940000057220459,4.387930138039935,0.1305216558769764,0.0251457910230161,0.0721808607312758,0.0616640312533098,4.326000869749499,0.2151854814446346,0.286562229195632,0,0.5748918056488037
2024-05-31 00:00:00+00:00,5.260000228881836,1.8899999856948853,3.9330353094537855,0.0813389948744215,0.0247223331399766,0.0726978169934771,-0.0747689188244883,4.008148976592665,0.2120026658478569,-0.3526791445072959,0,0.5752211213111877
2024-06-03 00:00:00+00:00,5.400000095367432,1.899999976158142,4.066014204172296,0.1193315350629504,0.0262376027816259,0.0715647655994569,0.0052488126814096,4.060706626203229,0.2182807019417027,0.0240461599890378,0,0.5752187967300415
2024-06-04 00:00:00+00:00,5.599999904632568,1.870000004768372,4.287076928738691,0.1550430924188198,0.0281317438797799,0.0701314602709414,0.0510584628128744,4.235820108507715,0.2261317350467279,0.2257907887290731,0,0.5753717422485352
2024-06-05 00:00:00+00:00,5.599999904632568,1.820000052452088,4.322181787574121,0.1571362276367297,0.0278950306005864,0.0706232792342323,0.0249489111590652,4.297164769579132,0.2258065580723587,0.110487983041974,0,0.5755938291549683
2024-06-06 00:00:00+00:00,5.599999904632568,1.7999999523162842,4.336223814804879,0.1434913483321677,0.0271299910240563,0.0713865243543896,0.011034993247282,4.325158135882049,0.2227790825097206,0.0495333454243871,0,0.5760191679000854
2024-06-07 00:00:00+00:00,5.800000190734863,1.7999999523162842,4.536224100907174,0.1442589966475997,0.0272003173286104,0.0713524242542914,0.0460088348924347,4.490033420885805,0.2229117636296271,0.2063993130882024,0,0.5761005282402039
2024-06-10 00:00:00+00:00,5.599999904632568,1.7699999809265137,4.3572867301061375,0.1395244781080483,0.0271328081273952,0.0714129910898721,-0.0230588477615694,4.380466213412032,0.2225475832990844,-0.1036131123948461,0,0.5764139890670776
2024-06-11 00:00:00+00:00,5.599999904632568,1.9800000190734863,4.209846155604159,0.1669938076658648,0.0284597973417133,0.0704422472183762,-0.0407359669591032,4.250727637603581,0.2278985261483779,-0.1787460746129675,0,0.5761971473693848
2024-06-12 00:00:00+00:00,5.159999847412109,1.909999966621399,3.818992984449888,0.1462857805786206,0.0270460087303066,0.0729988363322034,-0.0934858985276811,3.912841806147402,0.2227928639977229,-0.4196090343748024,0,0.5761113166809082
2024-06-13 00:00:00+00:00,5.099999904632568,1.909999966621399,3.758993041670347,0.1604759931903435,0.0266349406994245,0.0742375124720578,-0.04301229460246,3.8021240493476416,0.2215666651145661,-0.1941280046807561,0,0.5755736827850342
2024-06-14 00:00:00+00:00,5.099999904632568,1.850000023841858,3.801118872272864,0.1385929591972974,0.0253038002916692,0.075565949560946,-0.0050084867351522,3.8061231482245823,0.2160776560604497,-0.0231791052645958,0,0.5751680731773376
2024-06-17 00:00:00+00:00,5.110000133514404,1.820000052452088,3.832182016455957,0.1282428553520069,0.0249027193556934,0.0758591581366809,0.0044878890352382,3.827671341080771,0.2140826823359834,0.020963344565138,0,0.5749168395996094
2024-06-18 00:00:00+00:00,5.110000133514404,1.809999942779541,3.839203071919629,0.1233695162529489,0.0202569040989749,0.0777121122059103,0.00228333149364,3.836910128971784,0.1949281511755426,0.0117137082554269,0,0.5749028921127319
2024-06-19 00:00:00+00:00,5.110000133514404,1.850000023841858,3.811119101154699,0.3226911477091054,0.0231345593725868,0.0747227711120417,-0.0040759286314776,3.815220015008834,0.2112386529849456,-0.0192953731425666,0,0.5748283267021179
2024-06-20 00:00:00+00:00,5.110000133514404,1.8600000143051147,3.804098129387613,0.999,15.545774686756152,1e-06,-0.01112179300259,3.815219967739772,3.945557820459062,-0.0028188138429805,0,0.5750288963317871
2024-06-21 00:00:00+00:00,5.110000133514404,2.009999990463257,3.698783469184737,0.4634675625691529,0.0272042345514831,0.0685412669002089,-0.028994340148185,3.727886833307063,0.2331842582442511,-0.1243408983372054,0,0.5751163363456726
2024-06-24 00:00:00+00:00,5.110000133514404,1.899999976158142,3.7760142423192686,0.6606850641843892,0.0490624621916769,0.0466844122145853,0.0100403232037494,3.765905997470419,0.302212322534124,0.0332227459143917,0,0.5752617120742798
2024-06-25 00:00:00+00:00,5.099999904632568,1.950000047683716,3.730909070905417,0.6740877148853758,0.0508453848704651,0.04483384913536,-0.0105422837825542,3.741492977863221,0.3219640544199094,-0.0327436669958344,0,0.5752370357513428
2024-06-26 00:00:00+00:00,5.099999904632568,2.0799999237060547,3.639636437933298,0.6441976126937774,0.0465919049009331,0.0488933465522066,-0.0388503325000785,3.678579660317607,0.321656452322073,-0.1207820711184674,0,0.5750702023506165
2024-06-27 00:00:00+00:00,5.099999904632568,2.0999999046325684,3.625594494399126,0.6724493621598465,0.0499233077028967,0.0455532881178335,-0.0360024144958503,3.661623305637154,0.3343687108754436,-0.1076727974982734,0,0.5751829743385315
2024-06-28 00:00:00+00:00,5.0,2.009999990463257,3.5887833356703323,0.6658045002412786,0.0485390321235518,0.0469048553926168,-0.0405549777085073,3.629385976761555,0.3357093442466018,-0.1208038394031621,0,0.575297474861145
2024-07-01 00:00:00+00:00,5.0,2.0,3.5958043074374184,0.6915059740783701,0.0529604886268193,0.042484527442897,-0.0301831128952292,3.625992863811701,0.3484569579599811,-0.0866193433815594,0,0.5752706527709961
2024-07-02 00:00:00+00:00,5.0,1.9299999475479128,3.6449511935036063,0.6618993735160327,0.0478940559301415,0.0473997478694104,-0.0076901192827618,3.6526036177911294,0.339844171677247,-0.0226283688927442,0,0.5748622417449951
2024-07-03 00:00:00+00:00,5.0,1.8799999952316284,3.6800560523390367,0.6750101140664098,0.0500217249152247,0.0452992857121651,0.0060082787003786,3.6740159699783104,0.3446210532876643,0.0174344505161829,0,0.5744346976280212
2024-07-04 00:00:00+00:00,5.0,1.909999966621399,3.6589931370377786,0.6611772374594393,0.0477008063837283,0.0475664631189565,-0.0019692929684457,3.66098081222659,0.3396196502608957,-0.0057985248113086,0,0.5741807818412781
2024-07-05 00:00:00+00:00,5.0,1.9900000095367432,3.602825279204505,0.6635096791300331,0.0482634282055747,0.0469761615489386,-0.019607343536154,3.622487774547005,0.3400342882783149,-0.0576628422840276,0,0.5741944909095764
2024-07-08 00:00:00+00:00,5.980000019073486,1.950000047683716,4.610909185346335,0.4323819187274456,0.0364327232672296,0.0625268012684068,0.1558325674349015,4.454251544911359,0.2866640762399643,0.5436068916582881,0,0.5739182233810425
2024-07-09 00:00:00+00:00,5.980000019073486,1.9600000381469729,4.603888213579249,0.999,20.553813644725675,1e-06,0.1496367363040568,4.4542515066615005,4.538692010307011,0.0329691320680591,0,0.5741407871246338
2024-07-10 00:00:00+00:00,5.599999904632568,2.0,4.195804212069987,0.922790869585213,0.2725628966459972,1e-06,-0.2531634528329297,4.449112902465704,0.5642933104289815,-0.4486380542779645,0,0.5754538178443909
2024-07-11 00:00:00+00:00,5.510000228881836,2.0,4.105804536319255,0.999,20.024641897947795,1e-06,-0.343307697753996,4.4491126855028975,4.480012228645165,-0.0766309733618335,0,0.5743382573127747
2024-07-12 00:00:00+00:00,5.510000228881836,2.009999990463257,4.098783564552168,0.999,20.00005741857725,1e-06,-0.3503290669061192,4.449112668281466,4.477267703560067,-0.078246173805412,0,0.5748286247253418
2024-07-15 00:00:00+00:00,5.5,1.909999966621399,4.158993137037779,0.999,19.50898910932306,1e-06,-0.2901199815683929,4.449112811780482,4.422087604282774,-0.0656070181168308,0,0.5766935348510742
2024-07-16 00:00:00+00:00,5.519999980926514,1.899999976158142,4.186014089731378,0.999,15.440607259183972,1e-06,-0.263098976137294,4.44911289274859,3.935286257619543,-0.0668563756011088,0,0.5786476135253906
2024-07-17 00:00:00+00:00,5.519999980926514,1.870000004768372,4.2070770050326365,0.999,11.091184704267643,1e-06,-0.2420361629597178,4.449112980459523,3.337222853482237,-0.0725262212282779,0,0.5807170867919922
2024-07-18 00:00:00+00:00,5.519999980926514,1.850000023841858,4.221118948566809,-0.2270416125892186,0.0051799052986382,0.0865590536438649,0.0233828258651702,4.197912128815308,0.1035526137245786,0.2258062353439196,0,0.5825928449630737
2024-07-19 00:00:00+00:00,5.519999980926514,1.840000033378601,4.228139920333895,0.0628914162847445,0.0123738375153581,0.0765824316387182,0.0051562228121062,4.222953105788907,0.1523991432051535,0.0338336732324354,0,0.5820497274398804
2024-07-22 00:00:00+00:00,5.519999980926514,1.899999976158142,4.186014089731378,0.4989285841879692,0.0319655521652878,0.0559682801998168,-0.0101531124996267,4.196210695448177,0.2391836094432885,-0.0424490311993307,0,0.5819584131240845
2024-07-23 00:00:00+00:00,5.199999809265137,1.919999957084656,3.8519719745358287,0.6945632871848474,0.0508657634309138,0.0376434674154299,-0.1756849315169615,4.028027260117231,0.3018899330803599,-0.5819502814298746,0,0.5819197297096252
2024-07-24 00:00:00+00:00,5.199999809265137,2.0,3.795804116702555,0.368380857259111,0.0218187929966756,0.0655525953632494,-0.084880951939297,3.8808467924368975,0.2181789107003115,-0.3890428807571081,0,0.5825150012969971
2024-07-25 00:00:00+00:00,5.199999809265137,2.0,3.795804116702555,0.4667194129380887,0.0282501959452848,0.0588824441286161,-0.0500967248065533,3.845948835226082,0.2389100051580953,-0.2096886849648784,0,0.5825297832489014
2024-07-26 00:00:00+00:00,5.199999809265137,2.0,3.795804116702555,0.4865692755027322,0.0298182523810574,0.0572852348840266,-0.0305212306693179,3.8263525074252,0.2471132937928909,-0.1235110835230831,0,0.5825291275978088
2024-07-29 00:00:00+00:00,5.199999809265137,1.950000047683716,3.8309089755379855,0.487369187538664,0.0298014745389778,0.0572960345809895,-0.0103966844140808,3.841285309405013,0.2489037921797043,-0.0417698915835507,0,0.5815023183822632
2024-07-30 00:00:00+00:00,5.25,1.9700000286102293,3.866867222738677,0.476581393381122,0.0290571968974178,0.0579286209745503,0.0017423811992462,3.865093022474176,0.2465782099319793,0.0070662415779839,0,0.5820500254631042
2024-07-31 00:00:00+00:00,5.21999979019165,1.8899999856948853,3.893034870763601,0.4806126865938113,0.0293489284654663,0.0576366788546222,0.0069067876779329,3.886099768475804,0.2474475963554798,0.0279121227268286,0,0.5824017524719238
2024-08-01 00:00:00+00:00,5.21999979019165,1.830000042915344,3.935160701366118,0.5017839816424281,0.0239021911717374,0.0602322448309737,0.0113478322965119,3.923763430278111,0.2303813852817471,0.0492567239433601,0,0.5825340747833252
2024-08-02 00:00:00+00:00,5.300000190734863,1.899999976158142,3.966014299539728,0.220832881531189,0.0155108548649822,0.0665990453884626,0.0066774219203617,3.9592971303634,0.177039294655703,0.0377171742202638,0,0.5822625160217285
2024-08-05 00:00:00+00:00,5.150000095367432,1.820000052452088,3.872181978308984,0.228153858678522,0.0157564952888876,0.0658557965236535,-0.0110792480718904,3.883358388158381,0.1746221760667224,-0.0634469706050227,0,0.582125186920166
2024-08-06 00:00:00+00:00,5.150000095367432,1.9299999475479128,3.794951288871038,0.1531479606744159,0.0135803548235314,0.0652222261332328,-0.0129983886099452,3.808046509979179,0.1611990378342462,-0.0806356463697441,0,0.5798875689506531
2024-08-07 00:00:00+00:00,5.150000095367432,1.950000047683716,3.78090926164028,0.2281450101896432,0.0157336005707065,0.0626437363157016,-0.0067769089549881,3.7877142944685054,0.1731357020742635,-0.0391421808084464,0,0.5785787105560303
2024-08-08 00:00:00+00:00,5.150000095367432,1.9299999475479128,3.794951288871038,0.211670391456253,0.0156091904713589,0.06250343369749,-0.000117316956072,3.7950586544975247,0.1727600135739542,-0.0006790747097378,0,0.5770626664161682
2024-08-09 00:00:00+00:00,5.5,1.940000057220459,4.137930138039935,0.2338219341612458,0.0170733155155861,0.0615971334839844,0.0570919849296076,4.080444940653028,0.1802920595199021,0.3166638901437882,0,0.5762939453125
2024-08-12 00:00:00+00:00,5.599999904632568,1.909999966621399,4.258993041670347,0.6782863390969156,0.0262374315821063,0.0487963924061421,0.0803717978742472,4.178439229941136,0.2296940564063836,0.3499080434717488,0,0.575430691242218
2024-08-13 00:00:00+00:00,5.449999809265137,1.899999976158142,4.116013918070001,-0.25390892453294,0.0062957179966359,0.063272968122893,-0.0259641439060319,4.142015782330009,0.1111437169995197,-0.2336087419691397,0,0.5768669843673706
2024-08-14 00:00:00+00:00,5.5,1.9299999475479128,4.144951193503607,0.2811261150386707,0.0188983782707733,0.0506548661741229,-0.004816132137986,4.149753279533167,0.1843543707430457,-0.0261243176311714,0,0.5766354203224182
2024-08-15 00:00:00+00:00,5.289999961853027,1.9299999475479128,3.9349511553566336,0.2550373405528005,0.018228680377234,0.0513812460682125,-0.0432292030756453,3.978453655605532,0.1855167884636823,-0.2330204367682232,0,0.575912594795227
2024-08-16 00:00:00+00:00,5.289999961853027,2.130000114440918,3.794531468925156,0.3072757594224317,0.0198712442070371,0.0501623133600354,-0.0492422353223775,3.843992544533045,0.1944434718886944,-0.2532470483275742,0,0.5750064253807068
2024-08-19 00:00:00+00:00,5.550000190734863,1.9800000190734863,4.159846441706454,0.2860899249331969,0.0205404102041384,0.0497196731385675,0.055916799912907,4.103514995310027,0.1974001670797267,0.283266223834163,0,0.5743952393531799
2024-08-20 00:00:00+00:00,7.599999904632568,2.049999952316284,6.160699353234556,0.5980027399451656,0.0845379256109321,0.0095653472385586,1.7004971859171358,4.458121490515664,0.3311580978312651,5.135001067627793,-1,0.5742669701576233
2024-08-21 00:00:00+00:00,7.480000019073486,2.200000047683716,5.9353847237760125,0.999,16.776333468927938,1e-06,1.4772651290655985,4.458120915206368,4.098962963388042,0.3603997260430352,-1,0.5980619192123413
2024-08-22 00:00:00+00:00,7.480000019073486,2.25,5.900279864940583,0.999,15.47833799747217,1e-06,1.4421592236231848,4.458120858578954,3.937448781109394,0.3662674243642732,-1,0.6394364833831787
2024-08-23 00:00:00+00:00,6.110000133514404,2.2100000381469727,4.558363866449844,0.5649231436735249,0.043144958410675,0.0716087297480848,0.5936370925718168,3.965324002841645,0.2878668394602426,2.062193386653707,-1,0.6820347905158997
2024-08-26 00:00:00+00:00,6.110000133514404,2.109999895095825,4.628573751513876,0.999,15.506542075600766,1e-06,0.6632487994179919,3.965324499349016,3.9428927785937007,0.1682137548905275,-1,0.7011110186576843
2024-08-27 00:00:00+00:00,6.150000095367432,2.049999952316284,4.71069954396942,0.911580280467006,0.1679029751485254,1e-06,0.7423517084548741,3.968264241542299,0.4557276480629525,1.628937176864741,-1,0.719965398311615
2024-08-28 00:00:00+00:00,6.010000228881836,2.130000114440918,4.514531735953964,0.858507495827503,0.1036895819051912,0.0133266192711783,0.5609635090301847,3.9536453952531314,0.3920857285843948,1.4307164687057452,-1,0.741499125957489
2024-08-29 00:00:00+00:00,6.010000228881836,2.059999942779541,4.563678705716738,0.7057107648838972,0.0532925819099791,0.062372606618641,0.4724482422820996,4.0910522229605855,0.3408042026079066,1.3862746957544083,-1,0.7562194466590881
2024-08-30 00:00:00+00:00,6.0,2.039999961853028,4.567720420369074,0.975839408640886,0.7406477773344277,1e-06,0.4766326835932558,4.091085626514119,0.8964531693904212,0.5316872089563375,-1,0.7657549381256104
2024-09-02 00:00:00+00:00,6.0,2.009999990463257,4.588783335670332,0.8107609615651813,0.0947636697286749,0.0182673678138258,0.4685281160647637,4.120158845586228,0.409971824276275,1.1428300393371138,-1,0.7743968367576599
2024-09-03 00:00:00+00:00,6.0,1.9900000095367432,4.602825279204504,0.8396737239928153,0.1211744620505366,1e-06,0.4740698858195878,4.128682966867927,0.4397702309905969,1.07799448987652,-1,0.784371018409729
2024-09-04 00:00:00+00:00,6.389999866485596,1.919999957084656,5.041972031756288,0.8348865268839585,0.1255248065446003,1e-06,0.8645627537272733,4.177003924150428,0.4434371850264301,1.949684832307744,-1,0.7923629879951477
2024-09-05 00:00:00+00:00,6.389999866485596,1.7999999523162842,5.126223776657906,0.999,14.975372191032578,1e-06,0.9492188168148046,4.177004388768716,3.878982298573988,0.2447082104921596,-1,0.8016298413276672
2024-09-06 00:00:00+00:00,6.75,1.840000033378601,5.458139939407381,0.999,1.3710869378630028,1e-06,1.281093791641097,4.177021873799097,1.2009243938121796,1.0667564071826618,-1,0.8083674311637878
2024-09-09 00:00:00+00:00,6.75,1.850000023841858,5.451118967640295,0.2990612399332767,0.0100828400877265,0.0979017347156366,0.3532278485370997,5.097268030902344,0.1623779102117811,2.175344220629536,-1,0.8226674199104309
2024-09-10 00:00:00+00:00,6.75,1.840000033378601,5.458139939407381,0.999,11.239154347777546,1e-06,0.3608717515579491,5.097268116695103,3.3549434764834083,0.1075641822544827,-1,0.8286186456680298
2024-09-11 00:00:00+00:00,6.75,1.850000023841858,5.451118967640295,0.999,11.164782475940138,1e-06,0.3538509209710161,5.097268106320321,3.3438413330124,0.1058216840247736,-1,0.8318430185317993
2024-09-12 00:00:00+00:00,6.75,1.7999999523162842,5.486223910172311,0.999,11.242212468262837,1e-06,0.38895543359422,5.097268161176648,3.355399507162485,0.1159192617045898,-1,0.8360735177993774
2024-09-13 00:00:00+00:00,6.75,1.850000023841858,5.451118967640295,0.999,11.264796655030556,1e-06,0.3538511682387486,5.097268107574467,3.3587633199452287,0.1053516233601475,-1,0.8398552536964417
2024-09-16 00:00:00+00:00,6.75,2.049999952316284,5.310699448601988,0.999,11.316708885030328,1e-06,0.2134327939843114,5.097267892287498,3.3664824772138653,0.0633993479630259,-1,0.8428971767425537
2024-09-17 00:00:00+00:00,6.670000076293945,1.9600000381469729,5.293888270799708,0.999,8.925076372924167,1e-06,0.1966205968411741,5.097267859935757,2.9902462702808883,0.0657539811337026,-1,0.8435505032539368
2024-09-18 00:00:00+00:00,6.670000076293945,1.919999957084656,5.321972241564637,0.999,4.422106785440171,1e-06,0.2247036308844325,5.0972679711858975,2.10679950822059,0.1066563904195221,-1,0.8439251780509949
2024-09-19 00:00:00+00:00,6.070000171661377,1.899999976158142,4.736014280466241,0.999,9.533923942012416,1e-06,-0.3612464783420268,5.097266902346694,3.090375758061344,-0.1168940305720765,0,0.8418926000595093
2024-09-20 00:00:00+00:00,6.010000228881836,1.8600000143051147,4.704098224755045,-0.999,1e-06,0.1059550643219522,0.2166115530656081,4.4879258824886845,0.1009083616494935,2.146616489701924,-1,0.8377149701118469
2024-09-23 00:00:00+00:00,6.010000228881836,1.850000023841858,4.711119196522131,0.999,6.164532049761168,1e-06,0.2231931023307352,4.487925983912937,2.484929821311452,0.089818674320928,-1,0.8317589163780212
2024-09-24 00:00:00+00:00,6.050000190734863,1.820000052452088,4.772182073676416,0.999,1.4644891487736122,1e-06,0.2842514349751431,4.487926454458716,1.214427565568249,0.2340620742103606,-1,0.8099382519721985
2024-09-25 00:00:00+00:00,6.050000190734863,1.899999976158142,4.716014299539728,0.999,1.657504198055243,1e-06,0.2280915950542878,4.487926075370996,1.291452810671404,0.176616282971816,-1,0.7921228408813477
2024-09-26 00:00:00+00:00,6.050000190734863,1.8600000143051147,4.744098186608072,0.999,2.275057665643432,1e-06,0.2561707271115087,4.487926215303513,1.5117555462868928,0.1694524804229784,-1,0.7758956551551819
2024-09-27 00:00:00+00:00,6.050000190734863,1.850000023841858,4.751119158375158,-0.999,1e-06,0.095166746991298,-0.1776024271807385,4.928340771592364,0.0850067808331957,-2.089273648995582,0,0.7680854201316833
2024-09-30 00:00:00+00:00,6.590000152587891,1.950000047683716,5.220909318860739,0.2773364635805031,0.0019218183680112,0.086156926606033,-0.0474804704183022,5.268018362984179,0.0663089819927699,-0.7160488517751541,0,0.7567547559738159
2024-10-01 00:00:00+00:00,6.590000152587891,1.950000047683716,5.220909318860739,0.999,0.939916429057043,1e-06,-0.0471091140203512,5.26801839842307,0.970871413069623,-0.0485225060560857,0,0.7470796704292297
2024-10-02 00:00:00+00:00,6.900000095367432,1.8799999952316284,5.580056147706468,0.999,2.080152919500081,1e-06,0.3120198688398182,5.268019017390768,1.4432008933331295,0.2161998861566639,0,0.7382948994636536
2024-10-03 00:00:00+00:00,6.900000095367432,1.919999957084656,5.551972260638124,0.999,0.9895791170889924,1e-06,0.2839561476436956,5.268018917113334,0.9961204798714288,0.2850620516108116,0,0.7307254076004028
2024-10-04 00:00:00+00:00,6.599999904632568,1.899999976158142,5.266014013437433,0.999,1.831541485493467,1e-06,-0.0019887498465271,5.268018359205864,1.3543335570651571,-0.0014684342982956,0,0.7231946587562561
2024-10-07 00:00:00+00:00,6.599999904632568,1.8600000143051147,5.294097900505777,0.999,1.0393417615932217,1e-06,0.0260767448254154,5.268018455809909,1.0207941297940808,0.0255455473971776,0,0.7123410701751709
2024-10-08 00:00:00+00:00,6.599999904632568,1.840000033378601,5.30813984403995,-0.999,1e-06,0.0880766669290369,-0.0225261122257216,5.330598832910022,0.0489475158092383,-0.4602095091712521,0,0.6979323625564575
2024-10-09 00:00:00+00:00,6.0,1.7999999523162842,4.736223910172311,0.999,2.919521072966383,1e-06,-0.594336148961006,5.3305796456331205,1.7094169078106527,-0.3476835558636225,0,0.677309513092041
2024-10-10 00:00:00+00:00,6.0,1.7999999523162842,4.736223910172311,0.999,0.4191939588471307,1e-06,-0.5943555839713017,5.330579640526617,0.6494459447779668,-0.9151732930975504,0,0.6557709574699402
2024-10-11 00:00:00+00:00,6.0,1.7899999618530271,4.743244881939397,0.999,0.4206946617581207,1e-06,-0.5873363386842807,5.33057969376708,0.6506010591463224,-0.9027595796646048,0,0.6347014307975769
2024-10-14 00:00:00+00:00,6.0,1.7300000190734863,4.785370712541913,0.999,0.2629630351856806,1e-06,-0.5452253166426723,5.330580244331616,0.515316501103465,-1.0580397007958458,0,0.63479083776474
2024-10-15 00:00:00+00:00,6.0,1.7200000286102295,4.792391684308999,0.999,0.3993577604827333,1e-06,-0.5381902413904387,5.330580301023479,0.6339927723970873,-0.8488901842769829,0,0.635683000087738
2024-10-16 00:00:00+00:00,6.0,1.649999976158142,4.841538570375187,0.999,0.4117581244014099,1e-06,-0.489053942256754,5.330580712833402,0.6436988427413255,-0.7597558202435413,0,0.6365951895713806
2024-10-17 00:00:00+00:00,6.0,1.6299999952316284,4.855580513909359,0.999,0.387605182406358,1e-06,-0.4750038188337572,5.330580834939895,0.6246569110337231,-0.7604235388153953,0,0.6376217007637024
2024-10-18 00:00:00+00:00,6.0,1.6699999570846558,4.827496626841015,-0.999,1e-06,0.0892728402368555,0.4246246005209975,4.403855262907564,0.0482576963996584,8.799106302222974,-1,0.6417126059532166
2024-10-21 00:00:00+00:00,6.0,1.6699999570846558,4.827496626841015,-0.999,1e-06,0.0888780452412331,-0.38416534336723,5.2107999963609055,0.0458894286934672,-8.371543388203461,0,0.6357887387275696
2024-10-22 00:00:00+00:00,6.0,1.6299999952316284,4.855580513909359,-0.999,1e-06,0.0886264439184684,0.3518580873060546,4.5044825635925365,0.043831690595572,8.02748154417754,-1,0.6389521360397339
2024-10-23 00:00:00+00:00,6.0,1.6200000047683716,4.8626014856764455,-0.999,1e-06,0.0885411378576801,-0.3233020057516532,5.185167350128801,0.0420249955927715,-7.693088391596694,0,0.6365610361099243
2024-10-24 00:00:00+00:00,6.0,1.600000023841858,4.876643429210618,-0.999,1e-06,0.0885412137903817,0.2997575483930536,4.577545210020555,0.0404235789331441,7.415413387538433,-1,0.639312744140625
2024-10-25 00:00:00+00:00,6.0,1.590000033378601,4.883664400977704,-0.999,1e-06,0.0880530776407528,-0.278634605987556,5.161659976781349,0.0389840143183625,-7.147406721947355,0,0.6364094018936157
2024-10-28 00:00:00+00:00,6.0,1.6299999952316284,4.855580513909359,-0.999,1e-06,0.0878627243001735,0.2595378263303078,4.596663642546231,0.0376847216527648,6.887083543345365,-1,0.6353690028190613
2024-10-29 00:00:00+00:00,6.0,1.5399999618530271,4.91876934350972,-0.999,1e-06,0.0877155823935839,-0.2416841175990108,5.159832154974953,0.0365048454387485,-6.620603777230952,0,0.6318519711494446
2024-10-30 00:00:00+00:00,6.0,1.5299999713897705,4.925790315276806,-0.999,1e-06,0.0877155823503368,0.2278897802048674,4.698410571965932,0.0354288635860128,6.432319785013852,-1,0.6293942332267761
2024-10-31 00:00:00+00:00,5.599999904632568,1.5299999713897705,4.525790219909374,-0.999,1e-06,0.0882547666744104,-0.2261878506335658,4.75191917491339,0.0344480912676097,-6.566048866871227,0,0.628383219242096
2024-11-01 00:00:00+00:00,5.5,1.5199999809265137,4.432811287043892,-0.999,1e-06,0.0892432648947455,0.2122664747418106,4.221123618169004,0.0335537022142251,6.326171502226057,-1,0.6286036372184753
2024-11-04 00:00:00+00:00,5.5,1.5099999904632568,4.439832258810978,-0.999,1e-06,0.0892647385338216,-0.2017617197566813,4.641135478737544,0.0327256091345053,-6.165254829250741,0,0.6265393495559692
2024-11-05 00:00:00+00:00,5.5,1.5,4.446853230578064,-0.999,1e-06,0.0892319726243729,0.1925389789121545,4.254736713637361,0.0319556532010191,6.025193029257622,-1,0.6247812509536743
2024-11-06 00:00:00+00:00,6.0,1.4900000095367432,4.953874202345149,-0.999,1e-06,0.0903095216313295,-0.1731553389761606,5.126086948892359,0.0312457259180111,-5.541728792940202,0,0.6194137334823608
2024-11-07 00:00:00+00:00,6.0,1.5199999809265137,4.932811287043892,-0.999,1e-06,0.0912451339899343,0.165504041065732,4.767691427009579,0.0305876185476789,5.410818132433231,-1,0.6160640716552734
2024-11-08 00:00:00+00:00,6.0,1.5099999904632568,4.939832258810978,-0.999,1e-06,0.0897124065300386,-0.158615741902233,5.098087599121253,0.0299595557994664,-5.294328893389602,0,0.6132475137710571
2024-11-11 00:00:00+00:00,6.0,1.4600000381469729,4.974937117646408,-0.999,1e-06,0.0877706595401107,0.1529524946204366,4.822292235237877,0.0293564922396609,5.210176112723586,-1,0.6132231950759888
2024-11-12 00:00:00+00:00,6.0,1.4299999475479126,4.996000116644252,-0.999,1e-06,0.0872861896641832,-0.146629617868757,5.142270615639866,0.0287857068820511,-5.093834188945544,0,0.6110007166862488
2024-11-13 00:00:00+00:00,6.0,1.440000057220459,4.98897906118058,-0.999,1e-06,0.0869705727747183,0.1410095611332504,4.848300848572606,0.0282453888290753,4.9923037698846375,-1,0.6000347137451172
2024-11-14 00:00:00+00:00,6.190000057220459,1.3799999952316284,5.221105032700141,-0.999,1e-06,0.0868803922982155,-0.1318173857026039,5.352353302407096,0.0277341977336912,-4.752882595283199,0,0.5902068614959717
2024-11-18 00:00:00+00:00,5.800000190734863,1.3799999952316284,4.831105166214545,-0.999,1e-06,0.0868732048024199,0.1205785737472059,4.711250973943217,0.0272500857147096,4.424887870430354,-1,0.5841461420059204
2024-11-19 00:00:00+00:00,5.800000190734863,1.3200000524520874,4.873230996817062,-0.999,1e-06,0.0869493806776414,-0.1158183010607327,4.988735849718474,0.0267912095345409,-4.322996351150644,0,0.5802378058433533
2024-11-21 00:00:00+00:00,5.800000190734863,1.2999999523162842,4.887273024047819,-0.999,1e-06,0.0864684393165625,0.1122319236209698,4.775283670133482,0.0263528186621262,4.25882047229609,-1,0.5771572589874268
2024-11-22 00:00:00+00:00,5.800000190734863,1.340000033378601,4.85918905328289,-0.999,1e-06,0.0862176207241235,-0.1090770701525885,4.968046323061383,0.0259345096477347,-4.205865915113447,0,0.5756198763847351
2024-11-25 00:00:00+00:00,5.800000190734863,1.3600000143051147,4.8451471097487175,-0.999,1e-06,0.0862219051042379,0.1054792415915524,4.739928099844949,0.0255359482830997,4.130617763717858,-1,0.5765023231506348
2024-11-26 00:00:00+00:00,6.0,1.350000023841858,5.05216789078094,-0.999,1e-06,0.0861874101663941,-0.0992740376838097,5.150972615473757,0.0251555029724386,-3.946414340932808,0,0.5752218961715698
2024-11-27 00:00:00+00:00,6.0,1.3300000429153442,5.066209834315113,-0.999,1e-06,0.0863751224720079,0.0965709062582808,4.969845379454133,0.0247927796998707,3.8951221858670464,-1,0.575961172580719
2024-11-28 00:00:00+00:00,6.0,1.2999999523162842,5.087272833312956,-0.999,1e-06,0.0858971451798099,-0.0935147769595249,5.180546035206391,0.0244439049291232,-3.825688949072477,0,0.5749477744102478
2024-11-29 00:00:00+00:00,6.0,1.309999942779541,5.08025186154587,-0.999,1e-06,0.0846084537357691,0.0907754261979907,4.989698618075263,0.0241049202190765,3.765846365513017,-1,0.5755628347396851
2024-12-02 00:00:00+00:00,6.0,1.309999942779541,5.08025186154587,-0.999,1e-06,0.0836812222893842,-0.0882497890466126,5.168291384438124,0.0237766799144211,-3.7116110981115975,0,0.5747660994529724
2024-12-03 00:00:00+00:00,6.0,1.2999999523162842,5.087272833312956,-0.999,1e-06,0.0836755630969508,0.0859484740326487,5.0015207921960725,0.0234619878515358,3.6633074135285777,-1,0.5752798914909363
2024-12-04 00:00:00+00:00,6.019999980926514,1.309999942779541,5.100251842472384,-0.999,1e-06,0.0836643497580342,-0.0835094607868715,5.183546798410929,0.0231599449958165,-3.605771119143681,0,0.5746176242828369
2024-12-05 00:00:00+00:00,6.400000095367432,1.3200000524520874,5.473230901449631,-0.999,1e-06,0.0842176927287515,0.0859731419778492,5.387019456399415,0.0228716543335553,3.7589384975846216,-1,0.5750405192375183
2024-12-06 00:00:00+00:00,6.0,1.2999999523162842,5.087272833312956,0.999,0.3508106434455684,1e-06,-0.2995267087523962,5.386909405634894,0.5929005451381745,-0.5051887896014533,0,0.574579119682312
2024-12-09 00:00:00+00:00,5.849999904632568,1.340000033378601,4.909188767180595,-0.999,1e-06,0.0856444491613533,0.2874414296038264,4.622626987920648,0.026469769731155,10.85923423298643,-1,0.5753793716430664
2024-12-10 00:00:00+00:00,5.900000095367432,1.4500000476837158,4.881958184780926,-0.999,1e-06,0.0857837469101247,-0.2785561573157973,5.159898753149183,0.0260437351160479,-10.69570689743934,0,0.5746849179267883
2024-12-11 00:00:00+00:00,6.150000095367432,1.4800000190734863,5.110895269479668,-0.999,1e-06,0.0859127094663822,0.2732956281868451,4.837968144208592,0.0256386909895092,10.659500061788307,-1,0.5753449201583862
2024-12-12 00:00:00+00:00,5.849999904632568,1.5,4.7968531352106325,-0.999,1e-06,0.0859589959308427,-0.2695997615853578,5.066191670894815,0.0252526059880626,-10.676116425877074,0,0.5749577879905701
2024-12-13 00:00:00+00:00,5.849999904632568,1.4500000476837158,4.831957994046062,-0.999,1e-06,0.0862310214658256,0.2621363870258168,4.570387598351576,0.0248850183332011,10.53390371330687,-1,0.5750826597213745
2024-12-16 00:00:00+00:00,5.849999904632568,1.3799999952316284,4.88110488011225,-0.999,1e-06,0.086183008369756,-0.2539200677383578,5.13438049149956,0.0245332962783151,-10.35001839368796,0,0.5752119421958923
2024-12-17 00:00:00+00:00,5.849999904632568,1.2899999618530271,4.9442937097126105,-0.999,1e-06,0.0861962592383868,0.2476711166249742,4.697122355824208,0.0241965987223864,10.235782287691178,-1,0.5751422047615051
2024-12-18 00:00:00+00:00,5.650000095367432,1.399999976158142,4.667063127312941,0.999,0.0284549880237071,0.0579635383957576,0.1562652437701611,4.511118234226471,0.2194197814983415,0.7121748217188077,-1,0.5754070281982422
2024-12-19 00:00:00+00:00,5.650000095367432,1.440000057220459,4.638979156548012,-0.999,1e-06,0.0868527945216814,-0.0887375785110849,4.727545259592236,0.1016434181346738,-0.8730282800359076,0,0.5774218440055847
2024-12-20 00:00:00+00:00,5.650000095367432,1.4700000286102295,4.617916241246753,-0.999,1e-06,0.0868517883890124,0.0567867889892646,4.561284069220088,0.083667794624763,0.6787174114477922,0,0.5768249034881592
2024-12-23 00:00:00+00:00,5.75,1.3300000429153442,4.816209834315113,-0.999,1e-06,0.0869599280636712,-0.0189124193935491,4.834851403699606,0.0727532458838143,-0.2599529294370167,0,0.5776950716972351
2024-12-26 00:00:00+00:00,5.75,1.340000033378601,4.809188862548027,-0.999,1e-06,0.0870466686174859,0.0145520323078109,4.794677954074751,0.065228753408806,0.2230922951510278,0,0.5773248076438904
2024-12-27 00:00:00+00:00,5.699999809265137,1.3300000429153442,4.7662096435802495,-0.999,1e-06,0.0833805301548231,-0.0157133060787723,4.781936805579682,0.0594224047190857,-0.264434032130736,0,0.5777844190597534
2024-12-30 00:00:00+00:00,5.699999809265137,1.4199999570846558,4.703020897676475,-0.999,1e-06,0.0792799261394355,0.0085757438739653,4.694546287326999,0.0547255950043117,0.1567044428350153,0,0.5770096182823181
2025-01-02 00:00:00+00:00,5.699999809265137,1.440000057220459,4.688978870445717,-0.999,1e-06,0.0785709696497153,-0.0083696564979264,4.697345219805805,0.0509575794017565,-0.1642475289483215,0,0.577337384223938
2025-01-03 00:00:00+00:00,5.989999771118164,1.440000057220459,4.978978832298744,-0.999,1e-06,0.0777954714136599,0.0243785269159743,4.95429097208481,0.0478433913171644,0.5095484714777788,0,0.5769341588020325
2025-01-06 00:00:00+00:00,5.989999771118164,1.4500000476837158,4.971957860531658,-0.999,1e-06,0.0780509640045095,-0.0221589741704332,4.994068739879878,0.0452435610022262,-0.4897707801855588,0,0.577568769454956
2025-01-07 00:00:00+00:00,5.989999771118164,1.3700000047683716,5.028125718364932,-0.999,1e-06,0.078049719846581,0.0226998976590974,5.005412025091915,0.0430242234103384,0.5276073769559949,0,0.5770052671432495
2025-01-08 00:00:00+00:00,5.989999771118164,1.309999942779541,5.070251632664034,-0.999,1e-06,0.07805698968538,-0.0189050556637392,5.089054487185681,0.041101102299625,-0.4599646872223113,0,0.5773212909698486
2025-01-09 00:00:00+00:00,5.989999771118164,1.3899999856948853,5.01408377483076,-0.999,1e-06,0.078055596604334,0.0151663282590193,4.999027884991972,0.0394136117853542,0.3847992501071675,0,0.5774848461151123
2025-01-10 00:00:00+00:00,5.989999771118164,1.3600000143051147,5.035146690132018,-0.999,1e-06,0.0780637392914304,-0.0132708586950479,5.048356840039444,0.0379175315128771,-0.3499926858514251,0,0.5779240727424622
2025-01-13 00:00:00+00:00,5.989999771118164,1.3600000143051147,5.035146690132018,-0.999,1e-06,0.0780637392914304,0.0123542794924305,5.022823923163882,0.0365791902624021,0.3377406499106907,0,0.5776687264442444
2025-01-14 00:00:00+00:00,5.989999771118164,1.340000033378601,5.049188633666191,-0.999,1e-06,0.0780537262057865,-0.0111065662323368,5.060248891101572,0.0353726402914847,-0.3139874813079918,0,0.5779203772544861
2025-01-15 00:00:00+00:00,6.0,1.4299999475479126,4.996000116644252,-0.999,1e-06,0.0774222226585271,0.0088202451666026,4.987271080369198,0.0342694660135906,0.2573791247025772,0,0.5782830119132996
2025-01-16 00:00:00+00:00,6.0,1.3700000047683716,5.038125947246768,-0.999,1e-06,0.0767246464550411,-0.007099536447387,5.045152365339948,0.0332547375245161,-0.2134894747598917,0,0.579127848148346
2025-01-17 00:00:00+00:00,6.0,1.3899999856948853,5.024084003712596,-0.999,1e-06,0.0767003767953881,0.00632885904942,5.017789780714689,0.0323247896801131,0.1957896435537731,0,0.5778570175170898
2025-01-20 00:00:00+00:00,5.800000190734863,1.340000033378601,4.85918905328289,-0.999,1e-06,0.0768647449545504,-0.0102275159311429,4.869604043506941,0.0314704742971116,-0.3249876641383072,0,0.5789138674736023
2025-01-21 00:00:00+00:00,5.5,1.350000023841858,4.55216789078094,-0.999,1e-06,0.0778676675725304,0.0023297667217634,4.550237643454599,0.030690181805981,0.0759124444583566,0,0.5773282051086426
2025-01-22 00:00:00+00:00,5.5,1.350000023841858,4.55216789078094,-0.999,1e-06,0.07828475396324,-0.0022302285996468,4.554392941970526,0.0299689775416222,-0.0744179075361976,0,0.5786290764808655
2025-01-23 00:00:00+00:00,5.5,1.3300000429153442,4.566209834315113,-0.999,1e-06,0.0782740207607951,0.0024372234415926,4.5637609243320725,0.0292964600814842,0.0831917383470147,0,0.5767050981521606
2025-01-24 00:00:00+00:00,5.5,1.559999942779541,4.404727399975547,-0.999,1e-06,0.0783646566651335,-0.0057026949836718,4.410621109764341,0.028668231930634,-0.198920358865176,0,0.5779619812965393
2025-01-27 00:00:00+00:00,6.0,1.4500000476837158,4.981958089413494,0.999,3.031601075588186,1e-06,0.5712989884634757,4.41064006824335,1.7414415391803626,0.3280609630641788,0,0.5746779441833496
2025-01-28 00:00:00+00:00,6.0,1.409999966621399,5.010042060178424,-0.999,1e-06,0.0804746777903253,-0.5439075910687798,5.552562289369381,0.0311963969260883,-17.434949053809845,1,0.5794190764427185
2025-01-29 00:00:00+00:00,6.0,1.440000057220459,4.98897906118058,0.999,0.1764378824358886,1e-06,-0.5635603849685046,5.552550892982544,0.4214334698077121,-1.3372463872545313,1,0.5769007205963135
2025-01-30 00:00:00+00:00,6.0,1.440000057220459,4.98897906118058,0.999,0.2579122061310153,1e-06,-0.563571604295069,5.552550888249135,0.5090006111016492,-1.1072120386561222,1,0.5778717994689941
2025-01-31 00:00:00+00:00,6.199999809265137,1.4299999475479126,5.195999925909389,0.999,0.6166970622604387,1e-06,-0.3565851221793017,5.552551581108898,0.7860454832464271,-0.4536443879895834,1,0.5845757126808167
2025-02-03 00:00:00+00:00,6.5,1.4199999570846558,5.503021088411338,-0.999,1e-06,0.0809680691505177,0.3455986489425742,5.157897309149523,0.0333385206027509,10.366346277346718,0,0.5885148048400879
2025-02-04 00:00:00+00:00,6.5,1.440000057220459,5.48897906118058,-0.999,1e-06,0.0804560714887883,-0.3276382507379149,5.815822408231206,0.0324426173386584,-10.099007959740124,1,0.5865402221679688
2025-02-05 00:00:00+00:00,6.5,1.4299999475479126,5.496000116644252,-0.999,1e-06,0.0804515457990842,0.311306239902459,5.185456610269084,0.0316153152850079,9.846690981762276,0,0.5883027911186218
2025-02-06 00:00:00+00:00,7.400000095367432,1.409999966621399,6.410042155545856,0.698839030165411,0.0186114810800562,0.0651242429106435,0.4381128760549828,5.970730783307233,0.1835210844807153,2.3872618086071755,-1,0.589303195476532
2025-02-07 00:00:00+00:00,7.400000095367432,1.4199999570846558,6.40302118377877,-0.999,1e-06,0.0867344506576229,-0.2597854642643988,6.662215082651655,0.0942948538257011,-2.755033320743019,0,0.5911906361579895
2025-02-10 00:00:00+00:00,7.400000095367432,1.409999966621399,6.410042155545856,0.999,0.5612863044317623,1e-06,-0.2521754067250397,6.662216252757226,0.7552064593901181,-0.3339158498838701,0,0.5924713611602783
2025-02-11 00:00:00+00:00,7.400000095367432,1.4700000286102295,6.367916241246753,-0.999,1e-06,0.0859809192259171,0.1714106499802531,6.19695350611084,0.0799056472958124,2.1451631490536225,-1,0.5903645753860474
2025-02-12 00:00:00+00:00,7.400000095367432,1.5199999809265137,6.332811382411324,0.6215641217357604,1e-06,0.0630981236880503,0.1058616914010625,6.226904030286276,0.0493327969979252,2.145868425127297,-1,0.5928629040718079
2025-02-13 00:00:00+00:00,7.400000095367432,1.6399999856948853,6.248559637509705,-0.999,1e-06,0.0501021481646655,-0.0954381239669883,6.343785527406212,0.0451240776172891,-2.1150155084925566,0,0.5936626195907593
2025-02-14 00:00:00+00:00,7.400000095367432,1.5800000429153442,6.290685468112222,-0.999,1e-06,0.0498155666452629,0.0849797688456424,6.20596112147985,0.0418315597465278,2.0314750241340467,-1,0.5945001244544983
2025-02-17 00:00:00+00:00,7.400000095367432,1.5199999809265137,6.332811382411324,-0.0507460556618549,1e-06,0.0417314583230384,-0.0040315135510298,6.336543769057656,0.0025104924984674,-1.6058656034586594,0,0.5934168100357056
2025-02-18 00:00:00+00:00,7.400000095367432,1.5099999904632568,6.33983235417841,-0.999,1e-06,0.0346851669777993,0.0040272412445055,6.335807229736637,0.0026996788208072,1.4917482825980417,-1,0.5934703350067139
2025-02-19 00:00:00+00:00,7.400000095367432,1.4900000095367432,6.353874297712581,-0.0828220784432654,0.0014685346045097,0.0331534314816062,0.000442598301473,6.353378868086774,0.0536203831083939,0.0082542920399941,-1,0.5942663550376892
2025-02-20 00:00:00+00:00,7.400000095367432,1.5,6.346853325945496,-0.067483489608623,0.0012650510953872,0.033273525419127,-0.0002741065811075,6.347145311112527,0.0498512036346308,-0.005498494742805,0,0.594382107257843
2025-02-21 00:00:00+00:00,7.400000095367432,1.4600000381469729,6.37493721301384,-0.1948784716257388,0.0010583574605372,0.0333493654563724,0.0010775542202688,6.373783329247309,0.0459729578852975,0.0234388708022085,0,0.591220498085022
2025-02-24 00:00:00+00:00,6.130000114440918,1.4500000476837158,5.111958203854412,-0.0633560016605634,0.0075028009628776,0.0335710194442006,-0.2251361430360982,5.340066068436576,0.1168711897935971,-1.9263613507632171,1,0.5899901390075684
2025-02-25 00:00:00+00:00,6.130000114440918,1.4199999570846558,5.133021202852256,0.999,3.772471060718718,1e-06,-0.2070457609346674,5.340066490219588,1.943911575778614,-0.1065098657338554,1,0.5885438919067383
2025-02-26 00:00:00+00:00,6.130000114440918,1.409999966621399,5.140042174619342,-0.1964020527277167,0.0012679944706723,0.0464351185635214,0.0290623264483971,5.1114042545935,0.0514591939858095,0.5647645094560042,0,0.5864955186843872
2025-02-27 00:00:00+00:00,6.130000114440918,1.4500000476837158,5.111958203854412,-0.30254469669366,0.0006033211174907,0.0462667557653848,-0.0085758758720545,5.1205151590101154,0.036144024514962,-0.2372695345119764,0,0.5834974646568298
2025-02-28 00:00:00+00:00,7.079999923706055,1.4900000095367432,6.033874126051204,-0.2757327679077198,0.0033874660205894,0.0456678934543283,0.0680612451125474,5.964005118694812,0.0810327618517284,0.8399225641239287,0,0.5835095643997192
2025-03-05 00:00:00+00:00,7.079999923706055,1.5399999618530271,5.998769267215774,0.999,5.101174535012981,1e-06,0.0347654301754072,5.964004488414423,2.259322851742421,0.0153875441699691,0,0.5906588435173035
2025-03-06 00:00:00+00:00,7.099999904632568,1.4800000190734863,6.060895078744805,-0.0031798014322489,0.0029726916183266,0.048205976899818,0.0051926062443117,6.055524699764102,0.0760416176468869,0.0682863727126974,0,0.585530161857605
2025-03-07 00:00:00+00:00,7.300000190734863,1.5199999809265137,6.232811477778755,0.1895407072560004,0.0044241129236145,0.0469639333304813,0.0141630446197835,6.218318429909987,0.0930088241944754,0.1522763538024042,0,0.5840514302253723
2025-03-10 00:00:00+00:00,7.300000190734863,1.4700000286102295,6.267916336614185,0.2172126693082166,0.0044487530807565,0.0470977966101835,0.0062721142024432,6.261558586055676,0.0940243259978531,0.0667073561642596,0,0.5816518068313599
2025-03-11 00:00:00+00:00,7.300000190734863,1.4900000095367432,6.253874393080013,0.1733968260513299,0.0040576271527726,0.0474882534459462,0.0005379852743323,6.25335243362708,0.0896238895822922,0.0060026994681854,0,0.5836741328239441
2025-03-12 00:00:00+00:00,7.0,1.4299999475479126,5.996000116644252,0.1994533685674926,0.0046283723240919,0.0472557557323472,-0.0187230890828165,6.0151945598472905,0.095512728812989,-0.1960271611491259,0,0.5806634426116943
2025-03-13 00:00:00+00:00,7.0,1.409999966621399,6.010042060178424,0.2672173538342889,0.0048163829564143,0.047194218871503,-0.0050139054725294,6.015056239148692,0.0983345361455155,-0.0509882455245414,0,0.5825329422950745
2025-03-14 00:00:00+00:00,6.429999828338623,1.4900000095367432,5.3838740306837725,-0.2207484315432323,0.0029417208647935,0.0505717617704949,-0.0429771348228949,5.427888926248532,0.0763136130983021,-0.5631647235406692,0,0.5784295797348022
2025-03-17 00:00:00+00:00,6.099999904632568,1.4700000286102295,5.06791605051189,0.999,3.3722401581780512,1e-06,-0.3599543805795913,5.42787983195927,1.8372014274470356,-0.1959253760649325,0,0.5770722031593323
2025-03-18 00:00:00+00:00,6.0,1.4800000190734863,4.9608951741122365,0.9089396197666368,1e-06,0.0567072177903799,-0.3267785605258387,5.287919375947703,0.0503686139270597,-6.487741771077056,1,0.577728271484375
2025-03-19 00:00:00+00:00,6.980000019073486,1.4800000190734863,5.940895193185723,-0.2072072170721219,0.0038675153567474,0.0543639259270816,0.1101206289899629,5.8298325300937135,0.0867046250255657,1.270066377168378,0,0.5797757506370544
2025-03-20 00:00:00+00:00,6.980000019073486,1.4800000190734863,5.940895193185723,0.999,3.988997687927329,1e-06,0.1110626110709083,5.829832555739724,1.998207747298495,0.0555811132356287,0,0.5774458050727844
2025-03-21 00:00:00+00:00,6.119999885559082,1.4500000476837158,5.101957974972576,0.999,9.817640707030684,1e-06,-0.7278656319801011,5.829832150848283,3.1339237748757425,-0.2322537765006618,0,0.5776104927062988
2025-03-24 00:00:00+00:00,6.119999885559082,1.4500000476837158,5.101957974972576,0.999,3.713375866722324,1e-06,-0.7278741551060418,5.829832149908814,1.9280078798034357,-0.3775265457837496,0,0.5796137452125549
2025-03-25 00:00:00+00:00,6.119999885559082,1.4600000381469729,5.09493700320549,0.999,3.712927487284788,1e-06,-0.7348949281259787,5.829832140019808,1.9278918551464808,-0.3811909501895485,0,0.5876660346984863
2025-03-26 00:00:00+00:00,6.050000190734863,1.4600000381469729,5.024937308381271,0.999,3.750986194665689,1e-06,-0.8048928566002571,5.829832050645947,1.9377375241618544,-0.4153776487083326,0,0.5993921160697937
2025-03-27 00:00:00+00:00,6.050000190734863,1.4600000381469729,5.024937308381271,0.999,1.8901666112570252,1e-06,-0.8048946975630452,5.829832048622714,1.376229677870431,-0.584854919571662,0,0.6122104525566101
2025-03-28 00:00:00+00:00,6.050000190734863,1.5,4.996853421312927,0.999,3.760782050050792,1e-06,-0.8329778227683242,5.829832012200267,1.940264045927677,-0.4293115797907092,0,0.6275405287742615
2025-03-31 00:00:00+00:00,6.050000190734863,1.4700000286102295,5.017916336614185,0.999,2.678149022182062,1e-06,-0.8119164666913821,5.829832048020758,1.6376790097164209,-0.4957726525614887,0,0.6432352066040039
2025-04-01 00:00:00+00:00,6.050000190734863,1.4500000476837158,5.031958280148357,0.999,3.62351629670574,1e-06,-0.7978741503087298,5.829832065340772,1.9045631558049216,-0.4189276411637427,0,0.6580431461334229
2025-04-02 00:00:00+00:00,5.800000190734863,1.4800000190734863,4.7608953648471,0.999,3.751366744162806,1e-06,-1.0689291100864429,5.829831721515699,1.937837006046583,-0.5516094009718521,0,0.6695841550827026
2025-04-03 00:00:00+00:00,6.0,1.4900000095367432,4.953874202345149,0.999,4.867002632871851,1e-06,-0.8759616490510376,5.829831908625674,2.2070000342947265,-0.3969015113001399,0,0.684295654296875
2025-04-04 00:00:00+00:00,6.0,1.4500000476837158,4.981958089413494,0.999,4.463764404487245,1e-06,-0.8478744577366834,5.829831937560565,2.1136726148540648,-0.4011380247717424,0,0.6972589492797852
2025-04-07 00:00:00+00:00,6.0,1.3899999856948853,5.024084003712596,0.999,1.5439738405739671,1e-06,-0.805750733946128,5.829832064473431,1.2441150888153836,-0.6476496758136294,0,0.7100162506103516
2025-04-08 00:00:00+00:00,6.0,1.3899999856948853,5.024084003712596,0.999,4.299428359319419,1e-06,-0.805748041196024,5.829832063586452,2.07443435121541,-0.3884181925178478,0,0.7217684984207153
2025-04-09 00:00:00+00:00,6.0,1.3799999952316284,5.031104975479682,0.999,4.299428359319419,1e-06,-0.7987272395245812,5.829832070452144,2.0744345922436835,-0.3850337062981038,0,0.7320143580436707
2025-04-10 00:00:00+00:00,6.0,1.5099999904632568,4.939832258810978,0.999,4.368981842231369,1e-06,-0.8899976042427811,5.8298319703426245,2.0911320762793766,-0.4256056393273348,0,0.742707371711731
2025-04-11 00:00:00+00:00,6.199999809265137,1.4199999570846558,5.203020897676475,0.999,5.292186239914006,1e-06,-0.6268162642723354,5.829832205838611,2.301312399167052,-0.2723733920258754,0,0.753254771232605
2025-04-14 00:00:00+00:00,6.199999809265137,1.5099999904632568,5.139832068076115,0.999,5.033190165186764,1e-06,-0.6899988097638634,5.82983214558751,2.244335911516317,-0.3074400789219144,0,0.7615484595298767
2025-04-15 00:00:00+00:00,6.199999809265137,1.4500000476837158,5.181957898678631,0.999,5.0791780547963326,1e-06,-0.6478751014268214,5.829832184364686,2.254558176970946,-0.2873623346891218,0,0.7678613662719727
2025-04-16 00:00:00+00:00,6.150000095367432,1.5700000524520874,5.047706439879308,0.999,5.30078629719354,1e-06,-0.7821230787097472,5.829832063370162,2.303180803981657,-0.3395838821501293,0,0.7743362784385681
2025-04-17 00:00:00+00:00,6.150000095367432,1.659999966621399,4.984517693975533,0.999,5.039448104788017,1e-06,-0.8453130396246137,5.82983200300234,2.2457303095680063,-0.3764089730735388,0,0.779481053352356
2025-04-22 00:00:00+00:00,6.150000095367432,1.6399999856948853,4.998559637509705,0.999,5.012777335093978,1e-06,-0.8312726412371774,5.829832015522892,2.239784555175399,-0.3711395541666639,0,0.7862789630889893
2025-04-23 00:00:00+00:00,6.5,1.950000047683716,5.130909166272849,0.999,5.134872853744034,1e-06,-0.6989255322819535,5.829832137374026,2.2668770086398187,-0.3083208879961802,0,0.7911235094070435
2025-04-24 00:00:00+00:00,6.5,1.820000052452088,5.222181882941553,0.999,4.863110412133557,1e-06,-0.6076522055009205,5.829832226000439,2.206121014487978,-0.2754391991692039,0,0.7950609922409058
2025-04-25 00:00:00+00:00,6.5,1.840000033378601,5.208139939407381,0.999,4.82624613436987,1e-06,-0.6216919686591885,5.829832211555523,2.1977503617972265,-0.2828765174907287,0,0.7984498739242554
2025-04-28 00:00:00+00:00,6.5,1.899999976158142,5.166014108804864,0.999,4.818077412237011,1e-06,-0.6638171733131023,5.829832169319248,2.1958913749633404,-0.3022996405385419,0,0.8028425574302673
2025-04-29 00:00:00+00:00,6.650000095367432,1.9800000190734863,5.259846346339022,0.999,4.885500443344207,1e-06,-0.5699878207244922,5.829832260120611,2.2111903947358926,-0.2577741935210297,0,0.8024152517318726
2025-04-30 00:00:00+00:00,5.960000038146973,1.870000004768372,4.647077062253096,0.999,8.947728493369722,1e-06,-1.1827480168956983,5.829831933666132,2.9919211240961774,-0.395313902953572,0,0.800696074962616
2025-05-02 00:00:00+00:00,5.960000038146973,2.5,4.204755422443746,0.999,1.5149297803634156,1e-06,-1.6250458446756844,5.829830539265824,1.2323937251490644,-1.318609314145223,1,0.8030374050140381
2025-05-05 00:00:00+00:00,5.960000038146973,2.289999961853028,4.352195996945724,0.999,3.045399842206097,1e-06,-1.4776395571841214,5.829830767348065,1.746214579957052,-0.8461958651269903,1,0.8116006255149841
2025-05-06 00:00:00+00:00,5.960000038146973,2.539999961853028,4.176671535375402,0.999,3.6057391298245167,1e-06,-1.6531540895565917,5.82983053342514,1.8998962201724336,-0.870128627029192,1,0.8198692798614502
2025-05-07 00:00:00+00:00,5.960000038146973,2.4100000858306885,4.267944168347521,0.999,3.697508804574895,1e-06,-1.5618889041138255,5.829830648945713,1.923896130835828,-0.8118363975477566,1,0.8311679363250732
2025-05-08 00:00:00+00:00,5.849999904632568,2.400000095367432,4.164965006600202,0.999,1.7447758027587064,1e-06,-1.664859365891023,5.8298303633238175,1.3223631562853178,-1.2590031399300472,1,0.8414469957351685
2025-05-09 00:00:00+00:00,6.199999809265137,2.25,4.620279655132233,0.999,6.253442153080148,1e-06,-1.209558308195907,5.829830709255564,2.501461906954465,-0.4835405667514427,1,0.8531991243362427
2025-05-12 00:00:00+00:00,6.199999809265137,2.430000066757202,4.4939019959315125,0.999,5.55496365860807,1e-06,-1.3359263071844272,5.829830599716956,2.3577180020621284,-0.5666183597936595,1,0.8589493036270142
2025-05-13 00:00:00+00:00,5.989999771118164,2.390000104904175,4.311985844852884,0.999,5.318895930003251,1e-06,-1.5178411452903315,5.829830435359259,2.307112361492432,-0.6578964989414152,1,0.8655179142951965
2025-05-14 00:00:00+00:00,5.949999809265137,2.369999885559082,4.286027993927199,0.999,5.023148504350959,1e-06,-1.5438018683018069,5.829830409257205,2.242101920692517,-0.6885511555268519,1,0.8724907636642456
2025-05-15 00:00:00+00:00,6.0,2.3499999046325684,4.350070128196235,0.999,5.089529064706654,1e-06,-1.4797615675843443,5.829830467861082,2.256856792787858,-0.6556736662747746,1,0.8799997568130493
2025-05-16 00:00:00+00:00,6.0,2.2699999809265137,4.406237902332924,0.999,4.526390450973876,1e-06,-1.4235938313790084,5.829830525534798,2.128441911151695,-0.6688431682914499,1,0.8858721852302551
2025-05-19 00:00:00+00:00,6.070000171661377,2.299999952316284,4.455175158693042,0.999,2.152644111284192,1e-06,-1.3746576792948146,5.829830630914305,1.468509321311346,-0.936090537081015,1,0.8911876082420349
2025-05-20 00:00:00+00:00,6.070000171661377,2.319999933242798,4.44113321515887,0.999,3.0724502257593085,1e-06,-1.3886968901329115,5.829830606956111,1.75394604899045,-0.7917557617762693,1,0.8954620361328125
2025-05-21 00:00:00+00:00,5.800000190734863,2.289999961853028,4.192196149533615,0.999,3.557486824719097,1e-06,-1.6376270851187416,5.829830270859312,1.8871577417398413,-0.8677743512892312,1,0.9013577699661255
2025-05-22 00:00:00+00:00,5.800000190734863,2.299999952316284,4.185175177766529,0.999,3.0427597591928404,1e-06,-1.6446547947106978,5.829830257253676,1.745462195567098,-0.9422460130546408,1,0.9071049094200134
2025-05-23 00:00:00+00:00,5.800000190734863,2.2799999713897705,4.199217121300701,0.999,3.0531898681639404,1e-06,-1.6306135613625672,5.829830276655479,1.7484477072906033,-0.9326064225788988,1,0.913095235824585
2025-05-26 00:00:00+00:00,6.0,2.3299999237060547,4.364112071730407,0.999,2.828612016475886,1e-06,-1.4657242522771294,5.8298305525142124,1.6830010496576384,-0.8708991908087591,1,0.9178547859191895
2025-05-27 00:00:00+00:00,6.0,2.3499999046325684,4.350070128196235,0.999,3.0558672550949906,1e-06,-1.479759892818237,5.829830528264179,1.7492137582491956,-0.8459571540869554,1,0.9223570823669434
2025-05-28 00:00:00+00:00,5.800000190734863,2.2799999713897705,4.199217121300701,0.999,3.216169469306944,1e-06,-1.6306084443085134,5.829830301795078,1.7944503298870478,-0.90869522390801,1,0.9262987971305847
2025-05-29 00:00:00+00:00,5.800000190734863,2.220000028610229,4.241342951903217,0.999,3.1880219938358567,1e-06,-1.5884886806336147,5.82983036253506,1.7865904709595135,-0.8891174034867063,1,0.9310793876647949
2025-05-30 00:00:00+00:00,5.800000190734863,2.309999942779541,4.1781542059994425,0.999,3.239790701296569,1e-06,-1.6516740616340364,5.829830266896888,1.8010206046660973,-0.9170767160324914,1,0.9354739189147949
2025-06-02 00:00:00+00:00,5.800000190734863,2.25,4.22028003660196,0.999,3.2810538269833223,1e-06,-1.6095515227461537,5.829830325912679,1.812440162916855,-0.888057744293096,1,0.9392922520637512
2025-06-03 00:00:00+00:00,5.800000190734863,2.319999933242798,4.171133234232356,0.999,3.312866964111881,1e-06,-1.6586954863980017,5.829830252597829,1.8211956186274243,-0.9107728293614644,1,0.9425601363182068
2025-06-04 00:00:00+00:00,5.800000190734863,2.369999885559082,4.136028375396926,0.999,2.1924810007622337,1e-06,-1.693800120224232,5.829830172338968,1.4820150189042107,-1.1429034784523395,1,0.945844829082489
2025-06-05 00:00:00+00:00,5.760000228881836,2.319999933242798,4.131133272379329,-0.999,1e-06,0.0663648851343091,1.3740091613956504,2.761274389656428,0.056238122291842,24.431988576456515,0,0.9475197196006775
2025-06-06 00:00:00+00:00,5.78000020980835,2.2699999809265137,4.1862381121412735,0.999,1.8627342185589288,1e-06,1.4249582549341555,2.761277048275621,1.366044669794277,1.0431271293264155,0,0.9423008561134338
2025-06-09 00:00:00+00:00,5.78000020980835,2.289999961853028,4.172196168607101,0.999,2.142470127556764,1e-06,1.410919734058091,2.761277023261733,1.4648600476933693,0.9631771555786404,0,0.9396303296089172
2025-06-10 00:00:00+00:00,5.75,2.289999961853028,4.142195958798752,0.999,1.5952584567255097,1e-06,1.3809208035589702,2.7612769471927057,1.264359239595067,1.0921902259370797,0,0.9383866786956787
2025-06-11 00:00:00+00:00,5.75,2.309999942779541,4.128154015264579,0.999,0.0456548814367509,0.0191200238133101,1.370623460064237,2.757550044038656,0.2498667414631403,5.485417755233454,-1,0.937492311000824
2025-06-12 00:00:00+00:00,6.059999942779541,2.2799999713897705,4.459216873345379,0.999,1.606868426946579,1e-06,1.7016363941617538,2.757559794697652,1.2742475968874434,1.3354048289502582,-1,0.9358956813812256
2025-06-13 00:00:00+00:00,6.059999942779541,2.3499999046325684,4.410070070975776,0.999,0.9612590163788431,1e-06,1.652516083933559,2.7575589195916743,0.9889886375869142,1.6709151360582064,-1,0.9393560290336609
2025-06-16 00:00:00+00:00,5.599999904632568,2.299999952316284,3.9851748916642338,0.999,2.1410661084996754,1e-06,1.2276392450937357,2.757555412793608,1.4689814924000948,0.8357077685764152,-1,0.9439475536346436
2025-06-17 00:00:00+00:00,5.460000038146973,2.299999952316284,3.845175025178638,-0.999,1e-06,0.0671956391038975,-0.6486147772566484,4.492066662931207,0.0918490409116145,-7.061747959685332,0,0.947507381439209
2025-06-18 00:00:00+00:00,5.460000038146973,2.180000066757202,3.929426686383671,-0.999,1e-06,0.0668459745991848,0.4456508658886591,3.484978556821313,0.0748948161148311,5.950356633566907,-1,0.9443912506103516
2025-06-20 00:00:00+00:00,5.460000038146973,2.180000066757202,3.929426686383671,-0.999,1e-06,0.0668793338374004,-0.3339392345150934,4.262371049195669,0.064809589663986,-5.1526207193479525,0,0.942308783531189
2025-06-23 00:00:00+00:00,5.5,2.200000047683716,3.955384704702526,-0.999,1e-06,0.0667345760706287,0.2694856607324901,3.686664699267385,0.057919342281915,4.65277487822294,-1,0.9393600225448608
2025-06-24 00:00:00+00:00,5.5,2.0999999046325684,4.025594589766557,-0.999,1e-06,0.0666090798107672,-0.2184818421937767,4.243317872053138,0.0528297485987158,-4.1355836056181285,0,0.9345586895942688
2025-06-25 00:00:00+00:00,5.449999809265137,2.0899999141693115,3.9826153707987806,-0.999,1e-06,0.0666103758207787,0.1840633591323121,3.799166648299473,0.0488783734881577,3.765742310899665,-1,0.9296049475669861
2025-06-26 00:00:00+00:00,5.099999904632568,2.0799999237060547,3.639636437933298,0.999,0.4537719489141842,1e-06,-0.1593818604913945,3.799093943815685,0.6755342704087806,-0.2359345298573069,0,0.923239529132843
2025-06-27 00:00:00+00:00,5.099999904632568,2.069999933242798,3.646657409700384,-0.999,1e-06,0.0675688320047677,0.1389853668814935,3.508073363785348,0.0473710844027328,2.9339705568039607,-1,0.9152629375457764
2025-06-30 00:00:00+00:00,5.119999885559082,2.259999990463257,3.533258759659092,-0.999,1e-06,0.0672349124740329,-0.1292376163936581,3.662281598679296,0.044479939743099,-2.905525887402066,0,0.9007167816162109
2025-07-01 00:00:00+00:00,5.119999885559082,2.190000057220459,3.5824055620286943,-0.999,1e-06,0.0668510792872396,0.1181079770490515,3.46457648938944,0.0420464303635906,2.808989396429832,-1,0.8865373730659485
2025-07-02 00:00:00+00:00,5.300000190734863,2.200000047683716,3.755384895437389,-0.999,1e-06,0.0670815385732496,-0.098605191133538,3.853440049162291,0.0399781826730853,-2.466475075664764,0,0.8638006448745728
2025-07-03 00:00:00+00:00,5.300000190734863,2.240000009536743,3.7273010083690448,-0.999,1e-06,0.0671377684711824,0.0887956673440775,3.638810142367275,0.0381882101693346,2.3252115495944587,-1,0.8513598442077637
2025-07-04 00:00:00+00:00,5.300000190734863,2.109999895095825,3.818573808734335,-0.999,1e-06,0.0671676542936038,-0.0780414311841354,3.8962483504109824,0.036618863315058,-2.1311811487071477,0,0.8382551670074463
2025-07-07 00:00:00+00:00,5.300000190734863,2.109999895095825,3.818573808734335,-0.999,1e-06,0.067219385475584,0.0722458129590318,3.746541905282805,0.0352288244551102,2.0507585500359213,-1,0.8377211093902588
2025-07-08 00:00:00+00:00,5.119999885559082,2.119999885559082,3.631552531791468,-0.999,1e-06,0.0673278191500395,-0.0736350912629931,3.705246704344112,0.0339874873367262,-2.166535305580663,0,0.8321493268013
2025-07-09 00:00:00+00:00,5.25,2.0899999141693115,3.782615561533644,0.999,0.3729694423743759,1e-06,0.0772885328864654,3.705286583222159,0.6118149401218328,0.1263266517667494,0,0.8288148045539856
2025-07-10 00:00:00+00:00,5.300000190734863,2.0899999141693115,3.832615752268507,-0.999,1e-06,0.0675294772812035,-0.0699169079965119,3.902251380508144,0.0354246025345382,-1.973682215018346,1,0.8313663601875305
2025-07-11 00:00:00+00:00,5.300000190734863,2.049999952316284,3.8606996393368513,-0.999,1e-06,0.0675694726369746,0.0660174645495458,3.7948352651070714,0.0341672810484566,1.9321837302745517,0,0.8064444661140442
2025-07-14 00:00:00+00:00,5.099999904632568,2.0199999809265137,3.681762268535815,0.999,0.2417500766378017,1e-06,-0.1129260573489795,3.79476231792982,0.4930621704813249,-0.2290300576877388,0,0.7778103947639465
2025-07-15 00:00:00+00:00,5.099999904632568,2.049999952316284,3.660699353234557,-0.999,1e-06,0.0676611268528511,0.1039485315457869,3.5570894809297897,0.0355741393056661,2.922025200739862,-1,0.7469112873077393
2025-07-16 00:00:00+00:00,5.099999904632568,2.0299999713897705,3.6747412967687287,0.999,0.0170930852304867,0.0497086645725545,0.1073674879888473,3.567353201463874,0.1763130211316251,0.6089594931771546,-1,0.7121317982673645
2025-07-17 00:00:00+00:00,5.099999904632568,1.9299999475479128,3.744951098136175,0.999,0.7455695786326922,1e-06,0.1775800423999375,3.5673616241770207,0.8716149078993249,0.203736811739398,-1,0.6723042130470276
2025-07-18 00:00:00+00:00,5.099999904632568,1.9900000095367432,3.702825183837073,0.999,0.7506660601569903,1e-06,0.1354699859380045,3.5673607832970773,0.8745341896833491,0.1549053056313961,-1,0.6276103258132935
2025-07-21 00:00:00+00:00,5.099999904632568,2.0,3.6958042120699863,0.999,0.4874371459478926,1e-06,0.1284450545530266,3.5673605706734266,0.7082246288443675,0.1813620274158136,-1,0.589343249797821
2025-07-22 00:00:00+00:00,5.150000095367432,1.9299999475479128,3.794951288871038,-0.999,1e-06,0.0656902562428694,-0.0462092911611665,3.8408688882914968,0.087320368969045,-0.5291925779373158,0,0.5815021991729736
2025-07-23 00:00:00+00:00,5.150000095367432,1.870000004768372,3.8370771194735545,-0.999,1e-06,0.0641654434796613,0.0381468210874959,3.798983027289703,0.0719097656154926,0.5304817886831957,0,0.5824539065361023
2025-07-24 00:00:00+00:00,5.150000095367432,1.8799999952316284,3.830056147706468,-0.999,1e-06,0.0641750279510666,-0.029714893182988,3.859689622907707,0.0625366741834684,-0.475159473556449,0,0.5811358690261841
2025-07-25 00:00:00+00:00,5.150000095367432,1.809999942779541,3.879203033772656,-0.999,1e-06,0.0641907989317234,0.0286934241023357,3.8505223296455418,0.056069815175098,0.511744581513784,0,0.582025945186615
2025-07-28 00:00:00+00:00,5.150000095367432,1.7999999523162842,3.8862240055397423,-0.999,1e-06,0.0639992172102537,-0.0234064384287933,3.909546545974704,0.0512496974011406,-0.4567136903382465,0,0.5809288024902344
2025-07-29 00:00:00+00:00,5.150000095367432,1.7599999904632568,3.914307892608087,-0.999,1e-06,0.0628049654565403,0.022055815930261,3.89227742444328,0.047424652778875,0.4650706887217438,0,0.581746518611908
2025-07-30 00:00:00+00:00,5.150000095367432,1.7400000095367432,3.928349836142259,0.999,0.5850403169282956,1e-06,0.0360677106265789,3.892279726735086,0.7664691502938645,0.0470569632355726,0,0.5816640257835388
2025-07-31 00:00:00+00:00,5.5,1.6799999475479126,4.320475655073929,0.999,1.7592458560140494,1e-06,0.428172892345961,3.892280473658429,1.3272835195440889,0.3225933917216383,0,0.5823394656181335
2025-08-01 00:00:00+00:00,5.5,1.7100000381469729,4.299412656076085,-0.999,1e-06,0.0600747613493894,-0.370592153514323,4.668805428556174,0.0458978254425248,-8.074285653868158,1,0.5852203369140625
2025-08-04 00:00:00+00:00,5.5,1.7300000190734863,4.285370712541913,0.999,0.8962366076082701,1e-06,-0.3834318254335023,4.668804011938224,0.9479078753609328,-0.4045032596522144,1,0.5846574902534485
2025-08-05 00:00:00+00:00,5.5,1.7300000190734863,4.285370712541913,0.999,0.8979081493266132,1e-06,-0.383433255166025,4.668804010565299,0.9487897041115656,-0.4041288111627085,1,0.5846744775772095
2025-08-06 00:00:00+00:00,5.5,1.7899999618530271,4.243244881939397,0.999,0.8975267303825344,1e-06,-0.4255542421648586,4.668803859316856,0.9485892070173046,-0.4486180519626083,1,0.5878013372421265
2025-08-07 00:00:00+00:00,5.199999809265137,1.850000023841858,3.901118776905432,0.999,1.6464408302783533,1e-06,-0.7676636143834233,4.668803194625175,1.284031381606047,-0.5978542466954675,1,0.5903246998786926
2025-08-08 00:00:00+00:00,5.199999809265137,1.7999999523162842,3.936223719437448,0.999,1.0772618213144405,1e-06,-0.7325827619111358,4.668803296414366,1.0390180828852218,-0.7050721965077318,1,0.6014193296432495
2025-08-11 00:00:00+00:00,5.199999809265137,1.7300000190734863,3.9853705218070496,0.999,0.9650406085096476,1e-06,-0.6834379510676958,4.668803456781935,0.9835336103046312,-0.6948801178802763,1,0.6130794286727905
2025-08-12 00:00:00+00:00,5.199999809265137,1.75,3.9713285782728778,0.999,0.9830564117285584,1e-06,-0.697473333528075,4.66880340890317,0.992650575987906,-0.7026373130685339,1,0.6253781318664551
2025-08-13 00:00:00+00:00,5.199999809265137,1.659999966621399,4.034517407873238,0.999,1.0859948508775743,1e-06,-0.6342919381708536,4.668803592949835,1.0432135956619888,-0.6080173234018801,1,0.636533260345459
2025-08-14 00:00:00+00:00,5.199999809265137,1.7100000381469729,3.999412465341222,0.999,1.0638440091583232,1e-06,-0.6693876618735327,4.6688034854832505,1.0325428631495353,-0.6482904349672411,1,0.6468556523323059
2025-08-15 00:00:00+00:00,5.010000228881836,1.659999966621399,3.844517827489937,0.999,1.1939500301689918,1e-06,-0.8242722135276256,4.668803068466087,1.093732959333512,-0.7536320511269151,1,0.6560088396072388
2025-08-18 00:00:00+00:00,5.010000228881836,1.590000033378601,3.89366462985954,0.999,1.233114028296681,1e-06,-0.7751424810771278,4.668803193891171,1.1114930430437284,-0.6973885135209362,1,0.6679133772850037
2025-08-19 00:00:00+00:00,5.010000228881836,1.5199999809265137,3.942811515925728,-0.999,1e-06,0.0512983631639092,0.6624099419959714,3.28288967350745,0.0443213566426855,14.945615210659188,0,0.6768556237220764
2025-08-20 00:00:00+00:00,4.329999923706055,1.5399999618530271,3.248769267215774,0.999,4.030312289670955,1e-06,-0.0340866829117193,3.282873215123766,2.008098994807042,-0.0169746028457101,0,0.6724045276641846
2025-08-21 00:00:00+00:00,5.010000228881836,1.5099999904632568,3.949832487692814,0.999,12.59963166931066,1e-06,0.6669535391251927,3.282873384907386,3.5498988660176374,0.1878795887707633,0,0.6743302941322327
2025-08-22 00:00:00+00:00,5.010000228881836,1.7100000381469729,3.809412884957921,0.999,10.015427092371052,1e-06,0.526540937901591,3.2828733423466407,3.1650558260156365,0.1663607111045597,0,0.6815442442893982
2025-08-25 00:00:00+00:00,5.119999885559082,1.7200000286102295,3.912391569868081,0.999,2.607943176566508,1e-06,0.6295141379441205,3.282873463437886,1.6155789869203645,0.3896523432408016,0,0.6869824528694153
2025-08-26 00:00:00+00:00,5.119999885559082,1.690000057220459,3.93345448516934,0.999,9.51009592893928,1e-06,0.6505807866319502,3.282873470401522,3.084193446965165,0.2109403310198065,0,0.6973171234130859
2025-08-27 00:00:00+00:00,5.119999885559082,1.7000000476837158,3.926433513402253,0.999,9.417531917025078,1e-06,0.6435601127060908,3.282873468336252,3.069150730475239,0.2096867078947404,0,0.7098127007484436
2025-08-28 00:00:00+00:00,4.630000114440918,1.6799999475479126,3.450475769514848,0.999,11.238892950326877,1e-06,0.167606659464896,3.2828733391654112,3.3527672510719,0.0499905442023484,0,0.7182507514953613
2025-08-29 00:00:00+00:00,4.5,1.6699999570846558,3.327496626841015,0.999,9.292775128246554,1e-06,0.044624649652411,3.282873298786401,3.0487589963100006,0.0146369882651995,0,0.7241127490997314
2025-09-01 00:00:00+00:00,4.5,1.6699999570846558,3.327496626841015,0.999,9.294538704634238,1e-06,0.0446233275744872,3.28287329880064,3.0490483751439625,0.0146351654956541,0,0.728194534778595
2025-09-02 00:00:00+00:00,4.5,1.6399999856948853,3.348559542142273,0.999,8.785247525521887,1e-06,0.0656859957405548,3.282873306146033,2.964355885312764,0.022158606551259,0,0.7284908890724182
2025-09-03 00:00:00+00:00,4.5,1.6699999570846558,3.327496626841015,0.999,9.076470243074212,1e-06,0.0446235590989649,3.282873299071234,3.013076423255548,0.0148099659054616,0,0.7256762981414795
2025-09-04 00:00:00+00:00,4.5,1.6299999952316284,3.3555805139093597,0.999,5.646382403644651,1e-06,0.072706701451295,3.2828733143111624,2.3766662980395457,0.0305918847384123,0,0.7247332334518433
2025-09-05 00:00:00+00:00,4.349999904632568,1.6200000047683716,3.212601390309014,0.999,11.253471971781403,1e-06,-0.0702706152797845,3.2828732754490626,3.3549416181670395,-0.0209454062923982,0,0.723734974861145
2025-09-08 00:00:00+00:00,4.75,1.5700000524520874,3.647706344511876,0.999,14.914691937204712,1e-06,0.3648300629991678,3.282873364740718,3.862234356815161,0.0944608817834686,0,0.7191352248191833
2025-09-09 00:00:00+00:00,4.75,1.5,3.696853230578064,0.999,2.9729611189242005,1e-06,0.4139781494516828,3.2828734157400272,1.7248548941351145,0.2400075222903094,0,0.7171803712844849
2025-09-10 00:00:00+00:00,4.75,1.5299999713897705,3.6757903152768057,0.6791501104539436,0.0302761950473922,0.0004577585581603,0.3885323882201358,3.2868984716870067,0.1812440134382303,2.1436977743408407,-1,0.7111243605613708
2025-09-11 00:00:00+00:00,4.75,1.5499999523162842,3.661748371742633,0.5242883730255053,0.0089950641759337,0.0190180579599578,0.253810104563382,3.4073420136248025,0.1274248247114573,1.9918418968840124,-1,0.7018905282020569
2025-09-12 00:00:00+00:00,4.989999771118164,1.5700000524520874,3.88770611563004,-0.2443709186995969,0.0035297604275344,0.0219488486757308,0.0223087633578411,3.8639242474980495,0.0812519342310165,0.274562858951918,-1,0.6924455165863037
2025-09-15 00:00:00+00:00,4.989999771118164,1.600000023841858,3.866643200328782,0.2752626421752537,0.0098533792371388,0.0158392371473823,0.0049897484735898,3.861665902330465,0.129729697942045,0.0384626539084281,-1,0.6842767596244812
2025-09-16 00:00:00+00:00,4.989999771118164,1.6799999475479126,3.8104754261920935,0.254170442888841,0.0093955126614441,0.0162972039167805,-0.0129951121141212,3.823647030980747,0.1305540888742698,-0.0995381471861538,0,0.6787425875663757
2025-09-17 00:00:00+00:00,4.989999771118164,1.75,3.761328540125905,0.2553518639276668,0.0094055274498887,0.0163071179670511,-0.0189104336289811,3.7804349022327006,0.1311743137052616,-0.1441626267736483,0,0.6759640574455261
2025-09-18 00:00:00+00:00,4.989999771118164,1.6699999570846558,3.817496397959179,0.2550639029613079,0.009452561487472,0.0162630259115906,0.0062382758738431,3.8111194533719854,0.131552054616937,0.0474205886940213,0,0.6740257740020752
2025-09-19 00:00:00+00:00,4.989999771118164,1.690000057220459,3.8034543707284216,0.2624245811697149,0.0095626135472358,0.0161685462430332,-0.0008452445726679,3.80433045366221,0.1323556953255686,-0.0063861594364248,0,0.6720036268234253
2025-09-22 00:00:00+00:00,4.989999771118164,1.6399999856948853,3.838559313260437,0.2508556854684587,0.0093585911991541,0.0163668938892985,0.0087190807091633,3.8297267530737646,0.1310607312260785,0.0665270262693945,0,0.6765507459640503
2025-09-23 00:00:00+00:00,4.989999771118164,1.6200000047683716,3.8526012567946095,0.2700925153133405,0.0091356661160777,0.0163707488347052,0.0075831700284348,3.844949306687452,0.1300189149913797,0.0583235910631745,0,0.6652279496192932
2025-09-24 00:00:00+00:00,4.989999771118164,1.559999942779541,3.8947271710937112,0.3123062254434149,0.0093974284239408,0.0161157517141772,0.0148647503776235,3.8797009002031806,0.1323379416666334,0.1123241769550012,0,0.6620655059814453
2025-09-25 00:00:00+00:00,5.0,1.559999942779541,3.904727399975547,0.2089316128355891,0.0078463318202138,0.0174486593705789,0.0077799963724474,3.896875607018959,0.121073061586779,0.0642586903352664,0,0.6481348276138306
2025-09-26 00:00:00+00:00,5.0,1.5499999523162842,3.911748371742633,0.2623242862321294,0.0087989877571567,0.0164684525126708,0.0053371994115309,3.906367141125109,0.1270576167353921,0.0420061350800091,0,0.6365962624549866
2025-09-29 00:00:00+00:00,5.0,1.5099999904632568,3.939832258810978,0.2627039503421357,0.0088306642788066,0.0164334193939134,0.0094834795423055,3.9302397898024792,0.1276688139701613,0.0742818801819685,0,0.6226904392242432
2025-09-30 00:00:00+00:00,4.900000095367432,1.5199999809265137,3.832811382411324,0.2599774619401185,0.0088899927734662,0.0163865836651207,-0.0227698222330061,3.8559194952332,0.128063705354261,-0.1778007451058698,0,0.6108466386795044
2025-10-01 00:00:00+00:00,4.900000095367432,1.4700000286102295,3.867916241246754,0.2654546886085626,0.0089376219111894,0.0163328266699493,-0.0014676368406449,3.8693226911987977,0.1284793532255182,-0.0114231337860862,0,0.6027833819389343
2025-10-02 00:00:00+00:00,4.400000095367432,1.4900000095367432,3.353874297712581,0.163488272393621,0.0082702505110033,0.017721497876721,-0.118848102302757,3.474360811136703,0.1227853741070891,-0.9679337068200152,0,0.6024166941642761
2025-10-03 00:00:00+00:00,4.400000095367432,1.5499999523162842,3.311748467110065,0.4013293084219663,0.0116473244018922,0.0153013324304658,-0.0866552265692059,3.398792444599946,0.1448912478526969,-0.59807081416887,0,0.6028004884719849
2025-10-06 00:00:00+00:00,4.400000095367432,1.5099999904632568,3.3398323541784096,0.2732043402811719,0.008694667991729,0.0182547594964181,-0.0312171579503249,3.371159652864784,0.1289305789675826,-0.242123770794312,0,0.6023143529891968
2025-10-07 00:00:00+00:00,4.460000038146973,1.4199999570846558,3.4630211265583104,0.3136261182013169,0.0093399162259959,0.0177304831406978,0.0152809767303601,3.447411985033977,0.1325721403197092,0.115265369432135,0,0.60141921043396
2025-10-08 00:00:00+00:00,4.460000038146973,1.4700000286102295,3.4279161840262944,0.274988538894812,0.008667404336287,0.0183374657918536,-0.0010887830989867,3.4290802040718926,0.128013710401451,-0.0085052069467584,0,0.600908637046814
2025-10-09 00:00:00+00:00,4.460000038146973,1.399999976158142,3.4770630700924827,0.2636144084178707,0.0084947537923879,0.0185145563669703,0.0104897444916588,3.466419415770856,0.126343686719475,0.0830254741176704,0,0.5991061329841614
2025-10-10 00:00:00+00:00,4.409999847412109,1.2999999523162842,3.4972726807250654,0.2580263100620641,0.0082546370125174,0.0186680277143733,0.0088687129749311,3.4883137556829,0.1245433696539267,0.0712098363772796,0,0.5977234840393066
2025-10-13 00:00:00+00:00,4.409999847412109,1.2899999618530271,3.5042936524921515,0.211563697891356,0.0077308041085904,0.0189401203583519,0.0048120411442771,3.4994366193412345,0.1201173472837948,0.0400611672925806,0,0.5902884602546692
2025-10-14 00:00:00+00:00,4.409999847412109,1.2899999618530271,3.5042936524921515,0.2414848543575257,0.008304942659673,0.0183244767309978,0.0020159257967719,3.5022656715608087,0.1239498148077946,0.016264048477184,0,0.5824790596961975
2025-10-15 00:00:00+00:00,4.409999847412109,1.2699999809265137,3.518335596026324,0.2449985139427675,0.0083601213681991,0.0182735218146136,0.0040617576903878,3.514223302960119,0.1246063118610328,0.0325967250753534,0,0.5772713422775269
2025-10-16 00:00:00+00:00,4.409999847412109,1.2899999618530271,3.5042936524921515,0.2529554481684193,0.00837808546466,0.0182320951668599,-0.0014753593857396,3.5058046155926177,0.124936157522371,-0.0118089063646407,0,0.5750353932380676
2025-10-17 00:00:00+00:00,4.409999847412109,1.3200000524520874,3.483230653494308,0.6295220953833021,0.0131239883990716,0.0124669868882681,-0.0101896782812149,3.493501199394708,0.1556080808573021,-0.065482963513696,0,0.5749952793121338
2025-10-20 00:00:00+00:00,4.409999847412109,1.2999999523162842,3.4972726807250654,-0.4611993666156113,0.0021764845094415,0.0189131221047144,0.0045001786597651,3.492774571523789,0.0681443671022125,0.0660388943522679,0,0.5749582648277283
2025-10-21 00:00:00+00:00,4.409999847412109,1.2400000095367432,3.539398511327582,-0.0009291317760789,0.0060227454213266,0.0147564486959459,0.0119976352692452,3.5272016764427248,0.1024435780164544,0.1171145668820572,0,0.5750528573989868
2025-10-22 00:00:00+00:00,4.409999847412109,1.2699999809265137,3.518335596026324,0.1657614301040703,0.0080923087787345,0.0126905832173247,-0.0013862345047863,3.51976696159239,0.1182471147444167,-0.011723199401377,0,0.5749951004981995
2025-10-23 00:00:00+00:00,4.409999847412109,1.2799999713897705,3.5113146242592377,0.1712079680391628,0.0081008814055387,0.0126611753778323,-0.0026306128779945,3.513978155122463,0.1193998251157613,-0.0220319659215924,0,0.574924886226654
2025-10-24 00:00:00+00:00,4.800000190734863,1.2699999809265137,3.9083359393490777,0.1880853395761052,0.0092639317525244,0.0121707798383736,0.1277536442422336,3.779042590814876,0.1266499779806268,1.0087143028305583,0,0.5746376514434814
2025-10-27 00:00:00+00:00,4.800000190734863,1.190000057220459,3.964503713485766,0.647806997307813,0.0198449266446054,0.0019379297906459,0.165280485080651,3.798772785916389,0.1667736319796371,0.9910468646556286,0,0.5751628279685974
2025-10-28 00:00:00+00:00,4.800000190734863,1.190000057220459,3.964503713485766,0.2650233052633917,0.007881632390276,0.0134398262181877,0.0739242520085732,3.890105171536845,0.1214662734251227,0.6085989956227927,0,0.5763148069381714
2025-10-29 00:00:00+00:00,5.0,1.2000000476837158,4.157482550983817,0.1212523312580935,0.0061783469174599,0.0149330419279516,0.0619511901971461,4.094558945975834,0.1064913130200679,0.5817487684227507,0,0.5770275592803955
2025-10-30 00:00:00+00:00,5.0,1.2000000476837158,4.157482550983817,0.1732268539786582,0.0068801756065092,0.0142196975701422,0.0236657041272823,4.13360634545518,0.1113218572680991,0.21258811798556,0,0.5777108073234558
2025-10-31 00:00:00+00:00,5.0,1.2200000286102295,4.143440607449644,0.1622525366729396,0.0066873439363794,0.0144061351911116,0.0052577790675326,4.138158965404147,0.1100646728522816,0.0477699059223949,0,0.5782085657119751
2025-11-03 00:00:00+00:00,5.0,1.190000057220459,4.164503522750903,0.1455124048501036,0.0065151613548042,0.014514703511659,0.0067083493738452,4.157693471663136,0.1085699914480183,0.0617882463135042,0,0.5786899924278259
2025-11-04 00:00:00+00:00,5.0,1.1799999475479126,4.171524578214575,0.1541319619083092,0.0066644712217088,0.0143196652787965,0.0041056258065087,4.167367592759232,0.1096297031351441,0.0374499400171466,0,0.5790594816207886
2025-11-05 00:00:00+00:00,4.809999942779541,1.2200000286102295,3.953440550229186,0.1571343922605688,0.0070022846794988,0.014152742801942,-0.0531469941486594,4.007441804115702,0.112063213106702,-0.4742590603577916,0,0.5791491270065308
2025-11-06 00:00:00+00:00,4.989999771118164,1.2400000095367432,4.119398435033637,0.1122814394234741,0.0063861503228819,0.0144995466964489,0.0211031567624012,4.097831358620836,0.107251210590995,0.1967638094350153,0,0.5794470310211182
2025-11-07 00:00:00+00:00,4.989999771118164,1.2799999713897705,4.091314547965292,0.0884732034003726,0.0063147098285468,0.0143856139815133,-0.0001042778806529,4.091452215196989,0.1062130384364422,-0.0009817804121606,0,0.5799909830093384
2025-11-10 00:00:00+00:00,4.989999771118164,1.2300000190734863,4.126419406800723,0.1077152104525729,0.0065760287283036,0.0141242950817564,0.008589834820801,4.117688599029378,0.1082100470477218,0.0793811208400344,0,0.5802221894264221
2025-11-11 00:00:00+00:00,4.789999961853027,1.2000000476837158,3.947482512836844,0.0847521552123771,0.0063774706309271,0.0142678302458246,-0.040005782048047,3.988169306830234,0.1066135481384994,-0.3752410715763474,0,0.5803341865539551
2025-11-12 00:00:00+00:00,5.0,1.149999976158142,4.192587493515832,0.0188097593092433,0.0062039831396014,0.0143609439474565,0.0483868240970739,4.143396735044507,0.1046221499522358,0.462491204005695,0,0.5805792808532715
2025-11-13 00:00:00+00:00,5.0,1.149999976158142,4.192587493515832,0.0857684701275041,0.0066942266075171,0.0140194751574571,0.0156211069635848,4.176785010839039,0.1086858283828885,0.1437271739656189,0,0.581021785736084
2025-11-14 00:00:00+00:00,4.710000038146973,1.1799999475479126,3.8815246163615473,0.1379930199173059,0.0080168934828035,0.0130499339994791,-0.0859264248039634,3.96863948047468,0.1180519286867232,-0.7278697244497221,0,0.581164538860321
2025-11-17 00:00:00+00:00,4.710000038146973,1.1299999952316284,3.916629475196977,0.2218548413936776,0.009019982000076,0.0123561353519738,-0.0295644888078744,3.9463251537583055,0.1256182648275133,-0.2353518323825721,0,0.5810563564300537
2025-11-18 00:00:00+00:00,4.710000038146973,1.159999966621399,3.895566559895719,0.1624606392006545,0.007953215657829,0.0134233504177298,-0.0171185228830072,3.9128600534355895,0.1191579005526285,-0.1436625083491336,0,0.5811581611633301
2025-11-19 00:00:00+00:00,4.699999809265137,1.1699999570846558,3.878545359246797,0.1689750775717632,0.0080308671456692,0.013350276905321,-0.0115942679506448,3.890261185946856,0.1194055799657638,-0.0970998838912653,0,0.5810769200325012
2025-11-21 00:00:00+00:00,4.699999809265137,1.190000057220459,3.86450333201604,0.1603805534957801,0.0079119242942145,0.0134456492868665,-0.0083902741589079,3.8729858765774834,0.1185319489554396,-0.0707849169177343,0,0.5812093615531921
2025-11-24 00:00:00+00:00,4.710000038146973,1.2100000381469729,3.860461617363703,0.1630426232264248,0.0079615068843219,0.013391567015302,-0.0044496082768083,3.864954456124672,0.1188155896653899,-0.0374497007449894,0,0.5810366272926331
2025-11-25 00:00:00+00:00,4.710000038146973,1.2300000190734863,3.8464196738295313,0.1615271265160409,0.007916201607814,0.0134248974749065,-0.005608424395423,3.8520970937689096,0.1185240948907972,-0.0473188544539439,0,0.5806880593299866
2025-11-26 00:00:00+00:00,4.710000038146973,1.1699999570846558,3.888545588128633,0.1587487988654792,0.0078987873438415,0.0134379801664959,0.009350528809705,3.8790505014403376,0.1183600989305684,0.0790006843031633,0,0.5805568099021912
2025-11-27 00:00:00+00:00,4.710000038146973,1.2300000190734863,3.8464196738295313,0.1558211693715061,0.0078695146831445,0.0134609577562006,-0.0078703338523971,3.854421935603329,0.1181221405935364,-0.0666287777452264,0,0.5801987051963806
2025-11-28 00:00:00+00:00,4.710000038146973,1.2400000095367432,3.839398702062445,0.1584773497608025,0.0079087156255059,0.0134235475323202,-0.0050401847900934,3.8444922949093754,0.1183845261497121,-0.0425746924367421,0,0.5794464349746704
2025-12-01 00:00:00+00:00,4.710000038146973,1.2200000286102295,3.8534406455966175,0.1655250599896813,0.0073241256832552,0.0135700119341526,0.0016733630839919,3.8517286157377377,0.1146871683847887,0.0145906739834885,0,0.5774965882301331
2025-12-02 00:00:00+00:00,4.710000038146973,1.2300000190734863,3.8464196738295313,0.0887568812893831,0.0066681736424568,0.0138723695714481,-0.0011764291028117,3.847617476556829,0.1089829634992588,-0.0107946147272805,0,0.5754673480987549
2025-12-03 00:00:00+00:00,4.710000038146973,1.159999966621399,3.895566559895719,-0.1039929602052451,0.0040658512058242,0.0155709058293423,0.0086536960556803,3.8867298414098896,0.0857702687004219,0.1008938900017437,0,0.5745437145233154
2025-12-04 00:00:00+00:00,4.710000038146973,1.2300000190734863,3.8464196738295313,-0.2515970502013428,0.0037025026913189,0.0146081398233459,-0.0098202236994122,3.856401337790447,0.0816359284955187,-0.1202929136764986,0,0.5740050673484802
2025-12-05 00:00:00+00:00,4.710000038146973,1.2300000190734863,3.8464196738295313,-0.0940123565443189,0.0050803012559716,0.0132274711444951,-0.0017439994712373,3.848213221800586,0.0941814324018027,-0.0185174447527726,0,0.5737512111663818
2025-12-08 00:00:00+00:00,4.710000038146973,1.149999976158142,3.902587531662805,-0.0989720939077003,0.0050655171268895,0.0132254974726045,0.0130678785030696,3.8892841363478063,0.0941568500965215,0.1387883992473575,0,0.5737075209617615
2025-12-09 00:00:00+00:00,4.710000038146973,1.149999976158142,3.902587531662805,-0.0891019556852489,0.0051536729293722,0.0131479665083707,0.0023146317374682,3.9002098779938095,0.0949213806520407,0.0243847247223802,0,0.5736262202262878
2025-12-10 00:00:00+00:00,4.650000095367432,1.1699999570846558,3.828545645349092,-0.0883888039241887,0.0051777624264641,0.0131060895846973,-0.0174381416499332,3.8462944902849214,0.0951209844630144,-0.1833259164460567,0,0.5736868381500244
2025-12-11 00:00:00+00:00,4.650000095367432,1.1200000047683716,3.8636505041845215,-0.0863278128150676,0.0051947869117146,0.0130910086675694,0.0053340741256298,3.8582475151248414,0.0952704647647576,0.0559887488614735,0,0.5735988616943359
2025-12-12 00:00:00+00:00,4.650000095367432,1.159999966621399,3.835566617116178,-0.1531216436061576,0.0042708472684474,0.0133925468037913,-0.0055311281975462,3.841192936421835,0.0869760680452464,-0.0635936795242208,0,0.5733985304832458
2025-12-15 00:00:00+00:00,4.599999904632568,1.100000023841858,3.827692256983832,-0.1959947861531754,0.0042279808355498,0.0129618435692562,-0.0022204801707755,3.8299788825140255,0.0863165556208517,-0.0257248468130381,0,0.5732923150062561
2025-12-16 00:00:00+00:00,4.550000190734863,1.0399999618530271,3.819818457385229,-0.0677838515901566,0.0054368509383536,0.011703788356671,-0.0026372403965518,3.822504876995696,0.0967259442969542,-0.0272650778001748,0,0.5733348727226257
2025-12-17 00:00:00+00:00,4.550000190734863,1.149999976158142,3.742587684250696,-0.0697370610675414,0.0054329673962343,0.0117214255755878,-0.0208646415186199,3.763820086015989,0.0968556498287004,-0.215419973491699,0,0.5733872056007385
2025-12-18 00:00:00+00:00,4.550000190734863,1.149999976158142,3.742587684250696,-0.1054223236661507,0.0049963060007027,0.0119820647230966,-0.0036237875761107,3.7463182519053175,0.0931726331005972,-0.038893261417204,0,0.5733648538589478
2025-12-19 00:00:00+00:00,4.550000190734863,1.190000057220459,3.714503713485766,-0.1140205026564112,0.0049770262427721,0.0119171830496025,-0.0077024863943051,3.722355323509448,0.0929057432731782,-0.0829064611394039,0,0.5735514760017395
2025-12-22 00:00:00+00:00,4.550000190734863,1.1799999475479126,3.721524768949438,-0.0768438117464432,0.0053178149705798,0.0115610821991751,0.0002160191610512,3.7213154398994335,0.095773812681689,0.0022555138508394,0,0.5735514760017395
2025-12-23 00:00:00+00:00,4.989999771118164,1.1699999570846558,4.168545321099825,-0.0564457666850643,0.0062922269394795,0.0114160421953697,0.1316235491746472,4.034903006114925,0.1033321874653736,1.2737904074541528,-1,0.5735514760017395
2025-12-26 00:00:00+00:00,4.989999771118164,1.159999966621399,4.175566292866911,0.0508919718407403,0.0066942906632512,0.0117074648090435,0.0453113401039657,4.129659441635393,0.1073827706245927,0.4219609890898881,-1,0.5735514760017395
2025-12-29 00:00:00+00:00,4.989999771118164,1.159999966621399,4.175566292866911,-0.0753320878721781,0.0050493153549926,0.0133444591309376,0.0077061302427737,4.167655720308027,0.0943389403625089,0.0816855713363114,-1,0.5735514760017395
2025-12-30 00:00:00+00:00,4.989999771118164,1.2000000476837158,4.147482322101981,-0.124350063375769,0.0046844228793821,0.0135560032880062,-0.005271045417632,4.152835988413324,0.0908668098100432,-0.058008478878604,0,0.5735514760017395
