data,PLAS3,INEP4,spread_observado,rho,var_mr,var_rw,mr_filtrado,rw_filtrado,std_mr,zscore_mr,sinal,prob_quebra
2022-01-03 00:00:00+00:00,10.020000457763672,7.0,4.49623888069172,0.999,62.41061076533881,1e-06,3.1675958264389705,1.3286436181329224,7.900066714582762,0.4009581109728977,-1,0.5
2022-01-04 00:00:00+00:00,10.020000457763672,7.050000190734863,4.456783290344934,0.999,61.76683359429491,1e-06,3.1281397317519173,1.3286436173437055,7.8592161138254,0.3980218493100229,-1,0.5
2022-01-05 00:00:00+00:00,10.0,6.699999809265137,4.712971212455977,0.999,62.97975526049748,1e-06,3.3843271778333666,1.3286436228789076,7.936006589590167,0.4264521632671856,-1,0.5
2022-01-06 00:00:00+00:00,10.0,6.849999904632568,4.594604817692012,0.999,61.51352573007549,1e-06,3.2659613842481257,1.328643620364209,7.843084346071554,0.4164128855612755,-1,0.5
2022-01-07 00:00:00+00:00,10.0,6.75,4.67351562210919,0.999,62.96663940807857,1e-06,3.344871869480208,1.3286436221212758,7.935180321681389,0.4215243679265831,-1,0.5
2022-01-10 00:00:00+00:00,9.25,6.75,3.92351562210919,0.999,66.202106861111,1e-06,2.594873143021964,1.3286436069255512,8.136495264586584,0.3189177967467064,-1,0.5
2022-01-11 00:00:00+00:00,9.25,6.800000190734863,3.884060031762403,0.999,69.38523845902161,1e-06,2.555416478679366,1.3286436062092335,8.32980718795805,0.3067797874569765,-1,0.5
2022-01-12 00:00:00+00:00,10.75,6.75,5.42351562210919,0.999,80.93274995462492,1e-06,4.094870084896847,1.3286436319179733,8.996288139237317,0.4551732916420349,-1,0.5
2022-01-13 00:00:00+00:00,10.720000267028809,6.550000190734863,5.551337497972353,0.999,41.83681870011339,1e-06,4.222693546480969,1.3286436361757787,6.46817362394918,0.6528417126661452,-1,0.5
2022-01-14 00:00:00+00:00,10.949999809265137,7.0,5.426238232193185,0.999,56.57168882186719,1e-06,4.097594812573187,1.3286436332884073,7.521445416365764,0.5447882136666593,-1,0.5
2022-01-17 00:00:00+00:00,11.369999885559082,7.0,5.8462383084871306,0.999,34.68100913977914,1e-06,4.517593435816752,1.3286436498253331,5.889096914567365,0.7671114096699547,-1,0.5
2022-01-18 00:00:00+00:00,11.600000381469728,6.650000095367432,6.352426807996095,0.999,57.47114950288634,1e-06,5.023782257515242,1.3286436618514532,7.581002824982423,0.6626804360182902,-1,0.5
2022-01-19 00:00:00+00:00,10.979999542236328,6.550000190734863,5.811336773179873,0.999,88.47371017720737,1e-06,4.482693725436537,1.3286436536455255,9.40607067306934,0.4765745316236039,-1,0.5
2022-01-20 00:00:00+00:00,10.979999542236328,6.75,5.653515164345518,0.999,74.81151176413579,1e-06,4.324871718445243,1.3286436508675403,8.649391197863713,0.5000203620705038,-1,0.5
2022-01-21 00:00:00+00:00,10.979999542236328,6.75,5.653515164345518,0.999,83.81997120458003,1e-06,4.32487150824854,1.3286436509375197,9.155349722110088,0.4723873625279451,-1,0.5
2022-01-24 00:00:00+00:00,10.859999656677246,6.75,5.533515278786436,0.999,74.85699828257859,1e-06,4.204871784473935,1.3286436488400686,8.652020377468208,0.4859988304494012,-1,0.5
2022-01-25 00:00:00+00:00,10.859999656677246,6.949999809265137,5.375693669952081,0.999,57.081439606727486,1e-06,4.04705029388539,1.3286436451845558,7.55525637792863,0.5356602200433788,-1,0.5
2022-01-26 00:00:00+00:00,10.699999809265137,7.849999904632568,4.505495830232585,0.999,81.22687726948062,1e-06,3.1768532658759354,1.3286436306895508,9.012621017164642,0.3524893879178522,-1,0.5
2022-01-27 00:00:00+00:00,10.899999618530272,7.800000190734863,4.744950853568111,0.999,89.67240753179257,1e-06,3.416306948623804,1.3286436343702546,9.469575959955211,0.3607666238774182,-1,0.5
2022-01-28 00:00:00+00:00,10.899999618530272,7.800000190734863,4.744950853568111,0.999,89.8659675895995,1e-06,3.4163072153442497,1.3286436344220105,9.479790605238538,0.3603779194718073,-1,0.5
2022-01-31 00:00:00+00:00,10.899999618530272,7.800000190734863,4.744950853568111,0.999,89.09979377504602,1e-06,3.416307215259621,1.3286436344742454,9.439293252389945,0.3619240470566631,-1,0.5
2022-02-01 00:00:00+00:00,10.899999618530272,7.800000190734863,4.744950853568111,0.999,90.3695033800434,1e-06,3.416307215261954,1.3286436345257844,9.50631199307141,0.3593725114168248,-1,0.5
2022-02-02 00:00:00+00:00,10.109999656677246,7.550000190734863,4.152228090896226,0.999,93.4754779313772,1e-06,2.8235850954099773,1.3286436259245185,9.668295778520168,0.2920457917395402,-1,0.5
2022-02-03 00:00:00+00:00,10.109999656677246,7.599999904632568,4.112772876825836,0.999,76.43853938919416,1e-06,2.784129299479317,1.3286436252702014,8.742940335993568,0.3184431315420754,-1,0.5
2022-02-04 00:00:00+00:00,9.880000114440918,7.449999809265137,4.001139729353471,0.999,76.48097598626794,1e-06,2.6724962483492307,1.3286436233256196,8.745366962901965,0.3055899494767935,-1,0.7906535267829895
2022-02-07 00:00:00+00:00,10.039999961853027,7.099999904632568,4.437327580363899,0.999,78.97242648713062,1e-06,3.108683393728062,1.328643630924042,8.886669500813229,0.349814223815073,-1,0.789776086807251
2022-02-08 00:00:00+00:00,10.039999961853027,7.0,4.516238384781076,0.999,73.44027210893321,1e-06,3.1875946406465028,1.3286436324522266,8.56975737337276,0.3719585633253437,-1,0.7903017997741699
2022-02-09 00:00:00+00:00,10.039999961853027,6.849999904632568,4.63460477954504,0.999,70.31698844312909,1e-06,3.305960971860298,1.3286436348193271,8.385550594484922,0.3942449496440448,-1,0.7907897233963013
2022-02-10 00:00:00+00:00,10.010000228881836,7.099999904632568,4.407327847392708,0.999,88.15310910228634,1e-06,3.0786844701246183,1.3286436313377308,9.389013815723844,0.3279028586547316,-1,0.7924929857254028
2022-02-11 00:00:00+00:00,10.100000381469728,6.75,4.773516003578918,0.999,83.39408169197355,1e-06,3.4448719233729395,1.3286436374099313,9.132061871315468,0.3772282724226339,-1,0.7946585416793823
2022-02-14 00:00:00+00:00,10.100000381469728,6.800000190734863,4.734060413232132,0.999,66.12188050896198,1e-06,3.405416831029864,1.3286436366625558,8.131565276039415,0.4187898289477319,-1,0.7994146943092346
2022-02-15 00:00:00+00:00,10.100000381469728,6.900000095367432,4.655149608814955,0.999,81.2418670731881,1e-06,3.3265060663676054,1.328643635386197,9.01345335610858,0.3690601077014696,-1,0.8032054901123047
2022-02-16 00:00:00+00:00,9.800000190734863,6.800000190734863,4.4340602224972665,0.999,93.8095457892928,1e-06,3.105416822433908,1.3286436321959263,9.68555734683692,0.3206234511066176,-1,0.8031302094459534
2022-02-17 00:00:00+00:00,9.800000190734863,6.849999904632568,4.394605008426876,0.999,89.27388448753572,1e-06,3.065961417508283,1.328643631635928,9.448511037041971,0.3244914892397837,-1,0.8020026683807373
2022-02-18 00:00:00+00:00,9.800000190734863,7.0,4.276238613662912,-0.999,1e-06,0.3324240115252807,-3.04756325956524,7.322003017942181,0.0217991552534176,-139.8018970981658,0,0.800055980682373
2022-02-21 00:00:00+00:00,9.800000190734863,7.050000190734863,4.236783023316125,-0.999,1e-06,0.3290643447560132,3.026973286678591,1.2116607302024036,0.021738053601545,139.2476687270402,-1,0.7859436273574829
2022-02-22 00:00:00+00:00,9.800000190734863,7.25,4.078961414481771,-0.4409021718051125,1e-06,0.2798414812449283,-1.3301067786679874,5.407572964995163,0.0096614832128302,-137.67107486163596,0,0.7772529125213623
2022-02-23 00:00:00+00:00,10.100000381469728,7.699999809265137,4.02386279720114,-0.999,1e-06,0.2768787738197179,1.3269650308805128,2.697875421133554,0.0096972108681738,136.8398654953044,-1,0.7672860622406006
2022-02-24 00:00:00+00:00,9.989999771118164,7.25,4.268960994865072,-0.999,1e-06,0.2645941504123091,-1.3235982397370405,5.591466818199289,0.009732339409279,-136.00000822773274,0,0.7593231201171875
2022-02-25 00:00:00+00:00,9.989999771118164,7.150000095367432,4.347871799282249,-0.999,1e-06,0.2489228581644923,1.320340346715,3.028559865328491,0.0097667444932245,135.1873541517289,-1,0.7532342076301575
2022-03-02 00:00:00+00:00,9.989999771118164,7.150000095367432,4.347871799282249,-0.999,1e-06,0.2483787031359157,-1.3170126142606715,5.663824657520622,0.0098008414017449,-134.37750497892873,0,0.7457396388053894
2022-03-03 00:00:00+00:00,9.989999771118164,7.050000190734863,4.426782603699426,-0.999,1e-06,0.2482843286007639,1.3137389589227906,3.114069397453155,0.009834646166278,133.58273767158585,-1,0.7441068887710571
2022-03-04 00:00:00+00:00,9.989999771118164,6.900000095367432,4.54514899846339,-0.999,1e-06,0.2473503090680002,-1.3102997953399236,5.85434224496839,0.0098681364114736,-132.7808758112058,0,0.743818998336792
2022-03-07 00:00:00+00:00,10.479999542236328,6.800000190734863,5.114059573998731,-0.999,1e-06,0.2487838225512789,1.3074002219966017,3.807481133047069,0.0099013872538849,132.04212586308307,-1,0.742479681968689
2022-03-08 00:00:00+00:00,10.479999542236328,6.650000095367432,5.232425968762695,-0.999,1e-06,0.2486550924662379,-1.3039593633959397,6.535289601432577,0.0099343539792839,-131.25759018805618,0,0.736946702003479
2022-03-09 00:00:00+00:00,10.479999542236328,6.650000095367432,5.232425968762695,-0.999,1e-06,0.2469779651399982,1.3005924947046597,3.932885915667179,0.0099669911391414,130.48998203651314,-1,0.736359179019928
2022-03-10 00:00:00+00:00,10.479999542236328,6.5,5.350792363526659,-0.999,1e-06,0.2470061215444686,-1.2971266153934269,6.6468215632261165,0.0099993548701653,-129.72103023002086,0,0.7342594861984253
2022-03-11 00:00:00+00:00,10.479999542236328,6.25,5.5480695627078,-0.999,1e-06,0.2461343984360253,1.2939020486831827,4.255138038786026,0.0100314190354211,128.98494660769197,-1,0.7262560725212097
2022-03-14 00:00:00+00:00,10.479999542236328,6.449999809265137,5.390247953873446,-0.999,1e-06,0.2384329579944234,-1.2905780764392696,6.67981038347077,0.0100629552554338,-128.25040394991058,0,0.7194350361824036
2022-03-15 00:00:00+00:00,10.479999542236328,6.449999809265137,5.390247953873446,-0.2338856452297752,1e-06,0.2088251551286117,0.3016200943846422,5.089388649770109,0.0027350250014433,110.2805620517048,-1,0.707066535949707
2022-03-16 00:00:00+00:00,10.479999542236328,6.349999904632568,5.469158758290623,-0.999,1e-06,0.2074419720812916,-0.3012727980802144,5.770103587650756,0.0029097205228923,-103.54011517942676,0,0.6953609585762024
2022-03-17 00:00:00+00:00,10.479999542236328,6.75,5.153515164345518,-0.999,1e-06,0.2017994820880804,0.3008992948053857,4.853070039140804,0.0030741333878899,97.88101452940488,-1,0.6832735538482666
2022-03-18 00:00:00+00:00,9.449999809265137,7.099999904632568,3.847327427776008,-0.999,1e-06,0.1967927565205314,-0.300662341341745,4.148347660488278,0.0032298271850301,-93.08929676958364,0,0.6590350866317749
2022-03-21 00:00:00+00:00,9.34000015258789,6.949999809265137,3.855694165862726,-0.999,1e-06,0.201318593481268,0.3003033469204765,3.555685035762945,0.0033780141057387,88.8993762371522,-1,0.639741837978363
2022-03-22 00:00:00+00:00,8.710000038146973,6.699999809265137,3.422971250602949,-0.999,1e-06,0.2012063229641633,-0.2999849560420269,3.7228731635947017,0.003519632476664,-85.23189794133188,0,0.6128393411636353
2022-03-23 00:00:00+00:00,8.989999771118164,6.5,3.860792592408495,-0.999,1e-06,0.200232161181209,0.2996658228798919,3.5612074592197875,0.0036554397178217,81.9780507988966,-1,0.585545003414154
2022-03-24 00:00:00+00:00,9.300000190734863,6.599999904632568,4.091882207608017,-0.999,1e-06,0.2008870060230649,-0.2992602006759853,4.390729734517858,0.003786059940723,-79.04264733295008,0,0.55873042345047
2022-03-25 00:00:00+00:00,9.210000038146973,6.5,4.080792859437303,-0.999,1e-06,0.1999209155014538,0.2988769381453882,3.782220103890224,0.0039120052267717,76.3999332362917,-1,0.5327666401863098
2022-03-28 00:00:00+00:00,9.3100004196167,6.599999904632568,4.101882436489853,-0.999,1e-06,0.1950523416116182,-0.2984845200806866,4.400050414076432,0.0040336981188176,-73.99773391276523,0,0.5308516621589661
2022-03-29 00:00:00+00:00,9.199999809265137,6.849999904632568,3.794604626957149,-0.999,1e-06,0.1947393909428131,0.2980401554680793,3.4970278693319248,0.0041515192646171,71.7906232564638,-1,0.5342310070991516
2022-03-30 00:00:00+00:00,9.350000381469728,6.699999809265137,4.062971593925705,-0.999,1e-06,0.1946724411862423,-0.297594110573295,4.360122648270934,0.0042657864137633,-69.7630124220754,0,0.5234134197235107
2022-03-31 00:00:00+00:00,9.34000015258789,6.650000095367432,4.092426579114258,-0.999,1e-06,0.1950996280736545,0.2971943588097187,3.795521412514405,0.0043767761912741,67.90257162388691,-1,0.5218569040298462
2022-04-01 00:00:00+00:00,9.34000015258789,6.5,4.210792973878221,-0.999,1e-06,0.1952120054198993,-0.2967614968515817,4.50719016290841,0.0044847275821979,-66.1715770718317,0,0.522811770439148
2022-04-04 00:00:00+00:00,9.34000015258789,6.400000095367432,4.289703778295399,-0.999,1e-06,0.1952854064955983,0.2963618487278583,3.993604735941758,0.004589851615299,64.56893894783377,-1,0.521782398223877
2022-04-05 00:00:00+00:00,9.0,6.25,4.068070020471472,-0.999,1e-06,0.1946759968942037,-0.2959874619523661,4.363867424784583,0.0046923319999914,-63.07896840055346,0,0.5217710137367249
2022-04-06 00:00:00+00:00,9.0,5.849999904632568,4.383713614416577,-0.999,1e-06,0.1930574035362351,0.2956301941655349,4.088226092262158,0.0047923295684879,61.68820193616352,-1,0.5198507905006409
2022-04-07 00:00:00+00:00,9.010000228881836,5.699999809265137,4.512080238062377,-0.999,1e-06,0.1938024688537666,-0.295168395328261,4.806878091574481,0.0048900051557332,-60.3615713947038,0,0.520694375038147
2022-04-08 00:00:00+00:00,9.010000228881836,5.800000190734863,4.433169057368803,-0.999,1e-06,0.1913687347269219,0.2947102073304411,4.138807685610302,0.0049854743309182,59.11377489254098,-1,0.5188284516334534
2022-04-11 00:00:00+00:00,9.010000228881836,5.75,4.47262464771559,-0.999,1e-06,0.1904046796167351,-0.2942553463015946,4.7665505605381,0.0050788655650517,-57.93721895818597,0,0.5216801166534424
2022-04-12 00:00:00+00:00,9.010000228881836,5.550000190734863,4.630446256549945,-0.999,1e-06,0.1782999788130737,0.2938395121155488,4.336847542656217,0.0051702066734623,56.833223635676006,-1,0.518619954586029
2022-04-13 00:00:00+00:00,8.989999771118164,5.550000190734863,4.610445798786273,-0.999,1e-06,0.1748263867596447,-0.293376119938858,4.903498077120352,0.0052596528609622,-55.77860891092842,0,0.5225442051887512
2022-04-14 00:00:00+00:00,8.989999771118164,5.349999904632568,4.768267783897024,-0.999,1e-06,0.1729573709021928,0.2929487159507118,4.475566269441858,0.0053473059617934,54.78435646731868,-1,0.5172141194343567
2022-04-18 00:00:00+00:00,9.010000228881836,5.800000190734863,4.433169057368803,-0.999,1e-06,0.1691430250459308,-0.2925729552255914,4.725594327442244,0.0054332279801396,-53.848827307643,0,0.5233684182167053
2022-04-19 00:00:00+00:00,9.010000228881836,5.800000190734863,4.433169057368803,-0.999,1e-06,0.1691496394407153,0.2920805353747027,4.141433553519441,0.0055175318667644,52.93680986857287,-1,0.5133514404296875
2022-04-20 00:00:00+00:00,8.989999771118164,5.400000095367432,4.728812193550237,-0.999,1e-06,0.1610304866373085,-0.2914628101413362,5.019730118139245,0.0056001932474116,-52.0451343846118,0,0.5137684345245361
2022-04-22 00:00:00+00:00,8.989999771118164,5.150000095367432,4.926089392731378,-0.999,1e-06,0.1577397108055806,0.291021387100593,4.635311462306982,0.0056813261252086,51.224200246013055,-1,0.513347864151001
2022-04-25 00:00:00+00:00,9.109999656677246,5.300000190734863,4.927722883526496,-0.999,1e-06,0.1542780816693933,-0.2904911469853531,5.217836845987156,0.0057609830393234,-50.423885125596136,0,0.5137642025947571
2022-04-26 00:00:00+00:00,8.119999885559082,5.349999904632568,3.8982678983379415,0.999,2.274216715879539,1e-06,-1.3194780112680258,5.217791168149019,1.5081278925637094,-0.8749112179239704,0,0.5133451223373413
2022-04-27 00:00:00+00:00,8.25,5.699999809265137,3.752080009180541,-0.999,1e-06,0.1644880176148813,1.3119839102124138,2.441781041897954,0.0152887483931937,85.81368968021518,-1,0.5233646035194397
2022-04-28 00:00:00+00:00,8.25,6.150000095367432,3.396980824888649,-0.999,1e-06,0.1655945569305636,-1.3043445685350106,4.699966343311166,0.0152636980051876,-85.45403401532857,0,0.5177148580551147
2022-04-29 00:00:00+00:00,8.300000190734863,5.5,3.959901808749759,-0.999,1e-06,0.1645739351609017,1.2973192326368974,2.663815584848107,0.015238684935627,85.13328007745928,-1,0.5231379866600037
2022-05-02 00:00:00+00:00,8.300000190734863,5.099999904632568,4.275545402694863,-0.999,1e-06,0.167586760038414,-1.2880513120989645,5.561873199488268,0.01521471769555,-84.6582459085447,0,0.5186710953712463
2022-05-03 00:00:00+00:00,8.300000190734863,5.150000095367432,4.2360898123480775,-0.999,1e-06,0.1677342326537612,1.2796304552316198,2.958006569223578,0.0151910577091279,84.23577078920046,-1,0.5230957269668579
2022-05-04 00:00:00+00:00,8.300000190734863,5.400000095367432,4.038812613166936,-0.999,1e-06,0.1660214512158086,-1.2718639741122042,5.3092650971704245,0.0151672429655291,-83.85597679174744,0,0.521144688129425
2022-05-05 00:00:00+00:00,8.300000190734863,5.099999904632568,4.275545402694863,-0.999,1e-06,0.1656199022036795,1.264260675040869,3.012666748040832,0.0151436000081979,83.48481697591488,-1,0.524492621421814
2022-05-06 00:00:00+00:00,8.300000190734863,4.849999904632568,4.472822601876005,-0.999,1e-06,0.1662756276556688,-1.2555666156795455,5.726762365945017,0.0151203884164457,-83.03798692855813,0,0.524620771408081
2022-05-09 00:00:00+00:00,8.300000190734863,4.349999904632568,4.867377000238287,-0.999,1e-06,0.1620988593930676,1.2484145365841133,3.620257554880515,0.0150963900735058,82.69622939692584,-1,0.5261881351470947
2022-05-10 00:00:00+00:00,8.300000190734863,4.400000095367432,4.8279214098915,-0.999,1e-06,0.1420208373520525,-1.2393820967841485,6.065588369875657,0.0150667955138469,-82.25917021606305,0,0.5276020169258118
2022-05-11 00:00:00+00:00,8.149999618530273,4.400000095367432,4.67792083768691,0.999,11.3191492483617,1e-06,-1.3876648791764754,6.06558703782983,3.364457690189764,-0.4124483072629181,0,0.5257019400596619
2022-05-12 00:00:00+00:00,8.0,4.400000095367432,4.527921219156637,0.999,10.698044307565064,1e-06,-1.5376643848135056,6.065587019048998,3.270851817185524,-0.4701112953923491,0,0.540633499622345
2022-05-13 00:00:00+00:00,8.0,4.400000095367432,4.527921219156637,0.999,11.989459248191514,1e-06,-1.537665786885254,6.065587018878614,3.4626417011749133,-0.4440730285098532,0,0.5564640760421753
2022-05-16 00:00:00+00:00,8.0,4.699999809265137,4.291188805905105,0.999,12.441881576011722,1e-06,-1.7743962725019655,6.065586993440943,3.5273659972515867,-0.5030371880560508,0,0.5763064026832581
2022-05-17 00:00:00+00:00,8.029999732971191,4.599999904632568,4.4000993432934745,0.999,14.6200740083732,1e-06,-1.6654883926668649,6.06558700318187,3.823676805255767,-0.4355724810155496,0,0.5973588228225708
2022-05-18 00:00:00+00:00,8.0,4.050000190734863,4.804109222754955,0.999,9.171820252954053,1e-06,-1.2614822254403832,6.0655870615381176,3.0285725276463977,-0.4165269987510328,0,0.618395984172821
2022-05-19 00:00:00+00:00,8.0,4.25,4.646287613920601,0.999,16.488098446423326,1e-06,-1.419298469975462,6.065587048693596,4.060607189716865,-0.3495286304889849,0,0.6357122659683228
2022-05-20 00:00:00+00:00,8.0,4.099999904632568,4.764654008684564,0.999,13.284603585290649,1e-06,-1.3009339320373576,6.065587060421933,3.644864453981427,-0.3569224448432634,0,0.6580737233161926
2022-05-23 00:00:00+00:00,8.0,3.950000047683716,4.883020215310331,0.999,16.047072812615482,1e-06,-1.1825675843462824,6.0655870701485615,4.0059339878928455,-0.295203961902608,0,0.6775011420249939
2022-05-24 00:00:00+00:00,8.0,4.300000190734863,4.606832023573814,0.999,17.061466135350805,1e-06,-1.4587533991916892,6.065587048456773,4.130605456604191,-0.3531572827560597,0,0.6915240287780762
2022-05-25 00:00:00+00:00,8.0,4.599999904632568,4.370099610322283,0.999,12.873047268850062,1e-06,-1.6954855631344423,6.065587023749605,3.5879637082099416,-0.4725481362185603,0,0.7090234756469727
2022-05-26 00:00:00+00:00,8.0,4.400000095367432,4.527921219156637,0.999,17.772072208659132,1e-06,-1.537666694803145,6.065587035488735,4.215745427734038,-0.364743725910803,0,0.7267576456069946
2022-05-27 00:00:00+00:00,8.0,4.449999809265137,4.488466005086247,0.999,4.585938493956898,1e-06,-1.5771201246255333,6.0655870235355325,2.141582778016468,-0.7364273474809415,0,0.7434935569763184
2022-05-30 00:00:00+00:00,8.149999618530273,4.400000095367432,4.67792083768691,0.999,6.197421758761835,1e-06,-1.3876692578529826,6.065587064106195,2.4895503731564603,-0.5573975416667626,0,0.7555153965950012
2022-05-31 00:00:00+00:00,7.710000038146973,4.400000095367432,4.23792125730361,0.999,10.75777590790885,1e-06,-1.827661648996714,6.06558700915563,3.279971983162751,-0.5572186769822253,0,0.7669004797935486
2022-06-01 00:00:00+00:00,7.710000038146973,4.349999904632568,4.277376847650396,0.999,7.022673918262575,1e-06,-1.7882107044182916,6.065587016336138,2.650116076736717,-0.674766935726169,0,0.782539427280426
2022-06-02 00:00:00+00:00,7.800000190734863,4.400000095367432,4.3279214098915,0.999,8.61128127346275,1e-06,-1.7376661802236213,6.065587023930499,2.9345738320321866,-0.5921357851883695,0,0.7960408329963684
2022-06-03 00:00:00+00:00,7.800000190734863,4.400000095367432,4.3279214098915,0.999,8.642925611930606,1e-06,-1.7376655936711678,6.06558702366072,2.939960699417606,-0.591050619831548,0,0.8090163469314575
2022-06-06 00:00:00+00:00,7.619999885559082,4.300000190734863,4.226831909132896,0.999,8.770398383887228,1e-06,-1.8387539263708763,6.065587007911544,2.9615608530120943,-0.6208732548921788,0,0.8183229565620422
2022-06-07 00:00:00+00:00,7.989999771118164,4.300000190734863,4.596831794691978,0.999,10.29128545437777,1e-06,-1.468758838635693,6.065587056002198,3.208072748046262,-0.4578321484542945,0,0.8314606547355652
2022-06-08 00:00:00+00:00,7.989999771118164,4.099999904632568,4.754653779802728,0.999,7.984195510350795,1e-06,-1.3109352608241205,6.065587082347255,2.8257108508199407,-0.4639311415899911,0,0.839268684387207
2022-06-09 00:00:00+00:00,7.769999980926514,4.400000095367432,4.297921200083151,0.999,9.196041201484489,1e-06,-1.7676608344601998,6.0655870152904505,3.03257126935947,-0.5828917698720926,0,0.8466460704803467
2022-06-10 00:00:00+00:00,7.769999980926514,4.400000095367432,4.297921200083151,0.999,7.539602242039552,1e-06,-1.76766579138009,6.06558701497369,2.7459152470631683,-0.6437437547537773,0,0.8520805835723877
2022-06-13 00:00:00+00:00,7.769999980926514,3.799999952316284,4.771386591000809,0.999,7.989065103070155,1e-06,-1.2942064077229236,6.065587094580506,2.8265729081629853,-0.4578712277278705,0,0.8586785793304443
2022-06-14 00:00:00+00:00,7.769999980926514,3.0999999046325684,5.323762786335643,0.999,1.214603686448877,1e-06,-0.7418702846830578,6.0655877066905655,1.1022948704270057,-0.6730234391780061,0,0.8592016100883484
2022-06-15 00:00:00+00:00,7.769999980926514,3.25,5.205396391571679,0.999,0.4314554831218273,1e-06,-0.8601633598336075,6.065587334208438,0.6571961371615531,-1.3088381248688938,1,0.8569884896278381
2022-06-17 00:00:00+00:00,7.769999980926514,3.049999952316284,5.363218188544232,-0.999,1e-06,0.1191078551508245,0.8489233601859344,4.515588541208932,0.0211434315129796,40.15068980949445,0,0.855031430721283
2022-06-20 00:00:00+00:00,7.769999980926514,3.049999952316284,5.363218188544232,-0.999,1e-06,0.1175756257847909,-0.8354358614530103,6.197235718752289,0.0209883662330174,-39.80471143765152,1,0.8477532863616943
2022-06-21 00:00:00+00:00,7.769999980926514,3.0,5.40267359075282,-0.999,1e-06,0.1175132561428307,0.8226277940344952,4.581409483755242,0.02083700670083,39.47917308111841,0,0.8431932330131531
2022-06-22 00:00:00+00:00,7.769999980926514,3.0999999046325684,5.323762786335643,-0.999,1e-06,0.1139849664599926,-0.810128306344687,6.1325416790324185,0.020684656448023,-39.16566409407853,1,0.838006854057312
2022-06-23 00:00:00+00:00,7.590000152587891,3.049999952316284,5.1832183602056086,-0.999,1e-06,0.1141457729789135,0.7963963925097703,4.38833739239193,0.0205362253517334,38.78007661434948,0,0.8337913751602173
2022-06-24 00:00:00+00:00,7.590000152587891,3.0,5.222673762414197,-0.999,1e-06,0.1096961712244633,-0.7833219817669765,6.004534905857487,0.0203853951811548,-38.425646145487306,1,0.8267414569854736
2022-06-27 00:00:00+00:00,7.590000152587891,3.0,5.222673762414197,-0.999,1e-06,0.1096158605298257,0.7709164589837498,4.453160725667752,0.02023816390195,38.09221343984999,0,0.8198486566543579
2022-06-28 00:00:00+00:00,7.590000152587891,3.0,5.222673762414197,-0.999,1e-06,0.1089248125836652,-0.758799212989079,5.980082832928866,0.0200935720830306,-37.763281205231664,1,0.8100481033325195
2022-06-29 00:00:00+00:00,7.579999923706055,2.8499999046325684,5.331039928296326,-0.999,1e-06,0.1087877023105872,0.7478041351700461,4.58450807716576,0.0199522809364338,37.47963140417291,0,0.8010622262954712
2022-06-30 00:00:00+00:00,7.579999923706055,2.700000047683716,5.449406134922091,-0.999,1e-06,0.1089149968603286,-0.735505142498344,6.18345512788713,0.0198145197740658,-37.11950382269711,1,0.786307156085968
2022-07-01 00:00:00+00:00,7.5,2.5999999046325684,5.448317203771412,-0.999,1e-06,0.1089492197739921,0.7243826340581541,4.725262253657025,0.0196800406890414,36.80798457197878,0,0.7721397280693054
2022-07-04 00:00:00+00:00,7.5,2.5999999046325684,5.448317203771412,-0.999,1e-06,0.1069647760828322,-0.7133875570114946,6.1603739178446615,0.0195461739929711,-36.497554829299695,1,0.7543782591819763
2022-07-05 00:00:00+00:00,7.5,2.5999999046325684,5.448317203771412,-0.999,1e-06,0.1041971666721026,0.7024343365208097,4.747227994521703,0.0194118496185017,36.18585298802782,0,0.7378234267234802
2022-07-06 00:00:00+00:00,7.5,2.650000095367432,5.408861613424625,-0.3957636728044605,1e-06,0.0949999616039304,-0.2759575684576063,5.683839695118071,0.0077725087315351,-35.5043111547722,1,0.7150055170059204
2022-07-07 00:00:00+00:00,7.5,2.650000095367432,5.408861613424625,0.999,1e-06,0.0834098247507726,-0.2756816011488586,5.684542373139282,0.0078289917347711,-35.21291252926817,1,0.6940030455589294
2022-07-08 00:00:00+00:00,7.0,3.200000047683716,4.474851812853754,0.999,0.2464529039233056,1e-06,-1.2089294346973634,5.684160031376832,0.4967030410280723,-2.433907858093903,1,0.6728804111480713
2022-07-11 00:00:00+00:00,7.0,2.900000095367432,4.711584414243483,-0.999,1e-06,0.0886011634602593,1.197423917662938,3.5165980623382698,0.0161397155848788,74.19114118620497,0,0.6561986207962036
2022-07-12 00:00:00+00:00,7.0,3.150000095367432,4.514307215062342,0.999,1e-06,0.0848463299897308,1.196223663401806,3.318316971808596,0.0161546179318796,74.04840327676014,-1,0.6305776834487915
2022-07-13 00:00:00+00:00,7.0,3.299999952316284,4.395941008436576,-0.4610877640203806,1e-06,0.0851986247067803,-0.5482255305663308,4.9422711310580425,0.0075438406263396,-72.67193962875852,0,0.6098260283470154
2022-07-14 00:00:00+00:00,7.0,3.0999999046325684,4.5537628054091295,0.999,1e-06,0.0833018776149071,-0.5476751151271958,5.101247305306802,0.007602483307173,-72.0389763448027,1,0.5893587470054626
2022-07-15 00:00:00+00:00,7.0,3.0,4.632673609826306,0.0909714592357291,1e-06,0.0834967379531335,-0.0498043191575857,4.682977962590067,0.0015715864634161,-31.690473490925104,1,0.565278947353363
2022-07-18 00:00:00+00:00,7.0,2.900000095367432,4.711584414243483,0.1100561885787666,1e-06,0.0835794421155646,-0.0054809254489962,4.717024653231451,0.0014204911244257,-3.8584721542783926,1,0.5470491051673889
2022-07-19 00:00:00+00:00,6.320000171661377,3.0,3.9526737814876833,-0.3248501227344503,0.0006995522802883,0.0844418773829043,-0.0045033832470436,3.9580748722287824,0.0373292191128277,-0.1206396317434909,1,0.5305384993553162
2022-07-20 00:00:00+00:00,6.5,3.0,4.132673609826306,-0.5871590728850586,1e-06,0.0821716762649907,0.0039671947737165,4.128501994403303,0.0153705223440195,0.2581040959392105,0,0.5255493521690369
2022-07-21 00:00:00+00:00,6.5,3.950000047683716,3.3830202153103306,-0.999,1.4024618640482257e-06,0.0818707109041063,-0.0081656123549957,3.392079126759388,0.0153271501928165,-0.5327547686472556,0,0.5241675972938538
2022-07-22 00:00:00+00:00,6.449999809265137,3.799999952316284,3.4513864193394315,-0.999,1e-06,0.083438877256977,0.0084397586681708,3.4428861788659963,0.0152471639469573,0.553529738220925,0,0.524810254573822
2022-07-25 00:00:00+00:00,6.449999809265137,3.799999952316284,3.4513864193394315,-0.999,1e-06,0.0834710653116127,-0.0083387086178118,3.4597051130442305,0.0151816477871319,-0.5492624209659099,0,0.5242254734039307
2022-07-26 00:00:00+00:00,6.550000190734863,4.25,3.1962878046554644,-0.999,1e-06,0.0836959958123733,0.0068605388834065,3.189747678721214,0.0151176225133955,0.4538107018697849,0,0.5262095332145691
2022-07-27 00:00:00+00:00,7.0,4.0,3.843564813101742,-0.999,1.4628745904019643e-06,0.0830276978635321,-0.0032782821015231,3.846057854985572,0.0150847369445816,-0.2173244461316705,0,0.5257835388183594
2022-07-28 00:00:00+00:00,6.78000020980835,4.0,3.623565022910092,-0.999,2.0617591502782166e-06,0.0822134814011164,0.0020474417476012,3.621788556645059,0.0150762997118226,0.1358053227076469,0,0.527983546257019
2022-07-29 00:00:00+00:00,6.699999809265137,3.849999904632568,3.661931017130843,-0.999,1.999420902129309e-06,0.0822545066762405,-0.0018170059647028,3.6636974103698,0.0150445599103857,-0.1207749495848369,0,0.5257473587989807
2022-08-01 00:00:00+00:00,6.699999809265137,3.799999952316284,3.701386419339432,-0.999,1.4081130429305449e-06,0.08182151172554,0.0020093925435845,3.6993337621112192,0.0149758856244244,0.1341752063268537,0,0.5264974236488342
2022-08-02 00:00:00+00:00,6.699999809265137,4.099999904632568,3.464653817949701,-0.999,2.1093662890012715e-06,0.0807981108659006,-0.003276431172355,3.468214382429681,0.0149735162869547,-0.2188150805438787,0,0.5249021649360657
2022-08-03 00:00:00+00:00,6.699999809265137,4.0,3.543564622366879,-0.9262851891519436,0.000162754248624,0.0805297327438512,0.0035291994000489,3.539946925276788,0.0226329588086815,0.1559318615776907,0,0.5259061455726624
2022-08-04 00:00:00+00:00,7.0,4.050000190734863,3.8041092227549553,-0.7878671383685351,0.000468996035809,0.0807180478156245,0.0003280980870442,3.803457563993792,0.0338193485985774,0.0097014904378745,0,0.5267206430435181
2022-08-05 00:00:00+00:00,6.980000019073486,4.199999809265137,3.665743223340874,-0.8560829808286466,0.0002284786537401,0.0809382141863841,-0.0024151893813185,3.6683226363050303,0.0305169692300624,-0.0791425047196138,0,0.5257450938224792
2022-08-08 00:00:00+00:00,6.980000019073486,4.150000095367432,3.7051984374112648,-0.999,1.7124841721272069e-06,0.0807001968955892,0.0029906989036297,3.7021665660094185,0.0261014970155604,0.1145795929577069,0,0.5257681608200073
2022-08-09 00:00:00+00:00,6.659999847412109,4.0,3.5035646605138515,-0.9836939107057544,2.999350697979939e-05,0.0807169373444774,-0.0061113438351754,3.509910007305427,0.0263750082578802,-0.2317096463220834,0,0.523723304271698
2022-08-10 00:00:00+00:00,7.510000228881836,4.0,4.353565041983578,-0.6539106762413991,0.0016532076983286,0.0805951875818096,0.0276329507463231,4.3249356261774885,0.0593655763134448,0.4654709422919387,0,0.5226341485977173
2022-08-11 00:00:00+00:00,8.0,4.0,4.843564813101742,0.999,5.164673970468866,1e-06,0.5186101791778205,4.324945126939076,2.2730464750944823,0.2281564344856889,0,0.5220391154289246
2022-08-12 00:00:00+00:00,8.0,4.099999904632568,4.764654008684564,-0.7986018234876243,0.0002168097921582,0.0899186918253576,-0.3867348909666947,5.1505055250811305,0.040641126396016,-9.51585069759792,1,0.5312347412109375
2022-08-15 00:00:00+00:00,8.0,4.0,4.843564813101742,-0.999,1.0416658392829414e-06,0.0900185734640463,0.3656571807939658,4.478630256113911,0.0367239941878987,9.956901172652309,0,0.5203564167022705
2022-08-16 00:00:00+00:00,8.0,4.050000190734863,4.804109222754955,-0.999,1.026574938025964e-06,0.0898414887962464,-0.3458226130784603,5.149207875607274,0.0356535462843964,-9.699529194654271,1,0.525374174118042
2022-08-17 00:00:00+00:00,8.5,4.25,5.146287613920601,-0.9976133745190224,3.3715155297935747e-06,0.089976302133777,0.3357482398402325,4.810904692506426,0.0346919564003535,9.677985178051568,0,0.5181189775466919
2022-08-18 00:00:00+00:00,8.5,4.650000095367432,4.830644019975496,-0.978062093138762,3.714273194057517e-05,0.0898140230732428,-0.3197235160293729,5.150000072409083,0.0341138015359892,-9.372262885802174,1,0.5164377093315125
2022-08-19 00:00:00+00:00,9.0,4.349999904632568,5.567376809503424,-0.9295811272288212,0.0002731107159365,0.0898702015062827,0.300122110216801,5.267127575661028,0.0382647847758414,7.843298008206323,0,0.5152291059494019
2022-08-22 00:00:00+00:00,9.279999732971191,4.199999809265137,5.965742937238579,0.164281905962888,0.0049058023585035,0.0904541990738392,0.0812533927109873,5.883815899905551,0.0980326032046536,0.828840508716902,0,0.5162478685379028
2022-08-23 00:00:00+00:00,9.779999732971191,4.349999904632568,6.347376542474615,-0.999,1.1227156185442e-06,0.0977325022640898,-0.0373405288246493,6.384250344409693,0.0627834871421703,-0.5947507939483102,0,0.5166885852813721
2022-08-24 00:00:00+00:00,12.0,4.300000190734863,8.606832023573814,-0.3861671508201145,0.006996642803899,0.1190669923180954,0.1646348573920638,8.440546981578079,0.1181595828741379,1.3933263251904913,-1,0.516657829284668
2022-08-25 00:00:00+00:00,11.0,4.400000095367432,7.527921219156637,-0.5029488108852621,0.0065988900070311,0.1231207426942564,-0.1503842968382239,7.6788753235127025,0.1182950602624495,-1.2712643833527892,0,0.5170124769210815
2022-08-26 00:00:00+00:00,9.489999771118164,4.550000190734863,5.899554595510837,0.999,25.082995850254843,1e-06,-1.779307727237243,7.678868817481707,5.009049343250455,-0.355218646355482,0,0.5171664357185364
2022-08-29 00:00:00+00:00,9.489999771118164,4.449999809265137,5.978465776204411,0.999,4.60023117234062,1e-06,-1.7004048599219963,7.678868959645186,2.1465813853294744,-0.7921455350089158,0,0.525619387626648
2022-08-30 00:00:00+00:00,9.800000190734863,4.300000190734863,6.406832214308677,0.999,5.412967981908142,1e-06,-1.2720452958169752,7.678869628093399,2.3282073476773766,-0.5463625467405082,0,0.5446685552597046
2022-08-31 00:00:00+00:00,9.199999809265137,4.150000095367432,5.925198227602915,0.999,9.52158517313748,1e-06,-1.7536658988357718,7.678869197946817,3.086934992178004,-0.5680929152312544,0,0.5627387166023254
2022-09-01 00:00:00+00:00,9.5,4.050000190734863,6.304109222754955,0.999,11.315311782649246,1e-06,-1.3747635909753482,7.678869480675307,3.364951003452075,-0.4085538213082418,0,0.5850844383239746
2022-09-02 00:00:00+00:00,9.510000228881836,4.050000190734863,6.314109451636791,0.999,10.372961216345608,1e-06,-1.364760119279338,7.6788694877322525,3.221885424596695,-0.4235905190359691,0,0.606094479560852
2022-09-05 00:00:00+00:00,10.199999809265137,4.0,7.043564622366879,0.999,14.63947297352254,1e-06,-0.6353102607433664,7.678869909703701,3.8271475600934495,-0.1660009839620225,0,0.6240137815475464
2022-09-06 00:00:00+00:00,9.6899995803833,3.849999904632568,6.651930788249008,0.999,15.31121561360359,1e-06,-1.0269363421568116,7.678869692312307,3.913924128907028,-0.2623802374124165,0,0.638729989528656
2022-09-08 00:00:00+00:00,9.020000457763672,3.849999904632568,5.981931665629379,0.999,6.757517734417962,1e-06,-1.696927254176538,7.678868849616055,2.600981585224575,-0.6524180193417329,0,0.6545434594154358
2022-09-09 00:00:00+00:00,9.899999618530272,4.300000190734863,6.5068316421040855,0.999,25.68801741715677,1e-06,-1.1720394170838864,7.678869022483383,5.069083338305747,-0.2312132862813851,0,0.6707649230957031
2022-09-12 00:00:00+00:00,9.899999618530272,5.699999809265137,5.402079627710813,0.999,42.06608761703357,1e-06,-2.276786542611541,7.678868799320677,6.4864225186724696,-0.3510080535237033,0,0.6852489113807678
2022-09-13 00:00:00+00:00,9.109999656677246,5.599999904632568,4.690990470274964,0.999,19.149567770621477,1e-06,-2.98787428758718,7.678868483069423,4.376889105745389,-0.6826479299338661,0,0.7063354849815369
2022-09-14 00:00:00+00:00,9.149999618530272,6.800000190734863,3.784059650292675,0.999,13.38865925442378,1e-06,-3.894801459635613,7.678867906043979,3.6600888961235256,-1.0641275581477478,0,0.7340048551559448
2022-09-15 00:00:00+00:00,9.149999618530272,6.5,4.020792439820602,0.999,10.9650508535278,1e-06,-3.658077769883588,7.67886808634944,3.3124980492720355,-1.1043260148296534,0,0.7668933868408203
2022-09-16 00:00:00+00:00,9.210000038146973,7.25,3.488961261893881,0.999,14.948445425997392,1e-06,-4.18990293805914,7.678867782131125,3.867303828144368,-1.083417058563398,0,0.7990170121192932
2022-09-19 00:00:00+00:00,9.5,7.050000190734863,3.9367828325812617,0.999,17.393378049918596,1e-06,-3.74208771670766,7.678867998760998,4.171447293590934,-0.8970717962700983,0,0.8297757506370544
2022-09-20 00:00:00+00:00,9.100000381469728,7.050000190734863,3.53678321405099,0.999,18.82366585974418,1e-06,-4.142082457691453,7.678867816568279,4.339500124793174,-0.9545068184296618,0,0.8572929501533508
2022-09-21 00:00:00+00:00,9.100000381469728,7.400000095367432,3.260595210452672,0.999,17.055764069428907,1e-06,-4.4182708228807615,7.678867676935733,4.130782073977764,-1.0695966874442635,0,0.8811227083206177
2022-09-22 00:00:00+00:00,9.100000381469728,7.449999809265137,3.221139996382281,0.999,16.25617647702641,1e-06,-4.457727387726899,7.678867654004051,4.032836960534774,-1.105357700137667,0,0.9026570916175842
2022-09-23 00:00:00+00:00,9.699999809265137,8.350000381469727,3.1109410555939068,0.999,16.53382256869237,1e-06,-4.567925846022546,7.678867595077055,4.0671145843126935,-1.1231367475215812,0,0.9213200211524963
2022-09-26 00:00:00+00:00,9.300000190734863,7.900000095367432,3.0660406213555245,0.999,15.76929145948674,1e-06,-4.612826633360582,7.678867568417098,3.972013460788431,-1.161332074752071,0,0.9363775849342346
2022-09-27 00:00:00+00:00,9.199999809265137,6.949999809265137,3.715693822539972,0.999,18.128243368852235,1e-06,-3.963177606469977,7.678867870844369,4.258619945726847,-0.9306248636830532,0,0.9493589401245117
2022-09-28 00:00:00+00:00,9.300000190734863,6.75,3.973515812844053,0.999,13.635662076229078,1e-06,-3.7053540779824528,7.678868029100753,3.6936788638566593,-1.0031608633441411,0,0.9580285549163818
2022-09-29 00:00:00+00:00,9.300000190734863,7.199999809265137,3.618417004828558,0.999,15.564278114566642,1e-06,-4.060448523025544,7.678867833117915,3.946122221591806,-1.0289718095420826,0,0.9651857614517212
2022-09-30 00:00:00+00:00,9.09000015258789,7.099999904632568,3.4873277710987622,0.999,13.910113934281553,1e-06,-4.191539007813504,7.678867750507734,3.7306457091716654,-1.1235425002992776,0,0.9709407687187195
2022-10-03 00:00:00+00:00,9.5,7.550000190734863,3.54222843421898,0.999,13.864733533446037,1e-06,-4.1366397131181705,7.678867781607668,3.7245587666886735,-1.1106388628137709,0,0.975200355052948
2022-10-04 00:00:00+00:00,10.229999542236328,7.400000095367432,4.390594371219271,0.999,19.23276118171536,1e-06,-3.288278173188179,7.678868154913707,4.386384234767692,-0.7496557522536167,0,0.9790259003639221
2022-10-05 00:00:00+00:00,10.229999542236328,7.800000190734863,4.074950777274167,0.999,18.14198114963073,1e-06,-3.6039154701847584,7.678868005392361,4.2602332826845695,-0.8459432221311987,0,0.9818810224533081
2022-10-06 00:00:00+00:00,10.229999542236328,7.800000190734863,4.074950777274167,0.999,15.75117773294193,1e-06,-3.603917203279792,7.678868003445119,3.969733644226277,-0.9078486181362464,0,0.9840396046638489
2022-10-07 00:00:00+00:00,10.229999542236328,8.149999618530273,3.798763149952245,0.999,17.28820762352339,1e-06,-3.880103097432367,7.678867865761274,4.158823883833668,-0.9329808632953288,0,0.9858270883560181
2022-10-10 00:00:00+00:00,9.100000381469728,8.600000381469727,2.313664428617357,0.999,27.36956316889317,1e-06,-5.365197534021447,7.678867402877325,5.2323200057299415,-1.0253955278243667,0,0.9875281453132629
2022-10-11 00:00:00+00:00,8.970000267028809,8.149999618530273,2.538763874744725,0.999,17.25531115847656,1e-06,-5.140104909874519,7.67886751123594,4.154867221908585,-1.2371285615989802,0,0.9895715713500977
2022-10-13 00:00:00+00:00,8.789999961853027,8.199999809265137,2.319307979222157,0.999,18.3742660471771,1e-06,-5.359558205668288,7.67886740721014,4.287409185093983,-1.2500692082999312,1,0.9909462928771973
2022-10-14 00:00:00+00:00,9.199999809265137,7.949999809265137,2.926585025815408,0.999,14.347029649229976,1e-06,-4.752286933830774,7.678867764298042,3.7887520534204,-1.2543145782106584,1,0.9920835494995117
2022-10-17 00:00:00+00:00,9.149999618530272,8.199999809265137,2.679307635899401,0.7176736274869215,0.0757896488581912,0.1303610935215591,-3.981349725099791,6.661425346034095,0.3588937373806892,-11.093394256909685,1,0.9929162263870239
2022-10-18 00:00:00+00:00,9.149999618530272,6.900000095367432,3.705148845875498,0.5010483512217173,0.0562507170170882,0.1515169694965715,-2.1818690879332894,5.88745271317473,0.3427001666339788,-6.366699816238013,1,0.9933027029037476
2022-10-19 00:00:00+00:00,9.59000015258789,6.449999809265137,4.500248564225008,0.999,15.16809012482262,1e-06,-1.387216827790509,5.887460167412003,3.902492134290103,-0.3554694743908448,1,0.9931672215461731
2022-10-20 00:00:00+00:00,9.59000015258789,6.400000095367432,4.539703778295399,0.999,14.179865681702278,1e-06,-1.3477568247701543,5.887460334567365,3.773754286616932,-0.357139528015848,1,0.9927186965942383
2022-10-21 00:00:00+00:00,9.59000015258789,6.699999809265137,4.302971365043868,0.999,15.38044663087822,1e-06,-1.5844864579300153,5.887459370892471,3.929606006307401,-0.4032176394749907,1,0.9920408129692078
2022-10-24 00:00:00+00:00,9.59000015258789,6.599999904632568,4.381882169461044,0.999,15.081035133401189,1e-06,-1.505578033358997,5.887459690098338,3.8913227657242944,-0.386906490158177,1,0.9912512898445129
2022-10-25 00:00:00+00:00,9.59000015258789,7.099999904632568,3.987327771098762,0.999,15.924219044328131,1e-06,-1.9001278834444173,5.887458141663377,3.9981968157916543,-0.4752462099763307,1,0.9903501272201538
2022-10-26 00:00:00+00:00,9.279999732971191,6.550000190734863,4.111336963914736,0.999,16.518788061070737,1e-06,-1.77612237715053,5.887458601876092,4.07187276254615,-0.4361929953921048,1,0.9892055988311768
2022-10-27 00:00:00+00:00,9.25,7.050000190734863,3.6867828325812617,0.957259641553304,0.4369783625470272,1e-06,-2.1975636020973504,5.884460883584974,0.7059193915307426,-3.1130517569889524,1,0.9879701733589172
2022-10-28 00:00:00+00:00,9.25,6.849999904632568,3.844604817692012,0.962371718027053,0.5256827835979526,1e-06,-2.0401992459507965,5.884789800857466,0.7661708829945985,-2.6628514489830595,1,0.9866900444030762
2022-10-31 00:00:00+00:00,9.25,6.699999809265137,3.962971212455977,0.999,19.60585210749359,1e-06,-1.9218195536932936,5.884790172758757,4.434770460849288,-0.433352655038036,1,0.9856396913528442
2022-11-01 00:00:00+00:00,9.25,6.849999904632568,3.844604817692012,0.988336047630083,1.7192109490816476,1e-06,-2.0401186031266936,5.884731608578537,1.334371948371045,-1.528898000004571,1,0.983863115310669
2022-11-03 00:00:00+00:00,9.25,6.849999904632568,3.844604817692012,0.999,20.225523928347528,1e-06,-2.040126774452132,5.884731602271378,4.504093978102346,-0.4529494243172238,1,0.9820483326911926
2022-11-04 00:00:00+00:00,9.0,6.699999809265137,3.712971212455977,0.999,19.89957876857351,1e-06,-2.171759299999978,5.884731184190741,4.467764363033412,-0.4860953093160559,1,0.9801170229911804
2022-11-07 00:00:00+00:00,9.0,6.050000190734863,4.225891629305827,0.8619013123953706,0.1551703258844647,0.0644845072704272,-1.729238950458588,5.955034197188719,0.5068071816759658,-3.4120253480626497,1,0.9778209924697876
2022-11-08 00:00:00+00:00,9.0,6.25,4.068070020471472,0.8687137796488273,0.155089004615934,0.0639810432282647,-1.7521220290454391,5.820366140781038,0.5419169350550394,-3.233192977937636,1,0.9741699695587158
2022-11-09 00:00:00+00:00,9.279999732971191,6.150000095367432,4.4269805578598405,0.6047210256260964,0.0482749693750862,0.1707073765813801,-1.0806024866417174,5.50772169168869,0.3824535754442743,-2.8254474687194224,1,0.9698675870895386
2022-11-10 00:00:00+00:00,9.300000190734863,5.650000095367432,4.8415354139857945,0.9877259442247672,1.7299390626674036,1e-06,-0.6665102733208685,5.508022501353981,1.3520806356297643,-0.4929515709027406,1,0.9651512503623962
2022-11-11 00:00:00+00:00,9.300000190734863,5.550000190734863,4.920446218402972,0.9264559376780582,0.2574723931280669,1e-06,-0.5884238050128946,5.508858436542662,0.5961956994106434,-0.9869641890985936,1,0.9588830471038818
2022-11-14 00:00:00+00:00,10.600000381469728,5.550000190734863,6.220446409137837,0.2978196919752761,0.0284971069253413,0.2016009339432735,-0.1496496836800422,6.369777626589409,0.2558368294631567,-0.5849419100215726,1,0.9497961401939392
2022-11-16 00:00:00+00:00,10.899999618530272,5.900000095367432,6.244257642600062,0.999,17.9130014562946,1e-06,-0.1255202986200569,6.369777807352095,4.236761973673269,-0.0296264693178481,1,0.9375393390655518
2022-11-17 00:00:00+00:00,10.899999618530272,7.900000095367432,4.666040049150933,0.999,39.01479581557611,1e-06,-1.7037321733658148,6.369776267994424,6.249155733570952,-0.2726339758526472,1,0.9204757809638977
2022-11-18 00:00:00+00:00,10.850000381469728,5.699999809265137,6.352080390650269,0.1915431902319175,0.0636102024988765,0.1828167521756387,-0.2603614531067924,6.612327847400811,0.3408981506168829,-0.7637514390607495,1,0.9035672545433044
2022-11-21 00:00:00+00:00,9.899999618530272,5.199999809265137,5.796634026073095,0.4104862164648356,0.0969030302739624,0.1546290294677495,-0.3278870433596298,6.124783607465136,0.4200247534485625,-0.7806374283123859,1,0.8832346796989441
2022-11-22 00:00:00+00:00,9.800000190734863,5.400000095367432,5.538812613166936,0.5403011736605751,0.1232372459077944,0.1309165088086351,-0.3332226819811851,5.872186076976896,0.4797656162765929,-0.6945530706583121,1,0.8672085404396057
2022-11-23 00:00:00+00:00,9.800000190734863,5.25,5.6571790079309,0.4417804123384903,0.0968781577154266,0.1566365855905946,-0.1638706696317877,5.82107330021946,0.4441821517761543,-0.3689267319195895,1,0.8572056889533997
2022-11-24 00:00:00+00:00,9.8100004196167,5.300000190734863,5.627723646465949,0.4535604637503834,0.0997790996366091,0.1537350293602043,-0.1057529247179595,5.733518529619024,0.4477039650584876,-0.2362117224138143,1,0.8484131097793579
2022-11-25 00:00:00+00:00,9.8100004196167,5.550000190734863,5.430446447284808,0.4591952268522294,0.1014945556963455,0.1522741759456568,-0.1172762269419156,5.547812486768093,0.4511735919466478,-0.259935929396736,1,0.8385917544364929
2022-11-28 00:00:00+00:00,9.8100004196167,5.400000095367432,5.548812842048772,0.4565619135066915,0.1008610107828859,0.1528871986769736,-0.0390370112142747,5.587830651650956,0.4504478332720317,-0.0866626684175872,1,0.8268930315971375
2022-11-29 00:00:00+00:00,11.8100004196167,5.400000095367432,7.548812842048772,0.4418748153843513,0.1330172765835876,0.1388482677740539,0.6850636924845506,6.863098034987303,0.497659489192811,1.37657114424906,0,0.8136297464370728
2022-11-30 00:00:00+00:00,11.8100004196167,5.75,7.272624838450453,0.7619131819226357,0.304743255660795,1e-06,0.4194380317033677,6.853222909126622,0.6458334441983891,0.6494523246995606,0,0.7963361144065857
2022-12-01 00:00:00+00:00,11.8100004196167,5.550000190734863,7.430446447284808,0.4428406715737142,0.1030154195733954,0.1793700839684519,0.2786710581832275,7.1516520351604544,0.4584570468120578,0.6078455116373582,0,0.7776564359664917
2022-12-02 00:00:00+00:00,11.989999771118164,5.650000095367432,7.531534994369095,0.4015670915757611,0.095360828725261,0.1861287350596579,0.1701971038461525,7.361254157952198,0.4391578687822848,0.387553351413427,0,0.7567371726036072
2022-12-05 00:00:00+00:00,11.989999771118164,5.849999904632568,7.373713385534741,0.3916300599617229,0.0915034517292679,0.1892842711385349,0.0549823242336486,7.318748155010306,0.4280826507257335,0.1284385717114125,0,0.7333682775497437
2022-12-06 00:00:00+00:00,10.300000190734863,5.800000190734863,5.723169019221831,0.3237401245844815,0.0990438640030351,0.1919395236472105,-0.3646451367062273,6.088298487462092,0.4347251824412106,-0.8387946027385692,0,0.7092205286026001
2022-12-07 00:00:00+00:00,10.300000190734863,5.699999809265137,5.802080199915404,0.6430322485005924,0.1871101483959306,0.1137408222156412,-0.2620426149791041,6.064139371866232,0.5680838676089773,-0.4612745228658261,0,0.6861832737922668
2022-12-08 00:00:00+00:00,10.300000190734863,5.5,5.959901808749759,0.4766953436473071,0.1141106939305498,0.1869540845149023,-0.1200067506562813,6.079902448212962,0.4898731818406346,-0.2449751386784874,0,0.6608993411064148
2022-12-09 00:00:00+00:00,9.800000190734863,5.599999904632568,5.380991004332581,0.4386432901349787,0.1091808211879542,0.1925609732250127,-0.2005936640685824,5.5817738701404025,0.4740007428288836,-0.423192720904654,0,0.6374614834785461
2022-12-12 00:00:00+00:00,9.649999618530272,5.650000095367432,5.191534841781203,0.5462162710644307,0.1376640701844988,0.1665637149283078,-0.2028276591114373,5.3944480219721775,0.523022211053969,-0.3877993225234333,0,0.6120210289955139
2022-12-13 00:00:00+00:00,8.8100004196167,5.5,4.469902037631595,0.425050614846174,0.1022029462651279,0.2054676375742811,-0.250213879768809,4.720353572430168,0.4641729719925996,-0.5390531006031911,0,0.5943432450294495
2022-12-14 00:00:00+00:00,8.8100004196167,5.349999904632568,4.588268432395559,0.4428293263514393,0.103374696449667,0.2055888685890099,-0.1154654160502807,4.703740029999906,0.4608995261383772,-0.2505218805879488,0,0.5797576904296875
2022-12-15 00:00:00+00:00,8.8100004196167,4.75,5.061733635175019,0.4898174095392301,0.1177735842918134,0.1926722342655003,0.0541487068043425,5.007462645169898,0.4873754533129211,0.1111026549167962,0,0.571011483669281
2022-12-16 00:00:00+00:00,8.8100004196167,4.400000095367432,5.337921638773336,0.5436508026136171,0.1305632087104087,0.1822572620220386,0.1192851360532143,5.218547426620969,0.5161557580366274,0.2311029843141837,0,0.564633309841156
2022-12-19 00:00:00+00:00,8.949999809265137,4.599999904632568,5.32009941958742,0.5031643939306112,0.1159433583826768,0.1971560760464277,0.0698395943636045,5.2502478496157785,0.4968849450165877,0.1405548609674078,0,0.5603170394897461
2022-12-20 00:00:00+00:00,8.949999809265137,4.849999904632568,5.122822220406278,0.5076657795850402,0.1175980968738002,0.1956475525139256,-0.0045991712911268,5.12746858108994,0.498068822130625,-0.0092340076045165,0,0.5566287040710449
2022-12-21 00:00:00+00:00,9.199999809265137,4.849999904632568,5.372822220406278,0.4892249517033376,0.1137643611365617,0.1992745591864707,0.0556290708323078,5.317121846120025,0.489675272871125,0.1136040023138937,0,0.5537845492362976
2022-12-22 00:00:00+00:00,8.949999809265137,4.849999904632568,5.122822220406278,0.474040693324371,0.1109756971980659,0.2020026128099405,-0.0240818669556877,5.146967495692411,0.4817444394831259,-0.0499888841094371,0,0.5369687080383301
2022-12-23 00:00:00+00:00,8.949999809265137,4.949999809265137,5.0439114159891005,0.5017602057284559,0.1181675091314148,0.1952523501792301,-0.0353530122156117,5.079290899956028,0.4943069461653263,-0.0715203629847184,0,0.536312460899353
2022-12-26 00:00:00+00:00,8.949999809265137,4.949999809265137,5.0439114159891005,0.4921271834819249,0.1151181952154562,0.1983235761672267,-0.0217405614498814,5.06565717194798,0.4905160267968075,-0.0443218167444044,0,0.5346455574035645
2022-12-27 00:00:00+00:00,8.949999809265137,4.800000190734863,5.162277434476669,0.4929808001087929,0.1155294903268292,0.1979726746383027,0.0154005149390776,5.146845891325372,0.4909929725249178,0.0313660598030169,0,0.5343722105026245
2022-12-28 00:00:00+00:00,8.949999809265137,4.949999809265137,5.0439114159891005,0.4899274361253851,0.1149461660014622,0.1985512021993186,-0.0191179987782459,5.063061314316411,0.4897492749745593,-0.0390362982757637,0,0.5334038734436035
2022-12-29 00:00:00+00:00,9.5,5.0,5.554456016377178,0.5030793204103575,0.1124092891447421,0.1980640878743079,0.1095061095165496,5.44480319444531,0.4869557061883,0.2248789943827148,0,0.5331854820251465
2023-01-02 00:00:00+00:00,9.5,5.050000190734863,5.515000426030391,0.4759567134621481,0.106907660338097,0.2023490671278438,0.0561077455472393,5.458887420654607,0.4747049454038717,0.1181949884670018,0,0.5329238772392273
2023-01-03 00:00:00+00:00,10.0,4.800000190734863,6.212277625211533,0.4440861123569152,0.103499686001479,0.207473761910321,0.1804996004050238,6.031568543282261,0.4631354178423508,0.3897339599850363,0,0.5324850082397461
2023-01-04 00:00:00+00:00,10.0,4.800000190734863,6.212277625211533,0.4962903821888186,0.1137283716945717,0.1986559427472207,0.1125792412461527,6.099671638367283,0.4827967106623405,0.2331814586965747,0,0.527297854423523
2023-01-05 00:00:00+00:00,10.0,4.949999809265137,6.093911606723964,0.4750747754427893,0.1072558787378235,0.2052187302419379,0.0401957919101299,6.053732960107389,0.4733593660387301,0.0849160168658015,0,0.5268545746803284
2023-01-06 00:00:00+00:00,10.0,5.75,5.462624418833754,0.4709580768921245,0.1091574708074355,0.2056407073190911,-0.1215529526302384,5.58435283708145,0.4751703249749972,-0.2558092251165607,0,0.5266661047935486
2023-01-09 00:00:00+00:00,10.199999809265137,5.800000190734863,5.623168637752104,0.4927702831711217,0.1132954150857375,0.20241968817412,-0.0358811349184806,5.659021234377724,0.4841863387678597,-0.0741060456389367,0,0.5271745920181274
2023-01-10 00:00:00+00:00,10.100000381469728,6.400000095367432,5.049704007177237,0.380816471707667,0.0839748200613118,0.2304787577168439,-0.1050898755953775,5.1549588528065104,0.4207272184373697,-0.2497814997225368,0,0.5264073014259338
2023-01-11 00:00:00+00:00,9.359999656677246,6.400000095367432,4.3097032823847545,0.5349613619130956,0.1192957634543543,0.2010828047234766,-0.2789254367408234,4.588860322466534,0.4879305478493518,-0.5716498751107943,0,0.5218843817710876
2023-01-12 00:00:00+00:00,9.600000381469728,6.25,4.6680704019412005,0.7033484027203034,0.1903740550890229,0.1292349834631814,-0.0580790363775299,4.726066048207686,0.5970417294490468,-0.0972780184579821,0,0.5194223523139954
2023-01-13 00:00:00+00:00,9.59000015258789,6.099999904632568,4.776436567823327,0.6301573627854546,0.1516508757065594,0.1667595487214521,-0.0078101058874016,4.784221191216391,0.57606988960883,-0.0135575665874586,0,0.519332230091095
2023-01-16 00:00:00+00:00,10.100000381469728,5.800000190734863,5.523169209956696,0.5956676043503137,0.1421774284700894,0.1791201301938165,0.2046877236979499,5.318269593059096,0.5661116613534056,0.3615677571604904,0,0.5179775357246399
2023-01-17 00:00:00+00:00,10.100000381469728,5.849999904632568,5.483713995886306,0.6677176399405395,0.1699436507587086,0.1529209841626477,0.1476202160769709,5.336085385282607,0.6080865124796574,0.2427618653717622,0,0.5167526602745056
2023-01-18 00:00:00+00:00,10.100000381469728,5.449999809265137,5.79935758983141,0.6283551137635696,0.1383060578991609,0.1842677832958167,0.1897006857462163,5.609551147233825,0.5757825151401886,0.3294658673336562,0,0.5166682004928589
2023-01-19 00:00:00+00:00,10.100000381469728,5.5,5.759901999484624,0.608130468785253,0.1293628223289646,0.1928085349844741,0.1236453850012748,5.636246675305757,0.5571852586224033,0.2219107255403316,0,0.5173964500427246
2023-01-20 00:00:00+00:00,10.100000381469728,5.650000095367432,5.64153560472066,0.6207089853843155,0.1355159503961079,0.18661460103973,0.0576923397527012,5.583863777620819,0.5621665194382336,0.1026250012369156,0,0.5187285542488098
2023-01-23 00:00:00+00:00,10.100000381469728,5.599999904632568,5.680991195067446,0.6255789398044594,0.1374955427671194,0.1846800410781869,0.0528099166924416,5.628163722166492,0.5652879899405443,0.0934212607241065,0,0.5195335745811462
2023-01-24 00:00:00+00:00,10.100000381469728,5.800000190734863,5.523169209956696,0.6200077291150824,0.1343451708658751,0.1877036623318344,-0.003407488506945,5.526616219520046,0.5609518640928282,-0.0060744757706718,0,0.5211901664733887
2023-01-25 00:00:00+00:00,10.100000381469728,5.949999809265137,5.404803191469128,0.6293132911512866,0.1379405895077763,0.1843570740338154,-0.035189927056373,5.440027579749073,0.5664054745783175,-0.0621285079960986,0,0.5221765637397766
2023-01-26 00:00:00+00:00,10.100000381469728,5.949999809265137,5.404803191469128,0.6080870165564122,0.1279479487416008,0.1940427525912013,-0.0247294015876466,5.429536540392381,0.5506253801722372,-0.0449114815229026,0,0.5222259759902954
2023-01-27 00:00:00+00:00,10.100000381469728,6.0,5.365347601122341,0.6104527143705855,0.1282828389475337,0.1936899528505818,-0.0272903329315639,5.39265201099806,0.5480442477772671,-0.0497958568897436,0,0.5218654274940491
2023-01-30 00:00:00+00:00,10.1899995803833,6.199999809265137,5.29752519120156,0.6083560324344881,0.1275988308340219,0.194383141135906,-0.0361157744780671,5.333663494259904,0.5453032787136556,-0.0662306204416421,0,0.5215742588043213
2023-01-31 00:00:00+00:00,10.1899995803833,6.400000095367432,5.139703206090809,0.6265843396852355,0.1342110969888346,0.1878887826560938,-0.0694338952609257,5.209186625759862,0.5561046562393557,-0.1248576045567946,0,0.5217390060424805
2023-02-01 00:00:00+00:00,10.18000030517578,5.900000095367432,5.52425832924557,0.7430876937297444,0.1868173655877397,0.1338213138711557,0.117652711728812,5.406495301206354,0.6320380655051757,0.186148142255917,0,0.5201723575592041
2023-02-02 00:00:00+00:00,10.18000030517578,5.599999904632568,5.7609911187734975,0.4388727379404412,0.0816066388203667,0.2332325256835094,0.0748344092534898,5.686077414973966,0.4493677154780419,0.1665326784187873,0,0.519432544708252
2023-02-03 00:00:00+00:00,10.149999618530272,5.550000190734863,5.770445646198381,0.5589429283135637,0.1137897935831562,0.2006171287272892,0.0524165100633317,5.718016550579368,0.4941969842776721,0.1060640022721804,0,0.5184956192970276
2023-02-06 00:00:00+00:00,9.0,5.349999904632568,4.77826801277886,0.567550355233569,0.131681629170129,0.1868815816937092,-0.2518894963126036,5.03044004961437,0.5257592675291711,-0.479096635797538,0,0.5190243124961853
2023-02-07 00:00:00+00:00,9.0,5.150000095367432,4.936089621613214,0.6995214527678436,0.1898953032919211,0.1316171819156767,-0.1372052602997311,5.073270431299875,0.6120697983321127,-0.2241660357586908,0,0.5187787413597107
2023-02-08 00:00:00+00:00,9.0,5.449999809265137,4.699357208361682,0.5621181312426832,0.1191893092986398,0.2019609753384317,-0.1384793816164128,4.837919786802444,0.5305706430243496,-0.2610008364334956,0,0.518846333026886
2023-02-09 00:00:00+00:00,9.0,5.099999904632568,4.97554521196,0.5632662852994159,0.1189190840682307,0.2022350622508575,-0.0296471108036815,5.005131116722157,0.521171825635776,-0.0568854825709642,0,0.5190571546554565
2023-02-10 00:00:00+00:00,9.0,5.050000190734863,5.015000426030391,0.78614066038318,0.2420710620298414,0.0787540552010471,-0.0014169946904592,5.016407306035156,0.6600918688392485,-0.002146662847023,0,0.5196391344070435
2023-02-13 00:00:00+00:00,9.0,5.050000190734863,5.015000426030391,0.4519415016095489,0.087660110088201,0.2276845984961046,-0.0007218897015714,5.015722520871656,0.458966270482134,-0.0015728600291544,0,0.5201634764671326
2023-02-14 00:00:00+00:00,9.0,4.949999809265137,5.093911606723964,0.5836065895918252,0.1311765437277325,0.1815470206991052,0.0234024745886442,5.070485612928729,0.5230147678165181,0.044745341869303,0,0.5197917222976685
2023-02-15 00:00:00+00:00,9.0,5.0,5.054456016377178,0.999,41.52093140888959,1e-06,-0.0160292994745403,5.070485410764035,6.454722276593781,-0.0024833445635091,0,0.5190752148628235
2023-02-16 00:00:00+00:00,9.0,5.0,5.054456016377178,0.999,35.49461684129259,1e-06,-0.0160293942762841,5.070485410698889,5.969683919602162,-0.0026851328298387,0,0.5188754200935364
2023-02-17 00:00:00+00:00,9.0,5.199999809265137,4.896634407542823,-0.9082520407675831,0.0012444933375779,0.245384155424143,-0.0465260497808479,4.943185073693759,0.1989865241588825,-0.2338150785713448,0,0.5191413760185242
2023-02-22 00:00:00+00:00,9.0,5.0,5.054456016377178,-0.424230604443138,0.014491338094364,0.2223430087065018,0.0306872233169617,5.023739710417538,0.1771470147750105,0.1732302593748854,0,0.5184150338172913
2023-02-23 00:00:00+00:00,9.0,4.949999809265137,5.093911606723964,-0.3229501225449918,0.0180241346823824,0.2178473174003142,-0.0023013106703616,5.096182765924823,0.1881806235311641,-0.0122292647732699,0,0.5173258185386658
2023-02-24 00:00:00+00:00,9.0,5.25,4.857178817196036,-0.3086616680236596,0.0177782438064311,0.2182215235945184,-0.0216418609666752,4.878910812187127,0.1868172618660682,-0.1158450817151498,0,0.5169118046760559
2023-02-27 00:00:00+00:00,9.0,5.099999904632568,4.97554521196,-0.2854186974234321,0.0180720368594456,0.2179396456018812,0.0145056481140919,4.961005361746648,0.1878745434054932,0.0772092261737885,0,0.5167796015739441
2023-02-28 00:00:00+00:00,9.0,5.050000190734863,5.015000426030391,-0.3149466528904211,0.0172431575938108,0.2181970134148835,0.0008098527059398,5.014168507094271,0.1842727237408808,0.0043948593665911,0,0.5169674158096313
2023-03-01 00:00:00+00:00,9.0,4.800000190734863,5.212277625211533,-0.2476394823371881,0.0186939390873706,0.2145828929865599,0.0180319039280979,5.194169292489402,0.1903143945171843,0.0947479772817172,0,0.5170025825500488
2023-03-02 00:00:00+00:00,9.0,4.75,5.251733215558319,-0.2462899550683733,0.0181963916149659,0.2148138853369141,0.0011719470356427,5.250537457884112,0.1879411024481261,0.0062357143827343,0,0.516836404800415
2023-03-03 00:00:00+00:00,8.890000343322754,4.849999904632568,5.062822754463896,-0.4590607103818668,0.0115519150830651,0.2169939352856977,-0.0167856263934052,5.079678966409231,0.1572091497014818,-0.1067725792377783,0,0.5165373682975769
2023-03-06 00:00:00+00:00,8.890000343322754,4.849999904632568,5.062822754463896,-0.4175557917668855,0.0117931393936652,0.2168070129655351,0.0051780223413079,5.057654082728239,0.1561378788495751,0.0331631400366112,0,0.5159457921981812
2023-03-07 00:00:00+00:00,8.890000343322754,5.0,4.944456359699932,-0.1802592369318093,0.0138770594681816,0.2134381484575228,-0.008517587207582,4.953019763594465,0.1644529969036205,-0.0517934447407723,0,0.5155794024467468
2023-03-08 00:00:00+00:00,8.890000343322754,5.0,4.944456359699932,-0.7501353513149887,0.0041990066789177,0.2094461136302648,0.0051255396526532,4.939336703392245,0.1182876185266678,0.0433311593934722,0,0.515328049659729
2023-03-09 00:00:00+00:00,8.890000343322754,5.150000095367432,4.826089964935968,-0.2916541482917488,0.0183955273371953,0.1842512037755833,-0.0127546704043175,4.83889562560137,0.1881465506648846,-0.0677911466314116,0,0.5153350234031677
2023-03-10 00:00:00+00:00,8.890000343322754,5.0,4.944456359699932,-0.1529066850411945,0.02584154525112,0.1748414081511589,0.0153211625337014,4.929088830876378,0.2199071894120761,0.0696710397448246,0,0.5151219367980957
2023-03-13 00:00:00+00:00,8.0,4.949999809265137,4.093911606723964,-0.0074596432015636,0.0364197362952602,0.1662032571273682,-0.1355176414348222,4.229799315241856,0.2586656782061122,-0.5239104096633879,0,0.5152157545089722
2023-03-14 00:00:00+00:00,8.0,4.75,4.251733215558319,0.093512282079548,0.0403768413586238,0.1642849256305228,-0.0069831356351552,4.258701297383421,0.2735083672502182,-0.0255317075136013,0,0.5154500007629395
2023-03-15 00:00:00+00:00,8.0,4.849999904632568,4.172822411141142,0.0704384297736131,0.0370143777694515,0.1676619071917226,-0.0131440610224055,4.1860028696163445,0.2627715021941999,-0.0500208771219471,0,0.5141102075576782
2023-03-16 00:00:00+00:00,8.5,4.900000095367432,4.633366820794355,-0.0575638985460421,0.0308330107475438,0.1724244647360534,0.0619500994140155,4.571230055384829,0.2393332063273548,0.2588445638808746,0,0.5135716199874878
2023-03-17 00:00:00+00:00,9.199999809265137,4.699999809265137,5.491188615170242,0.1267895586380834,0.0438481820177363,0.1659702261859659,0.1700239109518382,5.320768413773479,0.2843338635670192,0.5979727803746548,0,0.5129384398460388
2023-03-20 00:00:00+00:00,9.199999809265137,4.550000190734863,5.60955463365781,0.1405216813743212,0.0402628538312372,0.1731338300609829,0.0632550676958958,5.546189604046145,0.2755664715760009,0.2295455878000389,0,0.5132167935371399
2023-03-21 00:00:00+00:00,9.199999809265137,4.5,5.649010224004597,0.0154052134110651,0.0313635542756939,0.1819287834265732,0.0136300419137204,5.635339122771225,0.2427045397666801,0.0561589903790982,0,0.5135452151298523
2023-03-22 00:00:00+00:00,9.199999809265137,4.5,5.649010224004597,0.0074763566396312,0.0288388897942421,0.1831132990456033,0.0017258689828075,5.647278683682122,0.2329212743248173,0.0074096665828847,0,0.5139224529266357
2023-03-23 00:00:00+00:00,9.199999809265137,4.199999809265137,5.885743013532524,-0.1043935012046473,0.0254290670465709,0.1834948436606189,0.028006420469368,5.857637196708248,0.2185994493303308,0.1281175252507014,0,0.5144670009613037
2023-03-24 00:00:00+00:00,9.199999809265137,4.25,5.846287423185737,-0.054961162014138,0.0270333396512557,0.1819319736815348,-0.0027268527616143,5.849018468077482,0.2251775244602378,-0.012109791011118,0,0.5146691203117371
2023-03-27 00:00:00+00:00,9.199999809265137,4.199999809265137,5.885743013532524,-0.1175940854043174,0.024581776623231,0.1832411148554858,0.0045640677978798,5.881163621782907,0.2150884987880982,0.021219487901937,0,0.5148360133171082
2023-03-28 00:00:00+00:00,8.5,4.5,4.94901041473946,-0.0965583427365245,0.0289558483604524,0.1824678537940708,-0.1229489913508708,5.0723514278894575,0.2323893651594975,-0.5290646207776606,0,0.514758825302124
2023-03-29 00:00:00+00:00,7.949999809265137,4.300000190734863,4.556831832838951,0.0971798121958029,0.0317357700278832,0.1841003572237592,-0.0748640966981573,4.631908919762271,0.2449846318303816,-0.3055869102433759,0,0.5145140886306763
2023-03-30 00:00:00+00:00,8.449999809265137,4.400000095367432,4.977921028421774,-0.0859908902677147,0.0234428353520584,0.1912510059222557,0.0421197733865492,4.9356644519867245,0.2106039829172425,0.1999951416070811,0,0.5143581628799438
2023-03-31 00:00:00+00:00,8.0,4.199999809265137,4.685743204267387,-0.0952699065776851,0.0239477429827005,0.1903570996670164,-0.0308331177415527,4.716678968990703,0.2126864201637567,-0.14496984677166,0,0.5142840147018433
2023-04-03 00:00:00+00:00,8.0,4.0,4.843564813101742,-0.0620492699546611,0.0254079365962238,0.1886365112393316,0.0159772805598919,4.827535074317254,0.2188165704266531,0.0730167762374628,0,0.5142704844474792
2023-04-04 00:00:00+00:00,8.0,4.0,4.843564813101742,-0.2398697053376658,0.0141895932948264,0.186573897399692,-0.0020721080633303,4.845628486477262,0.1668007647691398,-0.0124226532546074,0,0.5144381523132324
2023-04-05 00:00:00+00:00,8.0,3.900000095367432,4.922475617518919,-0.3068978157446703,0.0158382404177983,0.1778828959201323,0.0081114866398558,4.914329040048439,0.1757010399498021,0.046166412231671,0,0.5143451690673828
2023-04-06 00:00:00+00:00,8.0,3.75,5.040842012282884,0.0361735384711199,0.0315641668400523,0.1622531327662208,0.0191328556244019,5.021648463404588,0.2418986074327773,0.0790945257083338,0,0.5143917202949524
2023-04-10 00:00:00+00:00,8.0,3.75,5.040842012282884,0.1020148118029718,0.0330686237498503,0.1602693797300267,0.0044030937940686,5.036430908164238,0.2491327706381211,0.0176736837261139,0,0.5145440101623535
2023-04-11 00:00:00+00:00,8.0,4.050000190734863,4.804109222754955,0.0898823418495739,0.0323565274120529,0.160862021463345,-0.0317007289826842,4.835916991324709,0.2466002814904719,-0.1285510656803896,0,0.5149351358413696
2023-04-12 00:00:00+00:00,8.0,4.300000190734863,4.606832023573814,0.5032331388286443,0.0611549993402309,0.1306165738126568,-0.073845429296805,4.680784565244406,0.3388731873687535,-0.217914641964424,0,0.5152046084403992
2023-04-13 00:00:00+00:00,8.0,4.099999904632568,4.764654008684564,-0.175995686809362,0.0201874108071797,0.1579317656122091,0.0217801432072329,4.742845796186396,0.1953439252498024,0.1114963937546607,0,0.5155321359634399
2023-04-14 00:00:00+00:00,8.0,4.300000190734863,4.606832023573814,0.0977161138506322,0.0388025702798796,0.1364339736416145,-0.0249260292830593,4.63183074186337,0.2654949620345261,-0.093885130972157,0,0.5160291194915771
2023-04-17 00:00:00+00:00,8.0,4.25,4.646287613920601,0.1456745746951475,0.0422896591162447,0.1328401805726083,-0.0001352175200546,4.646413715550467,0.2789980906153818,-0.0004846539263275,0,0.516040563583374
2023-04-18 00:00:00+00:00,8.899999618530273,4.0,5.743564431632016,0.1711956742959974,0.0512259922305598,0.1291325517173225,0.2472274052145549,5.495801680024227,0.3050999247796431,0.8103161788489909,0,0.5159457921981812
2023-04-19 00:00:00+00:00,8.899999618530273,3.799999952316284,5.901386228604569,0.455705070034719,0.0778235393252241,0.1084612490611068,0.2120176035493917,5.689221325682321,0.3761138573125095,0.5637059082702934,0,0.5159826874732971
2023-04-20 00:00:00+00:00,8.899999618530273,3.849999904632568,5.86193082639598,0.2377523872754835,0.0476876266668534,0.138253979228441,0.0702349936828699,5.791641004819654,0.3051390476585016,0.2301737329975347,0,0.516487181186676
2023-04-24 00:00:00+00:00,8.899999618530273,3.799999952316284,5.901386228604569,0.3237556574456329,0.0551958384417625,0.1302859500907629,0.0418135346175333,5.859530546267911,0.3243933834050775,0.1288976186216469,0,0.5167665481567383
2023-04-25 00:00:00+00:00,8.899999618530273,3.900000095367432,5.8224752360491925,0.3001351422758767,0.0528825851731524,0.1322418937413166,0.0025296973220566,5.8199691825103566,0.3189231874252182,0.0079319956083463,0,0.5168669819831848
2023-04-26 00:00:00+00:00,8.899999618530273,3.900000095367432,5.8224752360491925,0.2914935465889567,0.0520882858391338,0.1328416911462289,0.0010918581905397,5.821382534082223,0.3160793207619429,0.0034543803368967,0,0.5170390009880066
2023-04-27 00:00:00+00:00,8.800000190734863,4.099999904632568,5.564654199419428,0.2860599014216701,0.0517077529011087,0.1335684720694659,-0.0510755839683157,5.615852288233638,0.314550821532829,-0.1623762536032198,0,0.5172531604766846
2023-04-28 00:00:00+00:00,8.800000190734863,4.199999809265137,5.485743395002251,0.3007793619730434,0.0526569280802208,0.1330899182352213,-0.0388204411745289,5.524618735556133,0.3175718076327657,-0.1222414592274519,0,0.5172989368438721
2023-05-02 00:00:00+00:00,8.010000228881836,4.099999904632568,4.7746542375664,0.2402208981373705,0.048691433610596,0.1397446649431343,-0.145868743460575,4.920865194231657,0.3046441924527019,-0.4788167543460461,0,0.5172940492630005
2023-05-03 00:00:00+00:00,8.5,4.300000190734863,5.106832023573814,0.2643600177605053,0.0489046640297168,0.1396474976272156,0.0040311166421079,5.102695295786609,0.3053553540285009,0.0132013949941472,0,0.5167397260665894
2023-05-04 00:00:00+00:00,8.5,4.199999809265137,5.185743204267387,0.2731119704850083,0.0492009486166033,0.1395237342772271,0.0166951013444368,5.169009507562658,0.3066272454106677,0.0544475469623613,0,0.5167430639266968
2023-05-05 00:00:00+00:00,8.399999618530273,4.25,5.046287232450874,0.3511410180818793,0.0569586995961288,0.131645704129333,-0.0230893820539808,5.069438538406183,0.3300253040423156,-0.0699624597604198,0,0.5162511467933655
2023-05-08 00:00:00+00:00,8.699999809265137,4.150000095367432,5.425198227602915,0.2182241585435577,0.0457142634401662,0.1406723798730844,0.0558721000605575,5.369160856261368,0.2961096339800046,0.1886872078749401,0,0.5164397358894348
2023-05-09 00:00:00+00:00,8.899999618530273,4.150000095367432,5.625198036868052,0.3147505046848535,0.0560853201607044,0.1306788668040054,0.0718645405295222,5.5532181057295285,0.3249933071783071,0.2211262168857338,0,0.5165562033653259
2023-05-10 00:00:00+00:00,9.199999809265137,4.150000095367432,5.925198227602915,0.5423648373532538,0.0765104299597932,0.1033673723805945,0.1512908430921687,5.773732516371769,0.3820073805745169,0.3960416755944246,0,0.5168986916542053
2023-05-11 00:00:00+00:00,9.199999809265137,4.199999809265137,5.885743013532524,0.1838296635626534,0.0432153424671548,0.1295752444383512,0.0404144529401082,5.845290144893028,0.289596671156598,0.1395542731161241,0,0.5176471471786499
2023-05-12 00:00:00+00:00,9.199999809265137,4.099999904632568,5.964653817949701,-0.2398693494046182,0.0116287036777518,0.1510004312955773,0.0038913617744049,5.960705169335129,0.151986658744706,0.0256033115442145,0,0.5181933045387268
2023-05-15 00:00:00+00:00,9.100000381469728,4.0,5.943565194571471,-0.999,1e-06,0.1625965393878293,-0.0053422705568304,5.948913818366009,0.09453363841118,-0.0565118474927827,0,0.5189772248268127
2023-05-16 00:00:00+00:00,9.100000381469728,3.75,6.140842393752612,0.7326984380465348,1e-06,0.1573837978238193,-0.0060693095209399,6.14678792236619,0.0691367983673736,-0.0877869624319215,0,0.5193977355957031
2023-05-17 00:00:00+00:00,8.600000381469727,3.849999904632568,5.561931589335433,-0.999,1.3052953433338294e-06,0.1552118529514793,-0.0262598986876623,5.588530096771352,0.0651904761641674,-0.402818022398436,0,0.5198464393615723
2023-05-18 00:00:00+00:00,8.600000381469727,3.900000095367432,5.522475998988646,0.0483061835568234,0.0010730931638696,0.1556692665504519,-0.0016223192277412,5.524138612809308,0.0463821626249277,-0.0349772226202615,0,0.519827127456665
2023-05-19 00:00:00+00:00,8.600000381469727,3.900000095367432,5.522475998988646,-0.999,1e-06,0.1567131056278696,0.0015768371705475,5.520901198353683,0.0323927041344032,0.0486787754429185,0,0.5194953083992004
2023-05-22 00:00:00+00:00,8.5,4.050000190734863,5.304109222754955,-0.999,1e-06,0.156697598350322,-0.0043717793226142,5.308614608881121,0.0319529987702525,-0.1368190620870394,0,0.5192562937736511
2023-05-23 00:00:00+00:00,8.5,3.950000047683716,5.383020215310331,-0.999,1e-06,0.1567520385382999,0.0052532522958972,5.377723467424651,0.0315308706477763,0.1666066362258122,0,0.5181567668914795
2023-05-24 00:00:00+00:00,8.5,3.900000095367432,5.422475617518919,0.5016273352745152,1e-06,0.1377749941093161,0.0025600154259101,5.419885131421784,0.0158580473320941,0.1614332062642489,0,0.5171687006950378
2023-05-25 00:00:00+00:00,8.5,3.900000095367432,5.422475617518919,0.999,1e-06,0.1249264257053647,0.002557455561346,5.419918135559919,0.0158737820863214,0.1611119232605483,0,0.515105664730072
2023-05-26 00:00:00+00:00,8.989999771118164,3.849999904632568,5.951930978983871,0.999,1e-06,0.1262110868048935,0.0025580382399414,5.94895410557367,0.0158894697941433,0.1609895278497143,0,0.5143672227859497
2023-05-29 00:00:00+00:00,8.989999771118164,3.799999952316284,5.991386381192459,0.8366891865789707,1e-06,0.1273582392684382,0.0021297457233462,5.989225050223265,0.0133430214456902,0.1596149516820414,0,0.5144115686416626
2023-05-30 00:00:00+00:00,8.5,3.799999952316284,5.501386610074295,0.9945315380198728,1e-06,0.1281089372770524,0.0021180566399689,5.499650407582077,0.0133080909116709,0.1591555583762559,0,0.5146768689155579
2023-05-31 00:00:00+00:00,8.5,3.900000095367432,5.422475617518919,0.2837149661736034,1e-06,0.1159709683142404,0.0006241965930535,5.421918317720527,0.0040205772402231,0.1552504915982867,0,0.5148652791976929
2023-06-01 00:00:00+00:00,8.5,3.849999904632568,5.461931207865707,0.999,1e-06,0.1057501854273896,0.0006239274200249,5.46127010356131,0.0041394103227068,0.150728575179511,0,0.5152170658111572
2023-06-02 00:00:00+00:00,9.010000228881836,4.25,5.656287842802437,0.999,1e-06,0.1057442798739605,0.0006251104280332,5.655479246513463,0.0042546980345337,0.1469223956575686,0,0.5154448747634888
2023-06-05 00:00:00+00:00,9.010000228881836,4.25,5.656287842802437,0.999,1e-06,0.1051724533962035,0.0006244870366007,5.655663181043332,0.0043667216960674,0.1430104962180559,0,0.5155351758003235
2023-06-06 00:00:00+00:00,9.0,4.25,5.646287613920601,0.999,1e-06,0.1026736191687408,0.0006237670131327,5.645673566932656,0.0044757268160353,0.1393666411671847,0,0.5155869722366333
2023-06-07 00:00:00+00:00,9.100000381469728,4.150000095367432,5.825198799807507,0.999,1e-06,0.099209698645475,0.0006249103751733,5.824393926644656,0.0045819292447165,0.1363858632024881,0,0.5153208374977112
2023-06-09 00:00:00+00:00,9.100000381469728,4.25,5.746287995390329,0.999,1e-06,0.0976161372392576,0.0006234958749207,5.745744986738702,0.0046855199933224,0.1330686617086866,0,0.5149567723274231
2023-06-12 00:00:00+00:00,9.149999618530272,4.25,5.796287232450872,0.999,1e-06,0.0962437098740103,0.0006233796590221,5.795612093160551,0.00478666903047,0.1302324549815145,0,0.5144461393356323
2023-06-13 00:00:00+00:00,9.199999809265137,4.300000190734863,5.806831832838951,-0.999,1e-06,0.0939725538250037,-0.0006171331425784,5.8074364024663465,0.0048833539466427,-0.1263748541108255,0,0.5137383937835693
2023-06-14 00:00:00+00:00,9.149999618530272,4.199999809265137,5.835742822797659,-0.999,1e-06,0.0937153914691812,0.0006302356720847,5.835083132097084,0.004977790263724,0.1266095272590422,0,0.5131419897079468
2023-06-15 00:00:00+00:00,9.199999809265137,4.059999942779541,5.996218139716572,-0.999,1e-06,0.0936380751232606,-0.0005461931943779,5.996592121596453,0.0050700973743211,-0.1077283440638192,0,0.512544572353363
2023-06-16 00:00:00+00:00,9.199999809265137,3.9700000286102295,6.067237863692032,-0.999,1e-06,0.0938330551082606,0.0005830949228316,6.066580299144485,0.0051603911790771,0.1129943259332369,0,0.5125105977058411
2023-06-19 00:00:00+00:00,9.09000015258789,3.940000057220459,5.980911448339939,0.999,1e-06,0.0938357118693515,0.0005815691526895,5.980421600237923,0.0052515133289045,0.1107431546424115,0,0.5125663876533508
2023-06-20 00:00:00+00:00,8.720000267028809,3.930000066757202,5.618802643222574,-0.999,1e-06,0.0942385920498027,-0.0007874854551853,5.619971994815391,0.0053380083315995,-0.1475242087060124,0,0.5125642418861389
2023-06-21 00:00:00+00:00,8.649999618530273,3.740000009536743,5.698732711254874,-0.999,1e-06,0.0945659376748027,0.0008325974065598,5.697817929068505,0.0054227756913172,0.1535371282077888,0,0.5125553011894226
2023-06-22 00:00:00+00:00,8.649999618530273,3.7899999618530273,5.659277309046286,-0.999,1e-06,0.094520448283683,-0.0008546955889641,5.660171767387757,0.0055058735054785,-0.1552334226555836,0,0.5124542713165283
2023-06-23 00:00:00+00:00,8.880000114440918,3.7799999713897705,5.897168885398648,-0.999,1e-06,0.0946685129523584,0.0010017143047497,5.8959185633863935,0.0055873782937501,0.1792816330102931,0,0.512449324131012
2023-06-26 00:00:00+00:00,8.880000114440918,3.7799999713897705,5.897168885398648,0.999,1e-06,0.0942738159385038,0.001000715318043,5.896167905872945,0.0056708357005556,0.1764669919717466,0,0.5124432444572449
2023-06-27 00:00:00+00:00,8.5,3.7699999809265137,5.525059851399448,-0.999,1e-06,0.0939688695132578,-0.0012478640515946,5.526700218990144,0.005749234979315,-0.2170487127564462,0,0.5124372243881226
2023-06-28 00:00:00+00:00,8.5600004196167,3.700000047683716,5.640297834108171,0.0111620735249334,1e-06,0.0924212193013272,-1.3135452281181537e-05,5.6401883495178415,0.0014156232245439,-0.0092789183261759,0,0.5124209523200989
2023-06-29 00:00:00+00:00,8.5600004196167,3.849999904632568,5.521931627482406,0.999,1e-06,0.0903336844026826,-1.4427978039721943e-05,5.522076661472342,0.0017326197219448,-0.0083272618087982,0,0.5124140381813049
2023-06-30 00:00:00+00:00,7.800000190734863,3.809999942779541,4.79349572036744,-0.0218533379200266,0.0011681901694568,0.0920375702198646,-0.0091119277855613,4.803387649115653,0.0481847525513235,-0.1891039655305034,0,0.5124052166938782
2023-07-03 00:00:00+00:00,8.600000381469727,4.139999866485596,5.3330900683874205,-0.7871211087696581,0.000307288744355,0.0907542181348987,0.0177890002845691,5.314750695841512,0.0359178950027181,0.4952684527649216,0,0.5124140977859497
2023-07-04 00:00:00+00:00,8.600000381469727,3.950000047683716,5.483020596780057,0.999,2.8309325027838903,1e-06,0.1682592775585931,5.314756003375522,1.6828880313825558,0.0999824554105134,0,0.5124287605285645
2023-07-05 00:00:00+00:00,8.600000381469727,3.9700000286102295,5.467238435896622,-0.999,1e-06,0.0915551984104656,-0.1605603236310876,5.627465072855849,0.0335596442417229,-4.784327344908838,1,0.5131636261940002
2023-07-06 00:00:00+00:00,8.600000381469727,3.920000076293945,5.50669383810521,-0.999,1e-06,0.084220273837471,0.1532975263319152,5.353712560167451,0.0326844478599469,4.690228422667436,0,0.5128534436225891
2023-07-07 00:00:00+00:00,8.789999961853027,3.9800000190734863,5.649346935838205,0.4640819686774841,0.0044125428423316,0.0792612575730221,0.0822055876562836,5.566874659659431,0.0940771985567836,0.8738099020525744,0,0.5132073760032654
2023-07-10 00:00:00+00:00,8.029999732971191,3.880000114440918,4.968257511373546,-0.2199475368663232,0.0032346377408878,0.0808599447475429,-0.0463412603846148,5.015237514326789,0.0804275694336851,-0.5761862593998258,0,0.5137896537780762
2023-07-11 00:00:00+00:00,8.220000267028809,3.75,5.260842279311692,0.5335840267573698,0.0114427463855773,0.0702617875803802,0.010095641277551,5.250419373432735,0.149785144527392,0.0674008180811606,0,0.5137642025947571
2023-07-12 00:00:00+00:00,8.220000267028809,3.5999999046325684,5.379208674075656,0.29477699352357,0.0091535700900333,0.0711541552253022,0.013034600558986,5.366027705090938,0.1367952002069677,0.0952855110359499,0,0.513845682144165
2023-07-13 00:00:00+00:00,8.220000267028809,3.690000057220459,5.308188761961999,0.999,8.98245018306535,1e-06,-0.0578373461604196,5.366026896982062,2.998698789324324,-0.0192874810789021,0,0.5138736963272095
2023-07-14 00:00:00+00:00,7.800000190734863,3.539999961853028,5.006555080432016,0.999,9.996843848516724,1e-06,-0.359468477476969,5.3660265757239305,3.1633193162746065,-0.1136364816626573,0,0.513620913028717
2023-07-17 00:00:00+00:00,7.800000190734863,3.25,5.235396601380028,0.9170823484642072,0.1254666295941746,1e-06,-0.1320560270998488,5.3672943121317065,0.3677042631106444,-0.3591365136283785,0,0.5141109824180603
2023-07-18 00:00:00+00:00,7.800000190734863,3.2300000190734863,5.251178762263464,0.999,10.327704395545112,1e-06,-0.1161157201952325,5.367294329393569,3.215189970018176,-0.0361147307866776,0,0.5148007273674011
2023-07-19 00:00:00+00:00,7.800000190734863,3.180000066757202,5.290634164472053,0.999,10.027581387117277,1e-06,-0.076660598976059,5.3672943711436245,3.168173690763103,-0.0241970947488028,0,0.5158879160881042
2023-07-20 00:00:00+00:00,7.800000190734863,3.0799999237060547,5.369545157027428,0.9714254209569848,0.3589927676641944,1e-06,0.0021703586043093,5.367353439377087,0.6072367922479065,0.0035741553081376,0,0.5168914198875427
2023-07-21 00:00:00+00:00,7.800000190734863,3.180000066757202,5.290634164472053,0.9820555869331205,0.5867403194667423,1e-06,-0.0766824477370418,5.367330046388791,0.7723244962137549,-0.0992878616604419,0,0.5168588757514954
2023-07-24 00:00:00+00:00,7.800000190734863,3.380000114440918,5.1328123674995005,0.999,10.55444879295171,1e-06,-0.2345160230479061,5.367329886683421,3.2502607089506945,-0.0721529883440078,0,0.517780065536499
2023-07-25 00:00:00+00:00,8.100000381469727,3.5899999141693115,5.267099868958292,0.9977322301118756,4.792851332150371,1e-06,-0.1002334466490992,5.367330525022625,2.191483108159184,-0.0457377226755327,0,0.5193625688552856
2023-07-26 00:00:00+00:00,8.100000381469727,3.549999952316284,5.298664190725162,0.999,10.663830053896556,1e-06,-0.0686666607900582,5.367330556440316,3.267044220237312,-0.0210179771564495,0,0.5205779671669006
2023-07-27 00:00:00+00:00,8.100000381469727,3.630000114440918,5.235535359053222,0.999,8.661900801140952,1e-06,-0.1317943901184366,5.3673304787544565,2.9447664905649886,-0.0447554638171498,0,0.5216794610023499
2023-07-28 00:00:00+00:00,8.100000381469727,3.640000104904175,5.227644278611505,0.6903176122660868,0.029869269936143,0.0484198160966018,-0.1080747003656352,5.335780351108967,0.2336837685666335,-0.4624827005681329,0,0.5228093266487122
2023-07-31 00:00:00+00:00,8.100000381469727,3.5999999046325684,5.259208788516574,0.8613199718151148,0.0771534952173243,0.0008687459981723,-0.0775075242341678,5.336695324415311,0.3203717017886081,-0.2419299950696327,0,0.5236868262290955
2023-08-01 00:00:00+00:00,8.100000381469727,3.690000057220459,5.188188876402917,0.999,3.0750559763386294,1e-06,-0.1485033987911688,5.336694586429815,1.7608386383026853,-0.0843367447538037,0,0.5246279835700989
2023-08-02 00:00:00+00:00,8.0,3.690000057220459,5.08818849493319,0.1209234811148684,0.0054013610134438,0.0657947068059989,-0.0248116770596515,5.113253735176774,0.1053336828715617,-0.2355531144762649,0,0.5249240398406982
2023-08-03 00:00:00+00:00,8.0,3.640000104904175,5.127643897141779,0.999,7.553000941758294,1e-06,0.014389105889377,5.113254272571341,2.749343504200525,0.0052336515489581,0,0.5251116156578064
2023-08-04 00:00:00+00:00,8.0,3.549999952316284,5.198663809255436,0.999,6.291753304666298,1e-06,0.0854083310462279,5.1132543492305365,2.509510523837765,0.0340338604819293,0,0.5248079299926758
2023-08-07 00:00:00+00:00,8.0,3.660000085830689,5.111861736258343,0.999,7.210015108353383,1e-06,-0.0013913286360155,5.113254267570349,2.686243822359223,-0.0005179457741083,0,0.5244296789169312
2023-08-08 00:00:00+00:00,9.18000030517578,3.549999952316284,6.378664114431215,0.3580437245705496,0.023672363502599,0.0529203655797578,0.3572921646277925,6.019771397911426,0.2044060009615257,1.7479534013047084,-1,0.5237347483634949
2023-08-09 00:00:00+00:00,9.0,3.470000028610229,6.261792452789178,0.999,11.808215390369549,1e-06,0.2420229105928187,6.019770515348181,3.438963387929033,0.07037670463208,-1,0.5237711071968079
2023-08-10 00:00:00+00:00,9.0,3.509999990463257,6.230228131022306,0.9339180883583528,0.1692406727704183,1e-06,0.2105770995001355,6.019660218075611,0.4329959451162522,0.4863258002187505,-1,0.5245733857154846
2023-08-11 00:00:00+00:00,8.5,3.4600000381469727,5.769683533230895,0.7528820959212144,0.0464483471853065,0.0367207757412531,-0.0501286102887531,5.820295971763917,0.2849711155675757,-0.1759076887105284,0,0.5261640548706055
2023-08-14 00:00:00+00:00,8.5,3.430000066757202,5.793356774556049,0.999,11.17765034358914,1e-06,-0.0269395791645949,5.820296146710511,3.3485085116412603,-0.0080452473305467,0,0.5261311531066895
2023-08-15 00:00:00+00:00,8.0,3.390000104904175,5.324921096322919,0.46944220068417,0.017733966150973,0.0670410761989193,-0.0590360084868155,5.384466949793288,0.2056103714808855,-0.2871256350621582,0,0.5264526605606079
2023-08-16 00:00:00+00:00,8.0,3.400000095367432,5.317030015881201,0.6756004466038066,0.0287350392194688,0.0568689586066551,-0.0471680288984332,5.3642292193513965,0.249991841359979,-0.1886782730261704,0,0.5266541838645935
2023-08-17 00:00:00+00:00,8.0,3.2799999713897705,5.4117231693200125,0.5745441433842948,0.0195923481408767,0.0658671406543513,-0.0178682046964588,5.429510070837909,0.2211874515353091,-0.0807830849916296,0,0.5262033939361572
2023-08-18 00:00:00+00:00,7.599999904632568,3.2799999713897705,5.011723073952581,0.4354039215703626,0.0157639652020418,0.0700372607669145,-0.0445881419356548,5.056741276195385,0.1905784211399168,-0.2339621750928433,0,0.5243303179740906
2023-08-21 00:00:00+00:00,7.599999904632568,3.2300000190734863,5.051178476161169,0.5788520137086443,0.0215449486574039,0.0647098450714341,-0.0220930507930948,5.073249053380727,0.2166598737200872,-0.1019711237422664,0,0.5236741304397583
2023-08-22 00:00:00+00:00,7.599999904632568,3.2799999713897705,5.011723073952581,0.5041681877917784,0.0171900844581967,0.0688284749389126,-0.0170528481804018,5.02883042797958,0.1989020054597665,-0.08573492329041,0,0.5226027965545654
2023-08-23 00:00:00+00:00,8.0,3.25,5.435396410645165,0.3609793708210474,0.0144326299072693,0.0719716597146715,0.0338393322197652,5.401125923535451,0.175731431318301,0.1925627758558021,0,0.5225462913513184
2023-08-24 00:00:00+00:00,7.5,3.380000114440918,4.832812176764637,0.1015888002975381,0.0116313631773876,0.0748135013509653,-0.0545425843275022,4.887927062162509,0.1496833630519816,-0.3643864168695943,0,0.5215862393379211
2023-08-25 00:00:00+00:00,7.21999979019165,3.390000104904175,4.54492088651457,0.8757441407284349,0.105749554738872,1e-06,-0.3387542778179731,4.883953393462669,0.3415873397747216,-0.9917061857192456,0,0.5214066505432129
2023-08-28 00:00:00+00:00,7.21999979019165,3.3299999237060547,4.5922675573030745,0.5898342433710059,0.0261212459172423,0.0636631971539019,-0.223377829226157,4.815745532863109,0.2236261591879469,-0.9988895308013532,0,0.519798994064331
2023-08-29 00:00:00+00:00,8.0,3.2300000190734863,5.451178571528601,0.6444489102742038,0.043991534181446,0.0492105651848138,0.1675834288533788,5.282786677705762,0.2872293534647842,0.5834481289320086,0,0.5216181874275208
2023-08-30 00:00:00+00:00,8.0,3.220000028610229,5.459069651970319,0.999,12.655359235198052,1e-06,0.1762828345595201,5.282786747345715,3.562862522070417,0.0494778660325855,0,0.5212658047676086
2023-08-31 00:00:00+00:00,8.0,3.140000104904175,5.52219829550406,0.8916151407842726,0.1088342676244814,1e-06,0.2361984789671327,5.285924693612532,0.3837945712076943,0.6154294424329196,0,0.5216104388237
2023-09-01 00:00:00+00:00,8.0,3.180000066757202,5.490633973737189,0.999,4.768222563733888,1e-06,0.2047102185735006,5.2859244105795,2.1924176809395832,0.093371906436081,0,0.5220385193824768
2023-09-04 00:00:00+00:00,8.0,3.2699999809265137,5.419614249761731,0.999,8.646265334035377,1e-06,0.1336909806701937,5.285924088104388,2.9469881336136683,0.0453652931768879,0,0.5230221748352051
2023-09-05 00:00:00+00:00,8.0,3.1600000858306885,5.5064161346206255,0.999,8.638027877246603,1e-06,0.2204906438605454,5.285924484364444,2.945590365731383,0.0748544829673891,0,0.5245306491851807
2023-09-06 00:00:00+00:00,8.0,3.3499999046325684,5.356485606227988,0.999,6.676378495448012,1e-06,0.0705642470752101,5.28592360145417,2.5913035754327844,0.0272311772901501,0,0.5261871218681335
2023-09-08 00:00:00+00:00,8.0,3.2799999713897705,5.4117231693200125,0.6778314226450096,0.0226524545952674,0.0615493735056727,0.0604690921898285,5.3511658080044135,0.2462963520173129,0.2455135518433418,0,0.5264190435409546
2023-09-11 00:00:00+00:00,8.0,3.220000028610229,5.459069651970319,0.4440174529749944,0.021288645241393,0.0589660929883062,0.0373234934827463,5.421658233469851,0.2202987007792784,0.1694222133436069,0,0.5258939266204834
2023-09-12 00:00:00+00:00,8.0,3.240000009536743,5.443287491086883,0.9339732035998504,0.2427425215781249,1e-06,0.0217373496680877,5.421555584461425,0.5197539951797143,0.0418223811066073,0,0.5254987478256226
2023-09-13 00:00:00+00:00,8.0,3.25,5.435396410645165,0.9447396872969834,0.2918691145937068,1e-06,0.0138777360106982,5.421520966428416,0.5650349750026239,0.0245608442391265,0,0.5227717161178589
2023-09-14 00:00:00+00:00,8.0,3.25,5.435396410645165,0.9831703660217422,0.9493121910119708,1e-06,0.0138753076038719,5.421521078685196,0.988286059999358,0.0140397686110041,0,0.522028386592865
2023-09-15 00:00:00+00:00,8.0,3.200000047683716,5.474851812853754,0.9431573220835898,0.2811979683904413,1e-06,0.0530944396204999,5.421743075701942,0.5555056413189882,0.0955785786341123,0,0.5220952033996582
2023-09-18 00:00:00+00:00,8.0,3.200000047683716,5.474851812853754,0.9788043052471976,0.7657111045037621,1e-06,0.0531077253817305,5.421743938674391,0.8905622879815727,0.0596339257774964,0,0.5222383141517639
2023-09-19 00:00:00+00:00,8.0,3.440000057220459,5.285465694114331,0.999,8.684237668525105,1e-06,-0.1362754460046653,5.421743320258364,2.9515468682366346,-0.0461708561944948,0,0.521860659122467
2023-09-20 00:00:00+00:00,8.0,3.470000028610229,5.261792452789178,0.1565299836808273,0.0141186573157192,0.0551480999581678,-0.0377526697218237,5.299701251524768,0.1663203267896001,-0.2269877076996242,0,0.5207591652870178
2023-09-21 00:00:00+00:00,8.0,3.440000057220459,5.285465694114331,0.6446390357134866,0.0409176015019576,0.0283477230440546,-0.0189683927368549,5.304419893095793,0.2595422074711573,-0.0730840387067405,0,0.5204132795333862
2023-09-22 00:00:00+00:00,8.0,3.400000095367432,5.317030015881201,0.7691545311686735,0.0625584256604751,0.0066549285778973,0.0076564024216147,5.309335194595356,0.3056193339483124,0.0250520879117865,0,0.520802915096283
2023-09-25 00:00:00+00:00,8.0,3.4200000762939453,5.301247854997766,0.8091470212361225,0.0763491389843721,1e-06,-0.0069854135915457,5.308251663840087,0.3267552772544602,-0.0213781201951509,0,0.5209978222846985
2023-09-26 00:00:00+00:00,8.0,3.380000114440918,5.332812176764637,0.7864011422674378,0.068195457548116,0.0008389539520597,0.0213991999493274,5.311370397218483,0.3141474450299374,0.0681183319739818,0,0.5212292075157166
2023-09-27 00:00:00+00:00,8.0,3.299999952316284,5.395941008436576,0.8165196303744446,0.0804488220403562,1e-06,0.079894465104417,5.315964359412696,0.3325166805260562,0.2402720518502121,0,0.5212283134460449
2023-09-28 00:00:00+00:00,8.0,3.509999990463257,5.230228131022306,0.7763062122835166,0.0663398437365183,0.0026027860281721,-0.0660104657859375,5.296447863223674,0.3127564195034281,-0.211060306582177,0,0.5215170383453369
2023-09-29 00:00:00+00:00,8.0,3.7200000286102295,5.064515253608036,0.8607034935846388,0.1091483196512243,1e-06,-0.224785667652665,5.289460211660597,0.3747926065365161,-0.5997601439631498,0,0.5204501152038574
2023-10-02 00:00:00+00:00,7.78000020980835,3.549999952316284,4.978664019063785,0.8559265232498527,0.0995679440532818,1e-06,-0.3053668098255178,5.284148763525806,0.3615066769422531,-0.8447058638264014,0,0.5190424919128418
2023-10-03 00:00:00+00:00,7.78000020980835,3.5799999237060547,4.954990777738632,0.7067530223715555,0.0474339321311533,0.0212065546885399,-0.2809286925727922,5.236078074158896,0.2946673825148087,-0.9533755998890509,0,0.5188587307929993
2023-10-04 00:00:00+00:00,7.78000020980835,3.619999885559082,4.923426455971761,0.7690989538566135,0.0609017229577351,0.0077456121514512,-0.289538132561442,5.213100781803705,0.3225928188214935,-0.8975343394784548,0,0.5207634568214417
2023-10-05 00:00:00+00:00,7.699999809265137,3.630000114440918,4.8355347868486325,0.8262362903500448,0.0813343439694872,1e-06,-0.364850046577706,5.200551885271376,0.3519201370498043,-1.0367410334523477,0,0.5234895944595337
2023-10-06 00:00:00+00:00,7.699999809265137,3.559999942779541,4.890772538078855,0.8015526286379752,0.0708815289299043,1e-06,-0.3077465386197393,5.198542911529944,0.335281932768301,-0.917873910111374,0,0.526222288608551
2023-10-09 00:00:00+00:00,7.699999809265137,3.509999990463257,4.930227940287443,0.999,6.1090818475461885,1e-06,-0.2683159576803584,5.198543257568207,2.4800481059489563,-0.1081898198009715,0,0.5284256339073181
2023-10-10 00:00:00+00:00,7.699999809265137,3.490000009536743,4.946010101170879,-0.1751950312989743,0.0066924013204386,0.0498624222253169,0.006957054703828,4.939316001892225,0.112355866990051,0.0619198168302513,0,0.5306916832923889
2023-10-11 00:00:00+00:00,7.699999809265137,3.539999961853028,4.90655469896229,0.4751636272241321,0.0270116426914024,0.0294683681240237,-0.0124938006250975,4.919110364448559,0.2101783909902819,-0.0594437923243749,0,0.5309723019599915
2023-10-13 00:00:00+00:00,7.699999809265137,3.5,4.938119020729161,0.4894720107061333,0.0280235217578525,0.0284556926370351,0.0036517637539714,4.934426142671407,0.2256629400869294,0.0161823813540881,0,0.5319913029670715
2023-10-16 00:00:00+00:00,7.699999809265137,3.549999952316284,4.8986636185205725,0.4935394541752375,0.0282314787919966,0.028245662382294,-0.0117345030727548,4.910458214176943,0.2322141084814551,-0.0505331185494785,0,0.5329967141151428
2023-10-17 00:00:00+00:00,7.699999809265137,3.5,4.938119020729161,0.4863213013826465,0.0277987195183188,0.0286624679519106,0.0055545369587061,4.932511856248301,0.2333497728588729,0.023803481317573,0,0.5345174670219421
2023-10-18 00:00:00+00:00,7.699999809265137,3.4800000190734863,4.953901181612597,0.5249288287579291,0.0298833838805483,0.0263475395653977,0.009798638490537,4.944072944735087,0.2417581661157224,0.0405307446195913,0,0.5356842875480652
2023-10-19 00:00:00+00:00,7.599999904632568,3.390000104904175,4.924921000955488,0.4563728967004242,0.0260239369034543,0.0297615056344893,-0.0024826781069063,4.927440369811234,0.2289477814592525,-0.0108438618233485,0,0.5365336537361145
2023-10-20 00:00:00+00:00,7.599999904632568,3.3399999141693115,4.964376591302274,0.728122521473809,0.0513336951796457,0.0018731776469318,0.0304875277970529,4.933819054868286,0.2796566231849291,0.1090177212677433,0,0.5373519062995911
2023-10-23 00:00:00+00:00,7.320000171661377,3.3399999141693115,4.684376858331083,0.7196787702707405,0.0500276523308291,0.0028220100453543,-0.1979938849433453,4.8828631424329085,0.2788836632014826,-0.7099515355989223,0,0.538616955280304
2023-10-24 00:00:00+00:00,7.320000171661377,3.299999952316284,4.715941180097953,0.5974388493673388,0.0340657110116203,0.0183072414019977,-0.1416998337966941,4.857726328011748,0.2546106761344161,-0.5565353187385071,0,0.5387817621231079
2023-10-25 00:00:00+00:00,7.320000171661377,3.25,4.755396582306542,0.6386711950062461,0.0382332699116523,0.0141530874418352,-0.0970173060947108,4.852434801727056,0.268036754046828,-0.361955234235381,0,0.5383380651473999
2023-10-26 00:00:00+00:00,7.320000171661377,3.309999942779541,4.708050099656236,0.7942747902635146,0.065139815492807,1e-06,-0.1372739193539775,4.845424896801164,0.3132034478433399,-0.4382899367782186,0,0.5385640859603882
2023-10-27 00:00:00+00:00,7.090000152587891,3.299999952316284,4.485941161024467,0.4859493499904047,0.0250921817170546,0.0258500391403241,-0.1495208106477432,4.635951900187167,0.2306206360260285,-0.6483409864105474,0,0.5384308099746704
2023-10-30 00:00:00+00:00,7.090000152587891,3.25,4.525396563233056,0.6529938845587647,0.0424253103178024,0.0075016058824199,-0.1063498993686684,4.631770615095382,0.2692506703515801,-0.3949847152833443,0,0.5382324457168579
2023-10-31 00:00:00+00:00,7.0,3.039999961853028,4.601109288059435,0.6789182759319222,0.0482055954030248,0.0014652362881901,-0.0394763459675112,4.640507146229108,0.2782501682637469,-0.1418735744666021,0,0.5376673340797424
2023-11-01 00:00:00+00:00,7.0,3.039999961853028,4.601109288059435,0.7484128543351274,0.0634333625524084,1e-06,-0.038275736075224,4.639400080167056,0.3030600663863236,-0.1262975242222519,0,0.5365064144134521
2023-11-03 00:00:00+00:00,7.0,3.0999999046325684,4.5537628054091295,0.7391667505407818,0.0610916113844128,1e-06,-0.0788299051982494,4.632683476409538,0.2977196152218577,-0.264779010746424,0,0.5362352132797241
2023-11-06 00:00:00+00:00,7.300000190734863,3.0999999046325684,4.853762996143993,0.7251421481048376,0.0593659898461792,1e-06,0.1864815747255791,4.666829724436061,0.2932294455464994,0.6359578738009362,0,0.5356180667877197
2023-11-07 00:00:00+00:00,7.300000190734863,3.0999999046325684,4.853762996143993,0.999,13.683886730936164,1e-06,0.1869332651880458,4.666829726292293,3.70277327877105,0.0504846640921231,0,0.5328308939933777
2023-11-08 00:00:00+00:00,7.300000190734863,3.0799999237060547,4.869545157027428,0.6374415529157655,0.0378050143996164,0.0103645852390586,0.1703117976805047,4.699072051385343,0.258887166830562,0.6578611051507677,0,0.5295421481132507
2023-11-09 00:00:00+00:00,7.300000190734863,3.0999999046325684,4.853762996143993,0.8162229529629244,0.0827597875556614,1e-06,0.1536638557722252,4.7000804587304215,0.3342088366379262,0.4597839402394407,0,0.5279330015182495
2023-11-10 00:00:00+00:00,7.099999904632568,3.0999999046325684,4.653762710041698,0.8370603973552188,0.0937559848909685,1e-06,-0.0374370783771438,4.691384533492137,0.3499452947837436,-0.1069798020867202,0,0.5268917083740234
2023-11-13 00:00:00+00:00,7.099999904632568,3.549999952316284,4.298663713888004,0.9379417867626896,0.2530017533930778,1e-06,-0.3900645387507319,4.688869431090007,0.530758465921145,-0.7349191087772192,0,0.5240423679351807
2023-11-14 00:00:00+00:00,7.099999904632568,3.220000028610229,4.559069556602887,0.7919395943501599,0.0752514264929579,1e-06,-0.1439431482133277,4.70277904629171,0.3216810448096205,-0.4474716509905553,0,0.5220511555671692
2023-11-16 00:00:00+00:00,6.900000095367432,3.1600000858306885,4.406416229988057,0.7681841745118192,0.0675930252352081,1e-06,-0.2785775792671182,4.685262025079794,0.3085485124591907,-0.902864762000638,0,0.5211765170097351
2023-11-17 00:00:00+00:00,6.900000095367432,3.25,4.3353965060125965,0.9729518080815952,0.5488411105160801,1e-06,-0.3497428091938199,4.6851536712605935,0.7592555172790155,-0.4606391408879212,0,0.5221847295761108
2023-11-20 00:00:00+00:00,7.099999904632568,3.200000047683716,4.574851717486323,0.6338239437115133,0.0417439048663312,0.005182888215684,-0.1440116784373385,4.718643976067397,0.2643953785351637,-0.5446830396023185,0,0.5241270661354065
2023-11-21 00:00:00+00:00,7.099999904632568,3.180000066757202,4.590633878369758,0.7442993705877989,0.0536817217267863,1e-06,-0.1252753154204061,4.7159465847095055,0.2845056283557561,-0.44032631672143,0,0.5249276757240295
2023-11-22 00:00:00+00:00,7.099999904632568,3.180000066757202,4.590633878369758,0.443447552430641,0.0236069461497917,0.0215975897121409,-0.0775083046384286,4.668271963611457,0.217371764628344,-0.356570250837086,0,0.5253135561943054
2023-11-23 00:00:00+00:00,7.099999904632568,3.1700000762939453,4.598524958811476,0.5620620418702255,0.0324100432809874,0.0127939125597544,-0.0575226308731828,4.656100048339499,0.2410486923494416,-0.2386349011584508,0,0.5262592434883118
2023-11-24 00:00:00+00:00,7.099999904632568,3.190000057220459,4.58274279792804,0.5431553928499795,0.030410082811506,0.0145336972211643,-0.0513277614892654,4.634154022812019,0.2385888601036028,-0.2151305868470863,0,0.527570903301239
2023-11-27 00:00:00+00:00,7.099999904632568,3.069999933242798,4.677435951366851,0.5167916751837127,0.0290056786766013,0.0157894227956745,0.0040636151654873,4.673235832313701,0.2351023548516879,0.0172844511406567,0,0.5280429720878601
2023-11-28 00:00:00+00:00,7.099999904632568,3.109999895095825,4.645871629599981,0.5411416228449131,0.0309610181045349,0.0138607311701724,-0.0121181020797781,4.658048258778886,0.240348151004873,-0.0504189527945752,0,0.5292420983314514
2023-11-29 00:00:00+00:00,7.019999980926514,3.0799999237060547,4.589544947219078,0.5552007936430361,0.0316931301357492,0.0130032957171835,-0.0376425169476323,4.6273106289370896,0.2430807055651077,-0.1548560461025567,0,0.5288851261138916
2023-11-30 00:00:00+00:00,7.019999980926514,3.049999952316284,4.613218188544232,0.5479405071858763,0.0311355306421262,0.0135019700375225,-0.0174652203319513,4.630670443287626,0.2422876949440332,-0.072084636142936,0,0.5305955410003662
2023-12-01 00:00:00+00:00,6.809999942779541,3.0799999237060547,4.379544909072106,0.53494529168951,0.0307923124734521,0.0139957836666549,-0.1231445543626886,4.503164430286959,0.2412389183196024,-0.5104671966715671,0,0.531640350818634
2023-12-04 00:00:00+00:00,6.809999942779541,3.039999961853028,4.411109230838976,0.5533563217938654,0.0321145970157278,0.0127804136862406,-0.0801500749174559,4.491306638646423,0.2447086878186332,-0.3275326088007935,0,0.5310995578765869
2023-12-05 00:00:00+00:00,6.809999942779541,3.039999961853028,4.411109230838976,0.5478230179838312,0.0315784114164831,0.0133126881311283,-0.0615991356863875,4.472779910706541,0.24379404675555,-0.252668744401919,0,0.5309890508651733
2023-12-06 00:00:00+00:00,6.809999942779541,3.1700000762939453,4.3085249969584485,0.5476123309164023,0.0314972458600839,0.0132267176081907,-0.0972710490323465,4.406054093714342,0.243642836404133,-0.3992362364022147,0,0.5311673879623413
2023-12-07 00:00:00+00:00,6.809999942779541,3.069999933242798,4.387435989513824,0.5105133709758555,0.0293148634402113,0.0151283931380801,-0.0361112636832942,4.423486712820417,0.2369092601037379,-0.1524265605636598,0,0.5312390923500061
2023-12-08 00:00:00+00:00,6.809999942779541,3.1600000858306885,4.316416077400167,0.5276136208672378,0.0306507860676735,0.0137971993463092,-0.0607942724574747,4.377384334496267,0.239556807035426,-0.2537781047001701,0,0.5298815965652466
2023-12-11 00:00:00+00:00,6.809999942779541,3.200000047683716,4.284851755633295,0.4947615978435045,0.0271533813596767,0.0165706954222479,-0.0553226611056652,4.340297597755725,0.2292774147415049,-0.2412913682232411,0,0.5292579531669617
2023-12-12 00:00:00+00:00,6.809999942779541,3.180000066757202,4.30063391651673,0.4749892076592889,0.0263924890103215,0.0170515280002896,-0.0315874378837092,4.33224780552051,0.2248472739184432,-0.140483970889354,0,0.528718113899231
2023-12-13 00:00:00+00:00,6.809999942779541,3.190000057220459,4.292742836075012,0.5088222242877627,0.0288773246053102,0.0145537997873394,-0.0269104039350369,4.319700653635485,0.2311670361280741,-0.1164110782651887,0,0.5282729864120483
2023-12-14 00:00:00+00:00,6.809999942779541,3.150000095367432,4.324307157841883,0.5536045944732229,0.0316326668995203,0.0116004591716578,-0.0045616424502258,4.328828407033288,0.2392326296616871,-0.0190678105101162,0,0.5281720161437988
2023-12-15 00:00:00+00:00,6.599999904632568,3.200000047683716,4.074851717486323,0.4753946000121833,0.0272576376808276,0.0158360943702765,-0.1068237014919286,4.182176198723192,0.2271895430427207,-0.470196383430559,0,0.528136134147644
2023-12-18 00:00:00+00:00,6.599999904632568,3.0999999046325684,4.153762710041698,0.4708984421354961,0.0252831595069008,0.0173974948283372,-0.0418241619812803,4.195542788866945,0.2202661492248242,-0.1898801160708118,0,0.5272136926651001
2023-12-19 00:00:00+00:00,6.5,3.1600000858306885,4.0064161346206255,0.3982756901383868,0.0216737628081876,0.0207902303061905,-0.0711434699612121,4.077897583363876,0.2047927131511777,-0.347392584758102,0,0.523818850517273
2023-12-20 00:00:00+00:00,6.5,3.2100000381469727,3.966960732412036,0.4846639876546089,0.0263123055595301,0.0162584292272227,-0.0682690891803387,4.0353887076676935,0.2190596029020683,-0.3116461833944742,0,0.5223672389984131
2023-12-21 00:00:00+00:00,7.289999961853027,3.1600000858306885,4.796416096473653,0.3335260598300741,0.0214971707197521,0.020954623396253,0.2277960564705775,4.567119098678705,0.2001716881653071,1.1380033737960855,0,0.5198752284049988
2023-12-22 00:00:00+00:00,6.619999885559082,3.200000047683716,4.094851698412836,0.2402119728181896,0.0202016543682301,0.0221999382784691,-0.1116633719360604,4.207504275461923,0.1901696120446989,-0.5871777869001188,0,0.5174654722213745
2023-12-26 00:00:00+00:00,7.300000190734863,3.309999942779541,4.6880501187297225,-0.2799723357432158,0.0097019936724203,0.030659959895818,0.1351903425902676,4.552185513963027,0.130727893617474,1.0341354002524612,0,0.5170850157737732
2023-12-27 00:00:00+00:00,7.309999942779541,3.3499999046325684,4.666485549007529,-0.0094471059304551,0.0155976664535928,0.0261172262644743,0.0353826765467808,4.630868891947147,0.1619453730852234,0.2184852575452145,0,0.5165831446647644
2023-12-28 00:00:00+00:00,7.309999942779541,3.430000066757202,4.60335671733559,-0.0721348367844303,0.0137501371523431,0.0279800187411231,-0.0092769198807517,4.612679791407955,0.1537212461293965,-0.0603489765685534,0,0.5165557861328125
2024-01-02 00:00:00+00:00,7.300000190734863,3.0,4.93267380056117,-0.0812553440305952,0.0140043081226791,0.0278940064215647,0.0893352909840233,4.8427428099711385,0.1547505612103228,0.5772857318598473,0,0.5165191888809204
2024-01-03 00:00:00+00:00,7.300000190734863,2.9600000381469727,4.964238122328041,-0.0034715660042416,0.0131333095781356,0.0281677935087583,0.0308594008040172,4.933142012200992,0.1513180009130731,0.2039374074320801,0,0.5167469382286072
2024-01-04 00:00:00+00:00,7.170000076293945,3.150000095367432,4.684307291356287,-0.0405692861949955,0.0124558859040972,0.0284766023683773,-0.0629282910430359,4.747714918740554,0.1473854947482299,-0.4269639366515185,0,0.5165324211120605
2024-01-05 00:00:00+00:00,7.309999942779541,3.2300000190734863,4.761178514308142,-0.1061116774080626,0.0113237762709967,0.0290342140689307,0.0083018022729807,4.752863621485036,0.1406472864656573,0.0590256839047361,0,0.5167526006698608
2024-01-08 00:00:00+00:00,7.21999979019165,3.150000095367432,4.734307005253992,-0.0819375775483771,0.0118610684806963,0.0284982287819195,-0.005151775582356,4.7394942442194825,0.1436139482288821,-0.0358723901535347,0,0.5166295766830444
2024-01-09 00:00:00+00:00,7.110000133514404,3.220000028610229,4.569069785484723,-0.1090519835202279,0.0111401971884311,0.0288046042143674,-0.0404376815991949,4.609843599777505,0.1394987203927858,-0.2898785127586459,0,0.5166265964508057
2024-01-10 00:00:00+00:00,7.110000133514404,3.130000114440918,4.640089509460182,-0.0935675605731779,0.0111440078125072,0.0288142947017542,0.0101239337343577,4.62991270947908,0.1395971082806248,0.0725225175438889,0,0.5157092809677124
2024-01-11 00:00:00+00:00,7.110000133514404,3.069999933242798,4.687436180248687,-0.1221152646763976,0.0106917838485437,0.0290642654056098,0.012556347984089,4.674763262882684,0.136859924037507,0.0917459809538393,0,0.5155766010284424
2024-01-12 00:00:00+00:00,7.210000038146973,3.190000057220459,4.692742931442444,-0.1003632820975601,0.0111616503388062,0.0285930174854735,0.0034094567543662,4.689294712968664,0.1395720716008028,0.0244279297087299,0,0.515092670917511
2024-01-15 00:00:00+00:00,7.309999942779541,3.109999895095825,4.855871667746953,-0.1060822698173279,0.0111251037811341,0.028693884988282,0.0399181463760254,4.815620592008021,0.1393721831934729,0.2864140136243118,0,0.5147558450698853
2024-01-16 00:00:00+00:00,7.300000190734863,3.0799999237060547,4.869545157027428,-0.0956586003340289,0.0112061502698484,0.0287568468484198,0.0101045594275729,4.859325280286366,0.1399179069425416,0.0722177714659671,0,0.5146005749702454
2024-01-17 00:00:00+00:00,7.210000038146973,3.059999942779541,4.795327165322973,-0.1176878769103549,0.0107579804003733,0.0289953925186692,-0.0159773251709209,4.81142921932795,0.137260310488327,-0.1164016394402641,0,0.5146721601486206
2024-01-18 00:00:00+00:00,7.210000038146973,3.0899999141693115,4.771653923997819,-0.107571158034589,0.0108277638630287,0.0289594017796929,-0.0080935953939511,4.779830757729209,0.1377005464734893,-0.0587767848510996,0,0.5144755840301514
2024-01-19 00:00:00+00:00,7.210000038146973,3.1600000858306885,4.716416172767598,-0.1287881879066797,0.0104615744900754,0.0292198055824648,-0.0139072198707553,4.7304518148719765,0.1354922702585427,-0.1026421643405778,0,0.5146557688713074
2024-01-22 00:00:00+00:00,7.309999942779541,3.150000095367432,4.824307157841883,-0.1254540721670613,0.0105814102853454,0.0291135396278635,0.0233536272867395,4.800768735420567,0.1361758137962917,0.1714961463103483,0,0.514718770980835
2024-01-23 00:00:00+00:00,8.300000190734863,3.150000095367432,5.814307405797205,-0.0178577587558669,0.0161755147162925,0.0285962831444794,0.3107844641263117,5.501616049400063,0.165362378415134,1.879414574856336,-1,0.5151499509811401
2024-01-24 00:00:00+00:00,8.0,3.440000057220459,5.285465694114331,-0.0593108204632595,0.0162067964595285,0.029444130188512,-0.0757512102916788,5.361555931279594,0.1659868136214638,-0.4563688442410309,0,0.5166112780570984
2024-01-25 00:00:00+00:00,7.150000095367432,3.359999895095825,4.498594621153702,0.6482733953394455,0.0755101817253241,1e-06,-0.8191310432529135,5.318781327260632,0.2945746995139643,-2.780724361611655,1,0.5162206292152405
2024-01-26 00:00:00+00:00,7.099999904632568,3.4200000762939453,4.401247759630334,0.6482586361013463,0.0609077610300738,1e-06,-0.8925537227707272,5.294420559127159,0.2681840864441009,-3.3281382747397537,1,0.5167133212089539
2024-04-08 00:00:00+00:00,7.800000190734863,3.039999961853028,5.401109478794298,0.6211949785883868,0.0768055512220039,1e-06,0.0709493913681648,5.329318045039181,0.2959811118987467,0.2397091858768208,0,0.5247069001197815
2024-04-09 00:00:00+00:00,8.489999771118164,3.0999999046325684,6.0437625765272935,0.999,20.156426270645277,1e-06,0.7144407964220859,5.329318587278895,4.4907947204796494,0.1590900588628505,0,0.5269804000854492
2024-04-10 00:00:00+00:00,7.559999942779541,3.109999895095825,5.105871667746953,0.9904450777833712,3.557525521767398,1e-06,-0.2233937045707132,5.329291542444177,1.8890043572349369,-0.1182600260899925,0,0.5230123996734619
2024-04-11 00:00:00+00:00,7.199999809265137,3.180000066757202,4.690633783002326,0.999,6.145829761422241,1e-06,-0.6386502072311019,5.3292907504902125,2.4812582912500374,-0.2573896516470098,0,0.5242102742195129
2024-04-12 00:00:00+00:00,7.289999961853027,3.039999961853028,4.891109249912462,0.999,17.90052683253297,1e-06,-0.4381827476579411,5.329290881246752,4.2321791999298535,-0.1035359626702961,0,0.5275536179542542
2024-04-15 00:00:00+00:00,7.400000095367432,3.1700000762939453,4.898525149546339,0.999,17.57783515912071,1e-06,-0.4307657760531194,5.329290885897451,4.193882462216385,-0.1027128871478835,0,0.5313012599945068
2024-04-16 00:00:00+00:00,7.5,3.150000095367432,5.014307215062342,0.999,16.108745159528457,1e-06,-0.3149844707928865,5.329290969785166,4.014917322588516,-0.0784535385126706,0,0.5359944105148315
2024-04-17 00:00:00+00:00,7.5,3.1700000762939453,4.998525054178908,0.999,17.47731725082431,1e-06,-0.3307658127181351,5.329290958994956,4.181881657647587,-0.0790949720237179,0,0.5412116050720215
2024-04-18 00:00:00+00:00,7.300000190734863,3.119999885559082,4.8379808352605576,0.999,15.626562033268431,1e-06,-0.4913089736252158,5.329290838370117,3.954412722632908,-0.12424322094991,0,0.54463791847229
2024-04-19 00:00:00+00:00,6.590000152587891,2.970000028610229,4.24634700373935,0.999,18.58663509273052,1e-06,-1.0829402755976083,5.329290465065681,4.312476555356735,-0.2511179508332483,0,0.5495319366455078
2024-04-22 00:00:00+00:00,6.559999942779541,2.900000095367432,4.271584357023024,0.999,15.966294725384298,1e-06,-1.0577062770309762,5.329290482792083,3.997138310471339,-0.264615881381961,0,0.5592409372329712
2024-04-23 00:00:00+00:00,6.559999942779541,2.8499999046325684,4.311039947369812,0.999,14.060782270690876,1e-06,-1.0182508405097117,5.32929051479737,3.7512135660649473,-0.2714457128544309,0,0.5724003314971924
2024-04-24 00:00:00+00:00,6.559999942779541,2.7100000381469727,4.421515073553859,0.999,15.042593278042254,1e-06,-0.9077762541686554,5.329290600084099,3.879873094010837,-0.2339706047524965,0,0.5828932523727417
2024-04-25 00:00:00+00:00,6.559999942779541,2.75,4.389950751786989,0.999,14.9680009481755,1e-06,-0.939339605932172,5.329290574654841,3.8702485573602616,-0.2427078240610099,0,0.5964390635490417
2024-04-26 00:00:00+00:00,6.559999942779541,2.9600000381469727,4.224237874372719,0.999,13.301352189937877,1e-06,-1.1050513005271978,5.329290427779441,3.648585498161977,-0.3028711540633711,0,0.6068165898323059
2024-04-29 00:00:00+00:00,6.559999942779541,3.049999952316284,4.153218150397259,0.999,7.240384745253864,1e-06,-1.1760711644596242,5.329290310992176,2.6928070283475565,-0.4367454303553721,0,0.6191530227661133
2024-04-30 00:00:00+00:00,6.559999942779541,2.9800000190734863,4.208455713489283,0.999,12.428207589887553,1e-06,-1.1208350834794285,5.329290361993499,3.526901407362032,-0.3177959784018357,0,0.632637619972229
2024-05-02 00:00:00+00:00,6.0,2.970000028610229,3.65634685115146,0.999,15.85776537077142,1e-06,-1.672939613109161,5.3292899529126725,3.9835401740590335,-0.4199630328830138,0,0.6473069190979004
2024-05-03 00:00:00+00:00,6.300000190734863,3.0299999713897705,3.909000559236017,0.999,10.788747408064294,1e-06,-1.4202919927200053,5.329290225711844,3.2862707367556667,-0.4321895870704105,0,0.6637808084487915
2024-05-06 00:00:00+00:00,6.400000095367432,2.990000009536743,4.040564785635456,0.999,16.384192554981922,1e-06,-1.2887263275666048,5.329290318871396,4.049076623448442,-0.3182765967192407,0,0.6795125603675842
2024-05-07 00:00:00+00:00,6.099999904632568,2.859999895095825,3.843148828781121,0.999,16.922932852191778,1e-06,-1.4861401782179482,5.329290181154476,4.115065345748757,-0.3611461917010062,0,0.6937631964683533
2024-05-08 00:00:00+00:00,6.300000190734863,2.7100000381469727,4.161515321509182,0.999,18.60348060945728,1e-06,-1.1677767627587352,5.32929038095355,4.314430617950221,-0.2706676421913452,0,0.710324764251709
2024-05-09 00:00:00+00:00,6.300000190734863,2.7100000381469727,4.161515321509182,0.999,17.616687528530267,1e-06,-1.167775052048819,5.329290380177066,4.198513960454856,-0.2781400902909717,0,0.7207515239715576
2024-05-10 00:00:00+00:00,6.400000095367432,2.619999885559082,4.332535138255408,0.999,17.712003332173808,1e-06,-0.9967563133811976,5.329290492681787,4.209849911787099,-0.2367676601938691,0,0.7289716005325317
2024-05-13 00:00:00+00:00,6.400000095367432,2.559999942779541,4.379881620905714,0.999,16.974117155233344,1e-06,-0.9494091768782758,5.32929052472038,4.121280274719855,-0.2303675347444823,0,0.7384592890739441
2024-05-14 00:00:00+00:00,6.400000095367432,2.5,4.42722810355602,0.999,16.90385074448035,1e-06,-0.9020627278459808,5.32929055692729,4.11274673327094,-0.2193334008507143,0,0.7480634450912476
2024-05-15 00:00:00+00:00,6.199999809265137,2.5199999809265137,4.21144565657029,0.999,17.4957817528559,1e-06,-1.1178435165412155,5.32929041159145,4.184091024395044,-0.2671652002845322,0,0.7577558159828186
2024-05-16 00:00:00+00:00,6.199999809265137,2.549999952316284,4.187772415245137,0.999,17.11484075793415,1e-06,-1.1415178344889552,5.329290394591019,4.138318221871978,-0.2758409994803606,0,0.7650899887084961
2024-05-17 00:00:00+00:00,6.199999809265137,2.509999990463257,4.219336737012008,0.999,17.13737555005387,1e-06,-1.1099538559347817,5.329290415426594,4.141040146821843,-0.2680374535336603,0,0.7713778614997864
2024-05-20 00:00:00+00:00,6.199999809265137,2.470000028610229,4.250901058778879,0.999,17.10755050019962,1e-06,-1.0783895555593337,5.329290436322149,4.137437546081716,-0.2606418933333755,0,0.7776932716369629
2024-05-21 00:00:00+00:00,6.0,2.3499999046325684,4.145594402952552,0.999,17.223082006786715,1e-06,-1.183695343179428,5.329290363812526,4.151375910985491,-0.2851332590833557,0,0.7831560373306274
2024-05-22 00:00:00+00:00,6.0,2.130000114440918,4.319198172670342,0.999,17.753549295719214,1e-06,-1.010093276329978,5.329290477828282,4.21478234826625,-0.239654908098749,0,0.7877674102783203
2024-05-23 00:00:00+00:00,5.139999866485596,1.850000023841858,3.680148573731332,0.999,22.420443261242443,1e-06,-1.6491387141435094,5.329290142648857,4.73616777668598,-0.3482010756167626,0,0.7901725172996521
2024-05-24 00:00:00+00:00,5.210000038146973,1.950000047683716,3.671237846906432,0.999,19.45515875306937,1e-06,-1.658052235075363,5.32929013627388,4.412029204419945,-0.3758026427872091,0,0.7955469489097595
2024-05-27 00:00:00+00:00,5.5,1.919999957084656,3.984911144153712,0.999,20.30595557788909,1e-06,-1.3443807091125644,5.329290316711624,4.507416058618731,-0.2982597327668352,0,0.7997709512710571
2024-05-28 00:00:00+00:00,5.5,1.9600000381469729,3.953346728317742,0.999,19.551372601187303,1e-06,-1.3759434003175066,5.329290296945283,4.422919572947454,-0.3110939228317397,0,0.8024057149887085
2024-05-29 00:00:00+00:00,5.75,1.899999976158142,4.250693305037148,0.999,20.4581461823525,1e-06,-1.0785986085207604,5.329290466860064,4.524267026817507,-0.2384029506055649,0,0.8039297461509705
2024-05-31 00:00:00+00:00,5.260000228881836,1.899999976158142,3.760693533918984,0.999,24.04703553429141,1e-06,-1.5685946509372866,5.3292902269908256,4.904883533986447,-0.319802629373018,0,0.8042811155319214
2024-06-03 00:00:00+00:00,5.400000095367432,1.7999999523162842,3.9796042988908553,0.999,24.45199068512221,1e-06,-1.3496869213486389,5.329290331402483,4.945992178805486,-0.2728849687899433,0,0.8069985508918762
2024-06-04 00:00:00+00:00,5.599999904632568,1.7999999523162842,4.179604108155992,0.999,23.204247742384812,1e-06,-1.1496871799101405,5.329290431975927,4.81820471649291,-0.2386131863543935,0,0.807214081287384
2024-06-05 00:00:00+00:00,5.599999904632568,1.7599999904632568,4.211168429922862,0.999,23.11224135845872,1e-06,-1.1181221491124111,5.329290447437364,4.808647554780899,-0.2325232066552145,0,0.8064711689949036
2024-06-06 00:00:00+00:00,5.599999904632568,1.6799999475479126,4.274297167525703,0.999,23.460189366788946,1e-06,-1.054993575290419,5.329290478495083,4.844691973121984,-0.2177627764868128,0,0.8045749664306641
2024-06-07 00:00:00+00:00,5.800000190734863,1.649999976158142,4.497970694953152,0.999,23.66585320631461,1e-06,-0.8313208347468719,5.329290589032864,4.865871469115988,-0.1708472654946438,0,0.801900327205658
2024-06-10 00:00:00+00:00,5.599999904632568,1.649999976158142,4.297970408850857,0.999,24.30405530343223,1e-06,-1.0313192567541074,5.329290491923882,4.931014931135639,-0.2091494897413723,0,0.800122857093811
2024-06-11 00:00:00+00:00,5.599999904632568,1.7999999523162842,4.179604108155992,0.999,23.705625282015703,1e-06,-1.1496858209048166,5.329290432727906,4.869956799566853,-0.2360772114050524,0,0.7994876503944397
2024-06-12 00:00:00+00:00,5.159999847412109,1.7100000381469729,3.810623774910992,0.999,23.948436464445653,1e-06,-1.518664930638657,5.329290251067746,4.89482291937889,-0.310259422179743,0,0.7994492053985596
2024-06-13 00:00:00+00:00,5.099999904632568,1.75,3.719059510364581,0.999,22.471454877750404,1e-06,-1.6102302777797657,5.32929020237495,4.741551520899207,-0.3395998695115718,0,0.8017133474349976
2024-06-14 00:00:00+00:00,5.099999904632568,1.7000000476837158,3.758514912573169,0.999,22.53942928115397,1e-06,-1.5707754774436695,5.3292902221136496,4.748714165828542,-0.3307791167442492,0,0.8063672780990601
2024-06-17 00:00:00+00:00,5.110000133514404,1.7799999713897705,3.705386497921263,0.999,22.55590826717159,1e-06,-1.6239034531793932,5.329290193602685,4.750449054010846,-0.3418420942349265,0,0.8103379011154175
2024-06-18 00:00:00+00:00,5.110000133514404,1.690000057220459,3.776406221896723,0.999,22.626209922536944,1e-06,-1.5528843144696078,5.329290229664667,4.757842879931354,-0.3263841101226136,0,0.8143763542175293
2024-06-19 00:00:00+00:00,5.110000133514404,1.7100000381469729,3.7606240610132873,0.999,22.566158215522925,1e-06,-1.568666082801773,5.329290220631788,4.751527981932957,-0.3301392917744385,0,0.8185248970985413
2024-06-20 00:00:00+00:00,5.110000133514404,1.7200000286102295,3.7527329805715697,0.999,22.528607851513115,1e-06,-1.57655719313231,5.329290215693776,4.747575044069867,-0.3320763081147219,0,0.8217084407806396
2024-06-21 00:00:00+00:00,5.110000133514404,1.7899999618530271,3.697495417479546,0.999,22.583036667088173,1e-06,-1.6317945170496,5.32929018610584,4.753303968256738,-0.3432968999977623,0,0.8243449926376343
2024-06-24 00:00:00+00:00,5.110000133514404,1.7300000190734863,3.744841900129852,0.999,22.631746213452843,1e-06,-1.584448511724876,5.329290209863991,4.758425071492139,-0.3329775057754618,0,0.8268900513648987
2024-06-25 00:00:00+00:00,5.099999904632568,1.820000052452088,3.663821853203457,0.999,22.680620499965,1e-06,-1.665467949616031,5.32929016702276,4.763557960969111,-0.3496268888218174,0,0.8289927244186401
2024-06-26 00:00:00+00:00,5.099999904632568,1.850000023841858,3.640148611878304,0.999,21.80522901979993,1e-06,-1.689141425268722,5.329290153352365,4.670770168539543,-0.3616408781245777,0,0.831013560295105
2024-06-27 00:00:00+00:00,5.099999904632568,2.0,3.5217823111834394,0.999,22.291678997178916,1e-06,-1.8075072402452728,5.329290089990554,4.722557034563376,-0.3827391023584294,0,0.8333540558815002
2024-06-28 00:00:00+00:00,5.0,1.8899999856948853,3.5085843854788648,0.999,22.21379503033585,1e-06,-1.820705629011656,5.329290082042399,4.714303975970661,-0.3862087888884548,0,0.834280788898468
2024-07-01 00:00:00+00:00,5.0,1.870000004768372,3.5243665463623,0.999,22.19869624432954,1e-06,-1.80492360597289,5.329290089442932,4.712702429799684,-0.3829912100029641,0,0.836919903755188
2024-07-02 00:00:00+00:00,5.0,1.7899999618530271,3.5874952839651417,0.999,21.967576417160227,1e-06,-1.741795117482371,5.32929012229375,4.688117464895517,-0.3715340177640344,0,0.840728223323822
2024-07-03 00:00:00+00:00,5.0,1.7599999904632568,3.6111685252902954,0.999,22.090310684261848,1e-06,-1.7181217079690634,5.329290133978156,4.701189278444002,-0.36546533360123,0,0.8449293375015259
2024-07-04 00:00:00+00:00,5.0,1.809999942779541,3.5717131230817056,0.999,22.13257179823333,1e-06,-1.7575768029715866,5.329290112082514,4.705681963937121,-0.3735009752977586,0,0.8491190671920776
2024-07-05 00:00:00+00:00,5.0,1.8799999952316284,3.516475465920583,0.999,22.188710680181483,1e-06,-1.8128143590619916,5.329290081847,4.711643304375494,-0.3847520370182758,0,0.8528097867965698
2024-07-08 00:00:00+00:00,5.980000019073486,1.8799999952316284,4.496475484994069,0.999,31.06283677649445,1e-06,-0.8328181165960414,5.32929045255182,5.574379761384578,-0.1494010369306421,0,0.8574314117431641
2024-07-09 00:00:00+00:00,5.980000019073486,1.8799999952316284,4.496475484994069,0.999,21.923933649166397,1e-06,-0.8328149633279566,5.3292904521062985,4.683461070259239,-0.1778204090595459,0,0.8587203621864319
2024-07-10 00:00:00+00:00,5.599999904632568,1.8899999856948853,4.108584290111433,0.999,23.956771680613564,1e-06,-1.2207043483584157,5.329290261062242,4.895676319786983,-0.2493433529142159,0,0.8593321442604065
2024-07-11 00:00:00+00:00,5.510000228881836,1.899999976158142,4.010693533918984,0.999,22.20307293837655,1e-06,-1.3185962281914054,5.329290208499891,4.713167606380979,-0.2797685841696374,0,0.8608871102333069
2024-07-12 00:00:00+00:00,5.510000228881836,1.850000023841858,4.050148936127572,0.999,22.2225739395926,1e-06,-1.2791414641903898,5.329290228708611,4.715236037257233,-0.271278352575207,0,0.8622046709060669
2024-07-15 00:00:00+00:00,5.5,1.870000004768372,4.0243665463623,0.999,21.936551749766576,1e-06,-1.3049235444572769,5.329290214180404,4.68480839493033,-0.278543631767182,0,0.8621697425842285
2024-07-16 00:00:00+00:00,5.519999980926514,1.8799999952316284,4.0364754468470965,0.999,22.365070356772076,1e-06,-1.292814821329218,5.329290219869931,4.730322325615853,-0.2733037481036565,0,0.8616068959236145
2024-07-17 00:00:00+00:00,5.519999980926514,1.820000052452088,4.083821929497402,0.999,21.26966542764008,1e-06,-1.2454685323974806,5.329290245373935,4.613084150007757,-0.2699860856419422,0,0.8604368567466736
2024-07-18 00:00:00+00:00,5.519999980926514,1.7999999523162842,4.099604184449937,0.999,20.969630156013203,1e-06,-1.2296861384137132,5.329290253540235,4.58044878842794,-0.2684641167739712,0,0.8593199849128723
2024-07-19 00:00:00+00:00,5.519999980926514,1.809999942779541,4.091713104008219,0.999,21.28889956110609,1e-06,-1.2375771016426886,5.329290248493006,4.615168632726888,-0.268154253967414,0,0.8571599721908569
2024-07-22 00:00:00+00:00,5.519999980926514,1.820000052452088,4.083821929497402,0.999,20.554078524783318,1e-06,-1.245468269349741,5.329290243260252,4.53486068938792,-0.2746431157773547,0,0.8545032739639282
2024-07-23 00:00:00+00:00,5.199999809265137,1.919999957084656,3.684910953418848,0.999,22.39790796822412,1e-06,-1.6443772927667708,5.329290032749354,4.733792550972208,-0.3473699523290379,0,0.8525583148002625
2024-07-24 00:00:00+00:00,5.199999809265137,2.0,3.621782215816008,0.999,20.766727834723596,1e-06,-1.707507468263702,5.329289995993438,4.558246678503634,-0.3745974249959278,0,0.8516088128089905
2024-07-25 00:00:00+00:00,5.199999809265137,1.9800000190734863,3.637564376699443,0.999,20.768400969031333,1e-06,-1.691725695047786,5.329290003979829,4.558430312771108,-0.3711202275722345,0,0.8500340580940247
2024-07-26 00:00:00+00:00,5.199999809265137,2.0299999713897705,3.5981089744908545,0.999,20.78401664283962,1e-06,-1.731180808183291,5.329289980646767,4.560142935280926,-0.3796330143052066,0,0.8484824895858765
2024-07-29 00:00:00+00:00,5.199999809265137,1.950000047683716,3.661237618024596,0.999,20.754345743489303,1e-06,-1.668052693316763,5.329290015515745,4.5568885975887845,-0.3660507948777572,0,0.8475070595741272
2024-07-30 00:00:00+00:00,5.25,1.9900000095367432,3.6796734869925887,0.999,20.729649582351296,1e-06,-1.6496166189470507,5.329290025050913,4.554178139872138,-0.3622204859543252,0,0.8463889360427856
2024-07-31 00:00:00+00:00,5.21999979019165,1.9900000095367432,3.649673277184239,0.999,20.74148218364716,1e-06,-1.6796165772877698,5.329290007062064,4.555477157332559,-0.3687026669828068,0,0.8444429636001587
2024-08-01 00:00:00+00:00,5.21999979019165,1.850000023841858,3.7601484974373856,0.999,20.88414507167093,1e-06,-1.569142091986417,5.329290068481219,4.571108839111131,-0.343273841690355,0,0.8424717783927917
2024-08-02 00:00:00+00:00,5.300000190734863,1.8600000143051147,3.832257817538881,0.999,20.11684618668744,1e-06,-1.497032642939015,5.329290109826537,4.486394781334666,-0.3336827711121891,0,0.8406530618667603
2024-08-05 00:00:00+00:00,5.150000095367432,1.7999999523162842,3.7296042988908553,0.999,20.55772047519239,1e-06,-1.5996852445768677,5.329290050086069,4.53526332449377,-0.3527215797895099,0,0.8385921120643616
2024-08-06 00:00:00+00:00,5.150000095367432,1.870000004768372,3.674366641729732,0.999,20.432090360821213,1e-06,-1.6549230973743776,5.32929001728069,4.521391855183158,-0.36602071892469,0,0.8391844630241394
2024-08-07 00:00:00+00:00,5.150000095367432,1.8600000143051147,3.6822577221714496,0.999,20.33624513768272,1e-06,-1.6470323293892672,5.329290020897153,4.5107804297004295,-0.3651324543630358,0,0.8399497866630554
2024-08-08 00:00:00+00:00,5.150000095367432,1.909999966621399,3.642802319962861,0.999,20.2329269614862,1e-06,-1.686487473829341,5.329289996936296,4.499313604180296,-0.3748321682361575,0,0.8418425917625427
2024-08-09 00:00:00+00:00,5.5,1.919999957084656,3.984911144153712,0.999,21.357165836363283,1e-06,-1.3443806347361158,5.32929018495674,4.622560197949249,-0.2908303141909404,0,0.8451327681541443
2024-08-12 00:00:00+00:00,5.599999904632568,1.919999957084656,4.08491104878628,0.999,19.90359943705432,1e-06,-1.244379690314391,5.329290243430916,4.462566233044209,-0.2788484529596591,0,0.8486265540122986
2024-08-13 00:00:00+00:00,5.449999809265137,1.870000004768372,3.9743663556274367,0.999,20.096157935066348,1e-06,-1.3549232659127024,5.329290177802986,4.484089303561808,-0.3021624178707721,0,0.8506549000740051
2024-08-14 00:00:00+00:00,5.5,1.8799999952316284,4.016475465920583,0.999,20.0963319143809,1e-06,-1.3128149385988968,5.3292902017301165,4.484108814650358,-0.2927705354316344,0,0.8522621393203735
2024-08-15 00:00:00+00:00,5.289999961853027,1.940000057220459,3.759128851054205,0.999,20.79781567143481,1e-06,-1.5701599602498928,5.329290054976672,4.56165722284051,-0.3442082303746983,0,0.8536925911903381
2024-08-16 00:00:00+00:00,5.289999961853027,2.180000066757202,3.569742732314781,0.999,19.11715893397109,1e-06,-1.7595462059154825,5.329289937100008,4.373563864992683,-0.402314053305456,0,0.8553103804588318
2024-08-19 00:00:00+00:00,5.550000190734863,1.9900000095367432,3.979673677727452,0.999,21.654744008545517,1e-06,-1.3496183667097648,5.329290159554093,4.654637145451133,-0.2899513591577627,0,0.8580232858657837
2024-08-20 00:00:00+00:00,7.599999904632568,2.0999999046325684,5.942871506766262,0.999,38.43507785426522,1e-06,0.6135756404568562,5.329290762014176,6.200482384603537,0.0989561137985699,0,0.8589193224906921
2024-08-21 00:00:00+00:00,7.480000019073486,2.289999961853028,5.672940904676345,0.999,16.673044511761603,1e-06,0.3436519485580084,5.329290571352305,4.084599057293998,0.0841335817145475,0,0.8520921468734741
2024-08-22 00:00:00+00:00,7.480000019073486,2.25,5.704505226443216,0.999,9.738929733737898,1e-06,0.3752142888065712,5.329290610026718,3.1224726868751222,0.1201657552950686,0,0.8456957340240479
2024-08-23 00:00:00+00:00,6.110000133514404,2.259999990463257,4.326614260442416,0.999,17.9976012572185,1e-06,-1.0026677921735778,5.329289706414047,4.243643270155538,-0.2362752305843153,0,0.8392181396484375
2024-08-26 00:00:00+00:00,6.110000133514404,2.119999885559082,4.437089574764663,-0.999,1e-06,0.1230038156482446,0.7548742944551907,3.6833534944359543,0.0897870329709505,8.407386562148908,-1,0.8348435163497925
2024-08-27 00:00:00+00:00,6.150000095367432,2.0899999141693115,4.500762777942843,0.999,1.37326921765352,1e-06,0.8174002537794475,3.6833579161372345,1.1753743143159678,0.6954382479041578,-1,0.8247554302215576
2024-08-28 00:00:00+00:00,6.010000228881836,2.140000104904175,4.321307321110461,0.999,1.7895424264906783,1e-06,0.6379602984421318,3.6833570036223455,1.340812814000827,0.475801164622326,-1,0.8131157755851746
2024-08-29 00:00:00+00:00,6.010000228881836,2.130000114440918,4.329198401552178,0.999,0.317731189319157,1e-06,0.6458384735766991,3.683357248452813,0.5709367164254396,1.1311909971742746,-1,0.8019171953201294
2024-08-30 00:00:00+00:00,6.0,2.119999885559082,4.3270894412502585,0.999,1.4416528938338098,1e-06,0.6437323033449565,3.68335723919452,1.20411439141681,0.5346105884404511,-1,0.7910003662109375
2024-09-02 00:00:00+00:00,6.0,2.109999895095825,4.334980521691977,0.999,0.6443194609254543,1e-06,0.6516218372803456,3.683357360215642,0.8078112554496426,0.8066510993556792,-1,0.77763831615448
2024-09-03 00:00:00+00:00,6.0,2.0799999237060547,4.358653763017129,0.999,0.8582794913105461,1e-06,0.6752933101452833,3.6833576192380617,0.9308705921298674,0.7254427369976169,-1,0.7611702084541321
2024-09-04 00:00:00+00:00,6.389999866485596,2.0,4.811782273036467,0.999,2.396476380164787,1e-06,1.128403988018479,3.683359350192666,1.55071530493329,0.7276667641240709,-1,0.7462562918663025
2024-09-05 00:00:00+00:00,6.389999866485596,1.9299999475479128,4.867019930197589,0.999,0.1192949644255209,0.0032118708967723,1.1821349990531909,3.6848389800888977,0.3614672725172744,3.270379060380071,-1,0.7337538599967957
2024-09-06 00:00:00+00:00,6.75,1.9299999475479128,5.2270200637119935,0.999,0.8471308411432016,1e-06,1.5421321043489298,3.684845328092187,0.9265531717319624,1.6643751825556805,-1,0.7194412350654602
2024-09-09 00:00:00+00:00,6.75,1.9299999475479128,5.2270200637119935,-0.999,1e-06,0.1236391724001453,-1.1279068955995606,6.353101484761069,0.0912297884317725,-12.363361956528935,0,0.7057509422302246
2024-09-10 00:00:00+00:00,6.75,1.850000023841858,5.290148707245736,-0.999,1e-06,0.1236434381714219,0.8952301775257706,4.396312862999025,0.0809396465581537,11.06046561350577,-1,0.6849348545074463
2024-09-11 00:00:00+00:00,6.75,1.899999976158142,5.250693305037148,-0.999,1e-06,0.1235373814247381,-0.741817616901791,5.991344106295612,0.0734785720642542,-10.095699957983664,0,0.6665725708007812
2024-09-12 00:00:00+00:00,6.75,1.870000004768372,5.2743665463623,-0.999,1e-06,0.1234191703681872,0.6328709594169167,4.642500059968334,0.0677486344811232,9.341457053178736,-1,0.6460205912590027
2024-09-13 00:00:00+00:00,6.75,1.850000023841858,5.290148707245736,-0.999,1e-06,0.12340435953503,-0.5496474712027128,5.838894295800349,0.063172534507458,-8.700734828643334,0,0.6277645826339722
2024-09-16 00:00:00+00:00,6.75,2.0,5.171782406550872,0.999,0.1488179474052225,1e-06,-0.66695472084215,5.838816321435416,0.3911463611300048,-1.705128277086221,1,0.6124102473258972
2024-09-17 00:00:00+00:00,6.670000076293945,2.0,5.091782482844817,-0.999,1e-06,0.123554763190745,0.5830953361313449,4.509696302912663,0.0607118154900601,9.60431394489942,0,0.5976227521896362
2024-09-18 00:00:00+00:00,6.670000076293945,2.0199999809265137,5.076000321961381,-0.999,1e-06,0.1235889512142921,-0.5215098560866663,5.596680655768116,0.0573503601397649,-9.093401590081168,1,0.5820867419242859
2024-09-19 00:00:00+00:00,6.070000171661377,1.950000047683716,4.531237980420837,-0.999,1e-06,0.119821124328719,0.4427991796408105,4.089630352431289,0.054406587429562,8.138705266418045,0,0.5643669962882996
2024-09-20 00:00:00+00:00,6.010000228881836,1.899999976158142,4.510693533918984,-0.999,1e-06,0.1201592746538086,-0.4037773261561322,4.913817570802527,0.0518777431382879,-7.783247723012993,1,0.5538038611412048
2024-09-23 00:00:00+00:00,6.010000228881836,1.8899999856948853,4.518584614360701,-0.999,1e-06,0.1130147442963681,0.3687802958598564,4.150448624913072,0.0495413996540721,7.443881247500113,0,0.5520480275154114
2024-09-24 00:00:00+00:00,6.050000190734863,1.8600000143051147,4.582257817538881,0.999,0.6348083746721858,1e-06,0.4317893213251303,4.150458512473626,0.7984071132470277,0.5408134699214966,0,0.5548218488693237
2024-09-25 00:00:00+00:00,6.050000190734863,1.899999976158142,4.550693495772011,-0.999,1e-06,0.1063373966839965,-0.3944180974519521,4.944399066136547,0.0491117993903805,-8.031025178222365,1,0.5562489628791809
2024-09-26 00:00:00+00:00,6.050000190734863,1.870000004768372,4.574366737097163,0.999,6.49763460891733,1e-06,-0.3700330633410971,4.944399431217614,2.5495563539495505,-0.1451362558697218,1,0.5593284964561462
2024-09-27 00:00:00+00:00,6.050000190734863,1.820000052452088,4.613822139305752,-0.999,1e-06,0.0945336187106022,0.3355705497371989,4.278920163602176,0.0484924917656068,6.92005169293448,0,0.5611659288406372
2024-09-30 00:00:00+00:00,6.590000152587891,1.9700000286102293,5.0354558004639145,-0.3416072341620243,0.0014825943039117,0.0863861652711851,-0.0904844795849355,5.1249962951880255,0.0562900612866609,-1.60746813054861,1,0.5617645978927612
2024-10-01 00:00:00+00:00,6.590000152587891,1.909999966621399,5.08280237718332,0.999,3.9718630491997473,1e-06,-0.0421963425659671,5.124997506272418,1.9934252841469808,-0.0211677572776567,1,0.5594475865364075
2024-10-02 00:00:00+00:00,6.900000095367432,1.870000004768372,5.424366641729732,0.999,5.005674948313929,1e-06,0.2993621230835847,5.124997696197911,2.237757195949339,0.1337777501622933,0,0.5583556294441223
2024-10-03 00:00:00+00:00,6.900000095367432,1.870000004768372,5.424366641729732,0.999,3.9685082093256008,1e-06,0.2993689376021953,5.12499769641257,1.992584133350891,0.1502415544676411,0,0.5543568730354309
2024-10-04 00:00:00+00:00,6.599999904632568,1.8899999856948853,5.108584290111433,0.999,4.865337080874721,1e-06,-0.0164067417943468,5.124997515936585,2.206178007441714,-0.0074367262020584,0,0.5525959730148315
2024-10-07 00:00:00+00:00,6.599999904632568,1.820000052452088,5.163821853203457,0.999,4.155795229757512,1e-06,0.0388229717203787,5.124997552928576,2.039039123957641,0.019039836589808,0,0.5464277267456055
2024-10-08 00:00:00+00:00,6.599999904632568,1.809999942779541,5.171713027714274,0.999,2.986719224478166,1e-06,0.046715201854242,5.124997560324766,1.7287583818318053,0.0270224007849739,0,0.5458256602287292
2024-10-09 00:00:00+00:00,6.0,1.7999999523162842,4.579604203523424,0.6241136940966685,0.0190136112119489,0.0686705863530457,-0.0923975268315237,4.672654066933623,0.186600707720984,-0.495161717016003,0,0.5374651551246643
2024-10-10 00:00:00+00:00,6.0,1.7300000190734863,4.634841766615447,0.999,6.356082460808485,1e-06,-0.0378139764830757,4.672654885792039,2.5242914335763724,-0.0149800359736995,0,0.5275725722312927
2024-10-11 00:00:00+00:00,6.0,1.7000000476837158,4.658515007940601,0.999,6.297868891440813,1e-06,-0.0141403164437285,4.672654949090219,2.5127345014285645,-0.0056274614113386,0,0.5281558036804199
2024-10-14 00:00:00+00:00,6.0,1.75,4.619059605732012,0.999,6.351200544132373,1e-06,-0.0535946171238659,4.6726548442804265,2.523324657536969,-0.0212396835119028,0,0.5243791937828064
2024-10-15 00:00:00+00:00,6.0,1.7100000381469729,4.6506239274988825,0.999,6.229765658345424,1e-06,-0.0220315078751132,4.6726549295910855,2.499146542614173,-0.0088156126499359,0,0.526009738445282
2024-10-16 00:00:00+00:00,6.0,1.7000000476837158,4.658515007940601,0.999,6.624107855160171,1e-06,-0.014140060487548,4.67265494963002,2.576834616027953,-0.0054873760231241,0,0.5238972306251526
2024-10-17 00:00:00+00:00,6.0,1.7100000381469729,4.6506239274988825,0.999,6.586439721293727,1e-06,-0.022030881868185,4.672654929384271,2.569515422105636,-0.0085739442070098,0,0.5235143899917603
2024-10-18 00:00:00+00:00,6.0,1.7300000190734863,4.634841766615447,0.999,3.510749048807404,1e-06,-0.0378126366859574,4.6726548534448815,1.877956290783292,-0.0201349929556592,0,0.5194435119628906
2024-10-21 00:00:00+00:00,6.0,1.7000000476837158,4.658515007940601,0.999,3.3236433573311723,1e-06,-0.0141406765449984,4.672654973411994,1.8274613917443423,-0.0077378797762183,0,0.5193495750427246
2024-10-22 00:00:00+00:00,6.0,1.6799999475479126,4.674297262893135,0.999,4.21124220309714,1e-06,0.0016418518784582,4.672655036586594,2.0560192082912376,0.000798558628167,0,0.5188809633255005
2024-10-23 00:00:00+00:00,6.0,1.649999976158142,4.697970504218288,0.999,3.56441924873247,1e-06,0.0253146913911077,4.672655148653798,1.892192651354952,0.0133784957747196,0,0.519959032535553
2024-10-24 00:00:00+00:00,6.0,1.7000000476837158,4.658515007940601,0.999,2.049247777272024,1e-06,-0.0141378921593173,4.672654824008505,1.4370882211848646,-0.009837873521544,0,0.5190520882606506
2024-10-25 00:00:00+00:00,6.0,1.6799999475479126,4.674297262893135,0.999,2.841271730836174,1e-06,0.0016417903886929,4.672654917644491,1.6903394661283773,0.0009712785044612,0,0.5205593109130859
2024-10-28 00:00:00+00:00,6.0,1.6399999856948853,4.705861584660006,0.999,2.594409993697108,1e-06,0.0332052450757285,4.672655122965648,1.6156691409612358,0.0205520079785476,0,0.5199456214904785
2024-10-29 00:00:00+00:00,6.0,1.5,4.816336804913153,0.999,2.976606104292568,1e-06,0.143677343042161,4.672655749515934,1.7299086346440316,0.0830548736302052,0,0.5202372670173645
2024-10-30 00:00:00+00:00,6.0,1.5199999809265137,4.8005546440297175,0.999,2.9502895620051337,1e-06,0.1278995138570244,4.672655660076852,1.722285789813018,0.0742614928448721,0,0.5197152495384216
2024-10-31 00:00:00+00:00,5.599999904632568,1.5299999713897705,4.392663468220569,0.999,3.6841369653504334,1e-06,-0.2799792562423789,4.672653791955419,1.9235687525957383,-0.1455519881286094,0,0.5205013751983643
2024-11-01 00:00:00+00:00,5.5,1.4800000190734863,4.332118965796589,0.999,2.362429603120713,1e-06,-0.3405318166006467,4.672653357304794,1.5422095777102935,-0.2208077433329338,0,0.5187210440635681
2024-11-04 00:00:00+00:00,5.5,1.5,4.316336804913153,0.999,2.299726787018148,1e-06,-0.3563157329113097,4.6726532389451245,1.5217452366281377,-0.2341493992127284,0,0.5184214115142822
2024-11-05 00:00:00+00:00,5.5,1.4700000286102295,4.340010046238307,0.999,2.323907141665529,1e-06,-0.3326443653111308,4.672653408316156,1.5296698728109912,-0.2174615393972873,0,0.5192150473594666
2024-11-06 00:00:00+00:00,6.0,1.5099999904632568,4.808445724471436,0.999,3.812108905686202,1e-06,0.1357779643195805,4.672655481400342,1.956551222426395,0.0693965804540486,0,0.520858108997345
2024-11-07 00:00:00+00:00,6.0,1.4600000381469729,4.847901126680024,0.999,1.2867486407646511,1e-06,0.1752420483865509,4.672656000980779,1.141373476978393,0.1535361140951661,0,0.520184338092804
2024-11-08 00:00:00+00:00,6.0,1.409999966621399,4.887356622957712,-0.999,1e-06,0.0880865240634585,-0.0933376301557929,4.980437426595821,0.0963431805771987,-0.968803703558473,0,0.5191125869750977
2024-11-11 00:00:00+00:00,6.0,1.409999966621399,4.887356622957712,-0.999,1e-06,0.0862288690354381,0.065296581727169,4.8222109937823605,0.0805445534495553,0.810688978095384,0,0.5202062129974365
2024-11-12 00:00:00+00:00,6.0,1.350000023841858,4.934703105608018,-0.999,1e-06,0.0858893984258421,-0.0446896670203013,4.979234020309388,0.0705683785237819,-0.6332817609694782,0,0.5209528803825378
2024-11-13 00:00:00+00:00,6.0,1.350000023841858,4.934703105608018,-0.999,1e-06,0.0855981024745253,0.0362612981631321,4.898526215563707,0.063538792682597,0.5706954229406361,0,0.5217446088790894
2024-11-14 00:00:00+00:00,6.190000057220459,1.309999942779541,5.156267578664448,-0.999,1e-06,0.0855134703199767,-0.0129750207875862,5.168953846093618,0.0582518875438453,-0.2227399202784658,0,0.522744357585907
2024-11-18 00:00:00+00:00,5.800000190734863,1.2999999523162842,4.774158792620569,-0.999,1e-06,0.0854615410948086,-0.0148592336582276,4.789429128159389,0.054090250196257,-0.2747118677453618,0,0.5238339900970459
2024-11-19 00:00:00+00:00,5.800000190734863,1.25,4.8136141948291575,-0.999,1e-06,0.0856555256656656,0.0154032771173485,4.79820133913278,0.0507126659953764,0.3037362918122454,0,0.5246307253837585
2024-11-21 00:00:00+00:00,5.800000190734863,1.2200000286102295,4.837287436154311,-0.999,1e-06,0.0849765310768663,-0.0124600709968799,4.849690422304294,0.0478745808880578,-0.2602648580050147,0,0.5251046419143677
2024-11-22 00:00:00+00:00,5.800000190734863,1.25,4.8136141948291575,-0.999,1e-06,0.0847735405211899,0.010090859329144,4.803574897534286,0.0454576861009873,0.2219835674593413,0,0.5249240398406982
2024-11-25 00:00:00+00:00,5.800000190734863,1.2999999523162842,4.774158792620569,-0.999,1e-06,0.0847656643925389,-0.0109356589615476,4.785115197543163,0.0433713939435769,-0.2521399006860186,0,0.5247489809989929
2024-11-26 00:00:00+00:00,6.0,1.3300000429153442,4.950485266491453,-0.999,1e-06,0.084509552322718,0.0172078582446191,4.933109907128952,0.0415417564888004,0.4142303960897348,0,0.5255635976791382
2024-11-27 00:00:00+00:00,6.0,1.2899999618530271,4.982049682327424,-0.999,1e-06,0.0846753141858685,-0.0147103978012135,4.996688004874134,0.0399275100637879,-0.368427627410581,0,0.5252658724784851
2024-11-28 00:00:00+00:00,6.0,1.2599999904632568,5.005722923652577,-0.999,1e-06,0.0842276397153559,0.014497461498447,4.991231697855064,0.0384799244918685,0.3767538967367409,0,0.5232189893722534
2024-11-29 00:00:00+00:00,6.0,1.2599999904632568,5.005722923652577,-0.999,1e-06,0.083168879837837,-0.0135246712663848,5.0192151376306375,0.0371631069103246,-0.3639273567471144,0,0.5227639675140381
2024-12-02 00:00:00+00:00,6.0,1.2799999713897705,4.989940762769141,-0.999,1e-06,0.0822088655775358,0.012170926395523,4.977818505286427,0.0359594051182395,0.3384629516395867,0,0.5223124623298645
2024-12-03 00:00:00+00:00,6.0,1.2599999904632568,5.005722923652577,-0.999,1e-06,0.0821883629786516,-0.0109788473511499,5.016656005374911,0.0348649719176393,-0.31489620519658,0,0.5216737389564514
2024-12-04 00:00:00+00:00,6.019999980926514,1.2300000190734863,5.049396145904243,-0.999,1e-06,0.0821893476964377,0.0115727637730731,5.037798423050503,0.0338645144251732,0.3417371832879582,0,0.5213803052902222
2024-12-05 00:00:00+00:00,6.400000095367432,1.2300000190734863,5.429396260345161,-0.999,1e-06,0.0828628029313521,-0.001042310194272,5.429978507301316,0.0329523915112608,-0.0316307905578226,0,0.5216390490531921
2024-12-06 00:00:00+00:00,6.0,1.2799999713897705,4.989940762769141,0.999,3.106783560113098,1e-06,-0.4400095764129496,5.429964468524701,1.762970242257062,-0.2495842333955804,0,0.52193683385849
2024-12-09 00:00:00+00:00,5.849999904632568,1.409999966621399,4.73735652759028,-0.999,1e-06,0.0850176192661913,0.4086227344123511,4.329992666451327,0.0348247094707383,11.733701174325608,-1,0.5198231339454651
2024-12-10 00:00:00+00:00,5.900000095367432,1.5299999713897705,4.692663658955432,-0.999,1e-06,0.0854065747983148,-0.3876021409526365,5.079413416096844,0.033862682758423,-11.446291592364284,0,0.5164211392402649
2024-12-11 00:00:00+00:00,6.150000095367432,1.590000033378601,4.895317082236026,-0.999,1e-06,0.0854871946143318,0.3727427105008668,4.523207364332727,0.032976933110992,11.303134504543191,-1,0.5147958397865295
2024-12-12 00:00:00+00:00,5.849999904632568,1.5800000429153442,4.603207971942881,0.999,0.9539620334434196,1e-06,0.0800617189368044,4.523176894456761,0.9773659974102548,0.0819158013977829,-1,0.5144153237342834
2024-12-13 00:00:00+00:00,5.849999904632568,1.5099999904632568,4.658445629104004,0.999,0.5575312295495285,1e-06,0.1352586044491816,4.523177111815787,0.747538963264781,0.1809385344390036,-1,0.5140964984893799
2024-12-16 00:00:00+00:00,5.849999904632568,1.3799999952316284,4.761029768915433,0.999,0.4778495381570749,1e-06,0.2378306986175443,4.523177581072461,0.6921949198605305,0.3435891997957231,-1,0.51454097032547
2024-12-17 00:00:00+00:00,5.849999904632568,1.2300000190734863,4.879396069610298,0.999,0.5176518735483435,1e-06,0.3561950808581646,4.523178081537172,0.7203729201881292,0.4944592875106166,-1,0.5166347622871399
2024-12-18 00:00:00+00:00,5.650000095367432,1.3300000429153442,4.600485361858885,0.999,1.647003735150459,1e-06,0.0773245592632045,4.523177711947407,1.2838574763413562,0.0602283046896751,-1,0.5189048051834106
2024-12-19 00:00:00+00:00,5.650000095367432,1.309999942779541,4.61626761681142,0.999,0.9599930721635508,1e-06,0.093088218844289,4.523177748022188,0.9804490563165476,0.0949444728867529,-1,0.5199436545372009
2024-12-20 00:00:00+00:00,5.650000095367432,1.4500000476837158,4.505792302489174,0.999,1.1285161836569224,1e-06,-0.0173754523129321,4.523177534098302,1.0629226054346048,-0.0163468649778388,0,0.5201831459999084
2024-12-23 00:00:00+00:00,5.75,1.340000033378601,4.692594186049736,0.999,1.6032600103842762,1e-06,0.1694047488064255,4.523177789017892,1.2667080542121785,0.1337362214151119,0,0.520280122756958
2024-12-26 00:00:00+00:00,5.75,1.2899999618530271,4.732049682327424,0.999,1.2902880510402304,1e-06,0.2088687546258675,4.523177856264761,1.136476279417835,0.1837862860920084,0,0.5207379460334778
2024-12-27 00:00:00+00:00,5.699999809265137,1.2699999809265137,4.697831652475996,-0.999,1e-06,0.0829357086522046,-0.1978538253359368,4.89524936332739,0.0349263680463925,-5.6648840518753225,1,0.5207059383392334
2024-12-30 00:00:00+00:00,5.699999809265137,1.309999942779541,4.666267330709125,0.999,0.2367611811506027,1e-06,-0.2289556876592606,4.895236238231818,0.4880318767575973,-0.4691408462504624,1,0.5207041501998901
2025-01-02 00:00:00+00:00,5.699999809265137,1.309999942779541,4.666267330709125,-0.999,1e-06,0.0783423666680153,0.2138434086954392,4.452970137741612,0.0363936808304363,5.875838986767186,0,0.5197908878326416
2025-01-03 00:00:00+00:00,5.989999771118164,1.2899999618530271,4.972049453445588,0.999,1.5976254803816912,1e-06,0.5190412834380296,4.452989053427756,1.2645723912391715,0.4104480589912405,0,0.5201895833015442
2025-01-06 00:00:00+00:00,5.989999771118164,1.3300000429153442,4.940485037609617,0.999,1.0822053415883188,1e-06,0.4874989200809865,4.452988983944195,1.0410207504382152,0.4682893399346506,0,0.5198923349380493
2025-01-07 00:00:00+00:00,5.989999771118164,1.340000033378601,4.9325939571679,0.999,1.042501454973107,1e-06,0.4796057007196849,4.452988966761055,1.0217736128195072,0.4693854829508165,0,0.5211174488067627
2025-01-08 00:00:00+00:00,5.989999771118164,1.2999999523162842,4.96415837300387,0.999,1.0581384676019308,1e-06,0.5111663052719339,4.452989040034444,1.0293975561588835,0.4965684076221346,0,0.522209644317627
2025-01-09 00:00:00+00:00,5.989999771118164,1.399999976158142,4.885247474517594,0.999,1.13985689112501,1e-06,0.4322654775273558,4.452988873546191,1.068353290280751,0.4046091133521584,0,0.5240713357925415
2025-01-10 00:00:00+00:00,5.989999771118164,1.3300000429153442,4.940485037609617,0.999,1.1861392137314872,1e-06,0.4874913584297424,4.452988987190082,1.089799098831451,0.4473222256766961,0,0.5254657864570618
2025-01-13 00:00:00+00:00,5.989999771118164,1.2899999618530271,4.972049453445588,0.999,1.1481391905476055,1e-06,0.5190576070539576,4.45298905483167,1.0722234153068229,0.4840946389008174,0,0.5274296998977661
2025-01-14 00:00:00+00:00,5.989999771118164,1.3300000429153442,4.940485037609617,0.999,1.1754979714789666,1e-06,0.4874986871325673,4.45298899082742,1.0849068317007144,0.4493461308270663,0,0.5292841792106628
2025-01-15 00:00:00+00:00,6.0,1.409999966621399,4.887356622957712,-0.999,1e-06,0.0772680388882333,-0.4543688621944389,5.340617560855001,0.0376753846754836,-12.06009881805159,1,0.5303134918212891
2025-01-16 00:00:00+00:00,6.0,1.4600000381469729,4.847901126680024,0.999,1.6536935681621328,1e-06,-0.4927117712664228,5.340615244041811,1.2865868696295495,-0.3829603603900376,1,0.5276723504066467
2025-01-17 00:00:00+00:00,6.0,1.440000057220459,4.863683287563459,0.999,1.6759021358673991,1e-06,-0.4769328915080977,5.3406152670092535,1.2951893114622353,-0.3682341162695767,1,0.5269275307655334
2025-01-20 00:00:00+00:00,5.800000190734863,1.440000057220459,4.6636834782983225,0.999,2.0395511675328453,1e-06,-0.676921713243952,5.340615019983855,1.4286935939193102,-0.4738046815111451,1,0.5295563340187073
2025-01-21 00:00:00+00:00,5.5,1.350000023841858,4.434703105608018,0.999,1.2567641375206398,1e-06,-0.9058931834039068,5.340614560573572,1.1217750897938934,-0.8075533069381572,1,0.5329233407974243
2025-01-22 00:00:00+00:00,5.5,1.3700000047683716,4.418920944724583,0.999,0.7386236162624764,1e-06,-0.9216912977663548,5.340614503694737,0.8603719108357538,-1.0712707913384063,1,0.5394716858863831
2025-01-23 00:00:00+00:00,5.5,1.3300000429153442,4.450485266491453,0.999,0.7318431125957188,1e-06,-0.8901335281281096,5.340614609027792,0.8564229802777198,-1.0393620309434697,1,0.549436092376709
2025-01-24 00:00:00+00:00,5.5,1.4900000095367432,4.324227885354871,0.999,0.7833008891733593,1e-06,-1.0163700875570694,5.340614200487806,0.8859566008893384,-1.147200761907321,1,0.5603764653205872
2025-01-27 00:00:00+00:00,6.0,1.409999966621399,4.887356622957712,0.5470406187939869,0.007930647034949,0.0703346746976033,-0.5460956249287827,5.43332171504601,0.1249587944479495,-4.370205613309223,1,0.5743218064308167
2025-01-28 00:00:00+00:00,6.0,1.399999976158142,4.89524770339943,0.999,1.862240849454185,1e-06,-0.538074810041282,5.433322112058074,1.3675183662189938,-0.393468068387986,1,0.5846720337867737
2025-01-29 00:00:00+00:00,6.0,1.3899999856948853,4.903138783841147,0.999,2.0542694014772054,1e-06,-0.5301837175324283,5.433322143451274,1.436013942899414,-0.369205132132596,1,0.5940706729888916
2025-01-30 00:00:00+00:00,6.0,1.4199999570846558,4.8794655425159945,0.999,2.1007428736094096,1e-06,-0.5538553479284312,5.433322042453753,1.4521055458967391,-0.3814153519993624,1,0.6010854244232178
2025-01-31 00:00:00+00:00,6.199999809265137,1.399999976158142,5.095247512664566,0.999,2.5399347688429765,1e-06,-0.3380837457619865,5.433322785376328,1.5961840158937062,-0.2118074998844621,1,0.6084519028663635
2025-02-03 00:00:00+00:00,6.5,1.340000033378601,5.442594186049736,0.999,0.8056923748209713,1e-06,0.0092245648178241,5.433326561298929,0.9019767228257544,0.0102270541848629,0,0.6146793961524963
2025-02-04 00:00:00+00:00,6.5,1.3700000047683716,5.418920944724583,0.999,1.4099559500241936,1e-06,-0.0144037946004056,5.433326414383942,1.1907252369533536,-0.0120966568553294,0,0.6205971240997314
2025-02-05 00:00:00+00:00,6.5,1.350000023841858,5.434703105608018,0.999,1.1608956591576025,1e-06,0.0013752142608621,5.433326533485637,1.081095415398987,0.0012720563247922,0,0.6270118355751038
2025-02-06 00:00:00+00:00,7.400000095367432,1.4500000476837158,6.255792302489174,0.5548759342290616,0.011570383646212,0.0712016325100927,0.0949743242296756,6.1598448885015085,0.1563787277288015,0.6073353173353866,0,0.6296113729476929
2025-02-07 00:00:00+00:00,7.400000095367432,1.440000057220459,6.263683382930891,0.999,0.5679980685642282,1e-06,0.1038353048187531,6.159846501350217,0.762272831880476,0.1362180317545863,0,0.6306792497634888
2025-02-10 00:00:00+00:00,7.400000095367432,1.409999966621399,6.287356718325143,0.999,1.8206431717401408,1e-06,0.1275087284905374,6.159846683915599,1.3541440174029358,0.0941618667230697,0,0.6311330795288086
2025-02-11 00:00:00+00:00,7.400000095367432,1.4700000286102295,6.2400101416057385,-0.999,1e-06,0.0840390402970374,-0.0877339329197358,6.327591512358872,0.0898571962007743,-0.9763706929348837,0,0.6308216452598572
2025-02-12 00:00:00+00:00,7.400000095367432,1.590000033378601,6.145317082236026,0.999,1e-06,0.0611163128698351,-0.0876647468834852,6.233136154850127,0.089772906799358,-0.9765167466328736,0,0.6316984295845032
2025-02-13 00:00:00+00:00,7.400000095367432,1.5299999713897705,6.192663658955432,-0.999,1e-06,0.0492729761325824,0.0623460719989047,6.130474367878254,0.0698072655001409,0.8931172357521858,0,0.6291232109069824
2025-02-14 00:00:00+00:00,7.400000095367432,1.5499999523162842,6.176881498071996,-0.999,1.119806473797034e-06,0.0490221072389071,-0.0469005092150319,6.223623595967591,0.0590774789970327,-0.7938813573508707,0,0.6289370059967041
2025-02-17 00:00:00+00:00,7.400000095367432,1.559999942779541,6.168990417630279,-0.1245915547026644,1e-06,0.0412554896642946,0.0051994170293866,6.163922938652234,0.0071388237330521,0.7283296553903896,0,0.6261555552482605
2025-02-18 00:00:00+00:00,7.400000095367432,1.5499999523162842,6.176881498071996,-0.999,1e-06,0.0342444623027897,-0.0051419654207063,6.1819710603675,0.0071816370621445,-0.7159879253451054,0,0.6218602657318115
2025-02-19 00:00:00+00:00,7.400000095367432,1.5299999713897705,6.192663658955432,-0.2224375042960391,0.0005289416203188,0.0336284022860621,0.0012942507810089,6.191341675681072,0.0324319916254091,0.0399066081404302,0,0.6146681308746338
2025-02-20 00:00:00+00:00,7.400000095367432,1.5,6.216336900280584,-0.3188515995008069,0.0003112085404107,0.0337582008140549,-2.940669023727353e-05,6.216294073041051,0.0258374514354737,-0.0011381420613683,0,0.6061570644378662
2025-02-21 00:00:00+00:00,7.400000095367432,1.5099999904632568,6.208445819838867,-0.5640310662026613,0.000216768600274,0.0336817259164939,-0.0001026934697718,6.208571006623997,0.0232134788481481,-0.0044238724597722,0,0.5965762734413147
2025-02-24 00:00:00+00:00,6.130000114440918,1.3700000047683716,5.048921059165501,0.0118873689980948,0.0064502384714588,0.0334363061952299,-0.1850522459825066,5.236843882927638,0.1089579096063993,-1.698382858582651,1,0.585355818271637
2025-02-25 00:00:00+00:00,6.130000114440918,1.409999966621399,5.01735673739863,0.999,0.363438650428801,1e-06,-0.2194690376575865,5.236835295464082,0.6074775518378767,-0.3612792554944619,1,0.5730493664741516
2025-02-26 00:00:00+00:00,6.130000114440918,1.3300000429153442,5.080485380932371,0.999,0.4132138636338645,1e-06,-0.1563661204602787,5.236836286727342,0.6471516351353311,-0.241622074288014,1,0.5619295835494995
2025-02-27 00:00:00+00:00,6.130000114440918,1.3899999856948853,5.033138898282065,-0.5581099700550977,1e-06,0.0450978794145869,0.0633833803724793,4.9702523745778615,0.036728538231018,1.7257256461938528,0,0.551760196685791
2025-02-28 00:00:00+00:00,7.079999923706055,1.4600000381469729,5.927901050386079,-0.345757539040481,0.0020278149393416,0.0449760619981603,0.0304396115018887,5.8954874228661645,0.0638359350726289,0.4768413193486746,0,0.5396108627319336
2025-03-05 00:00:00+00:00,7.079999923706055,1.4600000381469729,5.927901050386079,0.999,1.075869486675478,1e-06,0.0324132596338736,5.895487604476673,1.0383192048437888,0.0312170472073182,0,0.5337509512901306
2025-03-06 00:00:00+00:00,7.099999904632568,1.3799999952316284,6.011029768915433,0.193891953598202,0.0015871879916515,0.0475209499444004,0.0089985579261341,6.001815290274689,0.0568090157930494,0.1584001729393645,0,0.5270416140556335
2025-03-07 00:00:00+00:00,7.300000190734863,1.399999976158142,6.195247894134293,0.9882828217253904,0.1778607462784715,1e-06,0.1932071847213846,6.001937071478721,0.4239061115070285,0.4557782477693322,0,0.5212144255638123
2025-03-10 00:00:00+00:00,7.300000190734863,1.3600000143051147,6.226812215901163,0.999,1.728775085592051,1e-06,0.2248732500153924,6.001937123108891,1.315527237543331,0.170937737811746,0,0.5184987783432007
2025-03-11 00:00:00+00:00,7.300000190734863,1.399999976158142,6.195247894134293,0.999,1.7570313396172192,1e-06,0.1933126031859812,6.001937074298678,1.3262236488786037,0.1457616921168898,0,0.5189296007156372
2025-03-12 00:00:00+00:00,7.0,1.3899999856948853,5.903138783841147,0.9620210409068451,0.0593946318064305,1e-06,-0.0980002329338987,6.001616891963412,0.2474530198238966,-0.3960357121672709,0,0.5205770134925842
2025-03-13 00:00:00+00:00,7.0,1.3600000143051147,5.9268120251663,0.999,1.4945970767036438,1e-06,-0.0748064560349325,6.001616936017846,1.2232893474249806,-0.0611518903458121,0,0.5202775597572327
2025-03-14 00:00:00+00:00,6.429999828338623,1.3799999952316284,5.341029692621488,-0.3034083443725086,0.001293622721141,0.0501866606834078,-0.0022422696018759,5.344524657587449,0.051806785570506,-0.0432813882811619,0,0.5201120972633362
2025-03-17 00:00:00+00:00,6.099999904632568,1.3899999856948853,5.003138688473715,-0.999,1e-06,0.0550597192273479,-0.013436489292332,5.017140336625963,0.035538665722792,-0.3780808597919538,0,0.5198180675506592
2025-03-18 00:00:00+00:00,6.0,1.409999966621399,4.887356622957712,-0.0554636674115592,1e-06,0.0546025753593926,0.0005719154727829,4.887016966852606,0.0024048053580348,0.2378219388409522,0,0.5198015570640564
2025-03-19 00:00:00+00:00,6.980000019073486,1.3899999856948853,5.883138802914633,-0.0225853826533353,0.0040772355563704,0.0523355734778831,0.0717244973043449,5.809654889888042,0.0886613813501184,0.8089711237535228,0,0.5204848647117615
2025-03-20 00:00:00+00:00,6.980000019073486,1.399999976158142,5.875247722472916,0.999,0.6496284089136961,1e-06,0.0655946734089911,5.809653981607433,0.8084543117318672,0.0811359064539769,0,0.5201343894004822
2025-03-21 00:00:00+00:00,6.119999885559082,1.399999976158142,5.015247588958512,0.999,6.656309655652216,1e-06,-0.7943928428590087,5.80965335053039,2.580751957203352,-0.3078144881927581,0,0.5195339918136597
2025-03-24 00:00:00+00:00,6.119999885559082,1.409999966621399,5.007356508516794,0.999,0.1510087718533082,1e-06,-0.8022908092620242,5.809653070319315,0.3936758942657848,-2.0379475120220816,1,0.5192755460739136
2025-03-25 00:00:00+00:00,6.119999885559082,1.440000057220459,4.983683173122541,0.999,0.1459942313217199,1e-06,-0.825952335100037,5.809652253927894,0.3872559444820808,-2.1328331995127208,1,0.5263875722885132
2025-03-26 00:00:00+00:00,6.050000190734863,1.4199999570846558,4.929465733250858,0.999,0.1455412078896232,1e-06,-0.8801468992359138,5.8096504116850936,0.3866718799015203,-2.276211291754845,1,0.5351052284240723
2025-03-27 00:00:00+00:00,6.050000190734863,1.4199999570846558,4.929465733250858,-0.999,1e-06,0.0660503466822338,0.7105555530679071,4.221062898525865,0.0567142019659042,12.528705834476575,0,0.5455004572868347
2025-03-28 00:00:00+00:00,6.050000190734863,1.440000057220459,4.9136834782983225,0.999,0.7104406503965978,1e-06,0.6926252939047448,4.221060608177926,0.8448892222142917,0.8197823758356243,0,0.5438823699951172
2025-03-31 00:00:00+00:00,6.050000190734863,1.409999966621399,4.937356813692575,0.999,0.0255603778508071,0.0389191032440581,0.7015971526393974,4.235721992822344,0.2105554473222257,3.332125392917054,-1,0.5438939332962036
2025-04-01 00:00:00+00:00,6.050000190734863,1.4199999570846558,4.929465733250858,0.999,1.0406785998721393,1e-06,0.6937449765862147,4.235721443758187,1.0293557679791934,0.673960352841038,-1,0.5450757741928101
2025-04-02 00:00:00+00:00,5.800000190734863,1.3600000143051147,4.726812215901163,0.999,0.520874612379449,1e-06,0.4911372056247264,4.235713768669379,0.7346906199189774,0.6684952717633575,-1,0.5477431416511536
2025-04-03 00:00:00+00:00,6.0,1.3700000047683716,4.918920944724583,0.999,1.644506900263348,1e-06,0.6831931500201455,4.235716086781648,1.2897300542929018,0.5297179419415081,-1,0.5538185238838196
2025-04-04 00:00:00+00:00,6.0,1.340000033378601,4.942594186049736,0.999,1.2845538853032523,1e-06,0.7068758270422154,4.235716462291951,1.1416880464047083,0.619149713679003,-1,0.5581564903259277
2025-04-07 00:00:00+00:00,6.0,1.3600000143051147,4.9268120251663,-0.999,1e-06,0.0622315106458482,-0.3238091154642205,5.249605302936923,0.0925301583047859,-3.499498124683011,0,0.562184751033783
2025-04-08 00:00:00+00:00,6.0,1.3700000047683716,4.918920944724583,0.999,0.6397621237796787,1e-06,-0.3306823097850745,5.249604379426536,0.8052757910732926,-0.4106447920709656,0,0.5625427961349487
2025-04-09 00:00:00+00:00,6.0,1.309999942779541,4.966267521443989,0.999,0.7018912616171635,1e-06,-0.2833441985458336,5.249605023607322,0.8429704987087401,-0.3361258774534335,0,0.5634738206863403
2025-04-10 00:00:00+00:00,6.0,1.3200000524520874,4.958376346933171,0.999,0.6677344813561545,1e-06,-0.291227336319746,5.249604906099295,0.8224618413206991,-0.3540922164268396,0,0.5626060962677002
2025-04-11 00:00:00+00:00,6.199999809265137,1.340000033378601,5.142593995314873,0.999,0.9617506723015292,1e-06,-0.1070318683121308,5.249606743618907,0.9851196255953868,-0.1086486001610646,0,0.5649114847183228
2025-04-14 00:00:00+00:00,6.199999809265137,1.3300000429153442,5.15048507575659,0.999,0.6842435737256383,1e-06,-0.0991229175083985,5.249606853191536,0.8324389304911155,-0.1190753025569321,0,0.5664152503013611
2025-04-15 00:00:00+00:00,6.199999809265137,1.3799999952316284,5.111029673548002,0.999,0.7009101124539387,1e-06,-0.1385709958255482,5.249606310903967,0.8423907122038895,-0.1644972977717362,0,0.5684828758239746
2025-04-16 00:00:00+00:00,6.150000095367432,1.350000023841858,5.08470320097545,0.999,0.6725842671031379,1e-06,-0.1648987971968664,5.249605932665903,0.8254073332621696,-0.1997786917462369,0,0.5655357241630554
2025-04-17 00:00:00+00:00,6.150000095367432,1.4500000476837158,5.005792302489174,0.999,0.6732027946471222,1e-06,-0.2438007578354332,5.24960480361394,0.8257825338584274,-0.2952360310847051,0,0.5674765110015869
2025-04-22 00:00:00+00:00,6.150000095367432,1.4500000476837158,5.005792302489174,0.999,0.6190649262681172,1e-06,-0.2438124558912372,5.249604799646065,0.7923256421126114,-0.3077174875233746,0,0.5691958665847778
2025-04-23 00:00:00+00:00,6.5,1.5399999618530271,5.284772483146282,0.999,1.2703877190039592,1e-06,0.0351436362818921,5.249606909287874,1.1309746795051263,0.031073760464089,0,0.5699105858802795
2025-04-24 00:00:00+00:00,6.5,1.5,5.316336804913153,0.999,0.4900968876491577,1e-06,0.0667228259690117,5.2496075295148,0.7062675691292798,0.0944724476748533,0,0.5675692558288574
2025-04-25 00:00:00+00:00,6.5,1.440000057220459,5.363683287563459,0.999,0.4886326804777458,1e-06,0.1140651243782737,5.249608462610669,0.7052309350626572,0.1617415214041049,0,0.5662251710891724
2025-04-28 00:00:00+00:00,6.5,1.3799999952316284,5.411029864282865,0.999,0.4590731798284043,1e-06,0.1614100714022118,5.249609456927451,0.6839533385751873,0.2359957358179748,0,0.5667423605918884
2025-04-29 00:00:00+00:00,6.650000095367432,1.3600000143051147,5.576812120533732,0.999,0.506551124247218,1e-06,0.3271667642614498,5.249612607702697,0.7178238753456962,0.4557758184121277,0,0.5597331523895264
2025-04-30 00:00:00+00:00,5.960000038146973,1.3799999952316284,4.871029902429838,0.999,6.474445842983916,1e-06,-0.3785707618038205,5.249611559381191,2.546206365640401,-0.1486803139417199,0,0.5521512627601624
2025-05-02 00:00:00+00:00,5.960000038146973,1.840000033378601,4.508039825834427,-0.999,1e-06,0.0674883586634611,0.1883433382308915,4.320792804142236,0.0759578651042546,2.479576512220085,-1,0.5514724850654602
2025-05-05 00:00:00+00:00,5.960000038146973,1.690000057220459,4.626406126529291,-0.999,1e-06,0.0668131406479221,-0.1250389692668543,4.750896449577932,0.0654871775231714,-1.9093656803671464,0,0.5548642873764038
2025-05-06 00:00:00+00:00,5.960000038146973,1.909999966621399,4.452802262742402,-0.999,1e-06,0.0668008622109904,0.0818980695497673,4.371407272509111,0.0584080010834989,1.4021721002348193,-1,0.5488989949226379
2025-05-07 00:00:00+00:00,5.960000038146973,1.850000023841858,4.500148745392709,-0.999,1e-06,0.0668709957071168,-0.0640609378575358,4.56394863838167,0.0532177901348565,-1.2037504318612684,0,0.5475282669067383
2025-05-08 00:00:00+00:00,5.849999904632568,2.0,4.27178231118344,-0.999,1e-06,0.0659892676701426,0.0380380278836301,4.234204028816119,0.049152223609794,0.773882137776789,0,0.5425689816474915
2025-05-09 00:00:00+00:00,6.199999809265137,2.0,4.621782215816008,0.999,2.7496520630194348,1e-06,0.3875532715343641,4.234216231667293,1.658991646788249,0.2336077293002975,0,0.5366465449333191
2025-05-12 00:00:00+00:00,6.199999809265137,2.0299999713897705,4.598108974490854,0.999,1.8641092199427367,1e-06,0.36389403491702,4.234216187916395,1.366276489554012,0.2663399668362912,0,0.5347695350646973
2025-05-13 00:00:00+00:00,5.989999771118164,1.899999976158142,4.490693076155312,0.999,1.9306979560117865,1e-06,0.2564826266395681,4.234215993734593,1.3904320127819678,0.1844625442177494,0,0.5326125621795654
2025-05-14 00:00:00+00:00,5.949999809265137,1.919999957084656,4.434910953418848,0.999,1.7508172853410846,1e-06,0.2006982421558396,4.234215882628563,1.324168233617539,0.1515655164204818,0,0.5349428653717041
2025-05-15 00:00:00+00:00,6.0,1.809999942779541,4.571713123081706,0.999,2.04126541771617,1e-06,0.3374902944279705,4.2342161178056426,1.429640040066107,0.2360666216457989,0,0.5320562124252319
2025-05-16 00:00:00+00:00,6.0,1.7000000476837158,4.658515007940601,0.999,1.3190803606144164,1e-06,0.4242920530095205,4.234216349357625,1.1496462865506156,0.3690631266096297,0,0.5289933085441589
2025-05-19 00:00:00+00:00,6.070000171661377,1.649999976158142,4.767970675879665,-0.999,1e-06,0.0656286005799141,-0.3594018936066625,5.126109953661939,0.0475321160303932,-7.561243294467508,1,0.5265677571296692
2025-05-20 00:00:00+00:00,6.070000171661377,1.6799999475479126,4.744297434554512,-0.999,1e-06,0.0651748866170803,0.3141755516899336,4.431118016987577,0.0445310499048143,7.05520198516513,0,0.523523211479187
2025-05-21 00:00:00+00:00,5.800000190734863,1.659999966621399,4.4900796145114334,0.999,0.307406569035429,1e-06,0.0591246643111602,4.431037815488415,0.5563966309109325,0.106263519630522,0,0.5230332612991333
2025-05-22 00:00:00+00:00,5.800000190734863,1.659999966621399,4.4900796145114334,-0.999,1e-06,0.0657385979469975,-0.0523242783447006,4.542244748375667,0.0438922130613666,-1.192108456038545,0,0.5228123664855957
2025-05-23 00:00:00+00:00,5.800000190734863,1.649999976158142,4.497970694953152,-0.999,1e-06,0.0657252741830351,0.0472338597098635,4.450868015938419,0.0415122043007478,1.1378306814946149,0,0.5217908620834351
2025-05-26 00:00:00+00:00,6.0,1.6699999570846558,4.682188343334853,-0.999,1e-06,0.0658038404352916,-0.0340568736674082,4.715862999057754,0.039482602482727,-0.8625792507550013,0,0.520961582660675
2025-05-27 00:00:00+00:00,6.0,1.6799999475479126,4.674297262893135,-0.999,1e-06,0.0657516458791785,0.0307677575014511,4.64363425825924,0.0377220023361846,0.8156448649582226,0,0.5204829573631287
2025-05-28 00:00:00+00:00,5.800000190734863,1.7000000476837158,4.458515198675464,0.999,0.1365068251368135,1e-06,-0.1848064683591562,4.643479563101859,0.3716459830919995,-0.4972648078195645,0,0.5205406546592712
2025-05-29 00:00:00+00:00,5.800000190734863,1.6299999952316284,4.513752855836588,0.999,0.0084430683467339,0.0575867151269376,-0.1775421984411814,4.691212168336475,0.1318912991302604,-1.3461251774147325,1,0.5202624201774597
2025-05-30 00:00:00+00:00,5.800000190734863,1.6200000047683716,4.521643936278305,-0.999,1e-06,0.0660500060677133,0.1165813918672563,4.405402766483396,0.0761986707043909,1.52996621580878,0,0.5209296345710754
2025-06-02 00:00:00+00:00,5.800000190734863,1.6200000047683716,4.521643936278305,-0.999,1e-06,0.066050796162795,-0.0863243568109808,4.607707935541279,0.065545539453531,-1.317013446386859,1,0.5213649868965149
2025-06-03 00:00:00+00:00,5.800000190734863,1.6200000047683716,4.521643936278305,-0.999,1e-06,0.0660318544334379,0.0685299638649032,4.453320706766508,0.0583807681222165,1.17384484769779,0,0.5220990777015686
2025-06-04 00:00:00+00:00,5.800000190734863,1.6699999570846558,4.482188534069716,-0.999,1e-06,0.0652438716415407,-0.0600917538076926,4.542157116361838,0.0530863921657893,-1.1319615320631602,0,0.5238133072853088
2025-06-05 00:00:00+00:00,5.760000228881836,1.6200000047683716,4.481643974425277,-0.999,1e-06,0.0652377378860847,0.0511973105738613,4.430603906543964,0.049008025666284,1.0446719670464808,0,0.5221647024154663
2025-06-06 00:00:00+00:00,5.78000020980835,1.659999966621399,4.47007963358492,-0.999,1e-06,0.0632792047945744,-0.0452058557540269,4.515161425153655,0.0456522817273245,-0.990221168440954,0,0.5231543183326721
2025-06-09 00:00:00+00:00,5.78000020980835,1.659999966621399,4.47007963358492,-0.999,1e-06,0.062921108076076,0.0399112887808312,4.430294699460468,0.0428870993027805,0.9306129215935012,0,0.5227959156036377
2025-06-10 00:00:00+00:00,5.75,1.649999976158142,4.447970504218288,-0.999,1e-06,0.0628110110844884,-0.0368716506233342,4.484760335533391,0.0405649904933285,-0.9089525271649772,0,0.5231523513793945
2025-06-11 00:00:00+00:00,5.75,1.6699999570846558,4.432188343334853,-0.999,1e-06,0.0627857464430462,0.0326176866524649,4.399699230585381,0.0385814275251936,0.8454245668117296,0,0.5231451988220215
2025-06-12 00:00:00+00:00,6.059999942779541,1.6799999475479126,4.734297205672676,-0.999,1e-06,0.0629075359096496,-0.0168045422770096,4.750569858327735,0.0368652216519366,-0.4558372776290307,0,0.5237423777580261
2025-06-13 00:00:00+00:00,6.059999942779541,1.75,4.679059548511553,-0.999,1e-06,0.0630592705105535,0.0133047608452185,4.665883371393066,0.0353621606719914,0.3762428706953,0,0.522718071937561
2025-06-16 00:00:00+00:00,5.599999904632568,1.7000000476837158,4.258514912573169,-0.999,1e-06,0.0637879820151433,-0.0275325178009328,4.28661883803687,0.034042904903887,-0.8087593546633323,0,0.5217801928520203
2025-06-17 00:00:00+00:00,5.460000038146973,1.7300000190734863,4.09484180476242,-0.999,1e-06,0.0650866250818141,0.0202591000014806,4.074896412586628,0.0328828504126043,0.616099265947916,0,0.5205853581428528
2025-06-18 00:00:00+00:00,5.460000038146973,1.649999976158142,4.157970542365261,-0.999,1e-06,0.0648500910102244,-0.0170286429724887,4.174850221817752,0.0318301791041144,-0.5349842021557308,0,0.5188125967979431
2025-06-20 00:00:00+00:00,5.460000038146973,1.6799999475479126,4.134297301040108,-0.999,1e-06,0.0648273816942288,0.0153285484790384,4.119052106448691,0.0308723240310267,0.4965142392141653,0,0.5162286162376404
2025-06-23 00:00:00+00:00,5.5,1.7400000095367432,4.12695068617373,-0.999,1e-06,0.0648003055273985,-0.0146723352528222,4.141589280435267,0.0299958908242911,-0.4891448411640563,0,0.5152917504310608
2025-06-24 00:00:00+00:00,5.5,1.6699999570846558,4.182188343334853,-0.999,1e-06,0.0645820287600744,0.0153380621526116,4.166812334779079,0.0291878072082234,0.5254955277452369,0,0.5150629878044128
2025-06-25 00:00:00+00:00,5.449999809265137,1.6399999856948853,4.155861393925143,-0.999,1e-06,0.0645872550403377,-0.0152138632556219,4.17106884486655,0.0284421064447052,-0.5349063468698951,0,0.5138903856277466
2025-06-26 00:00:00+00:00,5.099999904632568,1.6100000143051147,3.829534730617728,-0.999,1e-06,0.065066797932436,0.0068020498070907,3.823253562906972,0.0277560074554722,0.2450658589137143,0,0.5138641595840454
2025-06-27 00:00:00+00:00,5.099999904632568,1.6399999856948853,3.805861489292575,-0.999,1e-06,0.0655430226489237,-0.0070316636951654,3.8129085533422944,0.0271221127341591,-0.2592594376436363,0,0.5138447880744934
2025-06-30 00:00:00+00:00,5.119999885559082,1.6100000143051147,3.8495347115442415,-0.999,1e-06,0.0651150107430455,0.0076604461062493,3.841830888436271,0.0265265292147547,0.2887843352679712,0,0.513908326625824
2025-07-01 00:00:00+00:00,5.119999885559082,1.6299999952316284,3.833752550660806,-0.999,1e-06,0.0647660029732832,-0.0076615902087684,3.841414768841676,0.0259662072848535,-0.2950600418736364,0,0.5138761401176453
2025-07-02 00:00:00+00:00,5.300000190734863,1.6299999952316284,4.013752855836588,-0.999,1e-06,0.06490311426086,0.0109176863104428,4.002592222293644,0.0254415837546274,0.4291276209743454,0,0.5140811800956726
2025-07-03 00:00:00+00:00,5.300000190734863,1.6299999952316284,4.013752855836588,-0.999,1e-06,0.0650582132597162,-0.0104872306882051,4.024207554882094,0.0249492338331176,-0.4203427952278181,0,0.5130520462989807
2025-07-04 00:00:00+00:00,5.300000190734863,1.690000057220459,3.966406279117182,-0.999,1e-06,0.0650582132848298,0.0092266327626004,3.957280448279269,0.0244850080314491,0.3768278430111001,0,0.5126828551292419
2025-07-07 00:00:00+00:00,5.300000190734863,1.659999966621399,3.990079614511434,-0.999,1e-06,0.0650582132784298,-0.0084755024710293,3.9984930021815326,0.0240463937652643,-0.3524645963035179,0,0.512686550617218
2025-07-08 00:00:00+00:00,5.119999885559082,1.649999976158142,3.81797038977737,-0.999,1e-06,0.0650864017773626,0.0052458496334177,3.813004165207872,0.0236313538197024,0.2219868431339755,0,0.5125775337219238
2025-07-09 00:00:00+00:00,5.25,1.649999976158142,3.947970504218288,-0.999,1e-06,0.0650875842754181,-0.0029300839407812,3.950692902342321,0.023237752852621,-0.1260915355871329,0,0.5125769376754761
2025-07-10 00:00:00+00:00,5.300000190734863,1.649999976158142,3.997970694953152,-0.999,1e-06,0.0652309170080377,0.0036331280484291,3.994271939061297,0.0228646522977266,0.1588971483633883,0,0.512520432472229
2025-07-11 00:00:00+00:00,5.300000190734863,1.649999976158142,3.997970694953152,-0.999,1e-06,0.0652234841147825,-0.0035164354859029,4.001476274262489,0.0225096024533544,-0.1562193509720951,0,0.5124983787536621
2025-07-14 00:00:00+00:00,5.099999904632568,1.6200000047683716,3.82164365017601,-0.999,1e-06,0.06533235549595,0.0007733476890541,3.821141733518103,0.0221718326233559,0.0348797369252869,0,0.5124870538711548
2025-07-15 00:00:00+00:00,5.099999904632568,1.6200000047683716,3.82164365017601,-0.999,1e-06,0.0653214453236606,-0.0007540790387911,3.8223958404286273,0.021849466125242,-0.0345124697541216,0,0.512477695941925
2025-07-16 00:00:00+00:00,5.099999904632568,1.649999976158142,3.797970408850857,-0.999,1e-06,0.0645983136133432,0.0003943438912107,3.797613815886573,0.0215380894852461,0.0183091397907346,0,0.512447714805603
2025-07-17 00:00:00+00:00,5.099999904632568,1.5499999523162842,3.876881307337133,-0.999,1e-06,0.0643873319633383,0.0007140144105091,3.8760473790064,0.0212394228752493,0.0336174111087182,0,0.5124499797821045
2025-07-18 00:00:00+00:00,5.099999904632568,1.590000033378601,3.845316891501163,-0.999,1e-06,0.0643982749440857,-0.0011195234266712,3.846481626834956,0.020953617173896,-0.0534286475399543,0,0.5124198198318481
2025-07-21 00:00:00+00:00,5.099999904632568,1.5099999904632568,3.908445629104004,-0.999,1e-06,0.0643743705232919,0.0019206619815879,3.90643322202733,0.0206796699969983,0.0928768196913559,0,0.512454628944397
2025-07-22 00:00:00+00:00,5.150000095367432,1.4500000476837158,4.005792302489174,-0.999,1e-06,0.0636582194414655,-0.000602998042027,4.006240816315839,0.0204139920888346,-0.0295384675081207,0,0.5124194025993347
2025-07-23 00:00:00+00:00,5.150000095367432,1.5,3.966336900280585,-0.999,1e-06,0.0622464484319575,7.797798538702373e-05,3.966322111352271,0.0201532988931809,0.0038692417454994,0,0.5124207139015198
2025-07-24 00:00:00+00:00,5.150000095367432,1.5199999809265137,3.950554739397149,-0.999,1e-06,0.0622490412444444,-0.0002759791356269,3.950855208952931,0.0199031264512839,-0.0138661197929106,0,0.5124078392982483
2025-07-25 00:00:00+00:00,5.150000095367432,1.5099999904632568,3.9584458198388672,-0.999,1e-06,0.0622492938666798,0.0003658281178011,3.958068566470765,0.0196627999659093,0.0186050877004005,0,0.5124213695526123
2025-07-28 00:00:00+00:00,5.150000095367432,1.440000057220459,4.013683382930891,-0.999,1e-06,0.0620934669907535,0.0003097213547864,4.013285959906678,0.0194311458864741,0.0159394282043906,0,0.5124095678329468
2025-07-29 00:00:00+00:00,5.150000095367432,1.399999976158142,4.045247798766861,-0.999,1e-06,0.0607179708583964,7.928038546731349e-05,4.045116817180613,0.0192031647236972,0.0041285062440504,0,0.5124359726905823
2025-07-30 00:00:00+00:00,5.150000095367432,1.4199999570846558,4.029465637883426,-0.999,1e-06,0.0602220634474366,-0.0002639424417412,4.029754742009034,0.0189819874674235,-0.0139048896852456,0,0.5123955011367798
2025-07-31 00:00:00+00:00,5.5,1.3799999952316284,4.411029864282865,-0.999,1e-06,0.060852006876313,0.0046380156341157,4.405782073540389,0.0187712963654935,0.2470801986079964,0,0.5123932361602783
2025-08-01 00:00:00+00:00,5.5,1.399999976158142,4.39524770339943,-0.999,1e-06,0.0583841363875097,-0.0047023901770255,4.399959931117248,0.0185594945146655,-0.2533684402508779,0,0.5124055743217468
2025-08-04 00:00:00+00:00,5.5,1.399999976158142,4.39524770339943,-0.999,1e-06,0.0553021445038277,0.0045842290096008,4.390680020533216,0.0183439472156447,0.2499041757867223,0,0.5123915076255798
2025-08-05 00:00:00+00:00,5.5,1.409999966621399,4.387356622957712,-0.999,1e-06,0.055287862310033,-0.0045648374076934,4.391919249617166,0.0181365632107016,-0.2516925260128639,0,0.5124036073684692
2025-08-06 00:00:00+00:00,5.5,1.4600000381469729,4.347901126680024,-0.999,1e-06,0.055288659572002,0.0040002832416167,4.343986376011555,0.0179368949825188,0.2230198284327028,0,0.512401819229126
2025-08-07 00:00:00+00:00,5.199999809265137,1.4800000190734863,4.032118775061726,-0.999,1e-06,0.0556759090538926,-0.00744567364628,4.040103120637178,0.0177458886857676,-0.4195717542312513,0,0.512398362159729
2025-08-08 00:00:00+00:00,5.199999809265137,1.4299999475479126,4.071574271339413,-0.999,1e-06,0.0559212548329466,0.0077007806119175,4.0638316010984985,0.0175625095314312,0.4384783733859709,0,0.5124020576477051
2025-08-11 00:00:00+00:00,5.199999809265137,1.4600000381469729,4.047900935945161,-0.999,1e-06,0.0559134267312364,-0.0077812721291292,4.055696574680487,0.0173854829958038,-0.4475729625117339,0,0.5123915672302246
2025-08-12 00:00:00+00:00,5.199999809265137,1.4700000286102295,4.040009855503444,-0.999,1e-06,0.0559129074189506,0.0075272619176098,4.032523526882469,0.0172145089720777,0.4372626561593602,0,0.5123916268348694
2025-08-13 00:00:00+00:00,5.199999809265137,1.3799999952316284,4.111029673548002,-0.999,1e-06,0.055948336084389,-0.0066347253780162,4.117514332343012,0.0170493934414285,-0.3891472972812284,0,0.5123870372772217
2025-08-14 00:00:00+00:00,5.199999809265137,1.3799999952316284,4.111029673548002,-0.999,1e-06,0.0559810037059766,0.0064957935060774,4.104556750337995,0.0168898334027754,0.3845978436359242,0,0.5123971104621887
2025-08-15 00:00:00+00:00,5.010000228881836,1.5700000524520874,3.771099376633866,-0.999,1e-06,0.0563447494428008,-0.0097073790475126,3.78137364613842,0.0167365194690894,-0.5800118158044231,0,0.5123854875564575
2025-08-18 00:00:00+00:00,5.010000228881836,1.5499999523162842,3.7868816315864007,-0.999,1e-06,0.0566733752109096,0.0096573972008425,3.777231459776991,0.0165890014105464,0.5821566326893493,0,0.5123958587646484
2025-08-19 00:00:00+00:00,5.010000228881836,1.4500000476837158,3.865792436003578,-0.999,1e-06,0.0513591172335653,-0.008626315538231,3.874232226590933,0.0164301989355636,-0.5250280639973951,0,0.5123968720436096
2025-08-20 00:00:00+00:00,4.329999923706055,1.399999976158142,3.2252476271054844,0.999,2.9030293317844538,1e-06,-0.6489404770201949,3.87421016117522,1.703965081626456,-0.3808414174783283,0,0.5123958587646484
2025-08-21 00:00:00+00:00,5.010000228881836,1.4600000381469729,3.85790135556186,0.999,9.82435893926323,1e-06,-0.0163153264956315,3.874210249375032,3.134458105665316,-0.0052051506019948,0,0.514873743057251
2025-08-22 00:00:00+00:00,5.010000228881836,1.5700000524520874,3.771099376633866,0.999,7.195044229414692,1e-06,-0.103109649710565,3.8742102328615298,2.682445508475451,-0.0384386744799773,0,0.5162340998649597
2025-08-25 00:00:00+00:00,5.119999885559082,1.5,3.9363366904722352,0.999,0.1614293799290607,1e-06,0.0620228910488552,3.8742116322423,0.4023679836993083,0.1541446972958098,0,0.5174044370651245
2025-08-26 00:00:00+00:00,5.119999885559082,1.5099999904632568,3.9284456100305176,0.999,7.048406795255954,1e-06,0.0542340889146569,3.8742116307387935,2.6549724050806485,0.0204273644467538,0,0.5172104835510254
2025-08-27 00:00:00+00:00,5.119999885559082,1.5,3.9363366904722352,0.999,6.995428187051647,1e-06,0.0621249446017052,3.874211632296684,2.644976533643371,0.0234879001047809,0,0.517157256603241
2025-08-28 00:00:00+00:00,4.630000114440918,1.5099999904632568,3.4384458389123536,0.999,9.184007687933804,1e-06,-0.4357602984928017,3.874211557889824,3.030590926660347,-0.1437872378813597,0,0.5173193216323853
2025-08-29 00:00:00+00:00,4.5,1.5199999809265137,3.300554644029717,0.999,6.974552912078464,1e-06,-0.5736549032853477,3.874211530644963,2.641027752324082,-0.2172089644951804,0,0.5193697810173035
2025-09-01 00:00:00+00:00,4.5,1.4800000190734863,3.332118965796589,0.999,7.016138067321855,1e-06,-0.542093012584506,3.874211536716516,2.648889152795529,-0.2046491873819647,0,0.5233348608016968
2025-09-02 00:00:00+00:00,4.5,1.4500000476837158,3.355792207121742,0.999,6.388633795559336,1e-06,-0.5184196966384076,3.874211541697404,2.527668979888612,-0.2050979383626621,0,0.5289464592933655
2025-09-03 00:00:00+00:00,4.5,1.4900000095367432,3.324227885354871,0.999,6.768253394530713,1e-06,-0.5499831758183774,3.874211535171867,2.60167851029915,-0.2113955177940638,0,0.5346378684043884
2025-09-04 00:00:00+00:00,4.5,1.4900000095367432,3.324227885354871,0.999,3.665566193924152,1e-06,-0.5499836345939664,3.87421153496499,1.914691847024043,-0.2872439423862341,0,0.5414775609970093
2025-09-05 00:00:00+00:00,4.349999904632568,1.4900000095367432,3.174227789987439,0.999,8.745360083580403,1e-06,-0.69998199979787,3.8742115112311497,2.957336599094617,-0.2366933814744551,0,0.5475409030914307
2025-09-08 00:00:00+00:00,4.75,1.4299999475479126,3.621574462074277,0.999,12.747056147926015,1e-06,-0.2526406013509097,3.874211559573569,3.5703692841299786,-0.0707603559312136,0,0.5546703338623047
2025-09-09 00:00:00+00:00,4.75,1.4199999570846558,3.629465542515994,0.999,0.5647783020841851,1e-06,-0.2447473883392959,3.874211578248854,0.7518377230700886,-0.3255322004060706,0,0.5597839951515198
2025-09-10 00:00:00+00:00,4.75,1.399999976158142,3.6452477033994297,0.9569361409844486,0.211758890098332,1e-06,-0.2289667802626281,3.87421200963839,0.4606967581451676,-0.4970010667851926,0,0.5634852051734924
2025-09-11 00:00:00+00:00,4.75,1.4299999475479126,3.621574462074277,0.999,3.1627862446585544,1e-06,-0.252636781447961,3.8742119991286974,1.7785583819232662,-0.1420458186898363,0,0.566821277141571
2025-09-12 00:00:00+00:00,4.989999771118164,1.440000057220459,3.853683058681624,-0.2916415407284973,0.0026471801122159,0.0228656525278423,0.0636340994196789,3.790407691765429,0.0709712376579012,0.8966181444715802,0,0.5695032477378845
2025-09-15 00:00:00+00:00,4.989999771118164,1.409999966621399,3.877356394075876,0.4448034007083783,0.0117504593573907,0.0140814469407328,0.0527760374122362,3.824361178279797,0.1389773454639295,0.379745614193889,0,0.5718913078308105
2025-09-16 00:00:00+00:00,4.989999771118164,1.399999976158142,3.885247474517594,0.3686452947058669,0.0097657746271636,0.0160617296335681,0.0309183361187862,3.8541862228710464,0.1354269084136924,0.2283027537211372,0,0.5753976106643677
2025-09-17 00:00:00+00:00,4.989999771118164,1.4700000286102295,3.8300098173564714,0.3666840520862314,0.0097631163637952,0.0160624889157549,0.0019464187230827,3.828184072644429,0.1364601592136922,0.0142636410092029,0,0.5780587196350098
2025-09-18 00:00:00+00:00,4.989999771118164,1.4800000190734863,3.822118736914753,0.3721925310902218,0.0098690856825478,0.0159650317258236,-0.0010733944274057,3.823215153791356,0.13746837267298,-0.0078083009679558,0,0.5801798701286316
2025-09-19 00:00:00+00:00,4.989999771118164,1.5,3.806336576031317,0.3710969218044201,0.009831005654604,0.0160003269469068,-0.0047087743635208,3.811101085983609,0.1374138818619932,-0.0342670936859927,0,0.5812644362449646
2025-09-22 00:00:00+00:00,4.989999771118164,1.4900000095367432,3.814227656473035,0.3688444148728175,0.0097949470502035,0.0160318964169721,-0.0004720644976118,3.814683290230542,0.1371844896213159,-0.0034410923488139,0,0.5813004374504089
2025-09-23 00:00:00+00:00,4.989999771118164,1.4500000476837158,3.845791978239906,0.3741468406450987,0.0095617772551308,0.016122487545719,0.0077636513445817,3.837921864507314,0.1359924545247964,0.0570888390220662,0,0.5810902118682861
2025-09-24 00:00:00+00:00,4.989999771118164,1.4600000381469729,3.837900897798188,0.4481363609623227,0.0105256684408392,0.0151652263584138,0.0024593583796636,3.835453785010912,0.1428938821949931,0.0172110823912501,0,0.5785194635391235
2025-09-25 00:00:00+00:00,5.0,1.4600000381469729,3.847901126680024,0.3163961854949872,0.0081490603022689,0.017315258353474,0.0031000422555778,3.8447625050406615,0.1268499992389397,0.0244386462292247,0,0.5782444477081299
2025-09-26 00:00:00+00:00,5.0,1.4299999475479126,3.871574462074277,0.367464569224175,0.0091489637622215,0.0163237625480442,0.0076500915449354,3.8638353054636494,0.1323492877501406,0.0578022872278534,0,0.5766351819038391
2025-09-29 00:00:00+00:00,5.0,1.4800000190734863,3.832118965796589,0.3660712511854018,0.0091366770171011,0.0163359269819425,-0.0057734302237478,3.838011408609475,0.132684363098778,-0.0435125141268516,0,0.5743836164474487
2025-09-30 00:00:00+00:00,4.900000095367432,1.4800000190734863,3.732119061164021,0.3788984854143452,0.0093996870218166,0.0161201316542964,-0.0287487847636626,3.761225998620517,0.1345945144861116,-0.2135955159348574,0,0.5717322826385498
2025-10-01 00:00:00+00:00,4.900000095367432,1.4600000381469729,3.747901222047456,0.3738871826217821,0.0092971459752419,0.0162252964550714,-0.011391878410865,3.759301950522212,0.134159294699427,-0.0849130761784908,0,0.5684143900871277
2025-10-02 00:00:00+00:00,4.400000095367432,1.399999976158142,3.2952477987668614,0.2503555979768517,0.0083130387617011,0.0177625468822615,-0.1019174303293654,3.3986468694237386,0.1254403851646119,-0.8124770200252658,0,0.5607261061668396
2025-10-03 00:00:00+00:00,4.400000095367432,1.3700000047683716,3.3189210400920146,0.3991059566063666,0.0105257658456863,0.0160214612084857,-0.0523031995363588,3.371357057836773,0.1400968903965221,-0.3733359062312008,0,0.5533547401428223
2025-10-06 00:00:00+00:00,4.400000095367432,1.3600000143051147,3.326812120533732,0.3103072376658961,0.0085568064619541,0.0180065446818415,-0.0222650378205765,3.349168345925845,0.1287610160780493,-0.1729175374562164,0,0.54656982421875
2025-10-07 00:00:00+00:00,4.460000038146973,1.2999999523162842,3.4341586400326785,0.2991772880675262,0.0084251292147065,0.0182205251379266,0.0134518809802521,3.4204087613915144,0.1268352011159363,0.106057946547159,0,0.5405162572860718
2025-10-08 00:00:00+00:00,4.460000038146973,1.3899999856948853,3.36313882198812,0.2992340765576344,0.0084252858260724,0.018212728625855,-0.0096599426079886,3.3729992752236124,0.1265416966364529,-0.0763380203107372,0,0.5335471034049988
2025-10-09 00:00:00+00:00,4.460000038146973,1.2899999618530271,3.4420497204743965,0.2654560395846269,0.0079601416207545,0.0186717250139645,0.0124727995174397,3.429345102693491,0.1228533704679261,0.101525904172862,0,0.526839554309845
2025-10-10 00:00:00+00:00,4.409999847412109,1.2899999618530271,3.392049529739533,0.2481148305090292,0.0071208477188056,0.0191291746669969,-0.0045924680958592,3.3967746400833088,0.1165238394925338,-0.0394122620389069,0,0.5189803838729858
2025-10-13 00:00:00+00:00,4.409999847412109,1.2999999523162842,3.384158449297815,0.1289034267160416,0.0061640267547615,0.0196009432966194,-0.0027141633880942,3.386911612957051,0.1071212875309181,-0.0253372924341563,0,0.5170391798019409
2025-10-14 00:00:00+00:00,4.409999847412109,1.2799999713897705,3.3999406101812504,0.2560367772542782,0.0080635088627715,0.0176563600618594,0.0026637965250832,3.3972292153415378,0.1214422969045865,0.0219346685049614,0,0.5155968070030212
2025-10-15 00:00:00+00:00,4.409999847412109,1.2599999904632568,3.415722771064686,0.2583545420745909,0.0081466566763816,0.017522360333654,0.004834732054184,3.4108277007445484,0.1230410863563802,0.0392936392009786,0,0.5145382881164551
2025-10-16 00:00:00+00:00,4.409999847412109,1.2899999618530271,3.392049529739533,0.2651009274717586,0.0082171091508361,0.0171983258174545,-0.0034064271049247,3.395524286848234,0.1237827870734303,-0.0275193925218699,0,0.5142011642456055
2025-10-17 00:00:00+00:00,4.409999847412109,1.2899999618530271,3.392049529739533,0.999,3.6971614846413416,1e-06,-0.0034747535315352,3.395524285211274,1.924687107754147,-0.0018053602154532,0,0.5140577554702759
2025-10-20 00:00:00+00:00,4.409999847412109,1.2999999523162842,3.384158449297815,-0.6668950344666517,0.0010739053655248,0.0186940476368024,-0.0008029119422584,3.384995737563283,0.0575018590954579,-0.0139632344916973,0,0.5140905380249023
2025-10-21 00:00:00+00:00,4.409999847412109,1.2899999618530271,3.392049529739533,-0.0781581324951289,0.0046576335849721,0.0149013806196818,0.0015810148512326,3.3904371716509805,0.09097761175343,0.0173780650069995,0,0.5140244960784912
2025-10-22 00:00:00+00:00,4.409999847412109,1.2400000095367432,3.4315049319481217,0.0605593606270446,0.0059017205414136,0.0136704649455573,0.0102777042525291,3.4210485067612173,0.1019849058797835,0.1007767194945899,0,0.514063835144043
2025-10-23 00:00:00+00:00,4.409999847412109,1.2400000095367432,3.4315049319481217,0.0452344946699533,0.0057334350813248,0.0138035269095425,0.0027917015204757,3.428671232388796,0.1009251225698456,0.0276611159777757,0,0.5138893723487854
2025-10-24 00:00:00+00:00,4.800000190734863,1.25,3.8136141948291575,0.0949154938221871,0.0067068578635325,0.0133772123635903,0.1021407360491114,3.709863175558984,0.1085280447328152,0.9411460079334458,0,0.5137970447540283
2025-10-27 00:00:00+00:00,4.800000190734863,1.1699999570846558,3.8767429324319984,0.5050916754756443,0.0113199747411465,0.0095657939361132,0.1036258286562137,3.772600141792156,0.1392504831699481,0.7441685392914843,0,0.513777494430542
2025-10-28 00:00:00+00:00,4.800000190734863,1.159999966621399,3.884634012873717,0.0254150598062373,0.0043888959610886,0.0160468380890101,0.0188815514738149,3.8653646962747454,0.0903365612050733,0.2090133963695151,0,0.5139108896255493
2025-10-29 00:00:00+00:00,5.0,1.149999976158142,4.09252490258057,0.0316900042394095,0.0045893956984088,0.0160009886624517,0.0423167983165891,4.0492756664468645,0.0914260722322553,0.4628526336457852,0,0.514226496219635
2025-10-30 00:00:00+00:00,5.0,1.1699999570846558,4.076742741697135,0.0506905324803866,0.0046696973004756,0.0159870864331193,0.0068389008223773,4.069799283471703,0.0922871953646555,0.0741045471731453,0,0.5146183967590332
2025-10-31 00:00:00+00:00,5.0,1.1799999475479126,4.068851661255417,0.0182401662963267,0.004236588385972,0.0163890403599163,-5.771456526043671e-05,4.068913753359926,0.0881208712548949,-0.0006549477375625,0,0.5148202776908875
2025-11-03 00:00:00+00:00,5.0,1.1399999856948853,4.100415983022288,-0.0483296542523938,0.0038553553114996,0.0165490946123667,0.0051997607038443,4.095087371235196,0.0839851863257731,0.0619128316709905,0,0.5149115920066833
2025-11-04 00:00:00+00:00,5.0,1.159999966621399,4.084633822138853,0.0001501488230648,0.0043140991749136,0.0159150118155577,-0.0019106422584048,4.086588775725578,0.0885410363578699,-0.0215791720652815,0,0.5149714946746826
2025-11-05 00:00:00+00:00,4.809999942779541,1.149999976158142,3.902524845360112,0.0310813255243761,0.004750093023316,0.0155851621389279,-0.0359535886340754,3.9392512677091767,0.0927231341668479,-0.387752085357466,0,0.5150293111801147
2025-11-06 00:00:00+00:00,4.989999771118164,1.149999976158142,4.082524673698734,-0.0537649031296424,0.0040664413720115,0.0159711548377797,0.0266757238859578,4.055271305131982,0.0859893483239487,0.3102212588640873,0,0.5145741701126099
2025-11-07 00:00:00+00:00,4.989999771118164,1.149999976158142,4.082524673698734,-0.0349110676698696,0.0043200250974373,0.0156135516354298,0.00435714834913,4.078048407102964,0.0883802766293505,0.0493000080482107,0,0.5143811106681824
2025-11-10 00:00:00+00:00,4.989999771118164,1.1399999856948853,4.090415754140452,-0.0213477264079263,0.0044389141847122,0.0154946625481549,0.0022769168116231,4.088086342844334,0.0895586236226474,0.0254237584223811,0,0.5142528414726257
2025-11-11 00:00:00+00:00,4.789999961853027,1.149999976158142,3.882524864433598,-0.0266178870068419,0.0044488739316176,0.0154699383407502,-0.0392256208668708,3.922611965561657,0.0896317324667468,-0.4376309571102341,0,0.5142061710357666
2025-11-12 00:00:00+00:00,5.0,1.149999976158142,4.09252490258057,-0.0861132832944218,0.0044004528183634,0.015371952525731,0.0360106844566174,4.055824905063978,0.0888810048790227,0.4051561355053551,0,0.5143452882766724
2025-11-13 00:00:00+00:00,5.0,1.149999976158142,4.09252490258057,-0.0494782496749372,0.0043857428712048,0.015397115966257,0.0056030909291953,4.086760093410615,0.0889028787727446,0.0630248537116339,0,0.5144088268280029
2025-11-14 00:00:00+00:00,4.710000038146973,1.149999976158142,3.802524940727544,-0.0025794771846006,0.0052344106987266,0.014784334396678,-0.0628538803695176,3.866577255670688,0.0964860022432899,-0.6514300407123436,0,0.5144125819206238
2025-11-17 00:00:00+00:00,4.710000038146973,1.1399999856948853,3.810416021169261,0.0684425114173116,0.0057049511075278,0.014601225377961,-0.016070542250659,3.826702635390273,0.1009602011801648,-0.1591770030448035,0,0.5146275758743286
2025-11-18 00:00:00+00:00,4.710000038146973,1.1399999856948853,3.810416021169261,0.0141132721949269,0.0051164634395127,0.0151897130459761,-0.0034967953894425,3.813977513221457,0.0959410830025052,-0.0364473203763107,0,0.5147907733917236
2025-11-19 00:00:00+00:00,4.699999809265137,1.1200000047683716,3.81619795317086,0.0140357972948873,0.0051158138095204,0.01519107791909,0.0004207398721392,3.815767927440325,0.0958386452218028,0.0043900857651472,0,0.5149036049842834
2025-11-21 00:00:00+00:00,4.699999809265137,1.149999976158142,3.792524711845708,0.0138991996938984,0.0051105526285281,0.0151932662004766,-0.0048069314767795,3.797426850349972,0.0957885373187417,-0.0501827422292105,0,0.5150470733642578
2025-11-24 00:00:00+00:00,4.710000038146973,1.1399999856948853,3.810416021169261,0.0122898935076366,0.0051020441797987,0.0151984944320874,0.0026403165886532,3.8077222825135455,0.0957045338998117,0.0275882080092175,0,0.5150173306465149
2025-11-25 00:00:00+00:00,4.710000038146973,1.149999976158142,3.802524940727544,0.0140776953365265,0.0051181113264374,0.0151843212960875,-0.0010485686066005,3.803594957755426,0.0958491119522491,-0.0109397842634461,0,0.5148224234580994
2025-11-26 00:00:00+00:00,4.710000038146973,1.1699999570846558,3.786742779844108,0.0141950286283565,0.0051192588965848,0.0151838261631934,-0.0035060641371098,3.7903178039956087,0.0958624771529428,-0.0365738946169323,0,0.5146389007568359
2025-11-27 00:00:00+00:00,4.710000038146973,1.149999976158142,3.802524940727544,0.0142230307776541,0.0051210793672257,0.0151820262676984,0.0024923238329332,3.799982418679001,0.0958780938996902,0.0259947161187907,0,0.514259397983551
2025-11-28 00:00:00+00:00,4.710000038146973,1.1299999952316284,3.818307101610978,0.015250121372783,0.0051298964820169,0.0151776568242596,0.0038347711207834,3.8143974298850094,0.0959597663097718,0.0399622807375782,0,0.5140102505683899
2025-12-01 00:00:00+00:00,4.710000038146973,1.1399999856948853,3.810416021169261,0.0128793758582681,0.0046660895183429,0.0152699898882484,-0.0007234049872705,3.8111561732226487,0.0919138244953995,-0.0078704698802601,0,0.5133744478225708
2025-12-02 00:00:00+00:00,4.710000038146973,1.1399999856948853,3.810416021169261,-0.0505023703833521,0.0043513530844025,0.0152992078943722,-0.000110847307131,3.810530106882717,0.0885932565308938,-0.001251193504693,0,0.5130358934402466
2025-12-03 00:00:00+00:00,4.710000038146973,1.190000057220459,3.770960524891573,-0.2857062983707522,0.0023743721045141,0.0163797051749959,-0.005829489111179,3.776950432385476,0.0670333651082995,-0.0869639932556111,0,0.5130428671836853
2025-12-04 00:00:00+00:00,4.710000038146973,1.1699999570846558,3.786742779844108,-0.4151790191906835,0.0022523128165668,0.0151122761737609,0.0036027403219026,3.783106170320631,0.0656499482186765,0.0548780375256678,0,0.512956976890564
2025-12-05 00:00:00+00:00,4.710000038146973,1.159999966621399,3.794633860285826,-0.2244004873041735,0.0034513249653206,0.0138795241516084,0.0015975639535408,3.7929763416361553,0.0788895466728897,0.0202506418266668,0,0.5129556655883789
2025-12-08 00:00:00+00:00,4.710000038146973,1.0700000524520874,3.865653584261285,-0.2175310643984072,0.0035146762859683,0.0138375960854481,0.0139935676487067,3.851322154946267,0.0795420588001702,0.1759266463527437,0,0.5129081606864929
2025-12-09 00:00:00+00:00,4.710000038146973,1.0700000524520874,3.865653584261285,-0.2151109981044719,0.00351869242219,0.0138548807307067,0.0003893618577638,3.865184224897968,0.079589338549248,0.0048921358672038,0,0.5129407048225403
2025-12-10 00:00:00+00:00,4.650000095367432,1.059999942779541,3.813544815992561,-0.2152282160780607,0.0035144250474479,0.013856859054004,-0.0101818294394296,3.823964432144178,0.0795456053191256,-0.1279998989080741,0,0.512817919254303
2025-12-11 00:00:00+00:00,4.650000095367432,1.0399999618530271,3.829326976875997,-0.2154351620674916,0.0035124564145791,0.0138578335701987,0.0028140615808056,3.826498296643964,0.0795253280800746,0.035385727399605,0,0.5127348303794861
2025-12-12 00:00:00+00:00,4.650000095367432,1.0399999618530271,3.829326976875997,-0.2754015535789341,0.0028760919049547,0.0139858875984843,-0.0001308477615546,3.829441129675406,0.0726345569285944,-0.0018014532901087,0,0.512663722038269
2025-12-15 00:00:00+00:00,4.599999904632568,1.0199999809265137,3.795108947024569,-0.328008872957713,0.0028202820615184,0.0135356453815906,-0.0063542671604649,3.801628956447409,0.0719753740590149,-0.0882839060378463,0,0.5126245021820068
2025-12-16 00:00:00+00:00,4.550000190734863,1.0199999809265137,3.745109233126864,-0.2547727992580864,0.0032962763664281,0.0130873110783145,-0.0099960893395087,3.75539239290538,0.0770547095058286,-0.1297271692232207,0,0.5126350522041321
2025-12-17 00:00:00+00:00,4.550000190734863,1.100000023841858,3.6819804955240234,-0.2568819526580661,0.0032707156937702,0.0131615427953845,-0.0125093327614401,3.694855926585906,0.0768016211911767,-0.1628784987533215,0,0.5126386880874634
2025-12-18 00:00:00+00:00,4.550000190734863,1.0700000524520874,3.705653736849176,-0.2516904752827431,0.0032111408667748,0.0131092426977305,0.0046473393644137,3.700969241787978,0.0761465608496726,0.0610315070379664,0,0.5127369165420532
2025-12-19 00:00:00+00:00,4.550000190734863,1.1399999856948853,3.650416173757152,-0.281114087410569,0.0031057022745393,0.0130743521249542,-0.0109566771887847,3.6616121964293313,0.0750051209429229,-0.1460790550170902,0,0.5127876400947571
2025-12-22 00:00:00+00:00,4.550000190734863,1.100000023841858,3.6819804955240234,-0.2678418499239042,0.0031956237978393,0.0129784598980952,0.0063967405773763,3.675498189885201,0.0759508167622824,0.084222143356239,0,0.5127876400947571
2025-12-23 00:00:00+00:00,4.989999771118164,1.100000023841858,4.121980075907324,-0.1854277052176561,0.0042703006054774,0.0128496438472069,0.1023765461874126,4.017460338178535,0.0866671857527515,1.181260765515999,0,0.5127876400947571
2025-12-26 00:00:00+00:00,4.989999771118164,1.059999942779541,4.153544491743293,-0.0525244550846933,0.0046200858434617,0.013334783616956,0.0259067310048081,4.126985744204039,0.0904877507892385,0.2863009719972965,0,0.5127876400947571
2025-12-29 00:00:00+00:00,4.989999771118164,1.0399999618530271,4.1693266526267285,-0.2371652881294695,0.0030818207078119,0.0148718086861663,0.0023418433653629,4.166779010552305,0.0751174280089626,0.0311757660962987,0,0.5127876400947571
2025-12-30 00:00:00+00:00,4.989999771118164,1.0399999618530271,4.1693266526267285,-0.2822999337654474,0.0028589858196577,0.0149650155811193,-0.0001143373268048,4.169426529251096,0.0726482455369122,-0.0015738484248287,0,0.5127876400947571
