data,PLAS3,INEP4,spread_observado,rho,var_mr,var_rw,mr_filtrado,rw_filtrado,std_mr,zscore_mr,sinal
2022-01-03 00:00:00+00:00,10.020000457763672,7.0,4.49623888069172,0.999,62.41061076533881,1e-06,3.1675958264389705,1.3286436181329224,7.900066714582762,0.40095811097289774,-1
2022-01-04 00:00:00+00:00,10.020000457763672,7.050000190734863,4.456783290344934,0.999,61.76683359429491,1e-06,3.1281397317519173,1.3286436173437057,7.8592161138254,0.39802184931002293,-1
2022-01-05 00:00:00+00:00,10.0,6.699999809265137,4.712971212455977,0.999,62.97975526049748,1e-06,3.3843271778333666,1.3286436228789076,7.936006589590167,0.4264521632671856,-1
2022-01-06 00:00:00+00:00,10.0,6.849999904632568,4.594604817692012,0.999,61.51352573007549,1e-06,3.2659613842481257,1.328643620364209,7.843084346071554,0.41641288556127554,-1
2022-01-07 00:00:00+00:00,10.0,6.75,4.67351562210919,0.999,62.96663940807857,1e-06,3.3448718694802078,1.3286436221212758,7.935180321681389,0.4215243679265831,-1
2022-01-10 00:00:00+00:00,9.25,6.75,3.92351562210919,0.999,66.202106861111,1e-06,2.5948731430219634,1.3286436069255512,8.136495264586584,0.3189177967467064,-1
2022-01-11 00:00:00+00:00,9.25,6.800000190734863,3.884060031762403,0.999,69.38523845902161,1e-06,2.555416478679366,1.3286436062092337,8.32980718795805,0.30677978745697654,-1
2022-01-12 00:00:00+00:00,10.75,6.75,5.42351562210919,0.999,80.93274995462492,1e-06,4.094870084896847,1.3286436319179733,8.996288139237317,0.45517329164203496,-1
2022-01-13 00:00:00+00:00,10.720000267028809,6.550000190734863,5.551337497972353,0.999,41.83681870011339,1e-06,4.222693546480969,1.3286436361757787,6.46817362394918,0.6528417126661452,-1
2022-01-14 00:00:00+00:00,10.949999809265137,7.0,5.426238232193185,0.999,56.57168882186719,1e-06,4.097594812573187,1.3286436332884073,7.521445416365764,0.5447882136666593,-1
2022-01-17 00:00:00+00:00,11.369999885559082,7.0,5.8462383084871306,0.999,34.68100913977914,1e-06,4.517593435816752,1.3286436498253331,5.889096914567365,0.7671114096699547,-1
2022-01-18 00:00:00+00:00,11.600000381469728,6.650000095367432,6.352426807996095,0.999,57.47114950288634,1e-06,5.023782257515242,1.3286436618514532,7.581002824982423,0.6626804360182902,-1
2022-01-19 00:00:00+00:00,10.979999542236328,6.550000190734863,5.811336773179873,0.999,88.47371017720737,1e-06,4.482693725436537,1.3286436536455257,9.406070673069339,0.4765745316236039,-1
2022-01-20 00:00:00+00:00,10.979999542236328,6.75,5.653515164345518,0.999,74.81151176413579,1e-06,4.324871718445243,1.3286436508675403,8.649391197863713,0.5000203620705038,-1
2022-01-21 00:00:00+00:00,10.979999542236328,6.75,5.653515164345518,0.999,83.81997120458003,1e-06,4.32487150824854,1.3286436509375197,9.155349722110088,0.4723873625279451,-1
2022-01-24 00:00:00+00:00,10.859999656677246,6.75,5.533515278786436,0.999,74.85699828257859,1e-06,4.204871784473935,1.3286436488400686,8.652020377468208,0.4859988304494012,-1
2022-01-25 00:00:00+00:00,10.859999656677246,6.949999809265137,5.375693669952081,0.999,57.081439606727486,1e-06,4.04705029388539,1.3286436451845558,7.55525637792863,0.5356602200433788,-1
2022-01-26 00:00:00+00:00,10.699999809265137,7.849999904632568,4.505495830232585,0.999,81.22687726948062,1e-06,3.1768532658759354,1.3286436306895508,9.012621017164642,0.3524893879178522,-1
2022-01-27 00:00:00+00:00,10.899999618530272,7.800000190734863,4.744950853568111,0.999,89.67240753179257,1e-06,3.4163069486238036,1.3286436343702546,9.469575959955213,0.3607666238774182,-1
2022-01-28 00:00:00+00:00,10.899999618530272,7.800000190734863,4.744950853568111,0.999,89.8659675895995,1e-06,3.4163072153442497,1.3286436344220103,9.479790605238538,0.36037791947180736,-1
2022-01-31 00:00:00+00:00,10.899999618530272,7.800000190734863,4.744950853568111,0.999,89.09979377504602,1e-06,3.4163072152596214,1.3286436344742454,9.439293252389945,0.36192404705666315,-1
2022-02-01 00:00:00+00:00,10.899999618530272,7.800000190734863,4.744950853568111,0.999,90.36950338004341,1e-06,3.416307215261954,1.3286436345257844,9.50631199307141,0.3593725114168248,-1
2022-02-02 00:00:00+00:00,10.109999656677246,7.550000190734863,4.152228090896226,0.999,93.47547793137721,1e-06,2.8235850954099773,1.3286436259245185,9.668295778520168,0.29204579173954026,-1
2022-02-03 00:00:00+00:00,10.109999656677246,7.599999904632568,4.112772876825836,0.999,76.43853938919416,1e-06,2.784129299479317,1.3286436252702014,8.742940335993568,0.31844313154207543,-1
2022-02-04 00:00:00+00:00,9.880000114440918,7.449999809265137,4.001139729353471,0.999,76.48097598626794,1e-06,2.6724962483492307,1.3286436233256196,8.745366962901965,0.3055899494767935,-1
2022-02-07 00:00:00+00:00,10.039999961853027,7.099999904632568,4.437327580363899,0.999,78.97242648713062,1e-06,3.108683393728062,1.328643630924042,8.886669500813229,0.349814223815073,-1
2022-02-08 00:00:00+00:00,10.039999961853027,7.0,4.516238384781076,0.999,73.44027210893321,1e-06,3.1875946406465028,1.3286436324522266,8.56975737337276,0.3719585633253437,-1
2022-02-09 00:00:00+00:00,10.039999961853027,6.849999904632568,4.63460477954504,0.999,70.31698844312909,1e-06,3.305960971860298,1.3286436348193273,8.385550594484922,0.3942449496440448,-1
2022-02-10 00:00:00+00:00,10.010000228881836,7.099999904632568,4.4073278473927076,0.999,88.15310910228634,1e-06,3.0786844701246183,1.3286436313377308,9.389013815723844,0.3279028586547316,-1
2022-02-11 00:00:00+00:00,10.100000381469728,6.75,4.773516003578918,0.999,83.39408169197355,1e-06,3.4448719233729395,1.3286436374099313,9.132061871315468,0.3772282724226339,-1
2022-02-14 00:00:00+00:00,10.100000381469728,6.800000190734863,4.734060413232132,0.999,66.12188050896198,1e-06,3.4054168310298634,1.3286436366625558,8.131565276039415,0.4187898289477319,-1
2022-02-15 00:00:00+00:00,10.100000381469728,6.900000095367432,4.655149608814955,0.999,81.2418670731881,1e-06,3.3265060663676054,1.328643635386197,9.01345335610858,0.36906010770146963,-1
2022-02-16 00:00:00+00:00,9.800000190734863,6.800000190734863,4.4340602224972665,0.999,93.80954578929281,1e-06,3.105416822433908,1.3286436321959263,9.68555734683692,0.3206234511066176,-1
2022-02-17 00:00:00+00:00,9.800000190734863,6.849999904632568,4.3946050084268755,0.999,89.27388448753572,1e-06,3.065961417508283,1.328643631635928,9.448511037041971,0.32449148923978377,-1
2022-02-18 00:00:00+00:00,9.800000190734863,7.0,4.276238613662912,-0.999,1e-06,0.3324240115252807,-3.04756325956524,7.322003017942181,0.02179915525341769,-139.8018970981658,0
2022-02-21 00:00:00+00:00,9.800000190734863,7.050000190734863,4.236783023316125,-0.999,1e-06,0.3290643447560132,3.026973286678591,1.2116607302024036,0.021738053601545067,139.2476687270402,-1
2022-02-22 00:00:00+00:00,9.800000190734863,7.25,4.078961414481771,-0.4409021718051125,1e-06,0.2798414812449283,-1.3301067786679874,5.407572964995163,0.009661483212830214,-137.67107486163596,0
2022-02-23 00:00:00+00:00,10.100000381469728,7.699999809265137,4.02386279720114,-0.999,1e-06,0.2768787738197179,1.3269650308805128,2.697875421133554,0.009697210868173843,136.8398654953044,-1
2022-02-24 00:00:00+00:00,9.989999771118164,7.25,4.268960994865072,-0.999,1e-06,0.2645941504123091,-1.3235982397370403,5.591466818199289,0.009732339409279063,-136.00000822773274,0
2022-02-25 00:00:00+00:00,9.989999771118164,7.150000095367432,4.347871799282249,-0.999,1e-06,0.24892285816449236,1.3203403467150001,3.028559865328491,0.009766744493224585,135.1873541517289,-1
2022-03-02 00:00:00+00:00,9.989999771118164,7.150000095367432,4.347871799282249,-0.999,1e-06,0.24837870313591578,-1.3170126142606717,5.663824657520622,0.009800841401744942,-134.37750497892873,0
2022-03-03 00:00:00+00:00,9.989999771118164,7.050000190734863,4.426782603699426,-0.999,1e-06,0.24828432860076394,1.3137389589227906,3.114069397453155,0.009834646166278068,133.58273767158585,-1
2022-03-04 00:00:00+00:00,9.989999771118164,6.900000095367432,4.54514899846339,-0.999,1e-06,0.24735030906800026,-1.3102997953399236,5.85434224496839,0.009868136411473672,-132.7808758112058,0
2022-03-07 00:00:00+00:00,10.479999542236328,6.800000190734863,5.114059573998731,-0.999,1e-06,0.2487838225512789,1.3074002219966017,3.807481133047069,0.00990138725388494,132.04212586308307,-1
2022-03-08 00:00:00+00:00,10.479999542236328,6.650000095367432,5.232425968762695,-0.999,1e-06,0.2486550924662379,-1.3039593633959397,6.535289601432577,0.009934353979283963,-131.25759018805618,0
2022-03-09 00:00:00+00:00,10.479999542236328,6.650000095367432,5.232425968762695,-0.999,1e-06,0.24697796513999826,1.3005924947046597,3.932885915667179,0.009966991139141497,130.48998203651314,-1
2022-03-10 00:00:00+00:00,10.479999542236328,6.5,5.350792363526659,-0.999,1e-06,0.24700612154446863,-1.2971266153934267,6.6468215632261165,0.009999354870165358,-129.72103023002086,0
2022-03-11 00:00:00+00:00,10.479999542236328,6.25,5.5480695627078,-0.999,1e-06,0.24613439843602533,1.2939020486831827,4.255138038786026,0.010031419035421157,128.98494660769197,-1
2022-03-14 00:00:00+00:00,10.479999542236328,6.449999809265137,5.390247953873446,-0.999,1e-06,0.23843295799442346,-1.2905780764392696,6.67981038347077,0.010062955255433872,-128.25040394991058,0
2022-03-15 00:00:00+00:00,10.479999542236328,6.449999809265137,5.390247953873446,-0.23388564522977526,1e-06,0.2088251551286117,0.30162009438464227,5.089388649770109,0.0027350250014433943,110.2805620517048,-1
2022-03-16 00:00:00+00:00,10.479999542236328,6.349999904632568,5.469158758290623,-0.999,1e-06,0.2074419720812916,-0.3012727980802144,5.770103587650756,0.002909720522892337,-103.54011517942675,0
2022-03-17 00:00:00+00:00,10.479999542236328,6.75,5.153515164345518,-0.999,1e-06,0.2017994820880804,0.3008992948053857,4.853070039140804,0.003074133387889959,97.88101452940487,-1
2022-03-18 00:00:00+00:00,9.449999809265137,7.099999904632568,3.8473274277760083,-0.999,1e-06,0.19679275652053144,-0.300662341341745,4.148347660488278,0.0032298271850301975,-93.08929676958365,0
2022-03-21 00:00:00+00:00,9.34000015258789,6.949999809265137,3.855694165862726,-0.999,1e-06,0.20131859348126804,0.3003033469204765,3.5556850357629455,0.0033780141057387515,88.8993762371522,-1
2022-03-22 00:00:00+00:00,8.710000038146973,6.699999809265137,3.4229712506029495,-0.999,1e-06,0.20120632296416333,-0.2999849560420269,3.7228731635947017,0.0035196324766640433,-85.23189794133188,0
2022-03-23 00:00:00+00:00,8.989999771118164,6.5,3.8607925924084947,-0.999,1e-06,0.20023216118120907,0.29966582287989196,3.5612074592197875,0.0036554397178217043,81.9780507988966,-1
2022-03-24 00:00:00+00:00,9.300000190734863,6.599999904632568,4.091882207608017,-0.999,1e-06,0.2008870060230649,-0.2992602006759853,4.390729734517858,0.0037860599407230923,-79.04264733295008,0
2022-03-25 00:00:00+00:00,9.210000038146973,6.5,4.080792859437303,-0.999,1e-06,0.19992091550145386,0.2988769381453882,3.782220103890224,0.00391200522677178,76.3999332362917,-1
2022-03-28 00:00:00+00:00,9.3100004196167,6.599999904632568,4.101882436489853,-0.999,1e-06,0.1950523416116182,-0.29848452008068665,4.400050414076432,0.004033698118817603,-73.99773391276523,0
2022-03-29 00:00:00+00:00,9.199999809265137,6.849999904632568,3.794604626957149,-0.999,1e-06,0.19473939094281317,0.2980401554680793,3.4970278693319248,0.00415151926461712,71.7906232564638,-1
2022-03-30 00:00:00+00:00,9.350000381469728,6.699999809265137,4.062971593925705,-0.999,1e-06,0.1946724411862423,-0.29759411057329505,4.360122648270934,0.004265786413763378,-69.7630124220754,0
2022-03-31 00:00:00+00:00,9.34000015258789,6.650000095367432,4.092426579114258,-0.999,1e-06,0.19509962807365452,0.2971943588097187,3.795521412514405,0.004376776191274191,67.90257162388691,-1
2022-04-01 00:00:00+00:00,9.34000015258789,6.5,4.210792973878221,-0.999,1e-06,0.19521200541989936,-0.29676149685158176,4.50719016290841,0.00448472758219796,-66.1715770718317,0
2022-04-04 00:00:00+00:00,9.34000015258789,6.400000095367432,4.289703778295399,-0.999,1e-06,0.1952854064955983,0.2963618487278583,3.993604735941758,0.004589851615299015,64.56893894783377,-1
2022-04-05 00:00:00+00:00,9.0,6.25,4.068070020471472,-0.999,1e-06,0.1946759968942037,-0.29598746195236614,4.363867424784583,0.004692331999991445,-63.07896840055346,0
2022-04-06 00:00:00+00:00,9.0,5.849999904632568,4.383713614416577,-0.999,1e-06,0.19305740353623513,0.2956301941655349,4.088226092262158,0.004792329568487996,61.68820193616352,-1
2022-04-07 00:00:00+00:00,9.010000228881836,5.699999809265137,4.512080238062377,-0.999,1e-06,0.1938024688537666,-0.295168395328261,4.806878091574481,0.0048900051557332295,-60.3615713947038,0
2022-04-08 00:00:00+00:00,9.010000228881836,5.800000190734863,4.433169057368803,-0.999,1e-06,0.19136873472692192,0.2947102073304411,4.138807685610302,0.004985474330918222,59.11377489254098,-1
2022-04-11 00:00:00+00:00,9.010000228881836,5.75,4.47262464771559,-0.999,1e-06,0.19040467961673513,-0.29425534630159467,4.7665505605381,0.005078865565051759,-57.93721895818597,0
2022-04-12 00:00:00+00:00,9.010000228881836,5.550000190734863,4.630446256549945,-0.999,1e-06,0.17829997881307377,0.2938395121155488,4.336847542656217,0.005170206673462325,56.833223635676006,-1
2022-04-13 00:00:00+00:00,8.989999771118164,5.550000190734863,4.610445798786273,-0.999,1e-06,0.17482638675964476,-0.293376119938858,4.903498077120352,0.0052596528609622295,-55.77860891092842,0
2022-04-14 00:00:00+00:00,8.989999771118164,5.349999904632568,4.7682677838970235,-0.999,1e-06,0.17295737090219288,0.2929487159507118,4.475566269441858,0.00534730596179347,54.78435646731868,-1
2022-04-18 00:00:00+00:00,9.010000228881836,5.800000190734863,4.433169057368803,-0.999,1e-06,0.16914302504593087,-0.29257295522559146,4.725594327442244,0.005433227980139603,-53.848827307643,0
2022-04-19 00:00:00+00:00,9.010000228881836,5.800000190734863,4.433169057368803,-0.999,1e-06,0.16914963944071532,0.2920805353747027,4.141433553519441,0.00551753186676447,52.93680986857287,-1
2022-04-20 00:00:00+00:00,8.989999771118164,5.400000095367432,4.728812193550237,-0.999,1e-06,0.16103048663730854,-0.29146281014133624,5.019730118139245,0.005600193247411676,-52.0451343846118,0
2022-04-22 00:00:00+00:00,8.989999771118164,5.150000095367432,4.926089392731378,-0.999,1e-06,0.1577397108055806,0.291021387100593,4.635311462306982,0.005681326125208643,51.224200246013055,-1
2022-04-25 00:00:00+00:00,9.109999656677246,5.300000190734863,4.927722883526496,-0.999,1e-06,0.1542780816693933,-0.2904911469853531,5.217836845987156,0.0057609830393234454,-50.423885125596136,0
2022-04-26 00:00:00+00:00,8.119999885559082,5.349999904632568,3.8982678983379415,0.999,2.274216715879539,1e-06,-1.3194780112680258,5.217791168149019,1.5081278925637094,-0.8749112179239704,0
2022-04-27 00:00:00+00:00,8.25,5.699999809265137,3.752080009180541,-0.999,1e-06,0.1644880176148813,1.3119839102124138,2.441781041897954,0.015288748393193715,85.81368968021518,-1
2022-04-28 00:00:00+00:00,8.25,6.150000095367432,3.396980824888649,-0.999,1e-06,0.16559455693056366,-1.3043445685350106,4.699966343311166,0.015263698005187676,-85.45403401532857,0
2022-04-29 00:00:00+00:00,8.300000190734863,5.5,3.959901808749759,-0.999,1e-06,0.1645739351609017,1.2973192326368974,2.663815584848107,0.015238684935627054,85.13328007745928,-1
2022-05-02 00:00:00+00:00,8.300000190734863,5.099999904632568,4.275545402694863,-0.999,1e-06,0.16758676003841405,-1.2880513120989643,5.561873199488268,0.015214717695550068,-84.6582459085447,0
2022-05-03 00:00:00+00:00,8.300000190734863,5.150000095367432,4.2360898123480775,-0.999,1e-06,0.1677342326537612,1.2796304552316198,2.958006569223578,0.015191057709127964,84.23577078920046,-1
2022-05-04 00:00:00+00:00,8.300000190734863,5.400000095367432,4.038812613166936,-0.999,1e-06,0.1660214512158086,-1.2718639741122042,5.3092650971704245,0.015167242965529116,-83.85597679174744,0
2022-05-05 00:00:00+00:00,8.300000190734863,5.099999904632568,4.275545402694863,-0.999,1e-06,0.16561990220367956,1.264260675040869,3.012666748040832,0.01514360000819795,83.48481697591488,-1
2022-05-06 00:00:00+00:00,8.300000190734863,4.849999904632568,4.472822601876005,-0.999,1e-06,0.16627562765566886,-1.2555666156795455,5.726762365945017,0.01512038841644577,-83.03798692855813,0
2022-05-09 00:00:00+00:00,8.300000190734863,4.349999904632568,4.867377000238287,-0.999,1e-06,0.16209885939306765,1.2484145365841133,3.620257554880515,0.015096390073505842,82.69622939692584,-1
2022-05-10 00:00:00+00:00,8.300000190734863,4.400000095367432,4.8279214098915,-0.999,1e-06,0.14202083735205256,-1.2393820967841485,6.065588369875657,0.015066795513846912,-82.25917021606305,0
2022-05-11 00:00:00+00:00,8.149999618530273,4.400000095367432,4.67792083768691,0.999,11.3191492483617,1e-06,-1.3876648791764754,6.06558703782983,3.364457690189764,-0.4124483072629181,0
2022-05-12 00:00:00+00:00,8.0,4.400000095367432,4.527921219156637,0.999,10.698044307565063,1e-06,-1.5376643848135056,6.065587019048998,3.2708518171855236,-0.47011129539234914,0
2022-05-13 00:00:00+00:00,8.0,4.400000095367432,4.527921219156637,0.999,11.989459248191514,1e-06,-1.537665786885254,6.065587018878614,3.4626417011749133,-0.4440730285098532,0
2022-05-16 00:00:00+00:00,8.0,4.699999809265137,4.291188805905105,0.999,12.441881576011722,1e-06,-1.7743962725019655,6.0655869934409425,3.5273659972515867,-0.5030371880560508,0
2022-05-17 00:00:00+00:00,8.029999732971191,4.599999904632568,4.4000993432934745,0.999,14.620074008373201,1e-06,-1.6654883926668649,6.06558700318187,3.823676805255767,-0.43557248101554963,0
2022-05-18 00:00:00+00:00,8.0,4.050000190734863,4.804109222754955,0.999,9.171820252954051,1e-06,-1.2614822254403832,6.0655870615381176,3.0285725276463977,-0.4165269987510328,0
2022-05-19 00:00:00+00:00,8.0,4.25,4.646287613920601,0.999,16.488098446423326,1e-06,-1.419298469975462,6.065587048693596,4.060607189716865,-0.34952863048898497,0
2022-05-20 00:00:00+00:00,8.0,4.099999904632568,4.764654008684564,0.999,13.284603585290647,1e-06,-1.3009339320373576,6.065587060421933,3.644864453981427,-0.35692244484326346,0
2022-05-23 00:00:00+00:00,8.0,3.950000047683716,4.883020215310331,0.999,16.047072812615482,1e-06,-1.1825675843462824,6.0655870701485615,4.0059339878928455,-0.29520396190260806,0
2022-05-24 00:00:00+00:00,8.0,4.300000190734863,4.606832023573814,0.999,17.061466135350805,1e-06,-1.4587533991916892,6.065587048456773,4.130605456604191,-0.3531572827560597,0
2022-05-25 00:00:00+00:00,8.0,4.599999904632568,4.370099610322283,0.999,12.873047268850062,1e-06,-1.6954855631344423,6.065587023749605,3.5879637082099416,-0.47254813621856034,0
2022-05-26 00:00:00+00:00,8.0,4.400000095367432,4.527921219156637,0.999,17.772072208659132,1e-06,-1.537666694803145,6.0655870354887345,4.215745427734038,-0.36474372591080306,0
2022-05-27 00:00:00+00:00,8.0,4.449999809265137,4.488466005086247,0.999,4.585938493956898,1e-06,-1.5771201246255333,6.0655870235355325,2.141582778016468,-0.7364273474809415,0
2022-05-30 00:00:00+00:00,8.149999618530273,4.400000095367432,4.67792083768691,0.999,6.197421758761835,1e-06,-1.3876692578529826,6.065587064106195,2.4895503731564603,-0.5573975416667626,0
2022-05-31 00:00:00+00:00,7.710000038146973,4.400000095367432,4.23792125730361,0.999,10.75777590790885,1e-06,-1.827661648996714,6.06558700915563,3.279971983162751,-0.5572186769822253,0
2022-06-01 00:00:00+00:00,7.710000038146973,4.349999904632568,4.277376847650396,0.999,7.022673918262575,1e-06,-1.7882107044182916,6.065587016336138,2.650116076736717,-0.674766935726169,0
2022-06-02 00:00:00+00:00,7.800000190734863,4.400000095367432,4.3279214098915,0.999,8.61128127346275,1e-06,-1.7376661802236213,6.065587023930499,2.9345738320321866,-0.5921357851883695,0
2022-06-03 00:00:00+00:00,7.800000190734863,4.400000095367432,4.3279214098915,0.999,8.642925611930606,1e-06,-1.7376655936711678,6.0655870236607194,2.9399606994176066,-0.591050619831548,0
2022-06-06 00:00:00+00:00,7.619999885559082,4.300000190734863,4.226831909132896,0.999,8.770398383887228,1e-06,-1.8387539263708765,6.065587007911544,2.9615608530120943,-0.6208732548921788,0
2022-06-07 00:00:00+00:00,7.989999771118164,4.300000190734863,4.596831794691978,0.999,10.29128545437777,1e-06,-1.4687588386356927,6.065587056002198,3.208072748046262,-0.4578321484542945,0
2022-06-08 00:00:00+00:00,7.989999771118164,4.099999904632568,4.754653779802728,0.999,7.984195510350795,1e-06,-1.3109352608241203,6.065587082347255,2.8257108508199407,-0.46393114158999116,0
2022-06-09 00:00:00+00:00,7.769999980926514,4.400000095367432,4.297921200083151,0.999,9.196041201484487,1e-06,-1.7676608344601998,6.0655870152904505,3.03257126935947,-0.5828917698720926,0
2022-06-10 00:00:00+00:00,7.769999980926514,4.400000095367432,4.297921200083151,0.999,7.539602242039552,1e-06,-1.76766579138009,6.06558701497369,2.7459152470631683,-0.6437437547537773,0
2022-06-13 00:00:00+00:00,7.769999980926514,3.799999952316284,4.771386591000809,0.999,7.989065103070155,1e-06,-1.2942064077229236,6.065587094580506,2.8265729081629853,-0.45787122772787053,0
2022-06-14 00:00:00+00:00,7.769999980926514,3.0999999046325684,5.323762786335643,0.999,1.214603686448877,1e-06,-0.7418702846830578,6.0655877066905655,1.1022948704270055,-0.6730234391780061,0
2022-06-15 00:00:00+00:00,7.769999980926514,3.25,5.2053963915716785,0.999,0.4314554831218273,1e-06,-0.8601633598336075,6.065587334208438,0.6571961371615531,-1.3088381248688938,1
2022-06-17 00:00:00+00:00,7.769999980926514,3.049999952316284,5.363218188544232,-0.999,1e-06,0.11910785515082453,0.8489233601859344,4.515588541208932,0.021143431512979614,40.15068980949445,0
2022-06-20 00:00:00+00:00,7.769999980926514,3.049999952316284,5.363218188544232,-0.999,1e-06,0.11757562578479099,-0.8354358614530103,6.197235718752289,0.020988366233017492,-39.80471143765152,1
2022-06-21 00:00:00+00:00,7.769999980926514,3.0,5.40267359075282,-0.999,1e-06,0.11751325614283072,0.8226277940344952,4.581409483755242,0.020837006700830087,39.47917308111841,0
2022-06-22 00:00:00+00:00,7.769999980926514,3.0999999046325684,5.323762786335643,-0.999,1e-06,0.11398496645999265,-0.810128306344687,6.1325416790324185,0.02068465644802307,-39.16566409407853,1
2022-06-23 00:00:00+00:00,7.590000152587891,3.049999952316284,5.1832183602056086,-0.999,1e-06,0.11414577297891358,0.7963963925097703,4.38833739239193,0.020536225351733477,38.78007661434948,0
2022-06-24 00:00:00+00:00,7.590000152587891,3.0,5.222673762414197,-0.999,1e-06,0.10969617122446337,-0.7833219817669765,6.004534905857487,0.020385395181154804,-38.425646145487306,1
2022-06-27 00:00:00+00:00,7.590000152587891,3.0,5.222673762414197,-0.999,1e-06,0.10961586052982576,0.7709164589837498,4.453160725667752,0.02023816390195008,38.09221343984999,0
2022-06-28 00:00:00+00:00,7.590000152587891,3.0,5.222673762414197,-0.999,1e-06,0.10892481258366521,-0.758799212989079,5.980082832928866,0.020093572083030652,-37.763281205231664,1
2022-06-29 00:00:00+00:00,7.579999923706055,2.8499999046325684,5.331039928296326,-0.999,1e-06,0.10878770231058721,0.7478041351700461,4.58450807716576,0.019952280936433833,37.47963140417291,0
2022-06-30 00:00:00+00:00,7.579999923706055,2.700000047683716,5.449406134922091,-0.999,1e-06,0.10891499686032867,-0.735505142498344,6.18345512788713,0.019814519774065828,-37.11950382269711,1
2022-07-01 00:00:00+00:00,7.5,2.5999999046325684,5.448317203771412,-0.999,1e-06,0.10894921977399212,0.7243826340581541,4.725262253657025,0.019680040689041497,36.80798457197878,0
2022-07-04 00:00:00+00:00,7.5,2.5999999046325684,5.448317203771412,-0.999,1e-06,0.1069647760828322,-0.7133875570114946,6.1603739178446615,0.019546173992971105,-36.497554829299695,1
2022-07-05 00:00:00+00:00,7.5,2.5999999046325684,5.448317203771412,-0.999,1e-06,0.10419716667210265,0.7024343365208097,4.747227994521703,0.01941184961850179,36.18585298802782,0
2022-07-06 00:00:00+00:00,7.5,2.650000095367432,5.408861613424625,-0.3957636728044605,1e-06,0.09499996160393041,-0.2759575684576063,5.6838396951180705,0.0077725087315351086,-35.504311154772196,1
2022-07-07 00:00:00+00:00,7.5,2.650000095367432,5.408861613424625,0.999,1e-06,0.08340982475077267,-0.2756816011488586,5.684542373139282,0.00782899173477111,-35.21291252926817,1
2022-07-08 00:00:00+00:00,7.0,3.200000047683716,4.474851812853754,0.999,0.2464529039233056,1e-06,-1.2089294346973634,5.684160031376832,0.4967030410280723,-2.433907858093903,1
2022-07-11 00:00:00+00:00,7.0,2.900000095367432,4.711584414243483,-0.999,1e-06,0.08860116346025938,1.197423917662938,3.5165980623382698,0.01613971558487883,74.19114118620497,0
2022-07-12 00:00:00+00:00,7.0,3.150000095367432,4.514307215062342,0.999,1e-06,0.0848463299897308,1.196223663401806,3.318316971808596,0.01615461793187966,74.04840327676014,-1
2022-07-13 00:00:00+00:00,7.0,3.299999952316284,4.395941008436576,-0.4610877640203806,1e-06,0.0851986247067803,-0.5482255305663308,4.9422711310580425,0.007543840626339649,-72.67193962875852,0
2022-07-14 00:00:00+00:00,7.0,3.0999999046325684,4.5537628054091295,0.999,1e-06,0.08330187761490714,-0.5476751151271958,5.101247305306802,0.007602483307173036,-72.0389763448027,1
2022-07-15 00:00:00+00:00,7.0,3.0,4.632673609826306,0.09097145923572912,1e-06,0.08349673795313356,-0.049804319157585784,4.682977962590067,0.0015715864634161358,-31.690473490925104,1
2022-07-18 00:00:00+00:00,7.0,2.900000095367432,4.711584414243483,0.11005618857876666,1e-06,0.08357944211556469,-0.0054809254489962414,4.717024653231451,0.0014204911244257194,-3.8584721542783926,1
2022-07-19 00:00:00+00:00,6.320000171661377,3.0,3.9526737814876833,-0.3248501227344503,0.0006995522802883307,0.08444187738290432,-0.004503383247043617,3.9580748722287824,0.03732921911282771,-0.1206396317434909,1
2022-07-20 00:00:00+00:00,6.5,3.0,4.132673609826306,-0.5871590728850586,1e-06,0.08217167626499071,0.003967194773716593,4.128501994403303,0.015370522344019517,0.2581040959392105,0
2022-07-21 00:00:00+00:00,6.5,3.950000047683716,3.3830202153103306,-0.999,1.4024618640482255e-06,0.08187071090410639,-0.008165612354995706,3.3920791267593877,0.015327150192816524,-0.5327547686472556,0
2022-07-22 00:00:00+00:00,6.449999809265137,3.799999952316284,3.4513864193394315,-0.999,1e-06,0.08343887725697705,0.008439758668170833,3.4428861788659963,0.01524716394695736,0.553529738220925,0
2022-07-25 00:00:00+00:00,6.449999809265137,3.799999952316284,3.4513864193394315,-0.999,1e-06,0.08347106531161276,-0.008338708617811852,3.4597051130442305,0.015181647787131965,-0.5492624209659099,0
2022-07-26 00:00:00+00:00,6.550000190734863,4.25,3.1962878046554644,-0.999,1e-06,0.08369599581237337,0.006860538883406512,3.189747678721214,0.015117622513395584,0.45381070186978495,0
2022-07-27 00:00:00+00:00,7.0,4.0,3.843564813101742,-0.999,1.4628745904019645e-06,0.08302769786353212,-0.0032782821015231566,3.8460578549855717,0.015084736944581656,-0.21732444613167054,0
2022-07-28 00:00:00+00:00,6.78000020980835,4.0,3.6235650229100917,-0.999,2.0617591502782166e-06,0.08221348140111642,0.002047441747601279,3.621788556645059,0.015076299711822649,0.13580532270764692,0
2022-07-29 00:00:00+00:00,6.699999809265137,3.849999904632568,3.661931017130843,-0.999,1.999420902129309e-06,0.08225450667624058,-0.0018170059647028953,3.6636974103697995,0.015044559910385731,-0.12077494958483692,0
2022-08-01 00:00:00+00:00,6.699999809265137,3.799999952316284,3.7013864193394315,-0.999,1.4081130429305447e-06,0.08182151172554002,0.0020093925435845164,3.6993337621112192,0.014975885624424468,0.13417520632685379,0
2022-08-02 00:00:00+00:00,6.699999809265137,4.099999904632568,3.4646538179497015,-0.999,2.1093662890012715e-06,0.08079811086590068,-0.0032764311723550796,3.468214382429681,0.014973516286954732,-0.21881508054387874,0
2022-08-03 00:00:00+00:00,6.699999809265137,4.0,3.543564622366879,-0.9262851891519436,0.00016275424862403762,0.08052973274385124,0.0035291994000489018,3.539946925276788,0.02263295880868151,0.15593186157769076,0
2022-08-04 00:00:00+00:00,7.0,4.050000190734863,3.8041092227549553,-0.7878671383685351,0.000468996035809073,0.08071804781562451,0.00032809808704424657,3.8034575639937915,0.033819348598577485,0.00970149043787458,0
2022-08-05 00:00:00+00:00,6.980000019073486,4.199999809265137,3.665743223340874,-0.8560829808286466,0.00022847865374011402,0.08093821418638418,-0.0024151893813185265,3.6683226363050303,0.030516969230062443,-0.07914250471961382,0
2022-08-08 00:00:00+00:00,6.980000019073486,4.150000095367432,3.7051984374112648,-0.999,1.7124841721272067e-06,0.08070019689558923,0.0029906989036297153,3.7021665660094185,0.026101497015560422,0.11457959295770692,0
2022-08-09 00:00:00+00:00,6.659999847412109,4.0,3.5035646605138515,-0.9836939107057545,2.999350697979939e-05,0.0807169373444774,-0.006111343835175462,3.509910007305427,0.026375008257880247,-0.23170964632208343,0
2022-08-10 00:00:00+00:00,7.510000228881836,4.0,4.353565041983578,-0.6539106762413991,0.001653207698328685,0.08059518758180965,0.027632950746323194,4.3249356261774885,0.05936557631344489,0.46547094229193875,0
2022-08-11 00:00:00+00:00,8.0,4.0,4.843564813101742,0.999,5.164673970468866,1e-06,0.5186101791778205,4.324945126939076,2.2730464750944823,0.22815643448568895,0
2022-08-12 00:00:00+00:00,8.0,4.099999904632568,4.764654008684564,-0.7986018234876243,0.00021680979215826218,0.08991869182535764,-0.3867348909666947,5.1505055250811305,0.04064112639601606,-9.515850697597921,1
2022-08-15 00:00:00+00:00,8.0,4.0,4.843564813101742,-0.999,1.0416658392829414e-06,0.09001857346404639,0.3656571807939658,4.478630256113911,0.03672399418789877,9.956901172652309,0
2022-08-16 00:00:00+00:00,8.0,4.050000190734863,4.804109222754955,-0.999,1.026574938025964e-06,0.08984148879624648,-0.3458226130784603,5.149207875607274,0.035653546284396403,-9.699529194654273,1
2022-08-17 00:00:00+00:00,8.5,4.25,5.146287613920601,-0.9976133745190223,3.3715155297935747e-06,0.08997630213377707,0.33574823984023255,4.810904692506426,0.03469195640035352,9.677985178051568,0
2022-08-18 00:00:00+00:00,8.5,4.650000095367432,4.830644019975496,-0.9780620931387619,3.7142731940575164e-05,0.08981402307324281,-0.3197235160293729,5.150000072409083,0.03411380153598921,-9.372262885802174,1
2022-08-19 00:00:00+00:00,9.0,4.349999904632568,5.567376809503424,-0.9295811272288212,0.0002731107159365366,0.0898702015062827,0.300122110216801,5.267127575661028,0.03826478477584147,7.843298008206323,0
2022-08-22 00:00:00+00:00,9.279999732971191,4.199999809265137,5.965742937238579,0.16428190596288805,0.0049058023585035115,0.09045419907383928,0.08125339271098733,5.883815899905551,0.09803260320465366,0.828840508716902,0
2022-08-23 00:00:00+00:00,9.779999732971191,4.349999904632568,6.347376542474615,-0.999,1.1227156185442e-06,0.09773250226408985,-0.03734052882464936,6.384250344409693,0.06278348714217039,-0.5947507939483102,0
2022-08-24 00:00:00+00:00,12.0,4.300000190734863,8.606832023573814,-0.3861671508201145,0.006996642803899096,0.11906699231809541,0.16463485739206388,8.440546981578079,0.1181595828741379,1.3933263251904913,-1
2022-08-25 00:00:00+00:00,11.0,4.400000095367432,7.527921219156637,-0.5029488108852621,0.006598890007031193,0.12312074269425645,-0.15038429683822396,7.6788753235127025,0.11829506026244954,-1.2712643833527892,0
2022-08-26 00:00:00+00:00,9.489999771118164,4.550000190734863,5.899554595510837,0.999,25.082995850254843,1e-06,-1.779307727237243,7.678868817481707,5.009049343250455,-0.35521864635548206,0
2022-08-29 00:00:00+00:00,9.489999771118164,4.449999809265137,5.978465776204411,0.999,4.60023117234062,1e-06,-1.7004048599219963,7.678868959645186,2.1465813853294744,-0.7921455350089158,0
2022-08-30 00:00:00+00:00,9.800000190734863,4.300000190734863,6.406832214308677,0.999,5.412967981908142,1e-06,-1.2720452958169752,7.678869628093399,2.3282073476773766,-0.5463625467405082,0
2022-08-31 00:00:00+00:00,9.199999809265137,4.150000095367432,5.925198227602915,0.999,9.52158517313748,1e-06,-1.7536658988357718,7.678869197946817,3.086934992178004,-0.5680929152312544,0
2022-09-01 00:00:00+00:00,9.5,4.050000190734863,6.304109222754955,0.999,11.315311782649246,1e-06,-1.3747635909753482,7.678869480675307,3.364951003452075,-0.40855382130824186,0
2022-09-02 00:00:00+00:00,9.510000228881836,4.050000190734863,6.314109451636791,0.999,10.372961216345608,1e-06,-1.364760119279338,7.6788694877322525,3.221885424596695,-0.42359051903596917,0
2022-09-05 00:00:00+00:00,10.199999809265137,4.0,7.043564622366879,0.999,14.639472973522539,1e-06,-0.6353102607433664,7.678869909703701,3.8271475600934495,-0.16600098396202254,0
2022-09-06 00:00:00+00:00,9.6899995803833,3.849999904632568,6.6519307882490075,0.999,15.31121561360359,1e-06,-1.0269363421568116,7.6788696923123085,3.9139241289070275,-0.26238023741241656,0
2022-09-08 00:00:00+00:00,9.020000457763672,3.849999904632568,5.981931665629379,0.999,6.757517734417962,1e-06,-1.6969272541765381,7.678868849616055,2.600981585224575,-0.6524180193417329,0
2022-09-09 00:00:00+00:00,9.899999618530272,4.300000190734863,6.5068316421040855,0.999,25.68801741715677,1e-06,-1.1720394170838864,7.678869022483383,5.069083338305747,-0.23121328628138518,0
2022-09-12 00:00:00+00:00,9.899999618530272,5.699999809265137,5.402079627710813,0.999,42.06608761703357,1e-06,-2.276786542611541,7.678868799320677,6.4864225186724696,-0.35100805352370335,0
2022-09-13 00:00:00+00:00,9.109999656677246,5.599999904632568,4.690990470274964,0.999,19.149567770621474,1e-06,-2.98787428758718,7.678868483069423,4.376889105745389,-0.6826479299338661,0
2022-09-14 00:00:00+00:00,9.149999618530272,6.800000190734863,3.784059650292675,0.999,13.388659254423779,1e-06,-3.8948014596356133,7.678867906043979,3.6600888961235256,-1.0641275581477478,0
2022-09-15 00:00:00+00:00,9.149999618530272,6.5,4.020792439820602,0.999,10.965050853527801,1e-06,-3.6580777698835876,7.67886808634944,3.3124980492720355,-1.1043260148296534,0
2022-09-16 00:00:00+00:00,9.210000038146973,7.25,3.4889612618938806,0.999,14.948445425997393,1e-06,-4.18990293805914,7.6788677821311255,3.867303828144368,-1.083417058563398,0
2022-09-19 00:00:00+00:00,9.5,7.050000190734863,3.9367828325812617,0.999,17.393378049918596,1e-06,-3.7420877167076596,7.678867998760998,4.171447293590934,-0.8970717962700983,0
2022-09-20 00:00:00+00:00,9.100000381469728,7.050000190734863,3.53678321405099,0.999,18.82366585974418,1e-06,-4.142082457691453,7.678867816568279,4.339500124793174,-0.9545068184296618,0
2022-09-21 00:00:00+00:00,9.100000381469728,7.400000095367432,3.2605952104526716,0.999,17.055764069428907,1e-06,-4.4182708228807615,7.678867676935733,4.130782073977764,-1.0695966874442635,0
2022-09-22 00:00:00+00:00,9.100000381469728,7.449999809265137,3.2211399963822815,0.999,16.25617647702641,1e-06,-4.457727387726899,7.678867654004051,4.032836960534774,-1.1053577001376673,0
2022-09-23 00:00:00+00:00,9.699999809265137,8.350000381469727,3.1109410555939068,0.999,16.53382256869237,1e-06,-4.567925846022546,7.6788675950770555,4.0671145843126935,-1.1231367475215812,0
2022-09-26 00:00:00+00:00,9.300000190734863,7.900000095367432,3.0660406213555245,0.999,15.76929145948674,1e-06,-4.612826633360582,7.678867568417098,3.9720134607884305,-1.161332074752071,0
2022-09-27 00:00:00+00:00,9.199999809265137,6.949999809265137,3.715693822539972,0.999,18.128243368852235,1e-06,-3.9631776064699773,7.678867870844369,4.2586199457268465,-0.9306248636830531,0
2022-09-28 00:00:00+00:00,9.300000190734863,6.75,3.9735158128440533,0.999,13.635662076229078,1e-06,-3.7053540779824528,7.678868029100753,3.6936788638566593,-1.0031608633441411,0
2022-09-29 00:00:00+00:00,9.300000190734863,7.199999809265137,3.618417004828558,0.999,15.564278114566642,1e-06,-4.060448523025544,7.678867833117915,3.946122221591806,-1.0289718095420826,0
2022-09-30 00:00:00+00:00,9.09000015258789,7.099999904632568,3.4873277710987622,0.999,13.910113934281553,1e-06,-4.191539007813504,7.678867750507734,3.7306457091716654,-1.1235425002992776,0
2022-10-03 00:00:00+00:00,9.5,7.550000190734863,3.5422284342189796,0.999,13.864733533446037,1e-06,-4.1366397131181705,7.678867781607668,3.7245587666886744,-1.1106388628137709,0
2022-10-04 00:00:00+00:00,10.229999542236328,7.400000095367432,4.390594371219271,0.999,19.232761181715357,1e-06,-3.288278173188179,7.678868154913707,4.386384234767692,-0.7496557522536167,0
2022-10-05 00:00:00+00:00,10.229999542236328,7.800000190734863,4.074950777274167,0.999,18.141981149630734,1e-06,-3.6039154701847584,7.678868005392361,4.2602332826845695,-0.8459432221311987,0
2022-10-06 00:00:00+00:00,10.229999542236328,7.800000190734863,4.074950777274167,0.999,15.75117773294193,1e-06,-3.6039172032797917,7.678868003445119,3.9697336442262774,-0.9078486181362464,0
2022-10-07 00:00:00+00:00,10.229999542236328,8.149999618530273,3.7987631499522445,0.999,17.28820762352339,1e-06,-3.8801030974323667,7.678867865761274,4.1588238838336675,-0.9329808632953287,0
2022-10-10 00:00:00+00:00,9.100000381469728,8.600000381469727,2.313664428617357,0.999,27.369563168893166,1e-06,-5.365197534021447,7.678867402877325,5.2323200057299415,-1.0253955278243667,0
2022-10-11 00:00:00+00:00,8.970000267028809,8.149999618530273,2.538763874744725,0.999,17.25531115847656,1e-06,-5.140104909874519,7.67886751123594,4.154867221908585,-1.2371285615989802,0
2022-10-13 00:00:00+00:00,8.789999961853027,8.199999809265137,2.319307979222157,0.999,18.3742660471771,1e-06,-5.3595582056682884,7.67886740721014,4.287409185093983,-1.2500692082999312,1
2022-10-14 00:00:00+00:00,9.199999809265137,7.949999809265137,2.926585025815408,0.999,14.347029649229977,1e-06,-4.752286933830774,7.678867764298042,3.7887520534204,-1.2543145782106584,1
2022-10-17 00:00:00+00:00,9.149999618530272,8.199999809265137,2.6793076358994012,0.7176736274869215,0.07578964885819126,0.1303610935215591,-3.9813497250997907,6.661425346034095,0.35889373738068925,-11.093394256909685,1
2022-10-18 00:00:00+00:00,9.149999618530272,6.900000095367432,3.705148845875498,0.5010483512217173,0.05625071701708822,0.1515169694965715,-2.1818690879332894,5.88745271317473,0.34270016663397884,-6.366699816238013,1
2022-10-19 00:00:00+00:00,9.59000015258789,6.449999809265137,4.500248564225008,0.999,15.168090124822621,1e-06,-1.387216827790509,5.887460167412003,3.9024921342901027,-0.3554694743908448,1
2022-10-20 00:00:00+00:00,9.59000015258789,6.400000095367432,4.539703778295399,0.999,14.179865681702278,1e-06,-1.3477568247701543,5.887460334567365,3.7737542866169322,-0.357139528015848,1
2022-10-21 00:00:00+00:00,9.59000015258789,6.699999809265137,4.3029713650438675,0.999,15.38044663087822,1e-06,-1.5844864579300153,5.887459370892471,3.9296060063074005,-0.4032176394749907,1
2022-10-24 00:00:00+00:00,9.59000015258789,6.599999904632568,4.381882169461044,0.999,15.081035133401189,1e-06,-1.505578033358997,5.887459690098338,3.8913227657242944,-0.386906490158177,1
2022-10-25 00:00:00+00:00,9.59000015258789,7.099999904632568,3.9873277710987622,0.999,15.924219044328131,1e-06,-1.9001278834444175,5.887458141663377,3.9981968157916543,-0.47524620997633077,1
2022-10-26 00:00:00+00:00,9.279999732971191,6.550000190734863,4.111336963914736,0.999,16.518788061070737,1e-06,-1.77612237715053,5.887458601876092,4.07187276254615,-0.4361929953921048,1
2022-10-27 00:00:00+00:00,9.25,7.050000190734863,3.6867828325812617,0.957259641553304,0.43697836254702727,1e-06,-2.1975636020973504,5.884460883584974,0.7059193915307426,-3.1130517569889524,1
2022-10-28 00:00:00+00:00,9.25,6.849999904632568,3.8446048176920122,0.962371718027053,0.5256827835979526,1e-06,-2.0401992459507965,5.884789800857466,0.7661708829945985,-2.6628514489830595,1
2022-10-31 00:00:00+00:00,9.25,6.699999809265137,3.962971212455977,0.999,19.60585210749359,1e-06,-1.9218195536932936,5.884790172758757,4.434770460849288,-0.43335265503803605,1
2022-11-01 00:00:00+00:00,9.25,6.849999904632568,3.8446048176920122,0.988336047630083,1.7192109490816476,1e-06,-2.0401186031266936,5.884731608578537,1.334371948371045,-1.528898000004571,1
2022-11-03 00:00:00+00:00,9.25,6.849999904632568,3.8446048176920122,0.999,20.225523928347528,1e-06,-2.040126774452132,5.884731602271378,4.504093978102346,-0.4529494243172238,1
2022-11-04 00:00:00+00:00,9.0,6.699999809265137,3.712971212455977,0.999,19.89957876857351,1e-06,-2.171759299999978,5.884731184190741,4.467764363033412,-0.48609530931605593,1
2022-11-07 00:00:00+00:00,9.0,6.050000190734863,4.225891629305827,0.8619013123953706,0.15517032588446475,0.06448450727042726,-1.7292389504585879,5.955034197188719,0.5068071816759658,-3.4120253480626497,1
2022-11-08 00:00:00+00:00,9.0,6.25,4.068070020471472,0.8687137796488273,0.15508900461593403,0.06398104322826478,-1.7521220290454391,5.820366140781038,0.5419169350550394,-3.233192977937636,1
2022-11-09 00:00:00+00:00,9.279999732971191,6.150000095367432,4.4269805578598405,0.6047210256260964,0.04827496937508629,0.17070737658138016,-1.0806024866417174,5.50772169168869,0.3824535754442743,-2.8254474687194224,1
2022-11-10 00:00:00+00:00,9.300000190734863,5.650000095367432,4.8415354139857945,0.9877259442247673,1.7299390626674036,1e-06,-0.6665102733208685,5.508022501353981,1.3520806356297645,-0.49295157090274067,1
2022-11-11 00:00:00+00:00,9.300000190734863,5.550000190734863,4.920446218402972,0.9264559376780582,0.2574723931280669,1e-06,-0.5884238050128946,5.508858436542662,0.5961956994106434,-0.9869641890985936,1
2022-11-14 00:00:00+00:00,10.600000381469728,5.550000190734863,6.220446409137837,0.29781969197527614,0.028497106925341326,0.20160093394327352,-0.14964968368004222,6.369777626589409,0.2558368294631567,-0.5849419100215726,1
2022-11-16 00:00:00+00:00,10.899999618530272,5.900000095367432,6.244257642600062,0.999,17.9130014562946,1e-06,-0.12552029862005692,6.369777807352095,4.236761973673269,-0.029626469317848163,1
2022-11-17 00:00:00+00:00,10.899999618530272,7.900000095367432,4.666040049150933,0.999,39.01479581557611,1e-06,-1.7037321733658148,6.369776267994424,6.2491557335709516,-0.27263397585264726,1
2022-11-18 00:00:00+00:00,10.850000381469728,5.699999809265137,6.352080390650269,0.1915431902319175,0.06361020249887656,0.1828167521756387,-0.26036145310679243,6.612327847400811,0.3408981506168829,-0.7637514390607495,1
2022-11-21 00:00:00+00:00,9.899999618530272,5.199999809265137,5.796634026073095,0.4104862164648356,0.09690303027396246,0.15462902946774953,-0.3278870433596298,6.124783607465136,0.42002475344856255,-0.7806374283123859,1
2022-11-22 00:00:00+00:00,9.800000190734863,5.400000095367432,5.538812613166936,0.5403011736605751,0.12323724590779447,0.13091650880863517,-0.3332226819811851,5.872186076976896,0.4797656162765929,-0.6945530706583121,1
2022-11-23 00:00:00+00:00,9.800000190734863,5.25,5.6571790079309,0.4417804123384903,0.09687815771542667,0.15663658559059462,-0.1638706696317877,5.82107330021946,0.4441821517761543,-0.3689267319195895,1
2022-11-24 00:00:00+00:00,9.8100004196167,5.300000190734863,5.627723646465949,0.4535604637503834,0.09977909963660916,0.15373502936020436,-0.10575292471795952,5.733518529619024,0.44770396505848764,-0.23621172241381436,1
2022-11-25 00:00:00+00:00,9.8100004196167,5.550000190734863,5.430446447284808,0.4591952268522294,0.10149455569634551,0.15227417594565684,-0.11727622694191563,5.547812486768093,0.45117359194664786,-0.259935929396736,1
2022-11-28 00:00:00+00:00,9.8100004196167,5.400000095367432,5.548812842048772,0.45656191350669156,0.10086101078288595,0.1528871986769736,-0.03903701121427472,5.587830651650956,0.4504478332720317,-0.08666266841758727,1
2022-11-29 00:00:00+00:00,11.8100004196167,5.400000095367432,7.548812842048772,0.4418748153843513,0.1330172765835876,0.13884826777405399,0.6850636924845506,6.863098034987303,0.497659489192811,1.37657114424906,0
2022-11-30 00:00:00+00:00,11.8100004196167,5.75,7.2726248384504535,0.7619131819226357,0.304743255660795,1e-06,0.41943803170336774,6.853222909126622,0.6458334441983891,0.6494523246995606,0
2022-12-01 00:00:00+00:00,11.8100004196167,5.550000190734863,7.430446447284808,0.4428406715737142,0.10301541957339545,0.17937008396845194,0.27867105818322757,7.1516520351604544,0.45845704681205784,0.6078455116373582,0
2022-12-02 00:00:00+00:00,11.989999771118164,5.650000095367432,7.531534994369095,0.4015670915757611,0.09536082872526108,0.18612873505965793,0.17019710384615253,7.361254157952198,0.43915786878228485,0.38755335141342706,0
2022-12-05 00:00:00+00:00,11.989999771118164,5.849999904632568,7.373713385534741,0.3916300599617229,0.09150345172926794,0.1892842711385349,0.05498232423364869,7.318748155010306,0.4280826507257335,0.12843857171141254,0
2022-12-06 00:00:00+00:00,10.300000190734863,5.800000190734863,5.723169019221831,0.3237401245844815,0.09904386400303512,0.1919395236472105,-0.36464513670622734,6.088298487462092,0.43472518244121067,-0.8387946027385692,0
2022-12-07 00:00:00+00:00,10.300000190734863,5.699999809265137,5.802080199915404,0.6430322485005924,0.1871101483959306,0.11374082221564125,-0.26204261497910414,6.064139371866232,0.5680838676089773,-0.4612745228658261,0
2022-12-08 00:00:00+00:00,10.300000190734863,5.5,5.959901808749759,0.4766953436473071,0.11411069393054983,0.18695408451490236,-0.12000675065628133,6.079902448212962,0.4898731818406346,-0.2449751386784874,0
2022-12-09 00:00:00+00:00,9.800000190734863,5.599999904632568,5.380991004332581,0.4386432901349787,0.10918082118795426,0.1925609732250127,-0.20059366406858242,5.5817738701404025,0.47400074282888366,-0.423192720904654,0
2022-12-12 00:00:00+00:00,9.649999618530272,5.650000095367432,5.191534841781203,0.5462162710644307,0.13766407018449883,0.1665637149283078,-0.2028276591114373,5.3944480219721775,0.523022211053969,-0.3877993225234333,0
2022-12-13 00:00:00+00:00,8.8100004196167,5.5,4.469902037631595,0.42505061484617407,0.10220294626512796,0.20546763757428113,-0.25021387976880904,4.720353572430168,0.46417297199259966,-0.5390531006031911,0
2022-12-14 00:00:00+00:00,8.8100004196167,5.349999904632568,4.588268432395559,0.4428293263514393,0.10337469644966703,0.20558886858900993,-0.11546541605028074,4.703740029999906,0.46089952613837726,-0.25052188058794883,0
2022-12-15 00:00:00+00:00,8.8100004196167,4.75,5.061733635175019,0.48981740953923014,0.11777358429181345,0.1926722342655003,0.05414870680434259,5.007462645169898,0.4873754533129211,0.1111026549167962,0
2022-12-16 00:00:00+00:00,8.8100004196167,4.400000095367432,5.337921638773336,0.5436508026136171,0.13056320871040875,0.18225726202203865,0.11928513605321434,5.218547426620969,0.5161557580366274,0.23110298431418377,0
2022-12-19 00:00:00+00:00,8.949999809265137,4.599999904632568,5.32009941958742,0.5031643939306112,0.11594335838267684,0.19715607604642776,0.06983959436360455,5.2502478496157785,0.4968849450165877,0.1405548609674078,0
2022-12-20 00:00:00+00:00,8.949999809265137,4.849999904632568,5.122822220406278,0.5076657795850402,0.11759809687380027,0.19564755251392565,-0.004599171291126816,5.12746858108994,0.49806882213062503,-0.009234007604516597,0
2022-12-21 00:00:00+00:00,9.199999809265137,4.849999904632568,5.372822220406278,0.4892249517033376,0.1137643611365617,0.1992745591864707,0.05562907083230784,5.317121846120025,0.48967527287112506,0.11360400231389375,0
2022-12-22 00:00:00+00:00,8.949999809265137,4.849999904632568,5.122822220406278,0.474040693324371,0.11097569719806596,0.2020026128099405,-0.024081866955687724,5.146967495692411,0.48174443948312595,-0.04998888410943711,0
2022-12-23 00:00:00+00:00,8.949999809265137,4.949999809265137,5.0439114159891005,0.5017602057284559,0.11816750913141481,0.19525235017923015,-0.035353012215611795,5.079290899956028,0.49430694616532633,-0.0715203629847184,0
2022-12-26 00:00:00+00:00,8.949999809265137,4.949999809265137,5.0439114159891005,0.4921271834819249,0.11511819521545628,0.19832357616722673,-0.021740561449881467,5.06565717194798,0.4905160267968075,-0.04432181674440441,0
2022-12-27 00:00:00+00:00,8.949999809265137,4.800000190734863,5.162277434476669,0.49298080010879297,0.11552949032682926,0.1979726746383027,0.015400514939077629,5.146845891325372,0.4909929725249178,0.031366059803016946,0
2022-12-28 00:00:00+00:00,8.949999809265137,4.949999809265137,5.0439114159891005,0.48992743612538514,0.1149461660014622,0.19855120219931865,-0.019117998778245923,5.063061314316411,0.4897492749745593,-0.03903629827576373,0
2022-12-29 00:00:00+00:00,9.5,5.0,5.554456016377178,0.5030793204103575,0.1124092891447421,0.19806408787430793,0.10950610951654964,5.44480319444531,0.4869557061883,0.22487899438271483,0
2023-01-02 00:00:00+00:00,9.5,5.050000190734863,5.515000426030391,0.4759567134621481,0.10690766033809708,0.20234906712784384,0.056107745547239365,5.458887420654607,0.47470494540387176,0.11819498846700185,0
2023-01-03 00:00:00+00:00,10.0,4.800000190734863,6.212277625211533,0.4440861123569152,0.10349968600147909,0.20747376191032108,0.18049960040502383,6.031568543282261,0.4631354178423508,0.38973395998503635,0
2023-01-04 00:00:00+00:00,10.0,4.800000190734863,6.212277625211533,0.49629038218881866,0.1137283716945717,0.19865594274722073,0.1125792412461527,6.099671638367283,0.48279671066234053,0.23318145869657475,0
2023-01-05 00:00:00+00:00,10.0,4.949999809265137,6.093911606723964,0.4750747754427893,0.10725587873782359,0.20521873024193799,0.040195791910129924,6.053732960107389,0.4733593660387301,0.08491601686580154,0
2023-01-06 00:00:00+00:00,10.0,5.75,5.462624418833754,0.4709580768921245,0.10915747080743551,0.2056407073190911,-0.1215529526302384,5.58435283708145,0.4751703249749972,-0.25580922511656073,0
2023-01-09 00:00:00+00:00,10.199999809265137,5.800000190734863,5.623168637752104,0.4927702831711217,0.11329541508573752,0.20241968817412004,-0.03588113491848069,5.659021234377724,0.4841863387678597,-0.07410604563893672,0
2023-01-10 00:00:00+00:00,10.100000381469728,6.400000095367432,5.049704007177237,0.380816471707667,0.08397482006131184,0.23047875771684395,-0.10508987559537757,5.1549588528065104,0.4207272184373697,-0.24978149972253685,0
2023-01-11 00:00:00+00:00,9.359999656677246,6.400000095367432,4.3097032823847545,0.5349613619130956,0.11929576345435436,0.20108280472347664,-0.27892543674082343,4.588860322466534,0.4879305478493518,-0.5716498751107943,0
2023-01-12 00:00:00+00:00,9.600000381469728,6.25,4.6680704019412005,0.7033484027203034,0.1903740550890229,0.12923498346318146,-0.05807903637752998,4.726066048207686,0.5970417294490468,-0.09727801845798219,0
2023-01-13 00:00:00+00:00,9.59000015258789,6.099999904632568,4.7764365678233265,0.6301573627854546,0.15165087570655947,0.16675954872145213,-0.007810105887401643,4.784221191216391,0.57606988960883,-0.01355756658745861,0
2023-01-16 00:00:00+00:00,10.100000381469728,5.800000190734863,5.523169209956696,0.5956676043503137,0.14217742847008946,0.17912013019381656,0.20468772369794994,5.318269593059096,0.5661116613534056,0.3615677571604904,0
2023-01-17 00:00:00+00:00,10.100000381469728,5.849999904632568,5.483713995886306,0.6677176399405395,0.1699436507587086,0.15292098416264777,0.14762021607697098,5.3360853852826065,0.6080865124796574,0.2427618653717622,0
2023-01-18 00:00:00+00:00,10.100000381469728,5.449999809265137,5.79935758983141,0.6283551137635696,0.13830605789916092,0.18426778329581675,0.1897006857462163,5.609551147233825,0.5757825151401886,0.32946586733365624,0
2023-01-19 00:00:00+00:00,10.100000381469728,5.5,5.759901999484624,0.608130468785253,0.12936282232896468,0.1928085349844741,0.12364538500127482,5.636246675305757,0.5571852586224033,0.22191072554033162,0
2023-01-20 00:00:00+00:00,10.100000381469728,5.650000095367432,5.6415356047206595,0.6207089853843155,0.13551595039610795,0.18661460103973002,0.05769233975270127,5.583863777620819,0.5621665194382336,0.10262500123691562,0
2023-01-23 00:00:00+00:00,10.100000381469728,5.599999904632568,5.680991195067446,0.6255789398044594,0.13749554276711945,0.18468004107818692,0.05280991669244169,5.628163722166492,0.5652879899405443,0.09342126072410652,0
2023-01-24 00:00:00+00:00,10.100000381469728,5.800000190734863,5.523169209956696,0.6200077291150824,0.13434517086587514,0.18770366233183447,-0.0034074885069450764,5.526616219520046,0.5609518640928282,-0.00607447577067182,0
2023-01-25 00:00:00+00:00,10.100000381469728,5.949999809265137,5.404803191469128,0.6293132911512866,0.13794058950777632,0.1843570740338154,-0.03518992705637307,5.440027579749073,0.5664054745783175,-0.06212850799609869,0
2023-01-26 00:00:00+00:00,10.100000381469728,5.949999809265137,5.404803191469128,0.6080870165564122,0.12794794874160081,0.19404275259120135,-0.02472940158764666,5.429536540392381,0.5506253801722372,-0.04491148152290262,0
2023-01-27 00:00:00+00:00,10.100000381469728,6.0,5.365347601122341,0.6104527143705855,0.1282828389475337,0.19368995285058185,-0.027290332931563986,5.39265201099806,0.5480442477772671,-0.04979585688974362,0
2023-01-30 00:00:00+00:00,10.1899995803833,6.199999809265137,5.29752519120156,0.6083560324344881,0.12759883083402196,0.19438314113590605,-0.03611577447806713,5.333663494259904,0.5453032787136556,-0.06623062044164216,0
2023-01-31 00:00:00+00:00,10.1899995803833,6.400000095367432,5.139703206090809,0.6265843396852355,0.13421109698883463,0.18788878265609385,-0.0694338952609257,5.209186625759862,0.5561046562393557,-0.12485760455679464,0
2023-02-01 00:00:00+00:00,10.18000030517578,5.900000095367432,5.52425832924557,0.7430876937297444,0.1868173655877397,0.13382131387115576,0.11765271172881206,5.406495301206354,0.6320380655051757,0.18614814225591703,0
2023-02-02 00:00:00+00:00,10.18000030517578,5.599999904632568,5.7609911187734975,0.43887273794044124,0.08160663882036673,0.23323252568350944,0.07483440925348986,5.686077414973966,0.4493677154780419,0.1665326784187873,0
2023-02-03 00:00:00+00:00,10.149999618530272,5.550000190734863,5.770445646198381,0.5589429283135637,0.1137897935831562,0.2006171287272892,0.05241651006333174,5.718016550579368,0.4941969842776721,0.10606400227218045,0
2023-02-06 00:00:00+00:00,9.0,5.349999904632568,4.7782680127788595,0.567550355233569,0.13168162917012902,0.1868815816937092,-0.25188949631260366,5.03044004961437,0.5257592675291711,-0.47909663579753803,0
2023-02-07 00:00:00+00:00,9.0,5.150000095367432,4.936089621613214,0.6995214527678436,0.1898953032919211,0.13161718191567673,-0.1372052602997311,5.073270431299875,0.6120697983321127,-0.22416603575869087,0
2023-02-08 00:00:00+00:00,9.0,5.449999809265137,4.699357208361682,0.5621181312426832,0.11918930929863988,0.2019609753384317,-0.13847938161641288,4.837919786802444,0.5305706430243496,-0.26100083643349564,0
2023-02-09 00:00:00+00:00,9.0,5.099999904632568,4.97554521196,0.5632662852994159,0.11891908406823079,0.20223506225085755,-0.02964711080368155,5.005131116722157,0.521171825635776,-0.056885482570964235,0
2023-02-10 00:00:00+00:00,9.0,5.050000190734863,5.015000426030391,0.78614066038318,0.2420710620298414,0.07875405520104711,-0.0014169946904592189,5.0164073060351555,0.6600918688392485,-0.0021466628470230378,0
2023-02-13 00:00:00+00:00,9.0,5.050000190734863,5.015000426030391,0.4519415016095489,0.08766011008820104,0.2276845984961046,-0.0007218897015714403,5.015722520871656,0.45896627048213406,-0.001572860029154454,0
2023-02-14 00:00:00+00:00,9.0,4.949999809265137,5.093911606723964,0.5836065895918252,0.13117654372773258,0.18154702069910522,0.023402474588644282,5.070485612928729,0.5230147678165181,0.04474534186930309,0
2023-02-15 00:00:00+00:00,9.0,5.0,5.054456016377178,0.999,41.52093140888959,1e-06,-0.016029299474540324,5.070485410764035,6.454722276593781,-0.002483344563509112,0
2023-02-16 00:00:00+00:00,9.0,5.0,5.054456016377178,0.999,35.49461684129259,1e-06,-0.016029394276284147,5.070485410698889,5.969683919602162,-0.0026851328298387353,0
2023-02-17 00:00:00+00:00,9.0,5.199999809265137,4.896634407542823,-0.9082520407675833,0.0012444933375779584,0.24538415542414305,-0.04652604978084793,4.943185073693759,0.19898652415888257,-0.2338150785713448,0
2023-02-22 00:00:00+00:00,9.0,5.0,5.054456016377178,-0.42423060444313804,0.014491338094364028,0.22234300870650187,0.03068722331696174,5.023739710417538,0.17714701477501052,0.17323025937488548,0
2023-02-23 00:00:00+00:00,9.0,4.949999809265137,5.093911606723964,-0.32295012254499184,0.018024134682382405,0.21784731740031427,-0.0023013106703616447,5.096182765924823,0.18818062353116413,-0.012229264773269976,0
2023-02-24 00:00:00+00:00,9.0,5.25,4.857178817196036,-0.30866166802365963,0.017778243806431185,0.21822152359451846,-0.021641860966675232,4.878910812187127,0.18681726186606828,-0.11584508171514987,0
2023-02-27 00:00:00+00:00,9.0,5.099999904632568,4.97554521196,-0.2854186974234321,0.018072036859445695,0.21793964560188125,0.014505648114091985,4.961005361746648,0.18787454340549323,0.07720922617378857,0
2023-02-28 00:00:00+00:00,9.0,5.050000190734863,5.015000426030391,-0.3149466528904211,0.017243157593810815,0.2181970134148835,0.0008098527059398723,5.014168507094271,0.18427272374088088,0.004394859366591142,0
2023-03-01 00:00:00+00:00,9.0,4.800000190734863,5.212277625211533,-0.24763948233718816,0.018693939087370635,0.21458289298655997,0.018031903928097955,5.194169292489402,0.19031439451718432,0.09474797728171726,0
2023-03-02 00:00:00+00:00,9.0,4.75,5.251733215558319,-0.24628995506837337,0.01819639161496591,0.2148138853369141,0.0011719470356427236,5.2505374578841115,0.18794110244812617,0.006235714382734314,0
2023-03-03 00:00:00+00:00,8.890000343322754,4.849999904632568,5.0628227544638955,-0.45906071038186685,0.011551915083065111,0.21699393528569774,-0.016785626393405237,5.079678966409231,0.15720914970148187,-0.10677257923777839,0
2023-03-06 00:00:00+00:00,8.890000343322754,4.849999904632568,5.0628227544638955,-0.4175557917668855,0.011793139393665285,0.2168070129655351,0.005178022341307905,5.057654082728239,0.15613787884957514,0.03316314003661126,0
2023-03-07 00:00:00+00:00,8.890000343322754,5.0,4.944456359699932,-0.18025923693180937,0.013877059468181683,0.21343814845752282,-0.008517587207582077,4.953019763594465,0.16445299690362053,-0.051793444740772354,0
2023-03-08 00:00:00+00:00,8.890000343322754,5.0,4.944456359699932,-0.7501353513149887,0.004199006678917726,0.20944611363026486,0.005125539652653283,4.939336703392245,0.11828761852666783,0.043331159393472235,0
2023-03-09 00:00:00+00:00,8.890000343322754,5.150000095367432,4.826089964935968,-0.2916541482917488,0.018395527337195353,0.1842512037755833,-0.012754670404317502,4.83889562560137,0.1881465506648846,-0.0677911466314116,0
2023-03-10 00:00:00+00:00,8.890000343322754,5.0,4.944456359699932,-0.15290668504119453,0.025841545251120073,0.17484140815115898,0.015321162533701442,4.929088830876378,0.2199071894120761,0.06967103974482468,0
2023-03-13 00:00:00+00:00,8.0,4.949999809265137,4.093911606723964,-0.0074596432015636895,0.0364197362952602,0.16620325712736822,-0.13551764143482228,4.229799315241856,0.2586656782061122,-0.5239104096633879,0
2023-03-14 00:00:00+00:00,8.0,4.75,4.251733215558319,0.09351228207954801,0.04037684135862386,0.16428492563052288,-0.006983135635155236,4.258701297383421,0.2735083672502182,-0.02553170751360136,0
2023-03-15 00:00:00+00:00,8.0,4.849999904632568,4.172822411141142,0.07043842977361311,0.037014377769451504,0.16766190719172264,-0.013144061022405545,4.1860028696163445,0.2627715021941999,-0.050020877121947166,0
2023-03-16 00:00:00+00:00,8.5,4.900000095367432,4.633366820794355,-0.057563898546042123,0.03083301074754383,0.17242446473605344,0.06195009941401554,4.571230055384829,0.2393332063273548,0.2588445638808746,0
2023-03-17 00:00:00+00:00,9.199999809265137,4.699999809265137,5.491188615170242,0.12678955863808347,0.04384818201773636,0.16597022618596596,0.17002391095183822,5.320768413773479,0.2843338635670192,0.5979727803746548,0
2023-03-20 00:00:00+00:00,9.199999809265137,4.550000190734863,5.60955463365781,0.14052168137432125,0.04026285383123725,0.17313383006098293,0.06325506769589587,5.546189604046145,0.27556647157600095,0.22954558780003897,0
2023-03-21 00:00:00+00:00,9.199999809265137,4.5,5.649010224004597,0.015405213411065101,0.03136355427569397,0.18192878342657326,0.013630041913720456,5.635339122771225,0.24270453976668016,0.05615899037909823,0
2023-03-22 00:00:00+00:00,9.199999809265137,4.5,5.649010224004597,0.007476356639631228,0.02883888979424217,0.1831132990456033,0.001725868982807533,5.647278683682122,0.23292127432481738,0.007409666582884758,0
2023-03-23 00:00:00+00:00,9.199999809265137,4.199999809265137,5.885743013532524,-0.1043935012046473,0.02542906704657092,0.18349484366061897,0.02800642046936809,5.857637196708248,0.21859944933033082,0.12811752525070144,0
2023-03-24 00:00:00+00:00,9.199999809265137,4.25,5.846287423185737,-0.05496116201413802,0.027033339651255726,0.18193197368153488,-0.0027268527616143975,5.849018468077482,0.22517752446023787,-0.012109791011118025,0
2023-03-27 00:00:00+00:00,9.199999809265137,4.199999809265137,5.885743013532524,-0.11759408540431747,0.024581776623231022,0.1832411148554858,0.004564067797879848,5.881163621782907,0.21508849878809821,0.02121948790193703,0
2023-03-28 00:00:00+00:00,8.5,4.5,4.94901041473946,-0.0965583427365245,0.028955848360452497,0.18246785379407082,-0.12294899135087087,5.0723514278894575,0.23238936515949754,-0.5290646207776606,0
2023-03-29 00:00:00+00:00,7.949999809265137,4.300000190734863,4.5568318328389505,0.09717981219580295,0.03173577002788323,0.18410035722375923,-0.07486409669815733,4.631908919762271,0.24498463183038163,-0.3055869102433759,0
2023-03-30 00:00:00+00:00,8.449999809265137,4.400000095367432,4.977921028421774,-0.08599089026771471,0.0234428353520584,0.19125100592225575,0.04211977338654922,4.9356644519867245,0.21060398291724255,0.19999514160708115,0
2023-03-31 00:00:00+00:00,8.0,4.199999809265137,4.685743204267387,-0.09526990657768519,0.023947742982700568,0.19035709966701647,-0.030833117741552715,4.716678968990703,0.21268642016375675,-0.14496984677166,0
2023-04-03 00:00:00+00:00,8.0,4.0,4.843564813101742,-0.062049269954661174,0.02540793659622383,0.18863651123933164,0.015977280559891963,4.827535074317254,0.21881657042665317,0.07301677623746283,0
2023-04-04 00:00:00+00:00,8.0,4.0,4.843564813101742,-0.2398697053376658,0.014189593294826441,0.18657389739969207,-0.0020721080633303735,4.845628486477262,0.16680076476913985,-0.01242265325460749,0
2023-04-05 00:00:00+00:00,8.0,3.900000095367432,4.922475617518919,-0.30689781574467034,0.015838240417798365,0.17788289592013232,0.008111486639855866,4.914329040048439,0.17570103994980216,0.04616641223167103,0
2023-04-06 00:00:00+00:00,8.0,3.75,5.040842012282884,0.03617353847111997,0.03156416684005234,0.1622531327662208,0.01913285562440195,5.0216484634045875,0.24189860743277733,0.0790945257083338,0
2023-04-10 00:00:00+00:00,8.0,3.75,5.040842012282884,0.10201481180297182,0.0330686237498503,0.1602693797300267,0.004403093794068631,5.036430908164238,0.2491327706381211,0.01767368372611391,0
2023-04-11 00:00:00+00:00,8.0,4.050000190734863,4.804109222754955,0.08988234184957397,0.03235652741205295,0.160862021463345,-0.031700728982684216,4.835916991324709,0.2466002814904719,-0.1285510656803896,0
2023-04-12 00:00:00+00:00,8.0,4.300000190734863,4.606832023573814,0.5032331388286443,0.06115499934023097,0.13061657381265682,-0.07384542929680508,4.680784565244406,0.3388731873687535,-0.217914641964424,0
2023-04-13 00:00:00+00:00,8.0,4.099999904632568,4.764654008684564,-0.175995686809362,0.02018741080717976,0.15793176561220917,0.021780143207232996,4.742845796186396,0.19534392524980243,0.11149639375466079,0
2023-04-14 00:00:00+00:00,8.0,4.300000190734863,4.606832023573814,0.09771611385063221,0.038802570279879676,0.13643397364161458,-0.02492602928305934,4.63183074186337,0.26549496203452616,-0.093885130972157,0
2023-04-17 00:00:00+00:00,8.0,4.25,4.646287613920601,0.14567457469514752,0.042289659116244764,0.13284018057260835,-0.00013521752005462477,4.646413715550467,0.2789980906153818,-0.00048465392632751565,0
2023-04-18 00:00:00+00:00,8.899999618530273,4.0,5.743564431632016,0.17119567429599744,0.05122599223055985,0.12913255171732252,0.24722740521455494,5.495801680024227,0.3050999247796431,0.8103161788489909,0
2023-04-19 00:00:00+00:00,8.899999618530273,3.799999952316284,5.901386228604569,0.45570507003471905,0.07782353932522412,0.1084612490611068,0.21201760354939175,5.689221325682321,0.37611385731250957,0.5637059082702934,0
2023-04-20 00:00:00+00:00,8.899999618530273,3.849999904632568,5.86193082639598,0.23775238727548353,0.04768762666685343,0.13825397922844107,0.07023499368286996,5.791641004819654,0.3051390476585016,0.2301737329975347,0
2023-04-24 00:00:00+00:00,8.899999618530273,3.799999952316284,5.901386228604569,0.32375565744563295,0.05519583844176253,0.13028595009076294,0.04181353461753337,5.859530546267911,0.32439338340507756,0.12889761862164692,0
2023-04-25 00:00:00+00:00,8.899999618530273,3.900000095367432,5.8224752360491925,0.30013514227587673,0.05288258517315248,0.13224189374131665,0.0025296973220566496,5.8199691825103566,0.31892318742521825,0.007931995608346346,0
2023-04-26 00:00:00+00:00,8.899999618530273,3.900000095367432,5.8224752360491925,0.2914935465889567,0.05208828583913387,0.1328416911462289,0.0010918581905397283,5.821382534082223,0.31607932076194295,0.0034543803368967244,0
2023-04-27 00:00:00+00:00,8.800000190734863,4.099999904632568,5.564654199419428,0.2860599014216701,0.05170775290110873,0.13356847206946598,-0.05107558396831579,5.615852288233638,0.31455082153282904,-0.16237625360321983,0
2023-04-28 00:00:00+00:00,8.800000190734863,4.199999809265137,5.485743395002251,0.30077936197304345,0.05265692808022087,0.13308991823522137,-0.03882044117452893,5.524618735556133,0.3175718076327657,-0.1222414592274519,0
2023-05-02 00:00:00+00:00,8.010000228881836,4.099999904632568,4.7746542375664,0.24022089813737052,0.048691433610596066,0.1397446649431343,-0.145868743460575,4.920865194231657,0.30464419245270197,-0.4788167543460461,0
2023-05-03 00:00:00+00:00,8.5,4.300000190734863,5.106832023573814,0.26436001776050533,0.04890466402971686,0.13964749762721565,0.00403111664210791,5.102695295786609,0.3053553540285009,0.01320139499414724,0
2023-05-04 00:00:00+00:00,8.5,4.199999809265137,5.185743204267387,0.2731119704850083,0.04920094861660338,0.13952373427722714,0.01669510134443684,5.169009507562658,0.30662724541066777,0.05444754696236138,0
2023-05-05 00:00:00+00:00,8.399999618530273,4.25,5.046287232450874,0.35114101808187936,0.05695869959612887,0.13164570412933307,-0.023089382053980846,5.069438538406183,0.3300253040423156,-0.06996245976041988,0
2023-05-08 00:00:00+00:00,8.699999809265137,4.150000095367432,5.425198227602915,0.21822415854355773,0.04571426344016622,0.14067237987308442,0.05587210006055755,5.369160856261368,0.2961096339800046,0.1886872078749401,0
2023-05-09 00:00:00+00:00,8.899999618530273,4.150000095367432,5.625198036868052,0.31475050468485355,0.05608532016070446,0.13067886680400548,0.07186454052952226,5.5532181057295285,0.32499330717830716,0.22112621688573383,0
2023-05-10 00:00:00+00:00,9.199999809265137,4.150000095367432,5.925198227602915,0.5423648373532538,0.07651042995979329,0.10336737238059454,0.15129084309216873,5.773732516371769,0.3820073805745169,0.3960416755944246,0
2023-05-11 00:00:00+00:00,9.199999809265137,4.199999809265137,5.885743013532524,0.18382966356265346,0.043215342467154805,0.12957524443835122,0.040414452940108286,5.845290144893028,0.28959667115659804,0.13955427311612417,0
2023-05-12 00:00:00+00:00,9.199999809265137,4.099999904632568,5.964653817949701,-0.23986934940461824,0.011628703677751857,0.15100043129557733,0.0038913617744049337,5.960705169335129,0.15198665874470607,0.025603311544214573,0
2023-05-15 00:00:00+00:00,9.100000381469728,4.0,5.9435651945714705,-0.999,1e-06,0.16259653938782936,-0.005342270556830479,5.948913818366009,0.09453363841118002,-0.05651184749278279,0
2023-05-16 00:00:00+00:00,9.100000381469728,3.75,6.140842393752612,0.7326984380465348,1e-06,0.15738379782381937,-0.006069309520939968,6.14678792236619,0.06913679836737367,-0.08778696243192156,0
2023-05-17 00:00:00+00:00,8.600000381469727,3.849999904632568,5.561931589335433,-0.999,1.3052953433338294e-06,0.1552118529514793,-0.026259898687662302,5.588530096771352,0.06519047616416743,-0.402818022398436,0
2023-05-18 00:00:00+00:00,8.600000381469727,3.900000095367432,5.522475998988646,0.048306183556823465,0.001073093163869651,0.15566926655045193,-0.0016223192277412732,5.524138612809308,0.04638216262492772,-0.03497722262026159,0
2023-05-19 00:00:00+00:00,8.600000381469727,3.900000095367432,5.522475998988646,-0.999,1e-06,0.1567131056278696,0.001576837170547515,5.520901198353683,0.032392704134403275,0.04867877544291851,0
2023-05-22 00:00:00+00:00,8.5,4.050000190734863,5.304109222754955,-0.999,1e-06,0.15669759835032201,-0.004371779322614284,5.308614608881121,0.031952998770252594,-0.13681906208703942,0
2023-05-23 00:00:00+00:00,8.5,3.950000047683716,5.383020215310331,-0.999,1e-06,0.15675203853829991,0.0052532522958972094,5.377723467424651,0.031530870647776314,0.16660663622581226,0
2023-05-24 00:00:00+00:00,8.5,3.900000095367432,5.422475617518919,0.5016273352745152,1e-06,0.13777499410931615,0.0025600154259101796,5.419885131421784,0.01585804733209416,0.16143320626424895,0
2023-05-25 00:00:00+00:00,8.5,3.900000095367432,5.422475617518919,0.999,1e-06,0.12492642570536476,0.002557455561346082,5.419918135559919,0.01587378208632141,0.16111192326054835,0
2023-05-26 00:00:00+00:00,8.989999771118164,3.849999904632568,5.951930978983871,0.999,1e-06,0.12621108680489357,0.002558038239941429,5.94895410557367,0.015889469794143306,0.16098952784971438,0
2023-05-29 00:00:00+00:00,8.989999771118164,3.799999952316284,5.991386381192459,0.8366891865789707,1e-06,0.12735823926843823,0.002129745723346295,5.989225050223265,0.013343021445690266,0.15961495168204146,0
2023-05-30 00:00:00+00:00,8.5,3.799999952316284,5.501386610074295,0.9945315380198728,1e-06,0.1281089372770524,0.002118056639968972,5.499650407582077,0.013308090911670985,0.1591555583762559,0
2023-05-31 00:00:00+00:00,8.5,3.900000095367432,5.422475617518919,0.2837149661736034,1e-06,0.1159709683142404,0.000624196593053527,5.421918317720527,0.0040205772402231495,0.15525049159828674,0
2023-06-01 00:00:00+00:00,8.5,3.849999904632568,5.461931207865707,0.999,1e-06,0.10575018542738968,0.00062392742002497,5.46127010356131,0.004139410322706895,0.150728575179511,0
2023-06-02 00:00:00+00:00,9.010000228881836,4.25,5.656287842802437,0.999,1e-06,0.10574427987396054,0.0006251104280332458,5.655479246513463,0.004254698034533741,0.14692239565756862,0
2023-06-05 00:00:00+00:00,9.010000228881836,4.25,5.656287842802437,0.999,1e-06,0.10517245339620358,0.0006244870366007523,5.655663181043332,0.004366721696067418,0.14301049621805595,0
2023-06-06 00:00:00+00:00,9.0,4.25,5.646287613920601,0.999,1e-06,0.10267361916874089,0.0006237670131327425,5.645673566932656,0.0044757268160353315,0.13936664116718478,0
2023-06-07 00:00:00+00:00,9.100000381469728,4.150000095367432,5.825198799807507,0.999,1e-06,0.09920969864547503,0.0006249103751733949,5.824393926644656,0.004581929244716577,0.13638586320248813,0
2023-06-09 00:00:00+00:00,9.100000381469728,4.25,5.746287995390329,0.999,1e-06,0.09761613723925762,0.0006234958749207159,5.745744986738702,0.0046855199933224755,0.1330686617086866,0
2023-06-12 00:00:00+00:00,9.149999618530272,4.25,5.796287232450872,0.999,1e-06,0.09624370987401037,0.0006233796590221066,5.795612093160551,0.004786669030470096,0.13023245498151453,0
2023-06-13 00:00:00+00:00,9.199999809265137,4.300000190734863,5.8068318328389505,-0.999,1e-06,0.0939725538250037,-0.0006171331425784989,5.8074364024663465,0.004883353946642729,-0.12637485411082552,0
2023-06-14 00:00:00+00:00,9.149999618530272,4.199999809265137,5.835742822797659,-0.999,1e-06,0.09371539146918124,0.0006302356720847672,5.8350831320970835,0.004977790263724065,0.12660952725904226,0
2023-06-15 00:00:00+00:00,9.199999809265137,4.059999942779541,5.996218139716572,-0.999,1e-06,0.09363807512326067,-0.0005461931943779333,5.996592121596453,0.0050700973743211305,-0.10772834406381925,0
2023-06-16 00:00:00+00:00,9.199999809265137,3.9700000286102295,6.067237863692032,-0.999,1e-06,0.09383305510826062,0.0005830949228316446,6.066580299144485,0.0051603911790771536,0.11299432593323691,0
2023-06-19 00:00:00+00:00,9.09000015258789,3.940000057220459,5.980911448339939,0.999,1e-06,0.09383571186935158,0.0005815691526895602,5.980421600237923,0.005251513328904535,0.11074315464241152,0
2023-06-20 00:00:00+00:00,8.720000267028809,3.930000066757202,5.618802643222574,-0.999,1e-06,0.09423859204980276,-0.0007874854551853211,5.619971994815391,0.00533800833159952,-0.14752420870601246,0
2023-06-21 00:00:00+00:00,8.649999618530273,3.740000009536743,5.698732711254874,-0.999,1e-06,0.0945659376748027,0.0008325974065598601,5.697817929068505,0.0054227756913172685,0.15353712820778884,0
2023-06-22 00:00:00+00:00,8.649999618530273,3.7899999618530273,5.659277309046286,-0.999,1e-06,0.09452044828368307,-0.0008546955889641353,5.660171767387757,0.005505873505478574,-0.15523342265558365,0
2023-06-23 00:00:00+00:00,8.880000114440918,3.7799999713897705,5.8971688853986475,-0.999,1e-06,0.09466851295235845,0.001001714304749797,5.8959185633863935,0.005587378293750177,0.17928163301029312,0
2023-06-26 00:00:00+00:00,8.880000114440918,3.7799999713897705,5.8971688853986475,0.999,1e-06,0.09427381593850388,0.0010007153180430493,5.896167905872945,0.005670835700555657,0.17646699197174662,0
2023-06-27 00:00:00+00:00,8.5,3.7699999809265137,5.5250598513994476,-0.999,1e-06,0.09396886951325784,-0.0012478640515946704,5.526700218990144,0.005749234979315074,-0.2170487127564462,0
2023-06-28 00:00:00+00:00,8.5600004196167,3.700000047683716,5.640297834108171,0.011162073524933437,1e-06,0.09242121930132721,-1.3135452281181535e-05,5.6401883495178415,0.0014156232245439934,-0.009278918326175938,0
2023-06-29 00:00:00+00:00,8.5600004196167,3.849999904632568,5.521931627482406,0.999,1e-06,0.09033368440268269,-1.4427978039721945e-05,5.522076661472342,0.0017326197219448359,-0.008327261808798291,0
2023-06-30 00:00:00+00:00,7.800000190734863,3.809999942779541,4.79349572036744,-0.02185333792002667,0.0011681901694568441,0.09203757021986463,-0.009111927785561318,4.803387649115653,0.048184752551323505,-0.18910396553050343,0
2023-07-03 00:00:00+00:00,8.600000381469727,4.139999866485596,5.3330900683874205,-0.7871211087696581,0.00030728874435507363,0.09075421813489877,0.017789000284569128,5.314750695841512,0.03591789500271815,0.4952684527649216,0
2023-07-04 00:00:00+00:00,8.600000381469727,3.950000047683716,5.483020596780057,0.999,2.8309325027838903,1e-06,0.16825927755859318,5.314756003375522,1.6828880313825558,0.09998245541051347,0
2023-07-05 00:00:00+00:00,8.600000381469727,3.9700000286102295,5.467238435896622,-0.999,1e-06,0.0915551984104656,-0.1605603236310876,5.627465072855849,0.03355964424172297,-4.784327344908838,1
2023-07-06 00:00:00+00:00,8.600000381469727,3.920000076293945,5.50669383810521,-0.999,1e-06,0.08422027383747101,0.1532975263319152,5.353712560167451,0.03268444785994699,4.690228422667436,0
2023-07-07 00:00:00+00:00,8.789999961853027,3.9800000190734863,5.649346935838205,0.46408196867748414,0.004412542842331641,0.07926125757302215,0.08220558765628368,5.5668746596594305,0.0940771985567836,0.8738099020525744,0
2023-07-10 00:00:00+00:00,8.029999732971191,3.880000114440918,4.968257511373546,-0.21994753686632323,0.003234637740887856,0.0808599447475429,-0.04634126038461482,5.015237514326789,0.08042756943368516,-0.5761862593998258,0
2023-07-11 00:00:00+00:00,8.220000267028809,3.75,5.260842279311692,0.5335840267573698,0.011442746385577381,0.07026178758038028,0.010095641277551099,5.2504193734327345,0.14978514452739203,0.06740081808116061,0
2023-07-12 00:00:00+00:00,8.220000267028809,3.5999999046325684,5.379208674075656,0.29477699352357,0.009153570090033343,0.07115415522530227,0.013034600558986012,5.366027705090938,0.13679520020696775,0.09528551103594998,0
2023-07-13 00:00:00+00:00,8.220000267028809,3.690000057220459,5.308188761961999,0.999,8.98245018306535,1e-06,-0.0578373461604196,5.366026896982062,2.998698789324324,-0.01928748107890212,0
2023-07-14 00:00:00+00:00,7.800000190734863,3.539999961853028,5.006555080432016,0.999,9.996843848516725,1e-06,-0.35946847747696903,5.3660265757239305,3.1633193162746065,-0.11363648166265733,0
2023-07-17 00:00:00+00:00,7.800000190734863,3.25,5.235396601380028,0.9170823484642072,0.12546662959417468,1e-06,-0.13205602709984884,5.3672943121317065,0.36770426311064447,-0.3591365136283785,0
2023-07-18 00:00:00+00:00,7.800000190734863,3.2300000190734863,5.251178762263464,0.999,10.327704395545112,1e-06,-0.11611572019523256,5.367294329393569,3.215189970018176,-0.03611473078667763,0
2023-07-19 00:00:00+00:00,7.800000190734863,3.180000066757202,5.290634164472053,0.999,10.027581387117277,1e-06,-0.07666059897605909,5.3672943711436245,3.168173690763103,-0.024197094748802807,0
2023-07-20 00:00:00+00:00,7.800000190734863,3.0799999237060547,5.369545157027428,0.9714254209569849,0.3589927676641944,1e-06,0.0021703586043093637,5.367353439377087,0.6072367922479065,0.0035741553081376984,0
2023-07-21 00:00:00+00:00,7.800000190734863,3.180000066757202,5.290634164472053,0.9820555869331205,0.5867403194667423,1e-06,-0.07668244773704182,5.3673300463887905,0.7723244962137549,-0.09928786166044196,0
2023-07-24 00:00:00+00:00,7.800000190734863,3.380000114440918,5.1328123674995005,0.999,10.55444879295171,1e-06,-0.23451602304790614,5.367329886683421,3.2502607089506945,-0.07215298834400785,0
2023-07-25 00:00:00+00:00,8.100000381469727,3.5899999141693115,5.267099868958292,0.9977322301118757,4.792851332150371,1e-06,-0.10023344664909922,5.367330525022625,2.1914831081591837,-0.04573772267553272,0
2023-07-26 00:00:00+00:00,8.100000381469727,3.549999952316284,5.298664190725162,0.999,10.663830053896557,1e-06,-0.0686666607900582,5.367330556440316,3.2670442202373113,-0.021017977156449506,0
2023-07-27 00:00:00+00:00,8.100000381469727,3.630000114440918,5.235535359053222,0.999,8.661900801140952,1e-06,-0.1317943901184366,5.3673304787544565,2.9447664905649886,-0.04475546381714982,0
2023-07-28 00:00:00+00:00,8.100000381469727,3.640000104904175,5.227644278611505,0.6903176122660868,0.029869269936143018,0.048419816096601814,-0.10807470036563524,5.3357803511089665,0.2336837685666335,-0.46248270056813295,0
2023-07-31 00:00:00+00:00,8.100000381469727,3.5999999046325684,5.259208788516574,0.8613199718151148,0.0771534952173243,0.0008687459981723128,-0.07750752423416782,5.336695324415311,0.32037170178860813,-0.24192999506963275,0
2023-08-01 00:00:00+00:00,8.100000381469727,3.690000057220459,5.188188876402917,0.999,3.0750559763386294,1e-06,-0.14850339879116886,5.336694586429815,1.7608386383026853,-0.0843367447538037,0
2023-08-02 00:00:00+00:00,8.0,3.690000057220459,5.08818849493319,0.12092348111486845,0.005401361013443836,0.06579470680599897,-0.024811677059651573,5.113253735176774,0.10533368287156175,-0.23555311447626495,0
2023-08-03 00:00:00+00:00,8.0,3.640000104904175,5.127643897141779,0.999,7.553000941758294,1e-06,0.014389105889377099,5.113254272571341,2.749343504200525,0.005233651548958148,0
2023-08-04 00:00:00+00:00,8.0,3.549999952316284,5.198663809255436,0.999,6.291753304666298,1e-06,0.08540833104622794,5.1132543492305365,2.509510523837765,0.03403386048192936,0
2023-08-07 00:00:00+00:00,8.0,3.660000085830689,5.1118617362583425,0.999,7.210015108353383,1e-06,-0.0013913286360155708,5.113254267570349,2.686243822359223,-0.0005179457741083314,0
2023-08-08 00:00:00+00:00,9.18000030517578,3.549999952316284,6.378664114431215,0.3580437245705496,0.023672363502599096,0.05292036557975786,0.3572921646277925,6.019771397911426,0.20440600096152578,1.7479534013047084,-1
2023-08-09 00:00:00+00:00,9.0,3.470000028610229,6.261792452789178,0.999,11.808215390369547,1e-06,0.24202291059281872,6.019770515348181,3.438963387929033,0.07037670463208,-1
2023-08-10 00:00:00+00:00,9.0,3.509999990463257,6.230228131022306,0.9339180883583528,0.16924067277041832,1e-06,0.21057709950013553,6.019660218075611,0.4329959451162522,0.4863258002187505,-1
2023-08-11 00:00:00+00:00,8.5,3.4600000381469727,5.769683533230895,0.7528820959212144,0.04644834718530652,0.03672077574125318,-0.05012861028875312,5.820295971763917,0.2849711155675757,-0.1759076887105284,0
2023-08-14 00:00:00+00:00,8.5,3.430000066757202,5.793356774556049,0.999,11.17765034358914,1e-06,-0.026939579164594957,5.820296146710511,3.3485085116412603,-0.00804524733054676,0
2023-08-15 00:00:00+00:00,8.0,3.390000104904175,5.324921096322919,0.46944220068417,0.01773396615097306,0.06704107619891933,-0.05903600848681553,5.384466949793288,0.20561037148088554,-0.28712563506215827,0
2023-08-16 00:00:00+00:00,8.0,3.400000095367432,5.317030015881201,0.6756004466038066,0.028735039219468832,0.05686895860665517,-0.04716802889843322,5.3642292193513965,0.24999184135997907,-0.18867827302617043,0
2023-08-17 00:00:00+00:00,8.0,3.2799999713897705,5.4117231693200125,0.5745441433842948,0.019592348140876722,0.06586714065435136,-0.017868204696458848,5.429510070837909,0.22118745153530914,-0.08078308499162967,0
2023-08-18 00:00:00+00:00,7.599999904632568,3.2799999713897705,5.011723073952581,0.4354039215703626,0.015763965202041826,0.07003726076691452,-0.04458814193565487,5.056741276195385,0.19057842113991688,-0.23396217509284334,0
2023-08-21 00:00:00+00:00,7.599999904632568,3.2300000190734863,5.051178476161169,0.5788520137086443,0.02154494865740396,0.06470984507143418,-0.02209305079309484,5.073249053380727,0.21665987372008727,-0.10197112374226644,0
2023-08-22 00:00:00+00:00,7.599999904632568,3.2799999713897705,5.011723073952581,0.5041681877917784,0.017190084458196784,0.06882847493891267,-0.017052848180401807,5.02883042797958,0.19890200545976652,-0.08573492329041006,0
2023-08-23 00:00:00+00:00,8.0,3.25,5.435396410645165,0.3609793708210474,0.014432629907269368,0.07197165971467155,0.03383933221976529,5.401125923535451,0.17573143131830102,0.19256277585580214,0
2023-08-24 00:00:00+00:00,7.5,3.380000114440918,4.832812176764637,0.10158880029753814,0.011631363177387605,0.0748135013509653,-0.054542584327502204,4.887927062162509,0.1496833630519816,-0.36438641686959433,0
2023-08-25 00:00:00+00:00,7.21999979019165,3.390000104904175,4.54492088651457,0.8757441407284349,0.10574955473887201,1e-06,-0.3387542778179731,4.883953393462669,0.34158733977472167,-0.9917061857192455,0
2023-08-28 00:00:00+00:00,7.21999979019165,3.3299999237060547,4.5922675573030745,0.5898342433710059,0.026121245917242342,0.06366319715390191,-0.22337782922615707,4.815745532863109,0.22362615918794693,-0.9988895308013533,0
2023-08-29 00:00:00+00:00,8.0,3.2300000190734863,5.451178571528601,0.6444489102742038,0.04399153418144603,0.04921056518481382,0.16758342885337887,5.282786677705762,0.2872293534647842,0.5834481289320086,0
2023-08-30 00:00:00+00:00,8.0,3.220000028610229,5.459069651970319,0.999,12.655359235198052,1e-06,0.1762828345595201,5.282786747345715,3.562862522070417,0.04947786603258558,0
2023-08-31 00:00:00+00:00,8.0,3.140000104904175,5.52219829550406,0.8916151407842726,0.10883426762448149,1e-06,0.23619847896713275,5.2859246936125315,0.3837945712076943,0.6154294424329196,0
2023-09-01 00:00:00+00:00,8.0,3.180000066757202,5.490633973737189,0.999,4.768222563733888,1e-06,0.2047102185735006,5.2859244105795,2.1924176809395832,0.09337190643608106,0
2023-09-04 00:00:00+00:00,8.0,3.2699999809265137,5.419614249761731,0.999,8.646265334035377,1e-06,0.13369098067019375,5.285924088104388,2.9469881336136683,0.0453652931768879,0
2023-09-05 00:00:00+00:00,8.0,3.1600000858306885,5.5064161346206255,0.999,8.638027877246603,1e-06,0.2204906438605454,5.285924484364444,2.945590365731383,0.07485448296738915,0
2023-09-06 00:00:00+00:00,8.0,3.3499999046325684,5.356485606227988,0.999,6.676378495448012,1e-06,0.07056424707521017,5.28592360145417,2.5913035754327844,0.027231177290150167,0
2023-09-08 00:00:00+00:00,8.0,3.2799999713897705,5.4117231693200125,0.6778314226450096,0.022652454595267497,0.06154937350567274,0.06046909218982853,5.3511658080044135,0.24629635201731293,0.24551355184334184,0
2023-09-11 00:00:00+00:00,8.0,3.220000028610229,5.459069651970319,0.4440174529749944,0.02128864524139308,0.058966092988306226,0.03732349348274634,5.421658233469851,0.22029870077927843,0.16942221334360696,0
2023-09-12 00:00:00+00:00,8.0,3.240000009536743,5.443287491086883,0.9339732035998505,0.24274252157812498,1e-06,0.021737349668087786,5.421555584461425,0.5197539951797143,0.041822381106607374,0
2023-09-13 00:00:00+00:00,8.0,3.25,5.435396410645165,0.9447396872969834,0.29186911459370685,1e-06,0.013877736010698201,5.421520966428416,0.5650349750026239,0.024560844239126536,0
2023-09-14 00:00:00+00:00,8.0,3.25,5.435396410645165,0.9831703660217422,0.9493121910119707,1e-06,0.013875307603871975,5.4215210786851955,0.9882860599993581,0.014039768611004172,0
2023-09-15 00:00:00+00:00,8.0,3.200000047683716,5.474851812853754,0.9431573220835898,0.2811979683904413,1e-06,0.053094439620499916,5.421743075701942,0.5555056413189882,0.09557857863411234,0
2023-09-18 00:00:00+00:00,8.0,3.200000047683716,5.474851812853754,0.9788043052471977,0.7657111045037621,1e-06,0.05310772538173051,5.421743938674391,0.8905622879815727,0.05963392577749643,0
2023-09-19 00:00:00+00:00,8.0,3.440000057220459,5.285465694114331,0.999,8.684237668525105,1e-06,-0.13627544600466532,5.421743320258364,2.9515468682366346,-0.04617085619449486,0
2023-09-20 00:00:00+00:00,8.0,3.470000028610229,5.261792452789178,0.15652998368082732,0.014118657315719216,0.05514809995816789,-0.03775266972182374,5.299701251524768,0.16632032678960015,-0.22698770769962423,0
2023-09-21 00:00:00+00:00,8.0,3.440000057220459,5.285465694114331,0.6446390357134866,0.04091760150195764,0.0283477230440546,-0.018968392736854946,5.304419893095793,0.2595422074711573,-0.07308403870674055,0
2023-09-22 00:00:00+00:00,8.0,3.400000095367432,5.317030015881201,0.7691545311686735,0.0625584256604751,0.0066549285778973455,0.007656402421614784,5.309335194595356,0.3056193339483124,0.025052087911786584,0
2023-09-25 00:00:00+00:00,8.0,3.4200000762939453,5.301247854997766,0.8091470212361225,0.07634913898437219,1e-06,-0.00698541359154573,5.308251663840087,0.3267552772544602,-0.021378120195150972,0
2023-09-26 00:00:00+00:00,8.0,3.380000114440918,5.332812176764637,0.7864011422674378,0.06819545754811601,0.0008389539520597677,0.021399199949327492,5.311370397218483,0.31414744502993747,0.06811833197398184,0
2023-09-27 00:00:00+00:00,8.0,3.299999952316284,5.395941008436576,0.8165196303744446,0.08044882204035628,1e-06,0.07989446510441703,5.315964359412696,0.33251668052605626,0.24027205185021216,0
2023-09-28 00:00:00+00:00,8.0,3.509999990463257,5.230228131022306,0.7763062122835166,0.0663398437365183,0.0026027860281721965,-0.06601046578593751,5.2964478632236744,0.31275641950342814,-0.21106030658217703,0
2023-09-29 00:00:00+00:00,8.0,3.7200000286102295,5.064515253608036,0.8607034935846388,0.10914831965122439,1e-06,-0.22478566765266506,5.289460211660597,0.3747926065365161,-0.5997601439631498,0
2023-10-02 00:00:00+00:00,7.78000020980835,3.549999952316284,4.978664019063785,0.8559265232498527,0.09956794405328183,1e-06,-0.3053668098255178,5.284148763525806,0.36150667694225314,-0.8447058638264014,0
2023-10-03 00:00:00+00:00,7.78000020980835,3.5799999237060547,4.954990777738632,0.7067530223715555,0.047433932131153336,0.021206554688539936,-0.2809286925727922,5.236078074158896,0.29466738251480873,-0.9533755998890509,0
2023-10-04 00:00:00+00:00,7.78000020980835,3.619999885559082,4.923426455971761,0.7690989538566135,0.0609017229577351,0.007745612151451288,-0.28953813256144206,5.213100781803705,0.32259281882149354,-0.8975343394784548,0
2023-10-05 00:00:00+00:00,7.699999809265137,3.630000114440918,4.8355347868486325,0.8262362903500448,0.08133434396948726,1e-06,-0.364850046577706,5.200551885271376,0.35192013704980435,-1.0367410334523477,0
2023-10-06 00:00:00+00:00,7.699999809265137,3.559999942779541,4.8907725380788545,0.8015526286379752,0.07088152892990435,1e-06,-0.3077465386197393,5.198542911529944,0.335281932768301,-0.9178739101113741,0
2023-10-09 00:00:00+00:00,7.699999809265137,3.509999990463257,4.930227940287443,0.999,6.1090818475461885,1e-06,-0.2683159576803584,5.198543257568207,2.4800481059489563,-0.10818981980097155,0
2023-10-10 00:00:00+00:00,7.699999809265137,3.490000009536743,4.946010101170879,-0.1751950312989743,0.00669240132043862,0.04986242222531694,0.006957054703828042,4.939316001892225,0.11235586699005107,0.06191981683025131,0
2023-10-11 00:00:00+00:00,7.699999809265137,3.539999961853028,4.90655469896229,0.4751636272241321,0.027011642691402493,0.029468368124023765,-0.012493800625097591,4.919110364448559,0.2101783909902819,-0.059443792324374925,0
2023-10-13 00:00:00+00:00,7.699999809265137,3.5,4.938119020729161,0.4894720107061333,0.028023521757852533,0.028455692637035186,0.003651763753971443,4.934426142671407,0.22566294008692941,0.016182381354088175,0
2023-10-16 00:00:00+00:00,7.699999809265137,3.549999952316284,4.8986636185205725,0.49353945417523754,0.028231478791996664,0.028245662382294017,-0.01173450307275484,4.910458214176943,0.23221410848145518,-0.05053311854947852,0
2023-10-17 00:00:00+00:00,7.699999809265137,3.5,4.938119020729161,0.48632130138264656,0.027798719518318804,0.02866246795191063,0.005554536958706105,4.932511856248301,0.23334977285887296,0.02380348131757308,0
2023-10-18 00:00:00+00:00,7.699999809265137,3.4800000190734863,4.953901181612597,0.5249288287579291,0.029883383880548314,0.02634753956539776,0.009798638490537099,4.944072944735087,0.24175816611572243,0.04053074461959139,0
2023-10-19 00:00:00+00:00,7.599999904632568,3.390000104904175,4.924921000955488,0.4563728967004242,0.0260239369034543,0.029761505634489368,-0.002482678106906333,4.927440369811234,0.22894778145925254,-0.010843861823348538,0
2023-10-20 00:00:00+00:00,7.599999904632568,3.3399999141693115,4.964376591302274,0.728122521473809,0.05133369517964578,0.0018731776469318798,0.030487527797052945,4.933819054868286,0.2796566231849291,0.10901772126774338,0
2023-10-23 00:00:00+00:00,7.320000171661377,3.3399999141693115,4.684376858331083,0.7196787702707405,0.05002765233082917,0.0028220100453543243,-0.1979938849433453,4.8828631424329085,0.27888366320148267,-0.7099515355989223,0
2023-10-24 00:00:00+00:00,7.320000171661377,3.299999952316284,4.715941180097953,0.5974388493673388,0.03406571101162031,0.01830724140199775,-0.1416998337966941,4.857726328011748,0.2546106761344161,-0.5565353187385071,0
2023-10-25 00:00:00+00:00,7.320000171661377,3.25,4.755396582306542,0.6386711950062461,0.038233269911652344,0.014153087441835271,-0.09701730609471083,4.852434801727056,0.268036754046828,-0.361955234235381,0
2023-10-26 00:00:00+00:00,7.320000171661377,3.309999942779541,4.708050099656236,0.7942747902635146,0.06513981549280706,1e-06,-0.13727391935397756,4.845424896801164,0.3132034478433399,-0.43828993677821865,0
2023-10-27 00:00:00+00:00,7.090000152587891,3.299999952316284,4.485941161024467,0.4859493499904047,0.02509218171705463,0.025850039140324105,-0.1495208106477432,4.635951900187167,0.23062063602602859,-0.6483409864105474,0
2023-10-30 00:00:00+00:00,7.090000152587891,3.25,4.5253965632330555,0.6529938845587647,0.04242531031780246,0.0075016058824199025,-0.10634989936866848,4.631770615095382,0.2692506703515801,-0.39498471528334433,0
2023-10-31 00:00:00+00:00,7.0,3.039999961853028,4.601109288059435,0.6789182759319222,0.04820559540302481,0.0014652362881901193,-0.039476345967511275,4.640507146229108,0.2782501682637469,-0.14187357446660218,0
2023-11-01 00:00:00+00:00,7.0,3.039999961853028,4.601109288059435,0.7484128543351274,0.06343336255240843,1e-06,-0.038275736075224,4.639400080167056,0.30306006638632366,-0.12629752422225196,0
2023-11-03 00:00:00+00:00,7.0,3.0999999046325684,4.5537628054091295,0.7391667505407818,0.06109161138441285,1e-06,-0.07882990519824948,4.632683476409538,0.2977196152218577,-0.264779010746424,0
2023-11-06 00:00:00+00:00,7.300000190734863,3.0999999046325684,4.853762996143993,0.7251421481048376,0.05936598984617925,1e-06,0.18648157472557916,4.666829724436061,0.29322944554649943,0.6359578738009362,0
2023-11-07 00:00:00+00:00,7.300000190734863,3.0999999046325684,4.853762996143993,0.999,13.683886730936164,1e-06,0.1869332651880458,4.666829726292293,3.70277327877105,0.05048466409212311,0
2023-11-08 00:00:00+00:00,7.300000190734863,3.0799999237060547,4.869545157027428,0.6374415529157655,0.03780501439961646,0.010364585239058685,0.1703117976805047,4.699072051385343,0.258887166830562,0.6578611051507677,0
2023-11-09 00:00:00+00:00,7.300000190734863,3.0999999046325684,4.853762996143993,0.8162229529629244,0.08275978755566149,1e-06,0.15366385577222527,4.7000804587304215,0.3342088366379262,0.4597839402394407,0
2023-11-10 00:00:00+00:00,7.099999904632568,3.0999999046325684,4.653762710041698,0.8370603973552188,0.0937559848909685,1e-06,-0.037437078377143856,4.691384533492137,0.34994529478374364,-0.10697980208672021,0
2023-11-13 00:00:00+00:00,7.099999904632568,3.549999952316284,4.298663713888004,0.9379417867626897,0.2530017533930778,1e-06,-0.39006453875073194,4.688869431090007,0.530758465921145,-0.7349191087772192,0
2023-11-14 00:00:00+00:00,7.099999904632568,3.220000028610229,4.559069556602887,0.7919395943501599,0.0752514264929579,1e-06,-0.14394314821332774,4.70277904629171,0.32168104480962056,-0.44747165099055536,0
2023-11-16 00:00:00+00:00,6.900000095367432,3.1600000858306885,4.406416229988057,0.7681841745118192,0.06759302523520815,1e-06,-0.2785775792671182,4.685262025079794,0.30854851245919074,-0.9028647620006381,0
2023-11-17 00:00:00+00:00,6.900000095367432,3.25,4.3353965060125965,0.9729518080815953,0.5488411105160801,1e-06,-0.34974280919381995,4.6851536712605935,0.7592555172790155,-0.46063914088792124,0
2023-11-20 00:00:00+00:00,7.099999904632568,3.200000047683716,4.574851717486323,0.6338239437115133,0.04174390486633123,0.005182888215684071,-0.14401167843733859,4.718643976067397,0.26439537853516376,-0.5446830396023185,0
2023-11-21 00:00:00+00:00,7.099999904632568,3.180000066757202,4.590633878369758,0.7442993705877989,0.053681721726786306,1e-06,-0.12527531542040612,4.7159465847095055,0.2845056283557561,-0.44032631672143,0
2023-11-22 00:00:00+00:00,7.099999904632568,3.180000066757202,4.590633878369758,0.44344755243064105,0.02360694614979173,0.02159758971214091,-0.07750830463842867,4.668271963611457,0.21737176462834407,-0.35657025083708604,0
2023-11-23 00:00:00+00:00,7.099999904632568,3.1700000762939453,4.598524958811476,0.5620620418702255,0.03241004328098747,0.012793912559754476,-0.057522630873182816,4.656100048339499,0.24104869234944162,-0.2386349011584508,0
2023-11-24 00:00:00+00:00,7.099999904632568,3.190000057220459,4.58274279792804,0.5431553928499795,0.030410082811506013,0.01453369722116439,-0.05132776148926545,4.634154022812019,0.2385888601036028,-0.2151305868470863,0
2023-11-27 00:00:00+00:00,7.099999904632568,3.069999933242798,4.677435951366851,0.5167916751837127,0.029005678676601396,0.015789422795674555,0.004063615165487342,4.673235832313701,0.23510235485168798,0.017284451140656732,0
2023-11-28 00:00:00+00:00,7.099999904632568,3.109999895095825,4.645871629599981,0.5411416228449131,0.030961018104534957,0.013860731170172481,-0.012118102079778136,4.658048258778886,0.240348151004873,-0.05041895279457525,0
2023-11-29 00:00:00+00:00,7.019999980926514,3.0799999237060547,4.589544947219078,0.5552007936430361,0.0316931301357492,0.013003295717183526,-0.03764251694763235,4.6273106289370896,0.24308070556510775,-0.15485604610255674,0
2023-11-30 00:00:00+00:00,7.019999980926514,3.049999952316284,4.613218188544232,0.5479405071858763,0.031135530642126263,0.013501970037522584,-0.01746522033195131,4.6306704432876264,0.2422876949440332,-0.072084636142936,0
2023-12-01 00:00:00+00:00,6.809999942779541,3.0799999237060547,4.379544909072106,0.53494529168951,0.030792312473452193,0.013995783666654934,-0.1231445543626886,4.503164430286959,0.2412389183196024,-0.5104671966715671,0
2023-12-04 00:00:00+00:00,6.809999942779541,3.039999961853028,4.411109230838976,0.5533563217938654,0.032114597015727844,0.012780413686240631,-0.08015007491745593,4.491306638646423,0.24470868781863328,-0.32753260880079355,0
2023-12-05 00:00:00+00:00,6.809999942779541,3.039999961853028,4.411109230838976,0.5478230179838312,0.031578411416483126,0.013312688131128327,-0.06159913568638756,4.472779910706541,0.24379404675555003,-0.252668744401919,0
2023-12-06 00:00:00+00:00,6.809999942779541,3.1700000762939453,4.3085249969584485,0.5476123309164023,0.0314972458600839,0.01322671760819076,-0.09727104903234655,4.406054093714342,0.243642836404133,-0.3992362364022147,0
2023-12-07 00:00:00+00:00,6.809999942779541,3.069999933242798,4.387435989513824,0.5105133709758555,0.02931486344021135,0.01512839313808012,-0.03611126368329424,4.423486712820417,0.2369092601037379,-0.1524265605636598,0
2023-12-08 00:00:00+00:00,6.809999942779541,3.1600000858306885,4.3164160774001665,0.5276136208672378,0.0306507860676735,0.013797199346309286,-0.06079427245747479,4.377384334496267,0.239556807035426,-0.2537781047001701,0
2023-12-11 00:00:00+00:00,6.809999942779541,3.200000047683716,4.284851755633295,0.4947615978435045,0.027153381359676772,0.016570695422247914,-0.055322661105665236,4.340297597755725,0.2292774147415049,-0.24129136822324115,0
2023-12-12 00:00:00+00:00,6.809999942779541,3.180000066757202,4.30063391651673,0.4749892076592889,0.02639248901032159,0.017051528000289674,-0.0315874378837092,4.33224780552051,0.22484727391844322,-0.14048397088935408,0
2023-12-13 00:00:00+00:00,6.809999942779541,3.190000057220459,4.292742836075012,0.5088222242877627,0.02887732460531026,0.014553799787339495,-0.02691040393503695,4.319700653635485,0.23116703612807415,-0.11641107826518872,0
2023-12-14 00:00:00+00:00,6.809999942779541,3.150000095367432,4.324307157841883,0.5536045944732229,0.0316326668995203,0.0116004591716578,-0.0045616424502258595,4.328828407033288,0.2392326296616871,-0.019067810510116225,0
2023-12-15 00:00:00+00:00,6.599999904632568,3.200000047683716,4.074851717486323,0.47539460001218337,0.027257637680827628,0.015836094370276593,-0.1068237014919286,4.182176198723192,0.22718954304272074,-0.470196383430559,0
2023-12-18 00:00:00+00:00,6.599999904632568,3.0999999046325684,4.153762710041698,0.47089844213549614,0.02528315950690083,0.017397494828337235,-0.04182416198128038,4.195542788866945,0.2202661492248242,-0.18988011607081184,0
2023-12-19 00:00:00+00:00,6.5,3.1600000858306885,4.0064161346206255,0.3982756901383868,0.02167376280818767,0.020790230306190503,-0.07114346996121218,4.077897583363876,0.20479271315117772,-0.34739258475810203,0
2023-12-20 00:00:00+00:00,6.5,3.2100000381469727,3.966960732412036,0.48466398765460894,0.026312305559530156,0.01625842922722277,-0.0682690891803387,4.0353887076676935,0.21905960290206838,-0.3116461833944742,0
2023-12-21 00:00:00+00:00,7.289999961853027,3.1600000858306885,4.796416096473653,0.3335260598300741,0.0214971707197521,0.02095462339625305,0.22779605647057752,4.567119098678705,0.20017168816530712,1.1380033737960857,0
2023-12-22 00:00:00+00:00,6.619999885559082,3.200000047683716,4.094851698412836,0.24021197281818965,0.020201654368230168,0.02219993827846914,-0.11166337193606049,4.207504275461923,0.19016961204469893,-0.5871777869001188,0
2023-12-26 00:00:00+00:00,7.300000190734863,3.309999942779541,4.6880501187297225,-0.27997233574321584,0.009701993672420361,0.03065995989581801,0.13519034259026763,4.552185513963027,0.130727893617474,1.0341354002524612,0
2023-12-27 00:00:00+00:00,7.309999942779541,3.3499999046325684,4.666485549007529,-0.009447105930455172,0.015597666453592883,0.02611722626447438,0.03538267654678089,4.630868891947147,0.1619453730852234,0.21848525754521458,0
2023-12-28 00:00:00+00:00,7.309999942779541,3.430000066757202,4.60335671733559,-0.0721348367844303,0.01375013715234316,0.02798001874112311,-0.009276919880751787,4.612679791407955,0.15372124612939655,-0.06034897656855343,0
2024-01-02 00:00:00+00:00,7.300000190734863,3.0,4.93267380056117,-0.08125534403059528,0.014004308122679174,0.027894006421564796,0.0893352909840233,4.8427428099711385,0.15475056121032282,0.5772857318598473,0
2024-01-03 00:00:00+00:00,7.300000190734863,2.9600000381469727,4.964238122328041,-0.0034715660042416887,0.013133309578135674,0.02816779350875838,0.030859400804017285,4.933142012200992,0.15131800091307318,0.20393740743208016,0
2024-01-04 00:00:00+00:00,7.170000076293945,3.150000095367432,4.684307291356287,-0.04056928619499554,0.012455885904097273,0.0284766023683773,-0.06292829104303596,4.747714918740554,0.14738549474822993,-0.42696393665151855,0
2024-01-05 00:00:00+00:00,7.309999942779541,3.2300000190734863,4.761178514308142,-0.10611167740806268,0.011323776270996799,0.029034214068930798,0.00830180227298077,4.752863621485036,0.14064728646565736,0.059025683904736184,0
2024-01-08 00:00:00+00:00,7.21999979019165,3.150000095367432,4.734307005253992,-0.08193757754837717,0.011861068480696383,0.02849822878191951,-0.005151775582356002,4.7394942442194825,0.14361394822888213,-0.03587239015353476,0
2024-01-09 00:00:00+00:00,7.110000133514404,3.220000028610229,4.569069785484723,-0.10905198352022799,0.011140197188431152,0.028804604214367452,-0.040437681599194954,4.609843599777505,0.13949872039278582,-0.28987851275864596,0
2024-01-10 00:00:00+00:00,7.110000133514404,3.130000114440918,4.640089509460182,-0.09356756057317797,0.011144007812507217,0.02881429470175423,0.010123933734357788,4.62991270947908,0.13959710828062488,0.07252251754388898,0
2024-01-11 00:00:00+00:00,7.110000133514404,3.069999933242798,4.687436180248687,-0.12211526467639768,0.010691783848543766,0.02906426540560985,0.01255634798408901,4.674763262882684,0.136859924037507,0.0917459809538393,0
2024-01-12 00:00:00+00:00,7.210000038146973,3.190000057220459,4.692742931442444,-0.10036328209756014,0.011161650338806263,0.028593017485473576,0.003409456754366232,4.689294712968664,0.13957207160080282,0.02442792970872993,0
2024-01-15 00:00:00+00:00,7.309999942779541,3.109999895095825,4.855871667746953,-0.10608226981732798,0.011125103781134155,0.028693884988282008,0.03991814637602545,4.815620592008021,0.13937218319347297,0.2864140136243118,0
2024-01-16 00:00:00+00:00,7.300000190734863,3.0799999237060547,4.869545157027428,-0.0956586003340289,0.011206150269848425,0.02875684684841987,0.010104559427572933,4.859325280286366,0.13991790694254164,0.07221777146596717,0
2024-01-17 00:00:00+00:00,7.210000038146973,3.059999942779541,4.795327165322973,-0.11768787691035495,0.010757980400373344,0.0289953925186692,-0.01597732517092095,4.81142921932795,0.137260310488327,-0.11640163944026419,0
2024-01-18 00:00:00+00:00,7.210000038146973,3.0899999141693115,4.771653923997819,-0.10757115803458905,0.01082776386302878,0.028959401779692993,-0.008093595393951134,4.779830757729209,0.13770054647348937,-0.058776784851099655,0
2024-01-19 00:00:00+00:00,7.210000038146973,3.1600000858306885,4.716416172767598,-0.12878818790667973,0.010461574490075433,0.029219805582464856,-0.01390721987075533,4.7304518148719765,0.13549227025854274,-0.10264216434057784,0
2024-01-22 00:00:00+00:00,7.309999942779541,3.150000095367432,4.824307157841883,-0.12545407216706134,0.010581410285345458,0.02911353962786355,0.02335362728673959,4.800768735420567,0.1361758137962917,0.1714961463103483,0
2024-01-23 00:00:00+00:00,8.300000190734863,3.150000095367432,5.814307405797205,-0.017857758755866995,0.016175514716292517,0.028596283144479488,0.3107844641263117,5.501616049400063,0.16536237841513407,1.8794145748563358,-1
2024-01-24 00:00:00+00:00,8.0,3.440000057220459,5.285465694114331,-0.059310820463259514,0.016206796459528525,0.029444130188512076,-0.07575121029167885,5.361555931279594,0.1659868136214638,-0.4563688442410309,0
2024-01-25 00:00:00+00:00,7.150000095367432,3.359999895095825,4.498594621153702,0.6482733953394455,0.07551018172532413,1e-06,-0.8191310432529135,5.3187813272606315,0.2945746995139643,-2.780724361611655,1
2024-01-26 00:00:00+00:00,7.099999904632568,3.4200000762939453,4.401247759630334,0.6482586361013463,0.06090776103007382,1e-06,-0.8925537227707272,5.294420559127159,0.26818408644410097,-3.3281382747397537,1
2024-04-08 00:00:00+00:00,7.800000190734863,3.039999961853028,5.401109478794298,0.6211949785883868,0.07680555122200396,1e-06,0.0709493913681648,5.329318045039181,0.29598111189874676,0.23970918587682086,0
2024-04-09 00:00:00+00:00,8.489999771118164,3.0999999046325684,6.0437625765272935,0.999,20.156426270645273,1e-06,0.7144407964220859,5.329318587278895,4.4907947204796494,0.15909005886285055,0
2024-04-10 00:00:00+00:00,7.559999942779541,3.109999895095825,5.105871667746953,0.9904450777833712,3.557525521767398,1e-06,-0.22339370457071328,5.329291542444177,1.8890043572349366,-0.11826002608999259,0
2024-04-11 00:00:00+00:00,7.199999809265137,3.180000066757202,4.690633783002326,0.999,6.145829761422241,1e-06,-0.6386502072311019,5.3292907504902125,2.4812582912500374,-0.2573896516470098,0
2024-04-12 00:00:00+00:00,7.289999961853027,3.039999961853028,4.891109249912462,0.999,17.90052683253297,1e-06,-0.4381827476579411,5.329290881246752,4.2321791999298535,-0.10353596267029613,0
2024-04-15 00:00:00+00:00,7.400000095367432,3.1700000762939453,4.898525149546339,0.999,17.57783515912071,1e-06,-0.43076577605311944,5.329290885897451,4.193882462216385,-0.10271288714788353,0
2024-04-16 00:00:00+00:00,7.5,3.150000095367432,5.014307215062342,0.999,16.108745159528457,1e-06,-0.3149844707928865,5.329290969785166,4.014917322588516,-0.0784535385126706,0
2024-04-17 00:00:00+00:00,7.5,3.1700000762939453,4.9985250541789075,0.999,17.47731725082431,1e-06,-0.3307658127181351,5.329290958994956,4.181881657647587,-0.07909497202371794,0
2024-04-18 00:00:00+00:00,7.300000190734863,3.119999885559082,4.8379808352605576,0.999,15.626562033268433,1e-06,-0.4913089736252158,5.329290838370117,3.954412722632908,-0.12424322094991005,0
2024-04-19 00:00:00+00:00,6.590000152587891,2.970000028610229,4.24634700373935,0.999,18.586635092730518,1e-06,-1.0829402755976085,5.329290465065681,4.312476555356735,-0.2511179508332483,0
2024-04-22 00:00:00+00:00,6.559999942779541,2.900000095367432,4.271584357023024,0.999,15.966294725384298,1e-06,-1.0577062770309762,5.329290482792083,3.997138310471339,-0.26461588138196107,0
2024-04-23 00:00:00+00:00,6.559999942779541,2.8499999046325684,4.311039947369812,0.999,14.060782270690877,1e-06,-1.0182508405097115,5.32929051479737,3.7512135660649473,-0.2714457128544309,0
2024-04-24 00:00:00+00:00,6.559999942779541,2.7100000381469727,4.421515073553859,0.999,15.042593278042254,1e-06,-0.9077762541686554,5.329290600084099,3.8798730940108372,-0.2339706047524965,0
2024-04-25 00:00:00+00:00,6.559999942779541,2.75,4.389950751786989,0.999,14.968000948175499,1e-06,-0.9393396059321719,5.329290574654841,3.8702485573602616,-0.24270782406100994,0
2024-04-26 00:00:00+00:00,6.559999942779541,2.9600000381469727,4.224237874372719,0.999,13.301352189937877,1e-06,-1.1050513005271978,5.329290427779441,3.648585498161977,-0.3028711540633711,0
2024-04-29 00:00:00+00:00,6.559999942779541,3.049999952316284,4.153218150397259,0.999,7.2403847452538646,1e-06,-1.1760711644596242,5.329290310992176,2.6928070283475565,-0.4367454303553721,0
2024-04-30 00:00:00+00:00,6.559999942779541,2.9800000190734863,4.208455713489283,0.999,12.428207589887553,1e-06,-1.1208350834794283,5.329290361993499,3.526901407362032,-0.3177959784018357,0
2024-05-02 00:00:00+00:00,6.0,2.970000028610229,3.65634685115146,0.999,15.857765370771421,1e-06,-1.672939613109161,5.3292899529126725,3.9835401740590344,-0.41996303288301384,0
2024-05-03 00:00:00+00:00,6.300000190734863,3.0299999713897705,3.909000559236017,0.999,10.788747408064294,1e-06,-1.4202919927200053,5.329290225711844,3.2862707367556667,-0.4321895870704105,0
2024-05-06 00:00:00+00:00,6.400000095367432,2.990000009536743,4.040564785635456,0.999,16.384192554981922,1e-06,-1.2887263275666048,5.329290318871396,4.049076623448442,-0.31827659671924075,0
2024-05-07 00:00:00+00:00,6.099999904632568,2.859999895095825,3.8431488287811213,0.999,16.922932852191778,1e-06,-1.4861401782179482,5.329290181154476,4.115065345748757,-0.36114619170100626,0
2024-05-08 00:00:00+00:00,6.300000190734863,2.7100000381469727,4.161515321509182,0.999,18.603480609457282,1e-06,-1.1677767627587352,5.32929038095355,4.314430617950221,-0.27066764219134526,0
2024-05-09 00:00:00+00:00,6.300000190734863,2.7100000381469727,4.161515321509182,0.999,17.616687528530267,1e-06,-1.167775052048819,5.329290380177066,4.198513960454856,-0.27814009029097175,0
2024-05-10 00:00:00+00:00,6.400000095367432,2.619999885559082,4.332535138255408,0.999,17.712003332173808,1e-06,-0.9967563133811977,5.329290492681787,4.209849911787099,-0.2367676601938691,0
2024-05-13 00:00:00+00:00,6.400000095367432,2.559999942779541,4.379881620905714,0.999,16.974117155233344,1e-06,-0.9494091768782758,5.32929052472038,4.1212802747198545,-0.23036753474448232,0
2024-05-14 00:00:00+00:00,6.400000095367432,2.5,4.42722810355602,0.999,16.90385074448035,1e-06,-0.9020627278459808,5.32929055692729,4.11274673327094,-0.2193334008507143,0
2024-05-15 00:00:00+00:00,6.199999809265137,2.5199999809265137,4.21144565657029,0.999,17.4957817528559,1e-06,-1.1178435165412155,5.32929041159145,4.184091024395044,-0.2671652002845322,0
2024-05-16 00:00:00+00:00,6.199999809265137,2.549999952316284,4.187772415245137,0.999,17.11484075793415,1e-06,-1.1415178344889552,5.329290394591019,4.138318221871978,-0.27584099948036067,0
2024-05-17 00:00:00+00:00,6.199999809265137,2.509999990463257,4.219336737012008,0.999,17.13737555005387,1e-06,-1.1099538559347817,5.329290415426594,4.141040146821843,-0.2680374535336603,0
2024-05-20 00:00:00+00:00,6.199999809265137,2.470000028610229,4.250901058778879,0.999,17.10755050019962,1e-06,-1.0783895555593337,5.329290436322149,4.137437546081716,-0.26064189333337556,0
2024-05-21 00:00:00+00:00,6.0,2.3499999046325684,4.145594402952552,0.999,17.223082006786715,1e-06,-1.1836953431794281,5.329290363812526,4.151375910985491,-0.28513325908335574,0
2024-05-22 00:00:00+00:00,6.0,2.130000114440918,4.319198172670342,0.999,17.753549295719214,1e-06,-1.010093276329978,5.329290477828282,4.21478234826625,-0.23965490809874906,0
2024-05-23 00:00:00+00:00,5.139999866485596,1.850000023841858,3.6801485737313318,0.999,22.420443261242443,1e-06,-1.6491387141435094,5.329290142648857,4.7361677766859795,-0.34820107561676267,0
2024-05-24 00:00:00+00:00,5.210000038146973,1.950000047683716,3.671237846906432,0.999,19.45515875306937,1e-06,-1.658052235075363,5.32929013627388,4.412029204419945,-0.3758026427872091,0
2024-05-27 00:00:00+00:00,5.5,1.919999957084656,3.9849111441537115,0.999,20.305955577889094,1e-06,-1.3443807091125644,5.3292903167116235,4.507416058618731,-0.2982597327668352,0
2024-05-28 00:00:00+00:00,5.5,1.9600000381469729,3.953346728317742,0.999,19.551372601187303,1e-06,-1.3759434003175066,5.329290296945283,4.422919572947454,-0.31109392283173976,0
2024-05-29 00:00:00+00:00,5.75,1.899999976158142,4.250693305037148,0.999,20.4581461823525,1e-06,-1.0785986085207604,5.329290466860064,4.524267026817507,-0.23840295060556496,0
2024-05-31 00:00:00+00:00,5.260000228881836,1.899999976158142,3.7606935339189835,0.999,24.04703553429141,1e-06,-1.5685946509372866,5.3292902269908256,4.904883533986447,-0.319802629373018,0
2024-06-03 00:00:00+00:00,5.400000095367432,1.7999999523162842,3.9796042988908553,0.999,24.451990685122215,1e-06,-1.3496869213486389,5.329290331402483,4.945992178805486,-0.27288496878994334,0
2024-06-04 00:00:00+00:00,5.599999904632568,1.7999999523162842,4.179604108155992,0.999,23.204247742384815,1e-06,-1.1496871799101405,5.329290431975927,4.81820471649291,-0.2386131863543935,0
2024-06-05 00:00:00+00:00,5.599999904632568,1.7599999904632568,4.211168429922862,0.999,23.112241358458718,1e-06,-1.1181221491124111,5.329290447437364,4.808647554780899,-0.23252320665521456,0
2024-06-06 00:00:00+00:00,5.599999904632568,1.6799999475479126,4.274297167525703,0.999,23.460189366788946,1e-06,-1.054993575290419,5.329290478495083,4.844691973121984,-0.21776277648681286,0
2024-06-07 00:00:00+00:00,5.800000190734863,1.649999976158142,4.4979706949531515,0.999,23.66585320631461,1e-06,-0.8313208347468719,5.329290589032864,4.865871469115988,-0.17084726549464385,0
2024-06-10 00:00:00+00:00,5.599999904632568,1.649999976158142,4.297970408850857,0.999,24.30405530343223,1e-06,-1.0313192567541074,5.329290491923882,4.931014931135639,-0.20914948974137237,0
2024-06-11 00:00:00+00:00,5.599999904632568,1.7999999523162842,4.179604108155992,0.999,23.705625282015703,1e-06,-1.1496858209048166,5.329290432727906,4.869956799566853,-0.23607721140505247,0
2024-06-12 00:00:00+00:00,5.159999847412109,1.7100000381469729,3.8106237749109924,0.999,23.948436464445653,1e-06,-1.518664930638657,5.329290251067746,4.89482291937889,-0.310259422179743,0
2024-06-13 00:00:00+00:00,5.099999904632568,1.75,3.7190595103645805,0.999,22.471454877750404,1e-06,-1.6102302777797655,5.32929020237495,4.741551520899207,-0.3395998695115718,0
2024-06-14 00:00:00+00:00,5.099999904632568,1.7000000476837158,3.758514912573169,0.999,22.53942928115397,1e-06,-1.5707754774436695,5.3292902221136496,4.748714165828542,-0.33077911674424926,0
2024-06-17 00:00:00+00:00,5.110000133514404,1.7799999713897705,3.705386497921263,0.999,22.55590826717159,1e-06,-1.6239034531793932,5.329290193602685,4.750449054010846,-0.3418420942349265,0
2024-06-18 00:00:00+00:00,5.110000133514404,1.690000057220459,3.776406221896723,0.999,22.626209922536944,1e-06,-1.5528843144696078,5.329290229664667,4.757842879931354,-0.3263841101226136,0
2024-06-19 00:00:00+00:00,5.110000133514404,1.7100000381469729,3.7606240610132873,0.999,22.566158215522925,1e-06,-1.5686660828017733,5.329290220631788,4.751527981932957,-0.3301392917744385,0
2024-06-20 00:00:00+00:00,5.110000133514404,1.7200000286102295,3.7527329805715697,0.999,22.528607851513115,1e-06,-1.57655719313231,5.329290215693776,4.747575044069867,-0.33207630811472194,0
2024-06-21 00:00:00+00:00,5.110000133514404,1.7899999618530271,3.697495417479546,0.999,22.583036667088173,1e-06,-1.6317945170496,5.32929018610584,4.753303968256738,-0.3432968999977623,0
2024-06-24 00:00:00+00:00,5.110000133514404,1.7300000190734863,3.7448419001298516,0.999,22.631746213452843,1e-06,-1.584448511724876,5.329290209863991,4.758425071492139,-0.3329775057754618,0
2024-06-25 00:00:00+00:00,5.099999904632568,1.8200000524520876,3.663821853203457,0.999,22.680620499965,1e-06,-1.665467949616031,5.32929016702276,4.763557960969111,-0.34962688882181747,0
2024-06-26 00:00:00+00:00,5.099999904632568,1.850000023841858,3.6401486118783044,0.999,21.805229019799935,1e-06,-1.689141425268722,5.329290153352365,4.670770168539543,-0.3616408781245777,0
2024-06-27 00:00:00+00:00,5.099999904632568,2.0,3.5217823111834394,0.999,22.291678997178913,1e-06,-1.8075072402452732,5.329290089990554,4.722557034563376,-0.38273910235842945,0
2024-06-28 00:00:00+00:00,5.0,1.8899999856948853,3.5085843854788648,0.999,22.21379503033585,1e-06,-1.8207056290116561,5.329290082042399,4.714303975970661,-0.38620878888845483,0
2024-07-01 00:00:00+00:00,5.0,1.870000004768372,3.5243665463623,0.999,22.19869624432954,1e-06,-1.80492360597289,5.329290089442932,4.712702429799684,-0.3829912100029641,0
2024-07-02 00:00:00+00:00,5.0,1.7899999618530271,3.5874952839651417,0.999,21.967576417160227,1e-06,-1.741795117482371,5.32929012229375,4.688117464895517,-0.3715340177640344,0
2024-07-03 00:00:00+00:00,5.0,1.7599999904632568,3.6111685252902945,0.999,22.090310684261848,1e-06,-1.7181217079690634,5.329290133978156,4.701189278444002,-0.36546533360123007,0
2024-07-04 00:00:00+00:00,5.0,1.809999942779541,3.5717131230817056,0.999,22.13257179823333,1e-06,-1.7575768029715866,5.329290112082514,4.705681963937121,-0.3735009752977586,0
2024-07-05 00:00:00+00:00,5.0,1.8799999952316284,3.516475465920583,0.999,22.188710680181483,1e-06,-1.8128143590619914,5.329290081847,4.711643304375494,-0.3847520370182758,0
2024-07-08 00:00:00+00:00,5.980000019073486,1.8799999952316284,4.496475484994069,0.999,31.06283677649445,1e-06,-0.8328181165960414,5.32929045255182,5.574379761384578,-0.14940103693064213,0
2024-07-09 00:00:00+00:00,5.980000019073486,1.8799999952316284,4.496475484994069,0.999,21.923933649166393,1e-06,-0.8328149633279566,5.3292904521062985,4.683461070259239,-0.1778204090595459,0
2024-07-10 00:00:00+00:00,5.599999904632568,1.8899999856948853,4.108584290111433,0.999,23.956771680613564,1e-06,-1.2207043483584155,5.329290261062242,4.895676319786983,-0.24934335291421594,0
2024-07-11 00:00:00+00:00,5.510000228881836,1.899999976158142,4.0106935339189835,0.999,22.20307293837655,1e-06,-1.3185962281914054,5.329290208499891,4.713167606380979,-0.27976858416963746,0
2024-07-12 00:00:00+00:00,5.510000228881836,1.850000023841858,4.050148936127572,0.999,22.222573939592596,1e-06,-1.2791414641903898,5.329290228708611,4.715236037257233,-0.27127835257520705,0
2024-07-15 00:00:00+00:00,5.5,1.870000004768372,4.0243665463623,0.999,21.936551749766576,1e-06,-1.3049235444572767,5.329290214180404,4.68480839493033,-0.278543631767182,0
2024-07-16 00:00:00+00:00,5.519999980926514,1.8799999952316284,4.0364754468470965,0.999,22.365070356772073,1e-06,-1.2928148213292179,5.329290219869931,4.730322325615853,-0.27330374810365654,0
2024-07-17 00:00:00+00:00,5.519999980926514,1.8200000524520876,4.083821929497402,0.999,21.26966542764008,1e-06,-1.2454685323974806,5.329290245373935,4.613084150007757,-0.2699860856419422,0
2024-07-18 00:00:00+00:00,5.519999980926514,1.7999999523162842,4.099604184449937,0.999,20.969630156013203,1e-06,-1.2296861384137132,5.329290253540235,4.5804487884279395,-0.2684641167739712,0
2024-07-19 00:00:00+00:00,5.519999980926514,1.809999942779541,4.091713104008219,0.999,21.28889956110609,1e-06,-1.2375771016426886,5.329290248493006,4.6151686327268875,-0.268154253967414,0
2024-07-22 00:00:00+00:00,5.519999980926514,1.8200000524520876,4.083821929497402,0.999,20.554078524783314,1e-06,-1.245468269349741,5.329290243260252,4.53486068938792,-0.2746431157773547,0
2024-07-23 00:00:00+00:00,5.199999809265137,1.919999957084656,3.6849109534188482,0.999,22.397907968224118,1e-06,-1.6443772927667708,5.329290032749354,4.733792550972208,-0.34736995232903795,0
2024-07-24 00:00:00+00:00,5.199999809265137,2.0,3.621782215816008,0.999,20.766727834723593,1e-06,-1.7075074682637021,5.329289995993438,4.558246678503634,-0.3745974249959278,0
2024-07-25 00:00:00+00:00,5.199999809265137,1.9800000190734863,3.6375643766994434,0.999,20.768400969031333,1e-06,-1.691725695047786,5.329290003979829,4.558430312771108,-0.37112022757223456,0
2024-07-26 00:00:00+00:00,5.199999809265137,2.0299999713897705,3.5981089744908545,0.999,20.78401664283962,1e-06,-1.731180808183291,5.329289980646767,4.560142935280926,-0.37963301430520663,0
2024-07-29 00:00:00+00:00,5.199999809265137,1.950000047683716,3.6612376180245962,0.999,20.754345743489306,1e-06,-1.668052693316763,5.329290015515745,4.5568885975887845,-0.3660507948777572,0
2024-07-30 00:00:00+00:00,5.25,1.9900000095367432,3.6796734869925887,0.999,20.729649582351296,1e-06,-1.6496166189470507,5.329290025050913,4.554178139872138,-0.3622204859543252,0
2024-07-31 00:00:00+00:00,5.21999979019165,1.9900000095367432,3.649673277184239,0.999,20.741482183647157,1e-06,-1.6796165772877698,5.329290007062064,4.555477157332559,-0.3687026669828068,0
2024-08-01 00:00:00+00:00,5.21999979019165,1.850000023841858,3.7601484974373864,0.999,20.884145071670932,1e-06,-1.569142091986417,5.329290068481219,4.571108839111131,-0.343273841690355,0
2024-08-02 00:00:00+00:00,5.300000190734863,1.8600000143051147,3.8322578175388813,0.999,20.116846186687436,1e-06,-1.497032642939015,5.329290109826537,4.486394781334666,-0.3336827711121891,0
2024-08-05 00:00:00+00:00,5.150000095367432,1.7999999523162842,3.7296042988908553,0.999,20.55772047519239,1e-06,-1.5996852445768677,5.329290050086069,4.53526332449377,-0.35272157978950996,0
2024-08-06 00:00:00+00:00,5.150000095367432,1.870000004768372,3.6743666417297316,0.999,20.432090360821213,1e-06,-1.6549230973743776,5.32929001728069,4.521391855183158,-0.36602071892469007,0
2024-08-07 00:00:00+00:00,5.150000095367432,1.8600000143051147,3.6822577221714496,0.999,20.336245137682717,1e-06,-1.6470323293892672,5.329290020897153,4.5107804297004295,-0.3651324543630358,0
2024-08-08 00:00:00+00:00,5.150000095367432,1.909999966621399,3.642802319962861,0.999,20.2329269614862,1e-06,-1.686487473829341,5.3292899969362955,4.499313604180296,-0.3748321682361575,0
2024-08-09 00:00:00+00:00,5.5,1.919999957084656,3.9849111441537115,0.999,21.357165836363283,1e-06,-1.3443806347361158,5.32929018495674,4.622560197949249,-0.2908303141909404,0
2024-08-12 00:00:00+00:00,5.599999904632568,1.919999957084656,4.08491104878628,0.999,19.903599437054318,1e-06,-1.2443796903143913,5.329290243430916,4.462566233044209,-0.27884845295965915,0
2024-08-13 00:00:00+00:00,5.449999809265137,1.870000004768372,3.9743663556274367,0.999,20.096157935066348,1e-06,-1.3549232659127024,5.329290177802986,4.484089303561808,-0.3021624178707721,0
2024-08-14 00:00:00+00:00,5.5,1.8799999952316284,4.016475465920583,0.999,20.0963319143809,1e-06,-1.3128149385988968,5.3292902017301165,4.484108814650358,-0.2927705354316344,0
2024-08-15 00:00:00+00:00,5.289999961853027,1.940000057220459,3.7591288510542045,0.999,20.797815671434815,1e-06,-1.5701599602498928,5.3292900549766715,4.56165722284051,-0.34420823037469833,0
2024-08-16 00:00:00+00:00,5.289999961853027,2.180000066757202,3.5697427323147815,0.999,19.11715893397109,1e-06,-1.7595462059154823,5.3292899371000075,4.373563864992683,-0.402314053305456,0
2024-08-19 00:00:00+00:00,5.550000190734863,1.9900000095367432,3.979673677727452,0.999,21.654744008545514,1e-06,-1.3496183667097648,5.329290159554093,4.654637145451133,-0.2899513591577627,0
2024-08-20 00:00:00+00:00,7.599999904632568,2.0999999046325684,5.942871506766262,0.999,38.435077854265224,1e-06,0.6135756404568562,5.329290762014176,6.200482384603537,0.09895611379856999,0
2024-08-21 00:00:00+00:00,7.480000019073486,2.289999961853028,5.672940904676345,0.999,16.673044511761603,1e-06,0.3436519485580084,5.329290571352305,4.084599057293998,0.08413358171454753,0
2024-08-22 00:00:00+00:00,7.480000019073486,2.25,5.704505226443216,0.999,9.738929733737898,1e-06,0.37521428880657126,5.329290610026718,3.1224726868751222,0.1201657552950686,0
2024-08-23 00:00:00+00:00,6.110000133514404,2.259999990463257,4.326614260442416,0.999,17.9976012572185,1e-06,-1.0026677921735778,5.3292897064140465,4.243643270155538,-0.23627523058431535,0
2024-08-26 00:00:00+00:00,6.110000133514404,2.119999885559082,4.437089574764663,-0.999,1e-06,0.1230038156482446,0.7548742944551907,3.6833534944359547,0.08978703297095057,8.407386562148908,-1
2024-08-27 00:00:00+00:00,6.150000095367432,2.0899999141693115,4.500762777942843,0.999,1.37326921765352,1e-06,0.8174002537794475,3.6833579161372345,1.1753743143159678,0.6954382479041578,-1
2024-08-28 00:00:00+00:00,6.010000228881836,2.140000104904175,4.321307321110461,0.999,1.7895424264906783,1e-06,0.6379602984421318,3.6833570036223455,1.340812814000827,0.475801164622326,-1
2024-08-29 00:00:00+00:00,6.010000228881836,2.130000114440918,4.329198401552178,0.999,0.31773118931915706,1e-06,0.6458384735766991,3.6833572484528134,0.5709367164254396,1.1311909971742746,-1
2024-08-30 00:00:00+00:00,6.0,2.119999885559082,4.3270894412502585,0.999,1.4416528938338098,1e-06,0.6437323033449565,3.68335723919452,1.20411439141681,0.5346105884404511,-1
2024-09-02 00:00:00+00:00,6.0,2.109999895095825,4.334980521691977,0.999,0.6443194609254543,1e-06,0.6516218372803456,3.683357360215642,0.8078112554496426,0.8066510993556792,-1
2024-09-03 00:00:00+00:00,6.0,2.0799999237060547,4.358653763017129,0.999,0.8582794913105461,1e-06,0.6752933101452833,3.6833576192380617,0.9308705921298674,0.7254427369976169,-1
2024-09-04 00:00:00+00:00,6.389999866485596,2.0,4.811782273036467,0.999,2.396476380164787,1e-06,1.128403988018479,3.6833593501926654,1.55071530493329,0.7276667641240709,-1
2024-09-05 00:00:00+00:00,6.389999866485596,1.9299999475479128,4.867019930197589,0.999,0.11929496442552091,0.003211870896772398,1.1821349990531909,3.6848389800888977,0.3614672725172744,3.270379060380071,-1
2024-09-06 00:00:00+00:00,6.75,1.9299999475479128,5.2270200637119935,0.999,0.8471308411432016,1e-06,1.5421321043489298,3.684845328092187,0.9265531717319624,1.6643751825556805,-1
2024-09-09 00:00:00+00:00,6.75,1.9299999475479128,5.2270200637119935,-0.999,1e-06,0.12363917240014538,-1.1279068955995606,6.353101484761069,0.09122978843177257,-12.363361956528935,0
2024-09-10 00:00:00+00:00,6.75,1.850000023841858,5.290148707245736,-0.999,1e-06,0.1236434381714219,0.8952301775257706,4.396312862999025,0.08093964655815379,11.06046561350577,-1
2024-09-11 00:00:00+00:00,6.75,1.899999976158142,5.250693305037148,-0.999,1e-06,0.12353738142473816,-0.741817616901791,5.991344106295612,0.07347857206425422,-10.095699957983665,0
2024-09-12 00:00:00+00:00,6.75,1.870000004768372,5.2743665463623,-0.999,1e-06,0.12341917036818725,0.6328709594169167,4.642500059968334,0.06774863448112323,9.341457053178736,-1
2024-09-13 00:00:00+00:00,6.75,1.850000023841858,5.290148707245736,-0.999,1e-06,0.12340435953503001,-0.5496474712027128,5.838894295800349,0.06317253450745802,-8.700734828643334,0
2024-09-16 00:00:00+00:00,6.75,2.0,5.1717824065508715,0.999,0.14881794740522253,1e-06,-0.66695472084215,5.838816321435416,0.39114636113000484,-1.705128277086221,1
2024-09-17 00:00:00+00:00,6.670000076293945,2.0,5.091782482844817,-0.999,1e-06,0.123554763190745,0.5830953361313449,4.509696302912663,0.0607118154900601,9.60431394489942,0
2024-09-18 00:00:00+00:00,6.670000076293945,2.0199999809265137,5.076000321961381,-0.999,1e-06,0.1235889512142921,-0.5215098560866663,5.5966806557681155,0.057350360139764966,-9.093401590081168,1
2024-09-19 00:00:00+00:00,6.070000171661377,1.950000047683716,4.531237980420837,-0.999,1e-06,0.11982112432871901,0.44279917964081056,4.089630352431289,0.05440658742956206,8.138705266418045,0
2024-09-20 00:00:00+00:00,6.010000228881836,1.899999976158142,4.5106935339189835,-0.999,1e-06,0.12015927465380864,-0.40377732615613227,4.913817570802527,0.051877743138287906,-7.783247723012993,1
2024-09-23 00:00:00+00:00,6.010000228881836,1.8899999856948853,4.518584614360701,-0.999,1e-06,0.11301474429636814,0.3687802958598564,4.150448624913072,0.049541399654072164,7.443881247500113,0
2024-09-24 00:00:00+00:00,6.050000190734863,1.8600000143051147,4.582257817538881,0.999,0.6348083746721858,1e-06,0.43178932132513037,4.150458512473626,0.7984071132470277,0.5408134699214966,0
2024-09-25 00:00:00+00:00,6.050000190734863,1.899999976158142,4.550693495772011,-0.999,1e-06,0.10633739668399657,-0.39441809745195217,4.944399066136547,0.04911179939038057,-8.031025178222365,1
2024-09-26 00:00:00+00:00,6.050000190734863,1.870000004768372,4.574366737097163,0.999,6.49763460891733,1e-06,-0.3700330633410971,4.944399431217614,2.5495563539495505,-0.14513625586972184,1
2024-09-27 00:00:00+00:00,6.050000190734863,1.8200000524520876,4.613822139305752,-0.999,1e-06,0.09453361871060223,0.3355705497371989,4.278920163602176,0.048492491765606834,6.92005169293448,0
2024-09-30 00:00:00+00:00,6.590000152587891,1.9700000286102293,5.0354558004639145,-0.3416072341620243,0.0014825943039117053,0.08638616527118513,-0.09048447958493558,5.1249962951880255,0.05629006128666096,-1.60746813054861,1
2024-10-01 00:00:00+00:00,6.590000152587891,1.909999966621399,5.08280237718332,0.999,3.9718630491997473,1e-06,-0.04219634256596716,5.124997506272418,1.9934252841469808,-0.021167757277656716,1
2024-10-02 00:00:00+00:00,6.900000095367432,1.870000004768372,5.424366641729732,0.999,5.005674948313929,1e-06,0.29936212308358473,5.1249976961979105,2.237757195949339,0.13377775016229332,0
2024-10-03 00:00:00+00:00,6.900000095367432,1.870000004768372,5.424366641729732,0.999,3.9685082093256008,1e-06,0.2993689376021953,5.12499769641257,1.9925841333508907,0.15024155446764112,0
2024-10-04 00:00:00+00:00,6.599999904632568,1.8899999856948853,5.108584290111433,0.999,4.865337080874721,1e-06,-0.016406741794346813,5.124997515936585,2.206178007441714,-0.007436726202058413,0
2024-10-07 00:00:00+00:00,6.599999904632568,1.8200000524520876,5.163821853203457,0.999,4.155795229757512,1e-06,0.03882297172037877,5.124997552928576,2.039039123957641,0.019039836589808012,0
2024-10-08 00:00:00+00:00,6.599999904632568,1.809999942779541,5.171713027714274,0.999,2.9867192244781666,1e-06,0.04671520185424205,5.124997560324766,1.7287583818318053,0.02702240078497394,0
2024-10-09 00:00:00+00:00,6.0,1.7999999523162842,4.579604203523424,0.6241136940966685,0.019013611211948923,0.06867058635304574,-0.09239752683152377,4.672654066933623,0.186600707720984,-0.49516171701600303,0
2024-10-10 00:00:00+00:00,6.0,1.7300000190734863,4.634841766615447,0.999,6.356082460808485,1e-06,-0.03781397648307574,4.672654885792039,2.5242914335763724,-0.014980035973699578,0
2024-10-11 00:00:00+00:00,6.0,1.7000000476837158,4.658515007940601,0.999,6.297868891440813,1e-06,-0.014140316443728568,4.672654949090219,2.5127345014285645,-0.0056274614113386735,0
2024-10-14 00:00:00+00:00,6.0,1.75,4.619059605732012,0.999,6.351200544132373,1e-06,-0.05359461712386593,4.6726548442804265,2.5233246575369694,-0.02123968351190287,0
2024-10-15 00:00:00+00:00,6.0,1.7100000381469729,4.6506239274988825,0.999,6.229765658345424,1e-06,-0.02203150787511321,4.6726549295910855,2.4991465426141732,-0.008815612649935954,0
2024-10-16 00:00:00+00:00,6.0,1.7000000476837158,4.658515007940601,0.999,6.624107855160171,1e-06,-0.014140060487548086,4.67265494963002,2.576834616027953,-0.005487376023124139,0
2024-10-17 00:00:00+00:00,6.0,1.7100000381469729,4.6506239274988825,0.999,6.5864397212937265,1e-06,-0.02203088186818504,4.6726549293842705,2.5695154221056358,-0.008573944207009833,0
2024-10-18 00:00:00+00:00,6.0,1.7300000190734863,4.634841766615447,0.999,3.5107490488074036,1e-06,-0.03781263668595748,4.6726548534448815,1.8779562907832916,-0.020134992955659212,0
2024-10-21 00:00:00+00:00,6.0,1.7000000476837158,4.658515007940601,0.999,3.3236433573311723,1e-06,-0.014140676544998464,4.672654973411994,1.8274613917443423,-0.007737879776218393,0
2024-10-22 00:00:00+00:00,6.0,1.6799999475479126,4.674297262893135,0.999,4.2112422030971395,1e-06,0.0016418518784582347,4.672655036586594,2.0560192082912376,0.0007985586281670888,0
2024-10-23 00:00:00+00:00,6.0,1.649999976158142,4.697970504218288,0.999,3.56441924873247,1e-06,0.025314691391107796,4.672655148653798,1.8921926513549516,0.013378495774719652,0
2024-10-24 00:00:00+00:00,6.0,1.7000000476837158,4.658515007940601,0.999,2.049247777272024,1e-06,-0.014137892159317388,4.672654824008505,1.4370882211848646,-0.009837873521544029,0
2024-10-25 00:00:00+00:00,6.0,1.6799999475479126,4.674297262893135,0.999,2.841271730836174,1e-06,0.0016417903886929344,4.672654917644491,1.6903394661283773,0.0009712785044612123,0
2024-10-28 00:00:00+00:00,6.0,1.6399999856948853,4.705861584660006,0.999,2.594409993697108,1e-06,0.03320524507572859,4.672655122965648,1.6156691409612358,0.020552007978547678,0
2024-10-29 00:00:00+00:00,6.0,1.5,4.816336804913153,0.999,2.9766061042925673,1e-06,0.143677343042161,4.672655749515934,1.7299086346440316,0.08305487363020529,0
2024-10-30 00:00:00+00:00,6.0,1.5199999809265137,4.8005546440297175,0.999,2.9502895620051337,1e-06,0.12789951385702444,4.672655660076852,1.722285789813018,0.07426149284487217,0
2024-10-31 00:00:00+00:00,5.599999904632568,1.5299999713897705,4.392663468220569,0.999,3.6841369653504334,1e-06,-0.27997925624237896,4.672653791955419,1.9235687525957383,-0.14555198812860942,0
2024-11-01 00:00:00+00:00,5.5,1.4800000190734863,4.332118965796589,0.999,2.3624296031207135,1e-06,-0.34053181660064674,4.672653357304794,1.5422095777102935,-0.22080774333293382,0
2024-11-04 00:00:00+00:00,5.5,1.5,4.316336804913153,0.999,2.2997267870181477,1e-06,-0.3563157329113097,4.6726532389451245,1.5217452366281377,-0.23414939921272843,0
2024-11-05 00:00:00+00:00,5.5,1.4700000286102295,4.340010046238307,0.999,2.323907141665529,1e-06,-0.33264436531113084,4.672653408316156,1.5296698728109912,-0.21746153939728732,0
2024-11-06 00:00:00+00:00,6.0,1.5099999904632568,4.808445724471436,0.999,3.812108905686202,1e-06,0.1357779643195805,4.672655481400342,1.956551222426395,0.06939658045404862,0
2024-11-07 00:00:00+00:00,6.0,1.4600000381469729,4.847901126680024,0.999,1.2867486407646511,1e-06,0.17524204838655097,4.672656000980779,1.141373476978393,0.1535361140951661,0
2024-11-08 00:00:00+00:00,6.0,1.409999966621399,4.887356622957712,-0.999,1e-06,0.0880865240634585,-0.09333763015579292,4.980437426595821,0.09634318057719879,-0.968803703558473,0
2024-11-11 00:00:00+00:00,6.0,1.409999966621399,4.887356622957712,-0.999,1e-06,0.08622886903543818,0.06529658172716908,4.8222109937823605,0.08054455344955537,0.810688978095384,0
2024-11-12 00:00:00+00:00,6.0,1.350000023841858,4.934703105608018,-0.999,1e-06,0.08588939842584212,-0.04468966702030134,4.979234020309388,0.07056837852378195,-0.6332817609694782,0
2024-11-13 00:00:00+00:00,6.0,1.350000023841858,4.934703105608018,-0.999,1e-06,0.0855981024745253,0.0362612981631321,4.898526215563707,0.06353879268259702,0.5706954229406361,0
2024-11-14 00:00:00+00:00,6.190000057220459,1.309999942779541,5.156267578664448,-0.999,1e-06,0.08551347031997672,-0.01297502078758626,5.168953846093618,0.05825188754384531,-0.2227399202784658,0
2024-11-18 00:00:00+00:00,5.800000190734863,1.2999999523162842,4.774158792620569,-0.999,1e-06,0.08546154109480862,-0.014859233658227685,4.789429128159389,0.054090250196257,-0.2747118677453618,0
2024-11-19 00:00:00+00:00,5.800000190734863,1.25,4.8136141948291575,-0.999,1e-06,0.08565552566566563,0.015403277117348593,4.79820133913278,0.05071266599537643,0.30373629181224543,0
2024-11-21 00:00:00+00:00,5.800000190734863,1.2200000286102295,4.837287436154311,-0.999,1e-06,0.08497653107686635,-0.012460070996879957,4.849690422304294,0.0478745808880578,-0.26026485800501475,0
2024-11-22 00:00:00+00:00,5.800000190734863,1.25,4.8136141948291575,-0.999,1e-06,0.08477354052118992,0.010090859329144079,4.803574897534286,0.04545768610098731,0.2219835674593413,0
2024-11-25 00:00:00+00:00,5.800000190734863,1.2999999523162842,4.774158792620569,-0.999,1e-06,0.08476566439253891,-0.010935658961547683,4.785115197543163,0.04337139394357695,-0.25213990068601866,0
2024-11-26 00:00:00+00:00,6.0,1.3300000429153442,4.950485266491453,-0.999,1e-06,0.084509552322718,0.017207858244619116,4.933109907128952,0.04154175648880044,0.41423039608973483,0
2024-11-27 00:00:00+00:00,6.0,1.2899999618530271,4.982049682327424,-0.999,1e-06,0.08467531418586857,-0.014710397801213502,4.996688004874134,0.03992751006378798,-0.368427627410581,0
2024-11-28 00:00:00+00:00,6.0,1.2599999904632568,5.005722923652577,-0.999,1e-06,0.08422763971535599,0.014497461498447014,4.991231697855064,0.0384799244918685,0.3767538967367409,0
2024-11-29 00:00:00+00:00,6.0,1.2599999904632568,5.005722923652577,-0.999,1e-06,0.08316887983783701,-0.01352467126638486,5.0192151376306375,0.037163106910324616,-0.36392735674711446,0
2024-12-02 00:00:00+00:00,6.0,1.2799999713897705,4.989940762769141,-0.999,1e-06,0.08220886557753582,0.01217092639552301,4.977818505286427,0.03595940511823952,0.33846295163958673,0
2024-12-03 00:00:00+00:00,6.0,1.2599999904632568,5.005722923652577,-0.999,1e-06,0.0821883629786516,-0.010978847351149967,5.0166560053749105,0.03486497191763936,-0.31489620519658007,0
2024-12-04 00:00:00+00:00,6.019999980926514,1.2300000190734863,5.049396145904243,-0.999,1e-06,0.08218934769643775,0.011572763773073147,5.037798423050503,0.033864514425173284,0.3417371832879582,0
2024-12-05 00:00:00+00:00,6.400000095367432,1.2300000190734863,5.429396260345161,-0.999,1e-06,0.08286280293135219,-0.0010423101942720649,5.429978507301316,0.03295239151126085,-0.03163079055782265,0
2024-12-06 00:00:00+00:00,6.0,1.2799999713897705,4.989940762769141,0.999,3.106783560113098,1e-06,-0.4400095764129496,5.429964468524701,1.762970242257062,-0.24958423339558047,0
2024-12-09 00:00:00+00:00,5.849999904632568,1.409999966621399,4.73735652759028,-0.999,1e-06,0.08501761926619135,0.4086227344123511,4.329992666451327,0.03482470947073838,11.733701174325608,-1
2024-12-10 00:00:00+00:00,5.900000095367432,1.5299999713897705,4.692663658955432,-0.999,1e-06,0.08540657479831489,-0.3876021409526365,5.079413416096844,0.03386268275842303,-11.446291592364283,0
2024-12-11 00:00:00+00:00,6.150000095367432,1.590000033378601,4.895317082236026,-0.999,1e-06,0.08548719461433185,0.3727427105008668,4.523207364332727,0.03297693311099203,11.303134504543191,-1
2024-12-12 00:00:00+00:00,5.849999904632568,1.5800000429153442,4.603207971942881,0.999,0.9539620334434196,1e-06,0.08006171893680447,4.523176894456761,0.9773659974102549,0.08191580139778294,-1
2024-12-13 00:00:00+00:00,5.849999904632568,1.5099999904632568,4.658445629104004,0.999,0.5575312295495285,1e-06,0.13525860444918164,4.523177111815787,0.747538963264781,0.18093853443900362,-1
2024-12-16 00:00:00+00:00,5.849999904632568,1.3799999952316284,4.761029768915433,0.999,0.4778495381570749,1e-06,0.23783069861754436,4.523177581072461,0.6921949198605305,0.3435891997957231,-1
2024-12-17 00:00:00+00:00,5.849999904632568,1.2300000190734863,4.879396069610298,0.999,0.5176518735483435,1e-06,0.3561950808581646,4.523178081537172,0.7203729201881292,0.4944592875106166,-1
2024-12-18 00:00:00+00:00,5.650000095367432,1.3300000429153442,4.600485361858885,0.999,1.647003735150459,1e-06,0.07732455926320458,4.523177711947407,1.2838574763413562,0.06022830468967513,-1
2024-12-19 00:00:00+00:00,5.650000095367432,1.309999942779541,4.61626761681142,0.999,0.9599930721635509,1e-06,0.093088218844289,4.523177748022188,0.9804490563165477,0.09494447288675298,-1
2024-12-20 00:00:00+00:00,5.650000095367432,1.4500000476837158,4.505792302489174,0.999,1.1285161836569224,1e-06,-0.017375452312932124,4.523177534098302,1.0629226054346048,-0.016346864977838813,0
2024-12-23 00:00:00+00:00,5.75,1.340000033378601,4.692594186049736,0.999,1.6032600103842762,1e-06,0.16940474880642553,4.523177789017892,1.2667080542121785,0.13373622141511196,0
2024-12-26 00:00:00+00:00,5.75,1.2899999618530271,4.732049682327424,0.999,1.2902880510402304,1e-06,0.20886875462586757,4.523177856264761,1.136476279417835,0.18378628609200848,0
2024-12-27 00:00:00+00:00,5.699999809265137,1.2699999809265137,4.697831652475996,-0.999,1e-06,0.08293570865220463,-0.1978538253359368,4.89524936332739,0.03492636804639251,-5.6648840518753225,1
2024-12-30 00:00:00+00:00,5.699999809265137,1.309999942779541,4.666267330709125,0.999,0.23676118115060277,1e-06,-0.2289556876592606,4.895236238231818,0.48803187675759735,-0.46914084625046243,1
2025-01-02 00:00:00+00:00,5.699999809265137,1.309999942779541,4.666267330709125,-0.999,1e-06,0.07834236666801535,0.2138434086954392,4.452970137741612,0.0363936808304363,5.875838986767186,0
2025-01-03 00:00:00+00:00,5.989999771118164,1.2899999618530271,4.972049453445588,0.999,1.5976254803816912,1e-06,0.5190412834380296,4.452989053427756,1.2645723912391715,0.41044805899124054,0
2025-01-06 00:00:00+00:00,5.989999771118164,1.3300000429153442,4.940485037609617,0.999,1.0822053415883188,1e-06,0.4874989200809865,4.452988983944195,1.0410207504382152,0.46828933993465066,0
2025-01-07 00:00:00+00:00,5.989999771118164,1.340000033378601,4.9325939571679,0.999,1.042501454973107,1e-06,0.47960570071968495,4.452988966761055,1.0217736128195072,0.4693854829508165,0
2025-01-08 00:00:00+00:00,5.989999771118164,1.2999999523162842,4.96415837300387,0.999,1.0581384676019308,1e-06,0.5111663052719339,4.452989040034444,1.0293975561588837,0.49656840762213467,0
2025-01-09 00:00:00+00:00,5.989999771118164,1.399999976158142,4.885247474517594,0.999,1.13985689112501,1e-06,0.43226547752735583,4.452988873546191,1.068353290280751,0.40460911335215843,0
2025-01-10 00:00:00+00:00,5.989999771118164,1.3300000429153442,4.940485037609617,0.999,1.1861392137314872,1e-06,0.4874913584297424,4.452988987190082,1.089799098831451,0.44732222567669616,0
2025-01-13 00:00:00+00:00,5.989999771118164,1.2899999618530271,4.972049453445588,0.999,1.1481391905476057,1e-06,0.5190576070539576,4.45298905483167,1.0722234153068229,0.48409463890081744,0
2025-01-14 00:00:00+00:00,5.989999771118164,1.3300000429153442,4.940485037609617,0.999,1.1754979714789666,1e-06,0.4874986871325673,4.45298899082742,1.0849068317007144,0.4493461308270663,0
2025-01-15 00:00:00+00:00,6.0,1.409999966621399,4.887356622957712,-0.999,1e-06,0.07726803888823339,-0.45436886219443895,5.340617560855001,0.03767538467548362,-12.06009881805159,1
2025-01-16 00:00:00+00:00,6.0,1.4600000381469729,4.847901126680024,0.999,1.6536935681621328,1e-06,-0.4927117712664228,5.340615244041811,1.2865868696295497,-0.38296036039003767,1
2025-01-17 00:00:00+00:00,6.0,1.440000057220459,4.863683287563459,0.999,1.6759021358673993,1e-06,-0.47693289150809776,5.3406152670092535,1.2951893114622353,-0.3682341162695767,1
2025-01-20 00:00:00+00:00,5.800000190734863,1.440000057220459,4.6636834782983225,0.999,2.0395511675328453,1e-06,-0.676921713243952,5.340615019983855,1.4286935939193102,-0.4738046815111451,1
2025-01-21 00:00:00+00:00,5.5,1.350000023841858,4.434703105608018,0.999,1.2567641375206398,1e-06,-0.9058931834039068,5.340614560573572,1.1217750897938934,-0.8075533069381572,1
2025-01-22 00:00:00+00:00,5.5,1.3700000047683716,4.418920944724583,0.999,0.7386236162624764,1e-06,-0.9216912977663547,5.340614503694737,0.8603719108357538,-1.0712707913384063,1
2025-01-23 00:00:00+00:00,5.5,1.3300000429153442,4.450485266491453,0.999,0.7318431125957188,1e-06,-0.8901335281281096,5.340614609027792,0.8564229802777198,-1.0393620309434695,1
2025-01-24 00:00:00+00:00,5.5,1.4900000095367432,4.324227885354871,0.999,0.7833008891733593,1e-06,-1.0163700875570694,5.340614200487806,0.8859566008893384,-1.147200761907321,1
2025-01-27 00:00:00+00:00,6.0,1.409999966621399,4.887356622957712,0.5470406187939869,0.007930647034949083,0.07033467469760336,-0.5460956249287827,5.43332171504601,0.12495879444794959,-4.370205613309223,1
2025-01-28 00:00:00+00:00,6.0,1.399999976158142,4.89524770339943,0.999,1.862240849454185,1e-06,-0.538074810041282,5.433322112058074,1.3675183662189938,-0.39346806838798604,1
2025-01-29 00:00:00+00:00,6.0,1.3899999856948853,4.903138783841147,0.999,2.0542694014772054,1e-06,-0.5301837175324283,5.433322143451274,1.436013942899414,-0.369205132132596,1
2025-01-30 00:00:00+00:00,6.0,1.4199999570846558,4.8794655425159945,0.999,2.1007428736094096,1e-06,-0.5538553479284312,5.433322042453753,1.4521055458967393,-0.38141535199936244,1
2025-01-31 00:00:00+00:00,6.199999809265137,1.399999976158142,5.095247512664566,0.999,2.5399347688429765,1e-06,-0.3380837457619865,5.433322785376328,1.5961840158937062,-0.21180749988446215,1
2025-02-03 00:00:00+00:00,6.5,1.340000033378601,5.442594186049736,0.999,0.8056923748209713,1e-06,0.009224564817824132,5.433326561298929,0.9019767228257544,0.010227054184862985,0
2025-02-04 00:00:00+00:00,6.5,1.3700000047683716,5.418920944724583,0.999,1.4099559500241936,1e-06,-0.014403794600405603,5.433326414383942,1.1907252369533536,-0.012096656855329478,0
2025-02-05 00:00:00+00:00,6.5,1.350000023841858,5.434703105608018,0.999,1.1608956591576023,1e-06,0.0013752142608621839,5.433326533485637,1.0810954153989867,0.0012720563247922481,0
2025-02-06 00:00:00+00:00,7.400000095367432,1.4500000476837158,6.255792302489174,0.5548759342290616,0.011570383646212011,0.07120163251009279,0.09497432422967568,6.1598448885015085,0.15637872772880151,0.6073353173353866,0
2025-02-07 00:00:00+00:00,7.400000095367432,1.440000057220459,6.263683382930891,0.999,0.5679980685642282,1e-06,0.10383530481875311,6.159846501350217,0.762272831880476,0.1362180317545863,0
2025-02-10 00:00:00+00:00,7.400000095367432,1.409999966621399,6.287356718325143,0.999,1.8206431717401408,1e-06,0.12750872849053743,6.159846683915599,1.3541440174029358,0.09416186672306971,0
2025-02-11 00:00:00+00:00,7.400000095367432,1.4700000286102295,6.2400101416057385,-0.999,1e-06,0.08403904029703749,-0.08773393291973583,6.327591512358872,0.08985719620077434,-0.9763706929348835,0
2025-02-12 00:00:00+00:00,7.400000095367432,1.590000033378601,6.145317082236026,0.999,1e-06,0.06111631286983513,-0.08766474688348525,6.233136154850127,0.08977290679935801,-0.9765167466328735,0
2025-02-13 00:00:00+00:00,7.400000095367432,1.5299999713897705,6.192663658955432,-0.999,1e-06,0.04927297613258241,0.062346071998904774,6.130474367878254,0.06980726550014091,0.8931172357521858,0
2025-02-14 00:00:00+00:00,7.400000095367432,1.5499999523162842,6.176881498071996,-0.999,1.119806473797034e-06,0.049022107238907195,-0.04690050921503192,6.223623595967591,0.05907747899703276,-0.7938813573508707,0
2025-02-17 00:00:00+00:00,7.400000095367432,1.559999942779541,6.168990417630279,-0.12459155470266449,1e-06,0.0412554896642946,0.00519941702938663,6.163922938652234,0.007138823733052181,0.7283296553903896,0
2025-02-18 00:00:00+00:00,7.400000095367432,1.5499999523162842,6.176881498071996,-0.999,1e-06,0.034244462302789734,-0.005141965420706366,6.1819710603675,0.007181637062144511,-0.7159879253451054,0
2025-02-19 00:00:00+00:00,7.400000095367432,1.5299999713897705,6.192663658955432,-0.22243750429603917,0.0005289416203188178,0.03362840228606219,0.0012942507810089186,6.191341675681072,0.032431991625409114,0.039906608140430296,0
2025-02-20 00:00:00+00:00,7.400000095367432,1.5,6.216336900280584,-0.31885159950080694,0.0003112085404107268,0.033758200814054944,-2.940669023727353e-05,6.216294073041051,0.025837451435473734,-0.0011381420613683043,0
2025-02-21 00:00:00+00:00,7.400000095367432,1.5099999904632568,6.208445819838867,-0.5640310662026613,0.00021676860027407548,0.03368172591649394,-0.00010269346977182837,6.208571006623997,0.023213478848148103,-0.004423872459772264,0
2025-02-24 00:00:00+00:00,6.130000114440918,1.3700000047683716,5.048921059165501,0.011887368998094875,0.006450238471458822,0.03343630619522998,-0.18505224598250666,5.236843882927638,0.10895790960639938,-1.698382858582651,1
2025-02-25 00:00:00+00:00,6.130000114440918,1.409999966621399,5.01735673739863,0.999,0.363438650428801,1e-06,-0.2194690376575865,5.236835295464082,0.6074775518378767,-0.36127925549446194,1
2025-02-26 00:00:00+00:00,6.130000114440918,1.3300000429153442,5.080485380932371,0.999,0.4132138636338645,1e-06,-0.1563661204602787,5.236836286727342,0.6471516351353311,-0.241622074288014,1
2025-02-27 00:00:00+00:00,6.130000114440918,1.3899999856948853,5.033138898282065,-0.5581099700550977,1e-06,0.045097879414586955,0.06338338037247931,4.9702523745778615,0.036728538231018085,1.7257256461938528,0
2025-02-28 00:00:00+00:00,7.079999923706055,1.4600000381469729,5.927901050386079,-0.345757539040481,0.002027814939341611,0.044976061998160316,0.030439611501888706,5.8954874228661645,0.06383593507262893,0.4768413193486746,0
2025-03-05 00:00:00+00:00,7.079999923706055,1.4600000381469729,5.927901050386079,0.999,1.075869486675478,1e-06,0.032413259633873676,5.895487604476673,1.0383192048437888,0.031217047207318223,0
2025-03-06 00:00:00+00:00,7.099999904632568,1.3799999952316284,6.011029768915433,0.19389195359820208,0.0015871879916515758,0.04752094994440043,0.008998557926134116,6.001815290274689,0.05680901579304941,0.1584001729393645,0
2025-03-07 00:00:00+00:00,7.300000190734863,1.399999976158142,6.195247894134293,0.9882828217253903,0.1778607462784715,1e-06,0.19320718472138462,6.001937071478721,0.42390611150702856,0.4557782477693322,0
2025-03-10 00:00:00+00:00,7.300000190734863,1.3600000143051147,6.226812215901163,0.999,1.728775085592051,1e-06,0.22487325001539243,6.001937123108891,1.3155272375433307,0.17093773781174607,0
2025-03-11 00:00:00+00:00,7.300000190734863,1.399999976158142,6.195247894134293,0.999,1.7570313396172192,1e-06,0.19331260318598126,6.001937074298678,1.3262236488786037,0.14576169211688986,0
2025-03-12 00:00:00+00:00,7.0,1.3899999856948853,5.903138783841147,0.9620210409068453,0.05939463180643058,1e-06,-0.0980002329338987,6.001616891963412,0.2474530198238966,-0.39603571216727096,0
2025-03-13 00:00:00+00:00,7.0,1.3600000143051147,5.9268120251663,0.999,1.4945970767036438,1e-06,-0.07480645603493254,6.001616936017846,1.2232893474249806,-0.061151890345812164,0
2025-03-14 00:00:00+00:00,6.429999828338623,1.3799999952316284,5.341029692621488,-0.30340834437250863,0.0012936227211410062,0.050186660683407824,-0.0022422696018759673,5.344524657587449,0.051806785570506025,-0.04328138828116191,0
2025-03-17 00:00:00+00:00,6.099999904632568,1.3899999856948853,5.003138688473715,-0.999,1e-06,0.05505971922734797,-0.013436489292332036,5.017140336625963,0.035538665722792,-0.3780808597919538,0
2025-03-18 00:00:00+00:00,6.0,1.409999966621399,4.887356622957712,-0.055463667411559295,1e-06,0.05460257535939264,0.0005719154727829496,4.887016966852606,0.002404805358034813,0.23782193884095226,0
2025-03-19 00:00:00+00:00,6.980000019073486,1.3899999856948853,5.883138802914633,-0.02258538265333538,0.0040772355563704725,0.05233557347788313,0.07172449730434492,5.809654889888042,0.08866138135011842,0.8089711237535228,0
2025-03-20 00:00:00+00:00,6.980000019073486,1.399999976158142,5.875247722472916,0.999,0.6496284089136961,1e-06,0.06559467340899111,5.809653981607433,0.8084543117318672,0.08113590645397696,0
2025-03-21 00:00:00+00:00,6.119999885559082,1.399999976158142,5.015247588958512,0.999,6.656309655652216,1e-06,-0.7943928428590087,5.80965335053039,2.580751957203352,-0.30781448819275814,0
2025-03-24 00:00:00+00:00,6.119999885559082,1.409999966621399,5.007356508516794,0.999,0.15100877185330824,1e-06,-0.8022908092620242,5.809653070319315,0.39367589426578486,-2.0379475120220816,1
2025-03-25 00:00:00+00:00,6.119999885559082,1.440000057220459,4.983683173122541,0.999,0.14599423132171999,1e-06,-0.825952335100037,5.809652253927894,0.38725594448208084,-2.1328331995127208,1
2025-03-26 00:00:00+00:00,6.050000190734863,1.4199999570846558,4.929465733250858,0.999,0.14554120788962327,1e-06,-0.8801468992359138,5.8096504116850936,0.3866718799015203,-2.276211291754845,1
2025-03-27 00:00:00+00:00,6.050000190734863,1.4199999570846558,4.929465733250858,-0.999,1e-06,0.06605034668223381,0.7105555530679071,4.221062898525865,0.05671420196590421,12.528705834476577,0
2025-03-28 00:00:00+00:00,6.050000190734863,1.440000057220459,4.9136834782983225,0.999,0.7104406503965978,1e-06,0.6926252939047448,4.221060608177926,0.8448892222142917,0.8197823758356243,0
2025-03-31 00:00:00+00:00,6.050000190734863,1.409999966621399,4.937356813692575,0.999,0.025560377850807177,0.038919103244058124,0.7015971526393974,4.235721992822344,0.2105554473222257,3.332125392917054,-1
2025-04-01 00:00:00+00:00,6.050000190734863,1.4199999570846558,4.929465733250858,0.999,1.0406785998721393,1e-06,0.6937449765862147,4.235721443758187,1.0293557679791934,0.673960352841038,-1
2025-04-02 00:00:00+00:00,5.800000190734863,1.3600000143051147,4.726812215901163,0.999,0.520874612379449,1e-06,0.49113720562472646,4.235713768669379,0.7346906199189774,0.6684952717633575,-1
2025-04-03 00:00:00+00:00,6.0,1.3700000047683716,4.918920944724583,0.999,1.644506900263348,1e-06,0.6831931500201455,4.235716086781648,1.2897300542929018,0.5297179419415081,-1
2025-04-04 00:00:00+00:00,6.0,1.340000033378601,4.942594186049736,0.999,1.2845538853032523,1e-06,0.7068758270422154,4.2357164622919505,1.1416880464047083,0.619149713679003,-1
2025-04-07 00:00:00+00:00,6.0,1.3600000143051147,4.9268120251663,-0.999,1e-06,0.0622315106458482,-0.3238091154642205,5.249605302936923,0.09253015830478592,-3.499498124683011,0
2025-04-08 00:00:00+00:00,6.0,1.3700000047683716,4.918920944724583,0.999,0.6397621237796787,1e-06,-0.33068230978507457,5.249604379426536,0.8052757910732926,-0.4106447920709656,0
2025-04-09 00:00:00+00:00,6.0,1.309999942779541,4.966267521443989,0.999,0.7018912616171635,1e-06,-0.28334419854583365,5.249605023607322,0.8429704987087401,-0.3361258774534335,0
2025-04-10 00:00:00+00:00,6.0,1.3200000524520874,4.958376346933171,0.999,0.6677344813561545,1e-06,-0.291227336319746,5.249604906099295,0.8224618413206991,-0.35409221642683963,0
2025-04-11 00:00:00+00:00,6.199999809265137,1.340000033378601,5.142593995314873,0.999,0.9617506723015291,1e-06,-0.10703186831213088,5.249606743618907,0.9851196255953869,-0.10864860016106463,0
2025-04-14 00:00:00+00:00,6.199999809265137,1.3300000429153442,5.15048507575659,0.999,0.6842435737256383,1e-06,-0.09912291750839858,5.249606853191536,0.8324389304911155,-0.11907530255693213,0
2025-04-15 00:00:00+00:00,6.199999809265137,1.3799999952316284,5.111029673548002,0.999,0.7009101124539387,1e-06,-0.1385709958255482,5.249606310903967,0.8423907122038895,-0.16449729777173625,0
2025-04-16 00:00:00+00:00,6.150000095367432,1.350000023841858,5.08470320097545,0.999,0.6725842671031379,1e-06,-0.16489879719686648,5.249605932665903,0.8254073332621696,-0.19977869174623697,0
2025-04-17 00:00:00+00:00,6.150000095367432,1.4500000476837158,5.005792302489174,0.999,0.6732027946471222,1e-06,-0.24380075783543323,5.2496048036139396,0.8257825338584274,-0.29523603108470514,0
2025-04-22 00:00:00+00:00,6.150000095367432,1.4500000476837158,5.005792302489174,0.999,0.6190649262681172,1e-06,-0.24381245589123726,5.249604799646065,0.7923256421126114,-0.30771748752337463,0
2025-04-23 00:00:00+00:00,6.5,1.5399999618530271,5.284772483146282,0.999,1.2703877190039592,1e-06,0.035143636281892154,5.249606909287874,1.1309746795051263,0.03107376046408903,0
2025-04-24 00:00:00+00:00,6.5,1.5,5.316336804913153,0.999,0.4900968876491577,1e-06,0.06672282596901173,5.2496075295148,0.7062675691292798,0.09447244767485331,0
2025-04-25 00:00:00+00:00,6.5,1.440000057220459,5.363683287563459,0.999,0.48863268047774583,1e-06,0.1140651243782737,5.249608462610669,0.7052309350626572,0.16174152140410492,0
2025-04-28 00:00:00+00:00,6.5,1.3799999952316284,5.411029864282865,0.999,0.45907317982840434,1e-06,0.1614100714022118,5.249609456927451,0.6839533385751873,0.23599573581797487,0
2025-04-29 00:00:00+00:00,6.650000095367432,1.3600000143051147,5.576812120533732,0.999,0.506551124247218,1e-06,0.32716676426144986,5.249612607702697,0.7178238753456962,0.4557758184121277,0
2025-04-30 00:00:00+00:00,5.960000038146973,1.3799999952316284,4.871029902429838,0.999,6.474445842983916,1e-06,-0.37857076180382054,5.249611559381191,2.546206365640401,-0.14868031394171993,0
2025-05-02 00:00:00+00:00,5.960000038146973,1.840000033378601,4.508039825834427,-0.999,1e-06,0.06748835866346119,0.1883433382308915,4.320792804142236,0.07595786510425467,2.479576512220085,-1
2025-05-05 00:00:00+00:00,5.960000038146973,1.690000057220459,4.626406126529291,-0.999,1e-06,0.06681314064792213,-0.12503896926685432,4.750896449577932,0.06548717752317143,-1.9093656803671464,0
2025-05-06 00:00:00+00:00,5.960000038146973,1.909999966621399,4.452802262742402,-0.999,1e-06,0.06680086221099041,0.08189806954976733,4.371407272509111,0.05840800108349895,1.4021721002348193,-1
2025-05-07 00:00:00+00:00,5.960000038146973,1.850000023841858,4.500148745392709,-0.999,1e-06,0.0668709957071168,-0.06406093785753587,4.56394863838167,0.05321779013485651,-1.2037504318612684,0
2025-05-08 00:00:00+00:00,5.849999904632568,2.0,4.27178231118344,-0.999,1e-06,0.06598926767014261,0.038038027883630185,4.234204028816119,0.04915222360979405,0.773882137776789,0
2025-05-09 00:00:00+00:00,6.199999809265137,2.0,4.621782215816008,0.999,2.7496520630194348,1e-06,0.3875532715343641,4.234216231667293,1.658991646788249,0.23360772930029752,0
2025-05-12 00:00:00+00:00,6.199999809265137,2.0299999713897705,4.598108974490854,0.999,1.8641092199427367,1e-06,0.36389403491702,4.234216187916395,1.366276489554012,0.26633996683629124,0
2025-05-13 00:00:00+00:00,5.989999771118164,1.899999976158142,4.490693076155312,0.999,1.9306979560117863,1e-06,0.2564826266395681,4.234215993734593,1.3904320127819678,0.18446254421774946,0
2025-05-14 00:00:00+00:00,5.949999809265137,1.919999957084656,4.434910953418848,0.999,1.7508172853410846,1e-06,0.20069824215583962,4.234215882628563,1.3241682336175393,0.15156551642048186,0
2025-05-15 00:00:00+00:00,6.0,1.809999942779541,4.571713123081706,0.999,2.04126541771617,1e-06,0.3374902944279705,4.2342161178056426,1.429640040066107,0.23606662164579895,0
2025-05-16 00:00:00+00:00,6.0,1.7000000476837158,4.658515007940601,0.999,1.3190803606144164,1e-06,0.42429205300952055,4.234216349357625,1.1496462865506156,0.36906312660962975,0
2025-05-19 00:00:00+00:00,6.070000171661377,1.649999976158142,4.767970675879665,-0.999,1e-06,0.0656286005799141,-0.3594018936066625,5.126109953661939,0.04753211603039325,-7.561243294467508,1
2025-05-20 00:00:00+00:00,6.070000171661377,1.6799999475479126,4.744297434554512,-0.999,1e-06,0.06517488661708036,0.3141755516899336,4.431118016987577,0.04453104990481434,7.05520198516513,0
2025-05-21 00:00:00+00:00,5.800000190734863,1.659999966621399,4.4900796145114334,0.999,0.307406569035429,1e-06,0.0591246643111602,4.431037815488415,0.5563966309109325,0.10626351963052204,0
2025-05-22 00:00:00+00:00,5.800000190734863,1.659999966621399,4.4900796145114334,-0.999,1e-06,0.06573859794699753,-0.05232427834470061,4.542244748375667,0.0438922130613666,-1.1921084560385453,0
2025-05-23 00:00:00+00:00,5.800000190734863,1.649999976158142,4.4979706949531515,-0.999,1e-06,0.06572527418303512,0.047233859709863574,4.450868015938419,0.04151220430074782,1.1378306814946149,0
2025-05-26 00:00:00+00:00,6.0,1.6699999570846558,4.682188343334853,-0.999,1e-06,0.06580384043529168,-0.03405687366740828,4.715862999057754,0.039482602482727086,-0.8625792507550013,0
2025-05-27 00:00:00+00:00,6.0,1.6799999475479126,4.674297262893135,-0.999,1e-06,0.06575164587917853,0.030767757501451127,4.64363425825924,0.037722002336184696,0.8156448649582226,0
2025-05-28 00:00:00+00:00,5.800000190734863,1.7000000476837158,4.458515198675464,0.999,0.13650682513681356,1e-06,-0.18480646835915626,4.643479563101859,0.3716459830919995,-0.49726480781956456,0
2025-05-29 00:00:00+00:00,5.800000190734863,1.6299999952316284,4.513752855836588,0.999,0.008443068346733938,0.057586715126937645,-0.1775421984411814,4.691212168336475,0.13189129913026046,-1.3461251774147325,1
2025-05-30 00:00:00+00:00,5.800000190734863,1.6200000047683716,4.521643936278305,-0.999,1e-06,0.06605000606771338,0.11658139186725636,4.405402766483396,0.07619867070439094,1.52996621580878,0
2025-06-02 00:00:00+00:00,5.800000190734863,1.6200000047683716,4.521643936278305,-0.999,1e-06,0.066050796162795,-0.0863243568109808,4.607707935541279,0.06554553945353107,-1.317013446386859,1
2025-06-03 00:00:00+00:00,5.800000190734863,1.6200000047683716,4.521643936278305,-0.999,1e-06,0.06603185443343797,0.06852996386490325,4.453320706766508,0.058380768122216514,1.17384484769779,0
2025-06-04 00:00:00+00:00,5.800000190734863,1.6699999570846558,4.482188534069716,-0.999,1e-06,0.06524387164154072,-0.0600917538076926,4.542157116361838,0.0530863921657893,-1.1319615320631602,0
2025-06-05 00:00:00+00:00,5.760000228881836,1.6200000047683716,4.481643974425277,-0.999,1e-06,0.06523773788608474,0.05119731057386133,4.430603906543964,0.049008025666284004,1.0446719670464808,0
2025-06-06 00:00:00+00:00,5.78000020980835,1.659999966621399,4.47007963358492,-0.999,1e-06,0.06327920479457441,-0.04520585575402697,4.5151614251536545,0.045652281727324585,-0.9902211684409541,0
2025-06-09 00:00:00+00:00,5.78000020980835,1.659999966621399,4.47007963358492,-0.999,1e-06,0.06292110807607601,0.0399112887808312,4.430294699460468,0.04288709930278054,0.9306129215935011,0
2025-06-10 00:00:00+00:00,5.75,1.649999976158142,4.447970504218288,-0.999,1e-06,0.06281101108448843,-0.03687165062333425,4.484760335533391,0.04056499049332853,-0.9089525271649773,0
2025-06-11 00:00:00+00:00,5.75,1.6699999570846558,4.432188343334853,-0.999,1e-06,0.06278574644304623,0.032617686652464985,4.399699230585381,0.038581427525193654,0.8454245668117296,0
2025-06-12 00:00:00+00:00,6.059999942779541,1.6799999475479126,4.734297205672676,-0.999,1e-06,0.06290753590964962,-0.01680454227700961,4.750569858327735,0.03686522165193666,-0.45583727762903076,0
2025-06-13 00:00:00+00:00,6.059999942779541,1.75,4.679059548511553,-0.999,1e-06,0.06305927051055356,0.013304760845218517,4.665883371393066,0.03536216067199149,0.37624287069530005,0
2025-06-16 00:00:00+00:00,5.599999904632568,1.7000000476837158,4.258514912573169,-0.999,1e-06,0.06378798201514332,-0.027532517800932854,4.28661883803687,0.03404290490388702,-0.8087593546633323,0
2025-06-17 00:00:00+00:00,5.460000038146973,1.7300000190734863,4.09484180476242,-0.999,1e-06,0.06508662508181419,0.02025910000148068,4.074896412586628,0.03288285041260437,0.616099265947916,0
2025-06-18 00:00:00+00:00,5.460000038146973,1.649999976158142,4.157970542365261,-0.999,1e-06,0.0648500910102244,-0.017028642972488704,4.174850221817752,0.03183017910411449,-0.5349842021557308,0
2025-06-20 00:00:00+00:00,5.460000038146973,1.6799999475479126,4.134297301040108,-0.999,1e-06,0.06482738169422886,0.01532854847903842,4.119052106448691,0.03087232403102671,0.4965142392141653,0
2025-06-23 00:00:00+00:00,5.5,1.7400000095367432,4.12695068617373,-0.999,1e-06,0.06480030552739857,-0.014672335252822258,4.141589280435267,0.029995890824291126,-0.4891448411640563,0
2025-06-24 00:00:00+00:00,5.5,1.6699999570846558,4.182188343334853,-0.999,1e-06,0.06458202876007446,0.01533806215261161,4.166812334779079,0.02918780720822345,0.5254955277452369,0
2025-06-25 00:00:00+00:00,5.449999809265137,1.6399999856948853,4.155861393925143,-0.999,1e-06,0.06458725504033774,-0.015213863255621992,4.17106884486655,0.02844210644470526,-0.5349063468698951,0
2025-06-26 00:00:00+00:00,5.099999904632568,1.6100000143051147,3.829534730617728,-0.999,1e-06,0.06506679793243601,0.006802049807090775,3.8232535629069715,0.027756007455472284,0.24506585891371438,0
2025-06-27 00:00:00+00:00,5.099999904632568,1.6399999856948853,3.8058614892925746,-0.999,1e-06,0.06554302264892371,-0.007031663695165418,3.8129085533422944,0.027122112734159185,-0.25925943764363635,0
2025-06-30 00:00:00+00:00,5.119999885559082,1.6100000143051147,3.8495347115442415,-0.999,1e-06,0.06511501074304554,0.007660446106249356,3.8418308884362706,0.026526529214754704,0.28878433526797126,0
2025-07-01 00:00:00+00:00,5.119999885559082,1.6299999952316284,3.833752550660806,-0.999,1e-06,0.06476600297328321,-0.007661590208768412,3.8414147688416755,0.025966207284853552,-0.2950600418736364,0
2025-07-02 00:00:00+00:00,5.300000190734863,1.6299999952316284,4.013752855836588,-0.999,1e-06,0.06490311426086004,0.010917686310442824,4.002592222293644,0.02544158375462743,0.4291276209743454,0
2025-07-03 00:00:00+00:00,5.300000190734863,1.6299999952316284,4.013752855836588,-0.999,1e-06,0.0650582132597162,-0.01048723068820513,4.024207554882094,0.024949233833117666,-0.4203427952278181,0
2025-07-04 00:00:00+00:00,5.300000190734863,1.690000057220459,3.966406279117182,-0.999,1e-06,0.06505821328482986,0.009226632762600457,3.957280448279269,0.02448500803144918,0.3768278430111001,0
2025-07-07 00:00:00+00:00,5.300000190734863,1.659999966621399,3.990079614511434,-0.999,1e-06,0.06505821327842981,-0.00847550247102932,3.9984930021815326,0.024046393765264327,-0.3524645963035179,0
2025-07-08 00:00:00+00:00,5.119999885559082,1.649999976158142,3.8179703897773702,-0.999,1e-06,0.06508640177736265,0.005245849633417753,3.8130041652078717,0.023631353819702407,0.22198684313397557,0
2025-07-09 00:00:00+00:00,5.25,1.649999976158142,3.947970504218288,-0.999,1e-06,0.06508758427541815,-0.00293008394078127,3.950692902342321,0.023237752852621068,-0.12609153558713299,0
2025-07-10 00:00:00+00:00,5.300000190734863,1.649999976158142,3.9979706949531515,-0.999,1e-06,0.0652309170080377,0.0036331280484291654,3.994271939061297,0.022864652297726683,0.15889714836338836,0
2025-07-11 00:00:00+00:00,5.300000190734863,1.649999976158142,3.9979706949531515,-0.999,1e-06,0.06522348411478254,-0.0035164354859029043,4.001476274262489,0.022509602453354403,-0.1562193509720951,0
2025-07-14 00:00:00+00:00,5.099999904632568,1.6200000047683716,3.82164365017601,-0.999,1e-06,0.06533235549595003,0.0007733476890541477,3.8211417335181026,0.022171832623355904,0.034879736925286904,0
2025-07-15 00:00:00+00:00,5.099999904632568,1.6200000047683716,3.82164365017601,-0.999,1e-06,0.06532144532366066,-0.0007540790387911216,3.8223958404286273,0.02184946612524206,-0.03451246975412162,0
2025-07-16 00:00:00+00:00,5.099999904632568,1.649999976158142,3.7979704088508566,-0.999,1e-06,0.06459831361334326,0.00039434389121072215,3.797613815886573,0.0215380894852461,0.018309139790734612,0
2025-07-17 00:00:00+00:00,5.099999904632568,1.5499999523162842,3.876881307337133,-0.999,1e-06,0.06438733196333833,0.0007140144105091715,3.8760473790064,0.02123942287524931,0.033617411108718284,0
2025-07-18 00:00:00+00:00,5.099999904632568,1.590000033378601,3.845316891501163,-0.999,1e-06,0.06439827494408572,-0.0011195234266712243,3.846481626834956,0.020953617173896027,-0.053428647539954306,0
2025-07-21 00:00:00+00:00,5.099999904632568,1.5099999904632568,3.908445629104004,-0.999,1e-06,0.06437437052329191,0.0019206619815879573,3.90643322202733,0.020679669996998325,0.09287681969135597,0
2025-07-22 00:00:00+00:00,5.150000095367432,1.4500000476837158,4.005792302489174,-0.999,1e-06,0.06365821944146552,-0.0006029980420270754,4.006240816315839,0.020413992088834636,-0.02953846750812072,0
2025-07-23 00:00:00+00:00,5.150000095367432,1.5,3.966336900280585,-0.999,1e-06,0.06224644843195757,7.797798538702373e-05,3.966322111352271,0.020153298893180998,0.0038692417454994476,0
2025-07-24 00:00:00+00:00,5.150000095367432,1.5199999809265137,3.950554739397149,-0.999,1e-06,0.06224904124444449,-0.0002759791356269517,3.950855208952931,0.01990312645128397,-0.013866119792910627,0
2025-07-25 00:00:00+00:00,5.150000095367432,1.5099999904632568,3.9584458198388672,-0.999,1e-06,0.062249293866679836,0.0003658281178011764,3.958068566470765,0.019662799965909323,0.018605087700400574,0
2025-07-28 00:00:00+00:00,5.150000095367432,1.440000057220459,4.013683382930891,-0.999,1e-06,0.06209346699075354,0.00030972135478649505,4.013285959906678,0.019431145886474148,0.01593942820439063,0
2025-07-29 00:00:00+00:00,5.150000095367432,1.399999976158142,4.045247798766861,-0.999,1e-06,0.06071797085839643,7.928038546731349e-05,4.045116817180613,0.019203164723697295,0.004128506244050444,0
2025-07-30 00:00:00+00:00,5.150000095367432,1.4199999570846558,4.029465637883426,-0.999,1e-06,0.06022206344743662,-0.0002639424417412412,4.029754742009034,0.018981987467423588,-0.01390488968524569,0
2025-07-31 00:00:00+00:00,5.5,1.3799999952316284,4.411029864282865,-0.999,1e-06,0.060852006876313064,0.004638015634115714,4.405782073540389,0.018771296365493573,0.24708019860799643,0
2025-08-01 00:00:00+00:00,5.5,1.399999976158142,4.39524770339943,-0.999,1e-06,0.05838413638750971,-0.004702390177025534,4.399959931117248,0.018559494514665542,-0.25336844025087796,0
2025-08-04 00:00:00+00:00,5.5,1.399999976158142,4.39524770339943,-0.999,1e-06,0.055302144503827734,0.0045842290096008344,4.390680020533216,0.018343947215644724,0.24990417578672233,0
2025-08-05 00:00:00+00:00,5.5,1.409999966621399,4.387356622957712,-0.999,1e-06,0.05528786231003308,-0.004564837407693474,4.391919249617166,0.01813656321070164,-0.25169252601286396,0
2025-08-06 00:00:00+00:00,5.5,1.4600000381469729,4.347901126680024,-0.999,1e-06,0.05528865957200208,0.004000283241616763,4.343986376011555,0.017936894982518853,0.22301982843270285,0
2025-08-07 00:00:00+00:00,5.199999809265137,1.4800000190734863,4.032118775061726,-0.999,1e-06,0.0556759090538926,-0.007445673646280059,4.040103120637178,0.017745888685767677,-0.4195717542312513,0
2025-08-08 00:00:00+00:00,5.199999809265137,1.4299999475479126,4.071574271339413,-0.999,1e-06,0.055921254832946674,0.007700780611917598,4.0638316010984985,0.01756250953143128,0.4384783733859709,0
2025-08-11 00:00:00+00:00,5.199999809265137,1.4600000381469729,4.047900935945161,-0.999,1e-06,0.055913426731236435,-0.007781272129129298,4.0556965746804865,0.017385482995803836,-0.44757296251173395,0
2025-08-12 00:00:00+00:00,5.199999809265137,1.4700000286102295,4.040009855503444,-0.999,1e-06,0.055912907418950684,0.0075272619176098374,4.032523526882469,0.01721450897207771,0.4372626561593602,0
2025-08-13 00:00:00+00:00,5.199999809265137,1.3799999952316284,4.111029673548002,-0.999,1e-06,0.055948336084389066,-0.006634725378016234,4.117514332343012,0.01704939344142858,-0.38914729728122843,0
2025-08-14 00:00:00+00:00,5.199999809265137,1.3799999952316284,4.111029673548002,-0.999,1e-06,0.05598100370597665,0.006495793506077437,4.104556750337995,0.016889833402775434,0.38459784363592425,0
2025-08-15 00:00:00+00:00,5.010000228881836,1.5700000524520874,3.771099376633866,-0.999,1e-06,0.05634474944280085,-0.00970737904751264,3.78137364613842,0.016736519469089432,-0.5800118158044231,0
2025-08-18 00:00:00+00:00,5.010000228881836,1.5499999523162842,3.7868816315864007,-0.999,1e-06,0.05667337521090967,0.009657397200842573,3.777231459776991,0.01658900141054643,0.5821566326893493,0
2025-08-19 00:00:00+00:00,5.010000228881836,1.4500000476837158,3.865792436003578,-0.999,1e-06,0.051359117233565316,-0.008626315538231028,3.8742322265909332,0.01643019893556362,-0.5250280639973951,0
2025-08-20 00:00:00+00:00,4.329999923706055,1.399999976158142,3.2252476271054844,0.999,2.9030293317844538,1e-06,-0.6489404770201949,3.8742101611752195,1.703965081626456,-0.3808414174783283,0
2025-08-21 00:00:00+00:00,5.010000228881836,1.4600000381469729,3.85790135556186,0.999,9.82435893926323,1e-06,-0.0163153264956315,3.8742102493750314,3.1344581056653156,-0.005205150601994864,0
2025-08-22 00:00:00+00:00,5.010000228881836,1.5700000524520874,3.771099376633866,0.999,7.195044229414692,1e-06,-0.10310964971056505,3.8742102328615298,2.682445508475451,-0.0384386744799773,0
2025-08-25 00:00:00+00:00,5.119999885559082,1.5,3.9363366904722352,0.999,0.16142937992906078,1e-06,0.062022891048855236,3.8742116322422997,0.4023679836993083,0.15414469729580985,0
2025-08-26 00:00:00+00:00,5.119999885559082,1.5099999904632568,3.9284456100305176,0.999,7.048406795255954,1e-06,0.05423408891465696,3.8742116307387944,2.6549724050806485,0.020427364446753835,0
2025-08-27 00:00:00+00:00,5.119999885559082,1.5,3.9363366904722352,0.999,6.995428187051647,1e-06,0.06212494460170528,3.8742116322966837,2.644976533643371,0.023487900104780947,0
2025-08-28 00:00:00+00:00,4.630000114440918,1.5099999904632568,3.4384458389123536,0.999,9.184007687933805,1e-06,-0.4357602984928017,3.8742115578898244,3.030590926660347,-0.14378723788135972,0
2025-08-29 00:00:00+00:00,4.5,1.5199999809265137,3.3005546440297175,0.999,6.974552912078464,1e-06,-0.5736549032853477,3.874211530644963,2.641027752324082,-0.21720896449518046,0
2025-09-01 00:00:00+00:00,4.5,1.4800000190734863,3.332118965796589,0.999,7.0161380673218545,1e-06,-0.542093012584506,3.8742115367165155,2.648889152795529,-0.20464918738196472,0
2025-09-02 00:00:00+00:00,4.5,1.4500000476837158,3.355792207121742,0.999,6.388633795559336,1e-06,-0.5184196966384076,3.8742115416974037,2.527668979888612,-0.20509793836266213,0
2025-09-03 00:00:00+00:00,4.5,1.4900000095367432,3.324227885354871,0.999,6.768253394530713,1e-06,-0.5499831758183774,3.874211535171867,2.60167851029915,-0.2113955177940638,0
2025-09-04 00:00:00+00:00,4.5,1.4900000095367432,3.324227885354871,0.999,3.6655661939241515,1e-06,-0.5499836345939664,3.87421153496499,1.914691847024043,-0.2872439423862341,0
2025-09-05 00:00:00+00:00,4.349999904632568,1.4900000095367432,3.174227789987439,0.999,8.745360083580403,1e-06,-0.69998199979787,3.8742115112311497,2.957336599094617,-0.23669338147445512,0
2025-09-08 00:00:00+00:00,4.75,1.4299999475479126,3.6215744620742765,0.999,12.747056147926015,1e-06,-0.2526406013509097,3.874211559573569,3.5703692841299786,-0.07076035593121363,0
2025-09-09 00:00:00+00:00,4.75,1.4199999570846558,3.629465542515994,0.999,0.5647783020841851,1e-06,-0.24474738833929593,3.874211578248854,0.7518377230700886,-0.32553220040607067,0
2025-09-10 00:00:00+00:00,4.75,1.399999976158142,3.6452477033994297,0.9569361409844486,0.21175889009833207,1e-06,-0.22896678026262818,3.87421200963839,0.4606967581451676,-0.4970010667851926,0
2025-09-11 00:00:00+00:00,4.75,1.4299999475479126,3.6215744620742765,0.999,3.1627862446585544,1e-06,-0.25263678144796103,3.8742119991286974,1.7785583819232662,-0.14204581868983637,0
2025-09-12 00:00:00+00:00,4.989999771118164,1.440000057220459,3.8536830586816238,-0.29164154072849735,0.002647180112215917,0.022865652527842343,0.06363409941967894,3.790407691765429,0.07097123765790124,0.8966181444715802,0
2025-09-15 00:00:00+00:00,4.989999771118164,1.409999966621399,3.8773563940758757,0.44480340070837837,0.011750459357390733,0.014081446940732885,0.05277603741223621,3.824361178279797,0.1389773454639295,0.379745614193889,0
2025-09-16 00:00:00+00:00,4.989999771118164,1.399999976158142,3.885247474517594,0.36864529470586693,0.00976577462716368,0.01606172963356815,0.030918336118786232,3.8541862228710464,0.13542690841369243,0.22830275372113726,0
2025-09-17 00:00:00+00:00,4.989999771118164,1.4700000286102295,3.8300098173564705,0.36668405208623145,0.00976311636379525,0.0160624889157549,0.0019464187230827778,3.8281840726444294,0.1364601592136922,0.014263641009202906,0
2025-09-18 00:00:00+00:00,4.989999771118164,1.4800000190734863,3.822118736914753,0.3721925310902218,0.00986908568254787,0.015965031725823697,-0.0010733944274057524,3.8232151537913555,0.13746837267298004,-0.007808300967955899,0
2025-09-19 00:00:00+00:00,4.989999771118164,1.5,3.8063365760313173,0.3710969218044201,0.009831005654604085,0.016000326946906812,-0.004708774363520863,3.8111010859836085,0.13741388186199327,-0.034267093685992754,0
2025-09-22 00:00:00+00:00,4.989999771118164,1.4900000095367432,3.814227656473035,0.36884441487281755,0.009794947050203567,0.01603189641697214,-0.0004720644976118568,3.814683290230542,0.13718448962131596,-0.003441092348813948,0
2025-09-23 00:00:00+00:00,4.989999771118164,1.4500000476837158,3.845791978239906,0.3741468406450987,0.009561777255130835,0.016122487545719065,0.007763651344581763,3.837921864507314,0.1359924545247964,0.05708883902206622,0
2025-09-24 00:00:00+00:00,4.989999771118164,1.4600000381469729,3.837900897798188,0.44813636096232273,0.01052566844083921,0.015165226358413886,0.0024593583796636174,3.835453785010912,0.14289388219499316,0.017211082391250132,0
2025-09-25 00:00:00+00:00,5.0,1.4600000381469729,3.847901126680024,0.31639618549498727,0.00814906030226892,0.017315258353474,0.003100042255577873,3.8447625050406615,0.1268499992389397,0.024438646229224727,0
2025-09-26 00:00:00+00:00,5.0,1.4299999475479126,3.8715744620742765,0.367464569224175,0.009148963762221555,0.0163237625480442,0.007650091544935452,3.8638353054636494,0.1323492877501406,0.057802287227853445,0
2025-09-29 00:00:00+00:00,5.0,1.4800000190734863,3.832118965796589,0.36607125118540185,0.009136677017101167,0.016335926981942552,-0.005773430223747895,3.8380114086094754,0.13268436309877807,-0.04351251412685165,0
2025-09-30 00:00:00+00:00,4.900000095367432,1.4800000190734863,3.7321190611640205,0.3788984854143452,0.00939968702181664,0.01612013165429641,-0.028748784763662664,3.7612259986205174,0.13459451448611165,-0.21359551593485746,0
2025-10-01 00:00:00+00:00,4.900000095367432,1.4600000381469729,3.7479012220474557,0.37388718262178217,0.009297145975241913,0.01622529645507148,-0.011391878410865058,3.759301950522212,0.13415929469942706,-0.08491307617849089,0
2025-10-02 00:00:00+00:00,4.400000095367432,1.399999976158142,3.2952477987668614,0.25035559797685175,0.008313038761701157,0.017762546882261518,-0.10191743032936543,3.3986468694237386,0.1254403851646119,-0.8124770200252658,0
2025-10-03 00:00:00+00:00,4.400000095367432,1.3700000047683716,3.3189210400920146,0.39910595660636666,0.010525765845686387,0.01602146120848571,-0.05230319953635881,3.371357057836773,0.14009689039652218,-0.3733359062312008,0
2025-10-06 00:00:00+00:00,4.400000095367432,1.3600000143051147,3.3268121205337318,0.3103072376658961,0.008556806461954138,0.018006544681841537,-0.022265037820576577,3.3491683459258454,0.1287610160780493,-0.17291753745621644,0
2025-10-07 00:00:00+00:00,4.460000038146973,1.2999999523162842,3.4341586400326785,0.29917728806752625,0.00842512921470651,0.018220525137926623,0.01345188098025214,3.4204087613915144,0.12683520111593632,0.10605794654715903,0
2025-10-08 00:00:00+00:00,4.460000038146973,1.3899999856948853,3.36313882198812,0.2992340765576344,0.008425285826072406,0.018212728625855098,-0.009659942607988699,3.3729992752236124,0.12654169663645298,-0.07633802031073725,0
2025-10-09 00:00:00+00:00,4.460000038146973,1.2899999618530271,3.4420497204743965,0.2654560395846269,0.00796014162075454,0.018671725013964545,0.012472799517439783,3.429345102693491,0.12285337046792613,0.101525904172862,0
2025-10-10 00:00:00+00:00,4.409999847412109,1.2899999618530271,3.392049529739533,0.2481148305090292,0.007120847718805665,0.01912917466699696,-0.004592468095859284,3.3967746400833088,0.11652383949253388,-0.039412262038906985,0
2025-10-13 00:00:00+00:00,4.409999847412109,1.2999999523162842,3.384158449297815,0.12890342671604166,0.006164026754761562,0.019600943296619495,-0.0027141633880942238,3.386911612957051,0.10712128753091815,-0.02533729243415639,0
2025-10-14 00:00:00+00:00,4.409999847412109,1.2799999713897705,3.3999406101812504,0.2560367772542782,0.008063508862771518,0.017656360061859496,0.002663796525083207,3.3972292153415378,0.1214422969045865,0.021934668504961417,0
2025-10-15 00:00:00+00:00,4.409999847412109,1.2599999904632568,3.415722771064686,0.2583545420745909,0.008146656676381673,0.01752236033365405,0.004834732054184067,3.4108277007445484,0.12304108635638025,0.03929363920097869,0
2025-10-16 00:00:00+00:00,4.409999847412109,1.2899999618530271,3.392049529739533,0.2651009274717586,0.008217109150836161,0.01719832581745459,-0.0034064271049247747,3.395524286848234,0.12378278707343035,-0.027519392521869912,0
2025-10-17 00:00:00+00:00,4.409999847412109,1.2899999618530271,3.392049529739533,0.999,3.6971614846413416,1e-06,-0.0034747535315352083,3.395524285211274,1.924687107754147,-0.0018053602154532963,0
2025-10-20 00:00:00+00:00,4.409999847412109,1.2999999523162842,3.384158449297815,-0.6668950344666517,0.0010739053655248996,0.018694047636802453,-0.0008029119422584218,3.384995737563283,0.05750185909545796,-0.013963234491697387,0
2025-10-21 00:00:00+00:00,4.409999847412109,1.2899999618530271,3.392049529739533,-0.07815813249512898,0.004657633584972144,0.014901380619681864,0.0015810148512326687,3.3904371716509805,0.09097761175343,0.017378065006999503,0
2025-10-22 00:00:00+00:00,4.409999847412109,1.2400000095367432,3.4315049319481217,0.060559360627044666,0.0059017205414136475,0.013670464945557395,0.010277704252529104,3.4210485067612173,0.10198490587978358,0.10077671949458991,0
2025-10-23 00:00:00+00:00,4.409999847412109,1.2400000095367432,3.4315049319481217,0.045234494669953315,0.0057334350813248005,0.013803526909542587,0.0027917015204757378,3.4286712323887953,0.10092512256984566,0.027661115977775787,0
2025-10-24 00:00:00+00:00,4.800000190734863,1.25,3.8136141948291575,0.09491549382218711,0.006706857863532503,0.013377212363590338,0.10214073604911146,3.709863175558984,0.1085280447328152,0.9411460079334458,0
2025-10-27 00:00:00+00:00,4.800000190734863,1.1699999570846558,3.8767429324319984,0.5050916754756443,0.0113199747411465,0.009565793936113278,0.10362582865621375,3.7726001417921555,0.13925048316994817,0.7441685392914843,0
2025-10-28 00:00:00+00:00,4.800000190734863,1.159999966621399,3.8846340128737165,0.025415059806237355,0.004388895961088628,0.016046838089010137,0.01888155147381495,3.8653646962747463,0.0903365612050733,0.20901339636951513,0
2025-10-29 00:00:00+00:00,5.0,1.149999976158142,4.09252490258057,0.03169000423940956,0.004589395698408824,0.01600098866245178,0.04231679831658919,4.0492756664468645,0.09142607223225536,0.4628526336457852,0
2025-10-30 00:00:00+00:00,5.0,1.1699999570846558,4.076742741697135,0.05069053248038667,0.004669697300475691,0.015987086433119357,0.006838900822377399,4.069799283471703,0.09228719536465554,0.07410454717314537,0
2025-10-31 00:00:00+00:00,5.0,1.1799999475479126,4.068851661255417,0.018240166296326757,0.004236588385972046,0.016389040359916392,-5.771456526043671e-05,4.068913753359926,0.08812087125489494,-0.0006549477375625786,0
2025-11-03 00:00:00+00:00,5.0,1.1399999856948853,4.100415983022288,-0.04832965425239381,0.003855355311499639,0.016549094612366724,0.005199760703844364,4.095087371235196,0.08398518632577312,0.0619128316709905,0
2025-11-04 00:00:00+00:00,5.0,1.159999966621399,4.084633822138853,0.00015014882306481654,0.0043140991749136106,0.015915011815557795,-0.0019106422584048218,4.086588775725578,0.08854103635786997,-0.021579172065281503,0
2025-11-05 00:00:00+00:00,4.809999942779541,1.149999976158142,3.902524845360112,0.031081325524376164,0.004750093023316087,0.015585162138927982,-0.03595358863407542,3.9392512677091767,0.09272313416684799,-0.387752085357466,0
2025-11-06 00:00:00+00:00,4.989999771118164,1.149999976158142,4.082524673698734,-0.05376490312964243,0.004066441372011589,0.015971154837779753,0.026675723885957865,4.055271305131982,0.08598934832394871,0.3102212588640873,0
2025-11-07 00:00:00+00:00,4.989999771118164,1.149999976158142,4.082524673698734,-0.03491106766986961,0.00432002509743736,0.01561355163542988,0.004357148349130077,4.078048407102964,0.08838027662935057,0.04930000804821077,0
2025-11-10 00:00:00+00:00,4.989999771118164,1.1399999856948853,4.090415754140452,-0.021347726407926367,0.004438914184712282,0.015494662548154958,0.002276916811623143,4.088086342844334,0.08955862362264745,0.025423758422381114,0
2025-11-11 00:00:00+00:00,4.789999961853027,1.149999976158142,3.882524864433598,-0.026617887006841964,0.004448873931617678,0.01546993834075025,-0.03922562086687086,3.922611965561657,0.08963173246674684,-0.4376309571102341,0
2025-11-12 00:00:00+00:00,5.0,1.149999976158142,4.09252490258057,-0.08611328329442185,0.00440045281836341,0.01537195252573106,0.03601068445661747,4.055824905063978,0.08888100487902274,0.4051561355053551,0
2025-11-13 00:00:00+00:00,5.0,1.149999976158142,4.09252490258057,-0.049478249674937295,0.004385742871204866,0.015397115966257008,0.005603090929195361,4.086760093410615,0.08890287877274465,0.06302485371163398,0
2025-11-14 00:00:00+00:00,4.710000038146973,1.149999976158142,3.8025249407275434,-0.0025794771846006123,0.005234410698726626,0.014784334396678013,-0.06285388036951767,3.8665772556706877,0.09648600224328999,-0.6514300407123436,0
2025-11-17 00:00:00+00:00,4.710000038146973,1.1399999856948853,3.810416021169261,0.06844251141731167,0.0057049511075278345,0.01460122537796103,-0.016070542250659074,3.826702635390273,0.10096020118016483,-0.15917700304480353,0
2025-11-18 00:00:00+00:00,4.710000038146973,1.1399999856948853,3.810416021169261,0.014113272194926946,0.0051164634395127456,0.015189713045976118,-0.0034967953894425316,3.8139775132214573,0.09594108300250523,-0.03644732037631077,0
2025-11-19 00:00:00+00:00,4.699999809265137,1.1200000047683716,3.8161979531708603,0.014035797294887338,0.0051158138095204805,0.015191077919090025,0.00042073987213923783,3.815767927440325,0.09583864522180287,0.004390085765147287,0
2025-11-21 00:00:00+00:00,4.699999809265137,1.149999976158142,3.7925247118457075,0.013899199693898473,0.005110552628528126,0.01519326620047665,-0.004806931476779533,3.797426850349972,0.09578853731874172,-0.05018274222921057,0
2025-11-24 00:00:00+00:00,4.710000038146973,1.1399999856948853,3.810416021169261,0.012289893507636686,0.005102044179798755,0.015198494432087466,0.0026403165886532175,3.8077222825135455,0.09570453389981173,0.02758820800921754,0
2025-11-25 00:00:00+00:00,4.710000038146973,1.149999976158142,3.8025249407275434,0.014077695336526584,0.0051181113264374975,0.015184321296087502,-0.0010485686066005037,3.803594957755426,0.09584911195224917,-0.01093978426344615,0
2025-11-26 00:00:00+00:00,4.710000038146973,1.1699999570846558,3.786742779844108,0.014195028628356537,0.005119258896584889,0.01518382616319347,-0.0035060641371098132,3.7903178039956087,0.09586247715294285,-0.03657389461693231,0
2025-11-27 00:00:00+00:00,4.710000038146973,1.149999976158142,3.8025249407275434,0.014223030777654194,0.005121079367225753,0.015182026267698427,0.0024923238329332058,3.799982418679001,0.09587809389969022,0.0259947161187907,0
2025-11-28 00:00:00+00:00,4.710000038146973,1.1299999952316284,3.8183071016109786,0.015250121372783098,0.005129896482016982,0.015177656824259656,0.0038347711207834994,3.8143974298850103,0.0959597663097718,0.0399622807375782,0
2025-12-01 00:00:00+00:00,4.710000038146973,1.1399999856948853,3.810416021169261,0.012879375858268136,0.004666089518342989,0.01526998988824843,-0.0007234049872705591,3.8111561732226487,0.09191382449539959,-0.00787046988026014,0
2025-12-02 00:00:00+00:00,4.710000038146973,1.1399999856948853,3.810416021169261,-0.050502370383352195,0.004351353084402515,0.015299207894372231,-0.0001108473071310555,3.8105301068827173,0.08859325653089381,-0.001251193504693005,0
2025-12-03 00:00:00+00:00,4.710000038146973,1.190000057220459,3.7709605248915734,-0.2857062983707522,0.002374372104514194,0.0163797051749959,-0.0058294891111790835,3.7769504323854757,0.06703336510829958,-0.08696399325561115,0
2025-12-04 00:00:00+00:00,4.710000038146973,1.1699999570846558,3.786742779844108,-0.4151790191906835,0.002252312816566844,0.015112276173760993,0.003602740321902685,3.783106170320631,0.06564994821867653,0.054878037525667896,0
2025-12-05 00:00:00+00:00,4.710000038146973,1.159999966621399,3.794633860285826,-0.22440048730417358,0.003451324965320678,0.013879524151608433,0.0015975639535408105,3.7929763416361553,0.07888954667288971,0.020250641826666894,0
2025-12-08 00:00:00+00:00,4.710000038146973,1.0700000524520874,3.865653584261285,-0.21753106439840725,0.0035146762859683592,0.013837596085448151,0.013993567648706701,3.851322154946267,0.07954205880017026,0.17592664635274374,0
2025-12-09 00:00:00+00:00,4.710000038146973,1.0700000524520874,3.865653584261285,-0.21511099810447198,0.0035186924221900086,0.01385488073070671,0.00038936185776380266,3.8651842248979675,0.07958933854924805,0.004892135867203803,0
2025-12-10 00:00:00+00:00,4.650000095367432,1.059999942779541,3.813544815992561,-0.2152282160780607,0.0035144250474479287,0.013856859054004047,-0.01018182943942965,3.823964432144178,0.07954560531912565,-0.12799989890807417,0
2025-12-11 00:00:00+00:00,4.650000095367432,1.0399999618530271,3.8293269768759965,-0.21543516206749166,0.0035124564145791698,0.013857833570198787,0.0028140615808056775,3.826498296643964,0.07952532808007465,0.03538572739960504,0
2025-12-12 00:00:00+00:00,4.650000095367432,1.0399999618530271,3.8293269768759965,-0.27540155357893414,0.0028760919049547334,0.0139858875984843,-0.0001308477615546051,3.829441129675406,0.0726345569285944,-0.0018014532901087143,0
2025-12-15 00:00:00+00:00,4.599999904632568,1.0199999809265137,3.7951089470245685,-0.328008872957713,0.002820282061518451,0.013535645381590654,-0.006354267160464918,3.8016289564474093,0.07197537405901495,-0.08828390603784632,0
2025-12-16 00:00:00+00:00,4.550000190734863,1.0199999809265137,3.7451092331268634,-0.25477279925808644,0.003296276366428125,0.013087311078314581,-0.009996089339508747,3.7553923929053803,0.07705470950582866,-0.1297271692232207,0
2025-12-17 00:00:00+00:00,4.550000190734863,1.100000023841858,3.6819804955240225,-0.2568819526580661,0.0032707156937702964,0.013161542795384508,-0.01250933276144016,3.694855926585906,0.07680162119117677,-0.16287849875332155,0
2025-12-18 00:00:00+00:00,4.550000190734863,1.0700000524520874,3.7056537368491758,-0.25169047528274313,0.003211140866774881,0.013109242697730504,0.004647339364413737,3.7009692417879783,0.07614656084967264,0.06103150703796646,0
2025-12-19 00:00:00+00:00,4.550000190734863,1.1399999856948853,3.6504161737571517,-0.28111408741056904,0.003105702274539371,0.013074352124954227,-0.010956677188784746,3.6616121964293313,0.07500512094292293,-0.14607905501709023,0
2025-12-22 00:00:00+00:00,4.550000190734863,1.100000023841858,3.6819804955240225,-0.2678418499239042,0.0031956237978393496,0.012978459898095254,0.006396740577376393,3.675498189885201,0.07595081676228245,0.08422214335623901,0
2025-12-23 00:00:00+00:00,4.989999771118164,1.100000023841858,4.121980075907324,-0.1854277052176561,0.004270300605477484,0.012849643847206906,0.10237654618741261,4.017460338178535,0.08666718575275158,1.181260765515999,0
2025-12-26 00:00:00+00:00,4.989999771118164,1.059999942779541,4.153544491743293,-0.05252445508469338,0.004620085843461705,0.013334783616956,0.025906731004808135,4.126985744204039,0.09048775078923857,0.2863009719972965,0
2025-12-29 00:00:00+00:00,4.989999771118164,1.0399999618530271,4.1693266526267285,-0.23716528812946955,0.003081820707811991,0.014871808686166364,0.0023418433653629818,4.166779010552305,0.07511742800896262,0.031175766096298786,0
2025-12-30 00:00:00+00:00,4.989999771118164,1.0399999618530271,4.1693266526267285,-0.28229993376544743,0.0028589858196577354,0.014965015581119352,-0.00011433732680483975,4.169426529251096,0.07264824553691225,-0.0015738484248287244,0
